timestamp,open,high,low,close
2026-08-11T04:00:00Z,99.79199981689453,99.79399871826172,99.7750015258789,99.7760009765625
2026-08-11T04:30:00Z,99.7760009765625,99.81999969482422,99.77300262451172,99.79100036621094
2026-08-11T05:00:00Z,99.79100036621094,99.81199645996094,99.78900146484375,99.80500030517578
2026-08-11T05:30:00Z,99.8030014038086,99.81700134277344,99.78199768066406,99.7979965209961
2026-08-11T06:00:00Z,99.7979965209961,99.85199737548828,99.78099822998047,99.83899688720703
2026-08-11T06:30:00Z,99.83699798583984,99.86199951171875,99.8239974975586,99.83899688720703
2026-08-11T07:00:00Z,99.83799743652344,99.86000061035156,99.81900024414062,99.84400177001953
2026-08-11T07:30:00Z,99.84300231933594,99.89700317382812,99.83699798583984,99.89399719238281
2026-08-11T08:00:00Z,99.89399719238281,99.89800262451172,99.87000274658203,99.87000274658203
2026-08-11T08:30:00Z,99.87000274658203,99.87300109863281,99.83499908447266,99.85800170898438
2026-08-11T09:00:00Z,99.85900115966797,99.87999725341797,99.85700225830078,99.87300109863281
2026-08-11T09:30:00Z,99.875,99.87799835205078,99.84300231933594,99.84400177001953
2026-08-11T10:00:00Z,99.84500122070312,99.8740005493164,99.83100128173828,99.8479995727539
2026-08-11T10:30:00Z,99.8479995727539,99.86599731445312,99.83399963378906,99.8499984741211
2026-08-11T11:00:00Z,99.8499984741211,99.86299896240234,99.78399658203125,99.82599639892578
2026-08-11T11:30:00Z,99.82599639892578,99.86299896240234,99.8219985961914,99.85900115966797
2026-08-11T12:00:00Z,99.85900115966797,99.88300323486328,99.8219985961914,99.85299682617188
2026-08-11T12:30:00Z,99.85299682617188,99.8550033569336,99.80599975585938,99.8219985961914
2026-08-11T13:00:00Z,99.8219985961914,99.8219985961914,99.79399871826172,99.81400299072266
2026-08-11T13:30:00Z,99.81500244140625,99.83799743652344,99.77400207519531,99.80000305175781
2026-08-11T14:00:00Z,99.8010025024414,99.83899688720703,99.8010025024414,99.83100128173828
2026-08-11T14:30:00Z,99.83100128173828,99.83599853515625,99.80000305175781,99.80699920654297
2026-08-11T15:00:00Z,99.80599975585938,99.85600280761719,99.79199981689453,99.8239974975586
2026-08-11T15:30:00Z,99.82499694824219,99.8550033569336,99.80699920654297,99.80899810791016
2026-08-11T16:00:00Z,99.80799865722656,99.8290023803711,99.79900360107422,99.81199645996094
2026-08-11T16:30:00Z,99.81099700927734,99.8290023803711,99.80400085449219,99.82599639892578
2026-08-11T17:00:00Z,99.82499694824219,99.8759994506836,99.82099914550781,99.86799621582031
2026-08-11T17:30:00Z,99.86799621582031,99.8759994506836,99.83599853515625,99.8479995727539
2026-08-11T18:00:00Z,99.8489990234375,99.87200164794922,99.84700012207031,99.86100006103516
2026-08-11T18:30:00Z,99.86100006103516,99.86399841308594,99.81700134277344,99.8280029296875
2026-08-11T19:00:00Z,99.8280029296875,99.83499908447266,99.81500244140625,99.81500244140625
2026-08-11T19:30:00Z,99.81500244140625,99.81999969482422,99.80899810791016,99.81199645996094
2026-08-11T20:00:00Z,99.81300354003906,99.82499694824219,99.80599975585938,99.8239974975586
2026-08-11T20:30:00Z,99.8239974975586,99.84400177001953,99.81300354003906,99.81500244140625
2026-08-11T21:00:00Z,99.81600189208984,99.83100128173828,99.81600189208984,99.83000183105469
2026-08-11T21:30:00Z,99.83000183105469,99.83100128173828,99.8239974975586,99.82599639892578
2026-08-11T22:00:00Z,99.82499694824219,99.82599639892578,99.81099700927734,99.81199645996094
2026-08-11T23:30:00Z,99.80799865722656,99.81500244140625,99.80500030517578,99.80500030517578
2026-08-12T00:00:00Z,99.80500030517578,99.81400299072266,99.79100036621094,99.79900360107422
2026-08-12T00:30:00Z,99.80000305175781,99.84200286865234,99.79900360107422,99.83200073242188
2026-08-12T01:00:00Z,99.83200073242188,99.86199951171875,99.83100128173828,99.85099792480469
2026-08-12T01:30:00Z,99.8499984741211,99.8550033569336,99.83200073242188,99.85099792480469
2026-08-12T02:00:00Z,99.8499984741211,99.88200378417969,99.8489990234375,99.86699676513672
2026-08-12T02:30:00Z,99.86699676513672,99.86699676513672,99.84400177001953,99.85399627685547
2026-08-12T03:00:00Z,99.85399627685547,99.87200164794922,99.85399627685547,99.87100219726562
2026-08-12T03:30:00Z,99.87100219726562,99.88200378417969,99.86199951171875,99.87899780273438
2026-08-12T04:00:00Z,99.87899780273438,99.89900207519531,99.87300109863281,99.88999938964844
2026-08-12T04:30:00Z,99.88999938964844,99.89099884033203,99.86799621582031,99.875
2026-08-12T05:00:00Z,99.8740005493164,99.9020004272461,99.8740005493164,99.89399719238281
2026-08-12T05:30:00Z,99.89399719238281,99.8949966430664,99.8759994506836,99.88200378417969
2026-08-12T06:00:00Z,99.88200378417969,99.88899993896484,99.86799621582031,99.87699890136719
2026-08-12T06:30:00Z,99.8759994506836,99.88800048828125,99.85900115966797,99.86199951171875
2026-08-12T07:00:00Z,99.85900115966797,99.86799621582031,99.84500122070312,99.86299896240234
2026-08-12T07:30:00Z,99.86399841308594,99.8759994506836,99.85399627685547,99.86599731445312
2026-08-12T08:00:00Z,99.86599731445312,99.88300323486328,99.84600067138672,99.86000061035156
2026-08-12T08:30:00Z,99.86000061035156,99.87000274658203,99.84500122070312,99.86100006103516
2026-08-12T09:00:00Z,99.86100006103516,99.86599731445312,99.70899963378906,99.79199981689453
2026-08-12T09:30:00Z,99.79299926757812,99.85900115966797,99.78199768066406,99.85399627685547
2026-08-12T10:00:00Z,99.85299682617188,99.85900115966797,99.82599639892578,99.83399963378906
2026-08-12T10:30:00Z,99.83399963378906,99.87100219726562,99.8270034790039,99.85800170898438
2026-08-12T11:00:00Z,99.85800170898438,99.86299896240234,99.82099914550781,99.8219985961914
2026-08-12T11:30:00Z,99.8219985961914,99.83000183105469,99.7699966430664,99.78199768066406
2026-08-12T12:00:00Z,99.78199768066406,99.7969970703125,99.74800109863281,99.75
2026-08-12T12:30:00Z,99.75,99.8489990234375,99.64099884033203,99.64199829101562
2026-08-12T13:00:00Z,99.64099884033203,99.7300033569336,99.61299896240234,99.68699645996094
2026-08-12T13:30:00Z,99.68800354003906,99.76699829101562,99.66799926757812,99.7239990234375
2026-08-12T14:00:00Z,99.7249984741211,99.75900268554688,99.7040023803711,99.75399780273438
2026-08-12T14:30:00Z,99.75399780273438,99.84200286865234,99.73600006103516,99.81199645996094
2026-08-12T15:00:00Z,99.81300354003906,99.85099792480469,99.80400085449219,99.84100341796875
2026-08-12T15:30:00Z,99.84100341796875,99.87699890136719,99.83200073242188,99.83899688720703
2026-08-12T16:00:00Z,99.83899688720703,99.91000366210938,99.83399963378906,99.90899658203125
2026-08-12T16:30:00Z,99.90799713134766,99.96900177001953,99.90599822998047,99.9469985961914
2026-08-12T17:00:00Z,99.9469985961914,99.96499633789062,99.9260025024414,99.95600128173828
2026-08-12T17:30:00Z,99.95600128173828,100.00599670410156,99.95099639892578,100.00499725341797
2026-08-12T18:00:00Z,100.00599670410156,100.0199966430664,99.96099853515625,99.97699737548828
2026-08-12T18:30:00Z,99.97799682617188,100.02100372314453,99.97699737548828,100.01399993896484
2026-08-12T19:00:00Z,100.01399993896484,100.01599884033203,99.98200225830078,100.00299835205078
2026-08-12T19:30:00Z,100.00299835205078,100.02300262451172,99.9990005493164,100.00199890136719
2026-08-12T20:00:00Z,100.00199890136719,100.00700378417969,99.98999786376953,99.99800109863281
2026-08-12T20:30:00Z,99.99800109863281,100.0,99.96499633789062,99.9729995727539
2026-08-12T21:00:00Z,99.9729995727539,99.98799896240234,99.9520034790039,99.98300170898438
2026-08-12T21:30:00Z,99.98300170898438,99.98999786376953,99.98100280761719,99.98500061035156
2026-08-12T22:00:00Z,99.98600006103516,99.98899841308594,99.97699737548828,99.98500061035156
2026-08-12T23:30:00Z,99.95999908447266,99.96299743652344,99.947998046875,99.9489974975586
2026-08-13T00:00:00Z,99.9489974975586,99.9489974975586,99.93000030517578,99.93599700927734
2026-08-13T00:30:00Z,99.93499755859375,99.95600128173828,99.91699981689453,99.93699645996094
2026-08-13T01:00:00Z,99.93699645996094,99.95099639892578,99.92500305175781,99.93399810791016
2026-08-13T01:30:00Z,99.93499755859375,99.98300170898438,99.9229965209961,99.9739990234375
2026-08-13T02:00:00Z,99.9739990234375,100.00499725341797,99.96900177001953,100.00399780273438
2026-08-13T02:30:00Z,100.00499725341797,100.02100372314453,99.99800109863281,100.00399780273438
2026-08-13T03:00:00Z,100.00399780273438,100.02300262451172,99.98899841308594,100.01000213623047
2026-08-13T03:30:00Z,100.01100158691406,100.01200103759766,99.99700164794922,100.00399780273438
2026-08-13T04:00:00Z,100.00299835205078,100.0250015258789,100.00199890136719,100.01100158691406
2026-08-13T04:30:00Z,100.01000213623047,100.01599884033203,99.947998046875,99.95999908447266
2026-08-13T05:00:00Z,99.96099853515625,99.97599792480469,99.95500183105469,99.96299743652344
2026-08-13T05:30:00Z,99.96299743652344,99.98799896240234,99.95899963378906,99.96700286865234
2026-08-13T06:00:00Z,99.96800231933594,100.03099822998047,99.95800018310547,100.02799987792969
2026-08-13T06:30:00Z,100.0270004272461,100.08300018310547,100.0250015258789,100.0250015258789
2026-08-13T07:00:00Z,100.0260009765625,100.04000091552734,100.0009994506836,100.00399780273438
2026-08-13T07:30:00Z,100.00399780273438,100.01699829101562,99.95899963378906,99.97599792480469
2026-08-13T08:00:00Z,99.97599792480469,99.9990005493164,99.97100067138672,99.98699951171875
2026-08-13T08:30:00Z,99.98600006103516,99.99199676513672,99.95899963378906,99.98899841308594
2026-08-13T09:00:00Z,99.98999786376953,100.00199890136719,99.9280014038086,99.93099975585938
2026-08-13T09:30:00Z,99.93199920654297,99.94400024414062,99.90399932861328,99.90399932861328
2026-08-13T10:00:00Z,99.90299987792969,99.90899658203125,99.88300323486328,99.88300323486328
2026-08-13T10:30:00Z,99.88300323486328,99.90899658203125,99.87200164794922,99.9020004272461
2026-08-13T11:00:00Z,99.9020004272461,99.91000366210938,99.87699890136719,99.88500213623047
2026-08-13T11:30:00Z,99.88400268554688,99.92400360107422,99.88200378417969,99.91600036621094
2026-08-13T12:00:00Z,99.91600036621094,99.94599914550781,99.91100311279297,99.9219970703125
2026-08-13T12:30:00Z,99.9229965209961,99.97699737548828,99.81300354003906,99.81500244140625
2026-08-13T13:00:00Z,99.81600189208984,99.88600158691406,99.8030014038086,99.88099670410156
2026-08-13T13:30:00Z,99.88200378417969,99.9280014038086,99.87899780273438,99.90799713134766
2026-08-13T14:00:00Z,99.90799713134766,99.91999816894531,99.7979965209961,99.8499984741211
2026-08-13T14:30:00Z,99.85099792480469,99.87300109863281,99.81600189208984,99.8270034790039
2026-08-13T15:00:00Z,99.82599639892578,99.91799926757812,99.81700134277344,99.90899658203125
2026-08-13T15:30:00Z,99.91000366210938,99.93399810791016,99.88899993896484,99.93000030517578
2026-08-13T16:00:00Z,99.93099975585938,99.98500061035156,99.91600036621094,99.97000122070312
2026-08-13T16:30:00Z,99.97200012207031,99.97899627685547,99.94400024414062,99.94999694824219
2026-08-13T17:00:00Z,99.95099639892578,99.98400115966797,99.93399810791016,99.97899627685547
2026-08-13T17:30:00Z,99.9800033569336,99.98500061035156,99.95700073242188,99.97200012207031
2026-08-13T18:00:00Z,99.97100067138672,99.98500061035156,99.93499755859375,99.95800018310547
2026-08-13T18:30:00Z,99.95800018310547,99.96700286865234,99.9469985961914,99.96399688720703
2026-08-13T19:00:00Z,99.96399688720703,99.96600341796875,99.94300079345703,99.94499969482422
2026-08-13T19:30:00Z,99.94499969482422,99.97699737548828,99.94499969482422,99.95899963378906
2026-08-13T20:00:00Z,99.95899963378906,99.98100280761719,99.95600128173828,99.96900177001953
2026-08-13T20:30:00Z,99.96900177001953,99.97599792480469,99.9520034790039,99.95800018310547
2026-08-13T21:00:00Z,99.95899963378906,99.9749984741211,99.95500183105469,99.95600128173828
2026-08-13T21:30:00Z,99.95600128173828,99.96800231933594,99.94100189208984,99.96499633789062
2026-08-13T22:00:00Z,99.96399688720703,99.96399688720703,99.94499969482422,99.9489974975586
2026-08-13T23:30:00Z,99.9260025024414,99.927001953125,99.91799926757812,99.91999816894531
2026-08-14T00:00:00Z,99.91999816894531,99.92400360107422,99.89099884033203,99.89199829101562
2026-08-14T00:30:00Z,99.89299774169922,99.90399932861328,99.8740005493164,99.8759994506836
2026-08-14T01:00:00Z,99.8759994506836,99.93599700927734,99.8759994506836,99.9209976196289
2026-08-14T01:30:00Z,99.9219970703125,99.9260025024414,99.89099884033203,99.92400360107422
2026-08-14T02:00:00Z,99.9229965209961,99.92400360107422,99.89299774169922,99.90299987792969
2026-08-14T02:30:00Z,99.90299987792969,99.9209976196289,99.88899993896484,99.91500091552734
2026-08-14T03:00:00Z,99.91400146484375,99.91899871826172,99.87300109863281,99.87699890136719
2026-08-14T03:30:00Z,99.87699890136719,99.89700317382812,99.875,99.88800048828125
2026-08-14T04:00:00Z,99.88700103759766,99.88999938964844,99.86199951171875,99.88800048828125
2026-08-14T04:30:00Z,99.88800048828125,99.88800048828125,99.86399841308594,99.87200164794922
2026-08-14T05:00:00Z,99.87200164794922,99.8740005493164,99.8479995727539,99.8489990234375
2026-08-14T05:30:00Z,99.8489990234375,99.85800170898438,99.83100128173828,99.83699798583984
2026-08-14T06:00:00Z,99.83699798583984,99.86000061035156,99.81400299072266,99.85199737548828
2026-08-14T06:30:00Z,99.85199737548828,99.85299682617188,99.81199645996094,99.81300354003906
2026-08-14T07:00:00Z,99.81199645996094,99.81900024414062,99.78900146484375,99.80599975585938
2026-08-14T07:30:00Z,99.80500030517578,99.81099700927734,99.75499725341797,99.75800323486328
2026-08-14T08:00:00Z,99.75800323486328,99.76399993896484,99.7239990234375,99.73600006103516
2026-08-14T08:30:00Z,99.73500061035156,99.74800109863281,99.6989974975586,99.72200012207031
2026-08-14T09:00:00Z,99.7229995727539,99.73300170898438,99.70899963378906,99.72799682617188
2026-08-14T09:30:00Z,99.72799682617188,99.7509994506836,99.71800231933594,99.71900177001953
2026-08-14T10:00:00Z,99.71900177001953,99.73300170898438,99.7040023803711,99.72799682617188
2026-08-14T10:30:00Z,99.72799682617188,99.73200225830078,99.70899963378906,99.71600341796875
2026-08-14T11:00:00Z,99.71600341796875,99.71600341796875,99.64900207519531,99.65899658203125
2026-08-14T11:30:00Z,99.65799713134766,99.66200256347656,99.59100341796875,99.63500213623047
2026-08-14T12:00:00Z,99.63500213623047,99.63999938964844,99.56199645996094,99.56999969482422
2026-08-14T12:30:00Z,99.56999969482422,99.63200378417969,99.50199890136719,99.60900115966797
2026-08-14T13:00:00Z,99.60900115966797,99.65399932861328,99.59100341796875,99.60800170898438
2026-08-14T13:30:00Z,99.60700225830078,99.61599731445312,99.4749984741211,99.51599884033203
2026-08-14T14:00:00Z,99.51599884033203,99.552001953125,99.48200225830078,99.49700164794922
2026-08-14T14:30:00Z,99.49500274658203,99.55000305175781,99.49299621582031,99.53399658203125
2026-08-14T15:00:00Z,99.53399658203125,99.57599639892578,99.49800109863281,99.54299926757812
2026-08-14T15:30:00Z,99.54199981689453,99.5479965209961,99.50700378417969,99.5479965209961
2026-08-14T16:00:00Z,99.54900360107422,99.58899688720703,99.53500366210938,99.58599853515625
2026-08-14T16:30:00Z,99.58899688720703,99.63300323486328,99.55999755859375,99.6259994506836
2026-08-14T17:00:00Z,99.6259994506836,99.68800354003906,99.6259994506836,99.6719970703125
2026-08-14T17:30:00Z,99.6719970703125,99.68800354003906,99.66400146484375,99.67400360107422
2026-08-14T18:00:00Z,99.67400360107422,99.68599700927734,99.65799713134766,99.65899658203125
2026-08-14T18:30:00Z,99.66000366210938,99.6729965209961,99.65599822998047,99.66699981689453
2026-08-14T19:00:00Z,99.66699981689453,99.6729965209961,99.63999938964844,99.64700317382812
2026-08-14T19:30:00Z,99.64700317382812,99.66799926757812,99.64099884033203,99.64900207519531
2026-08-14T20:00:00Z,99.64900207519531,99.65399932861328,99.63800048828125,99.63800048828125
2026-08-14T20:30:00Z,99.63899993896484,99.6510009765625,99.63400268554688,99.63600158691406
2026-08-16T22:00:00Z,99.66000366210938,99.66799926757812,99.63500213623047,99.63500213623047
2026-08-16T22:30:00Z,99.63500213623047,99.63500213623047,99.58399963378906,99.58599853515625
2026-08-16T23:00:00Z,99.58599853515625,99.59300231933594,99.58000183105469,99.59200286865234
2026-08-16T23:30:00Z,99.59200286865234,99.60299682617188,99.57599639892578,99.59400177001953
2026-08-17T00:00:00Z,99.59500122070312,99.59500122070312,99.5250015258789,99.53500366210938
2026-08-17T00:30:00Z,99.53500366210938,99.54499816894531,99.52100372314453,99.52200317382812
2026-08-17T01:00:00Z,99.52200317382812,99.54499816894531,99.50900268554688,99.51899719238281
2026-08-17T01:30:00Z,99.5199966430664,99.5530014038086,99.51000213623047,99.51100158691406
2026-08-17T02:00:00Z,99.51100158691406,99.52200317382812,99.49700164794922,99.4990005493164
2026-08-17T02:30:00Z,99.4990005493164,99.54000091552734,99.49700164794922,99.53600311279297
2026-08-17T03:00:00Z,99.53500366210938,99.54900360107422,99.52999877929688,99.53900146484375
2026-08-17T03:30:00Z,99.53900146484375,99.55400085449219,99.51499938964844,99.51599884033203
2026-08-17T04:00:00Z,99.51399993896484,99.52100372314453,99.4800033569336,99.49400329589844
2026-08-17T04:30:00Z,99.49299621582031,99.51200103759766,99.48500061035156,99.50900268554688
2026-08-17T05:00:00Z,99.50900268554688,99.52100372314453,99.48100280761719,99.48300170898438
2026-08-17T05:30:00Z,99.48300170898438,99.4990005493164,99.46800231933594,99.48799896240234
2026-08-17T06:00:00Z,99.48699951171875,99.51499938964844,99.4520034790039,99.4520034790039
2026-08-17T06:30:00Z,99.4520034790039,99.48300170898438,99.41300201416016,99.4219970703125
2026-08-17T07:00:00Z,99.4219970703125,99.44400024414062,99.34600067138672,99.34600067138672
2026-08-17T07:30:00Z,99.34700012207031,99.36000061035156,99.3010025024414,99.35800170898438
2026-08-17T08:00:00Z,99.35800170898438,99.37300109863281,99.2959976196289,99.2959976196289
2026-08-17T08:30:00Z,99.29499816894531,99.44100189208984,99.29399871826172,99.41600036621094
2026-08-17T09:00:00Z,99.41600036621094,99.43199920654297,99.38800048828125,99.3949966430664
2026-08-17T09:30:00Z,99.3949966430664,99.43199920654297,99.38500213623047,99.4260025024414
2026-08-17T10:00:00Z,99.4260025024414,99.45600128173828,99.41000366210938,99.41400146484375
2026-08-17T10:30:00Z,99.41200256347656,99.47699737548828,99.40699768066406,99.47000122070312
2026-08-17T11:00:00Z,99.47200012207031,99.49400329589844,99.43399810791016,99.4739990234375
2026-08-17T11:30:00Z,99.4729995727539,99.49800109863281,99.45899963378906,99.46099853515625
2026-08-17T12:00:00Z,99.46299743652344,99.49199676513672,99.43000030517578,99.4739990234375
2026-08-17T12:30:00Z,99.4749984741211,99.48300170898438,99.4219970703125,99.4219970703125
2026-08-17T13:00:00Z,99.4209976196289,99.44100189208984,99.40599822998047,99.43399810791016
2026-08-17T13:30:00Z,99.43299865722656,99.49800109863281,99.40899658203125,99.43599700927734
2026-08-17T14:00:00Z,99.43699645996094,99.45700073242188,99.39600372314453,99.44400024414062
2026-08-17T14:30:00Z,99.44300079345703,99.50700378417969,99.43699645996094,99.5
2026-08-17T15:00:00Z,99.5009994506836,99.53900146484375,99.49800109863281,99.51599884033203
2026-08-17T15:30:00Z,99.51499938964844,99.5469970703125,99.48400115966797,99.48400115966797
2026-08-17T16:00:00Z,99.48300170898438,99.51799774169922,99.47699737548828,99.49199676513672
2026-08-17T16:30:00Z,99.49199676513672,99.5009994506836,99.4729995727539,99.4990005493164
2026-08-17T17:00:00Z,99.4990005493164,99.5459976196289,99.49199676513672,99.52899932861328
2026-08-17T17:30:00Z,99.52899932861328,99.5989990234375,99.52400207519531,99.59300231933594
2026-08-17T18:00:00Z,99.59200286865234,99.63200378417969,99.58499908447266,99.62100219726562
2026-08-17T18:30:00Z,99.62100219726562,99.64700317382812,99.62100219726562,99.63700103759766
2026-08-17T19:00:00Z,99.63700103759766,99.64099884033203,99.5770034790039,99.5780029296875
2026-08-17T19:30:00Z,99.5780029296875,99.59400177001953,99.56600189208984,99.58200073242188
2026-08-17T20:00:00Z,99.58200073242188,99.59700012207031,99.57499694824219,99.59100341796875
2026-08-17T20:30:00Z,99.59100341796875,99.59600067138672,99.5770034790039,99.5770034790039
2026-08-17T21:00:00Z,99.5770034790039,99.58699798583984,99.5479965209961,99.58000183105469
2026-08-17T21:30:00Z,99.58000183105469,99.58599853515625,99.5780029296875,99.58300018310547
2026-08-17T22:00:00Z,99.58300018310547,99.58399963378906,99.5770034790039,99.58100128173828
2026-08-17T23:30:00Z,99.54000091552734,99.5459976196289,99.53299713134766,99.54100036621094
2026-08-18T00:00:00Z,99.54100036621094,99.5719985961914,99.52100372314453,99.57099914550781
2026-08-18T00:30:00Z,99.56999969482422,99.59100341796875,99.55000305175781,99.55000305175781
2026-08-18T01:00:00Z,99.55000305175781,99.57499694824219,99.52400207519531,99.55999755859375
2026-08-18T01:30:00Z,99.55899810791016,99.58300018310547,99.53700256347656,99.58200073242188
2026-08-18T02:00:00Z,99.58200073242188,99.60399627685547,99.5780029296875,99.59400177001953
2026-08-18T02:30:00Z,99.59400177001953,99.60800170898438,99.56600189208984,99.56800079345703
2026-08-18T03:00:00Z,99.56800079345703,99.61399841308594,99.56700134277344,99.60600280761719
2026-08-18T03:30:00Z,99.60700225830078,99.64199829101562,99.60700225830078,99.62799835205078
2026-08-18T04:00:00Z,99.62999725341797,99.66699981689453,99.6240005493164,99.64700317382812
2026-08-18T04:30:00Z,99.64700317382812,99.66500091552734,99.63099670410156,99.65399932861328
2026-08-18T05:00:00Z,99.65399932861328,99.67400360107422,99.64199829101562,99.64399719238281
2026-08-18T05:30:00Z,99.6449966430664,99.66100311279297,99.63099670410156,99.64199829101562
2026-08-18T06:00:00Z,99.64199829101562,99.69300079345703,99.62699890136719,99.64800262451172
2026-08-18T06:30:00Z,99.6500015258789,99.69200134277344,99.64600372314453,99.66000366210938
2026-08-18T07:00:00Z,99.65799713134766,99.68099975585938,99.63300323486328,99.64399719238281
2026-08-18T07:30:00Z,99.64399719238281,99.6510009765625,99.61399841308594,99.64299774169922
2026-08-18T08:00:00Z,99.64399719238281,99.68099975585938,99.64299774169922,99.66300201416016
2026-08-18T08:30:00Z,99.66500091552734,99.66500091552734,99.61499786376953,99.62699890136719
2026-08-18T09:00:00Z,99.62799835205078,99.65399932861328,99.61199951171875,99.61599731445312
2026-08-18T09:30:00Z,99.61499786376953,99.63999938964844,99.5979995727539,99.60299682617188
2026-08-18T10:00:00Z,99.6050033569336,99.65399932861328,99.60299682617188,99.63099670410156
2026-08-18T10:30:00Z,99.62999725341797,99.6510009765625,99.62799835205078,99.64199829101562
2026-08-18T11:00:00Z,99.64299774169922,99.6729965209961,99.64099884033203,99.6709976196289
2026-08-18T11:30:00Z,99.6719970703125,99.6729965209961,99.63899993896484,99.64099884033203
2026-08-18T12:00:00Z,99.64099884033203,99.65399932861328,99.61299896240234,99.6510009765625
2026-08-18T12:30:00Z,99.6510009765625,99.6729965209961,99.61699676513672,99.63999938964844
2026-08-18T13:00:00Z,99.63999938964844,99.64600372314453,99.60199737548828,99.63700103759766
2026-08-18T13:30:00Z,99.63600158691406,99.66500091552734,99.55999755859375,99.59400177001953
2026-08-18T14:00:00Z,99.59400177001953,99.59500122070312,99.53299713134766,99.56099700927734
2026-08-18T14:30:00Z,99.56099700927734,99.60199737548828,99.53199768066406,99.5989990234375
2026-08-18T15:00:00Z,99.5989990234375,99.64199829101562,99.55599975585938,99.62899780273438
2026-08-18T15:30:00Z,99.62999725341797,99.63999938964844,99.5979995727539,99.61699676513672
2026-08-18T16:00:00Z,99.61799621582031,99.62200164794922,99.5719985961914,99.61000061035156
2026-08-18T16:30:00Z,99.61000061035156,99.63099670410156,99.59600067138672,99.62000274658203
2026-08-18T17:00:00Z,99.62000274658203,99.65499877929688,99.61499786376953,99.64199829101562
2026-08-18T17:30:00Z,99.64399719238281,99.66500091552734,99.64299774169922,99.64800262451172
2026-08-18T18:00:00Z,99.64900207519531,99.66500091552734,99.63400268554688,99.6449966430664
2026-08-18T18:30:00Z,99.64399719238281,99.66999816894531,99.64399719238281,99.65699768066406
2026-08-18T19:00:00Z,99.65699768066406,99.66600036621094,99.63300323486328,99.64600372314453
2026-08-18T19:30:00Z,99.64600372314453,99.66699981689453,99.61299896240234,99.66200256347656
2026-08-18T20:00:00Z,99.66200256347656,99.68499755859375,99.66200256347656,99.67500305175781
2026-08-18T20:30:00Z,99.67500305175781,99.67500305175781,99.64800262451172,99.6520004272461
2026-08-18T21:00:00Z,99.6520004272461,99.65399932861328,99.63300323486328,99.63600158691406
2026-08-18T21:30:00Z,99.63600158691406,99.65599822998047,99.63200378417969,99.64700317382812
2026-08-18T22:00:00Z,99.64700317382812,99.65299987792969,99.64299774169922,99.64399719238281
2026-08-18T23:30:00Z,99.66500091552734,99.66799926757812,99.64299774169922,99.64299774169922
2026-08-19T00:00:00Z,99.64199829101562,99.64700317382812,99.59200286865234,99.61599731445312
2026-08-19T00:30:00Z,99.61599731445312,99.65899658203125,99.61199951171875,99.6520004272461
2026-08-19T01:00:00Z,99.65299987792969,99.69200134277344,99.6520004272461,99.66500091552734
2026-08-19T01:30:00Z,99.66500091552734,99.66600036621094,99.6259994506836,99.62999725341797
2026-08-19T02:00:00Z,99.63099670410156,99.63700103759766,99.5510025024414,99.58000183105469
2026-08-19T02:30:00Z,99.5790023803711,99.59100341796875,99.53299713134766,99.572998046875
2026-08-19T03:00:00Z,99.5719985961914,99.58200073242188,99.55599975585938,99.56800079345703
2026-08-19T03:30:00Z,99.56700134277344,99.59300231933594,99.56300354003906,99.58799743652344
2026-08-19T04:00:00Z,99.59200286865234,99.59300231933594,99.56500244140625,99.57099914550781
2026-08-19T04:30:00Z,99.57099914550781,99.58300018310547,99.54399871826172,99.552001953125
2026-08-19T05:00:00Z,99.5510025024414,99.56099700927734,99.53199768066406,99.54399871826172
2026-08-19T05:30:00Z,99.54399871826172,99.54900360107422,99.52400207519531,99.53199768066406
2026-08-19T06:00:00Z,99.53099822998047,99.53800201416016,99.4489974975586,99.45500183105469
2026-08-19T06:30:00Z,99.45500183105469,99.48799896240234,99.447998046875,99.48400115966797
2026-08-19T07:00:00Z,99.48500061035156,99.50800323486328,99.46299743652344,99.48100280761719
2026-08-19T07:30:00Z,99.48100280761719,99.48899841308594,99.45600128173828,99.46399688720703
2026-08-19T08:00:00Z,99.46499633789062,99.4729995727539,99.39600372314453,99.4540023803711
2026-08-19T08:30:00Z,99.4520034790039,99.46499633789062,99.41600036621094,99.45800018310547
2026-08-19T09:00:00Z,99.45800018310547,99.47200012207031,99.41200256347656,99.4209976196289
2026-08-19T09:30:00Z,99.41999816894531,99.4229965209961,99.38300323486328,99.3949966430664
2026-08-19T10:00:00Z,99.39399719238281,99.40299987792969,99.35199737548828,99.36499786376953
2026-08-19T10:30:00Z,99.36399841308594,99.4020004272461,99.35099792480469,99.3949966430664
2026-08-19T11:00:00Z,99.39600372314453,99.42900085449219,99.37999725341797,99.41200256347656
2026-08-19T11:30:00Z,99.41300201416016,99.45500183105469,99.4010009765625,99.42500305175781
2026-08-19T12:00:00Z,99.42500305175781,99.43000030517578,99.35399627685547,99.38700103759766
2026-08-19T12:30:00Z,99.38600158691406,99.38700103759766,99.08100128173828,99.14099884033203
2026-08-19T13:00:00Z,99.13999938964844,99.14299774169922,98.98699951171875,98.98699951171875
2026-08-19T13:30:00Z,98.98699951171875,99.0260009765625,98.92400360107422,98.9469985961914
2026-08-19T14:00:00Z,98.9469985961914,98.97100067138672,98.83599853515625,98.83899688720703
2026-08-19T14:30:00Z,98.83499908447266,98.9219970703125,98.7699966430664,98.90499877929688
2026-08-19T15:00:00Z,98.90699768066406,98.96800231933594,98.88500213623047,98.94000244140625
2026-08-19T15:30:00Z,98.94000244140625,98.94599914550781,98.8740005493164,98.91300201416016
2026-08-19T16:00:00Z,98.91200256347656,98.91400146484375,98.8499984741211,98.87899780273438
2026-08-19T16:30:00Z,98.87799835205078,98.88400268554688,98.83699798583984,98.86900329589844
2026-08-19T17:00:00Z,98.86900329589844,98.93299865722656,98.83499908447266,98.91899871826172
2026-08-19T17:30:00Z,98.91899871826172,98.97100067138672,98.91500091552734,98.96499633789062
2026-08-19T18:00:00Z,98.96499633789062,98.96900177001953,98.8550033569336,98.93499755859375
2026-08-19T18:30:00Z,98.93699645996094,98.93900299072266,98.81700134277344,98.83300018310547
2026-08-19T19:00:00Z,98.83200073242188,98.86299896240234,98.78700256347656,98.79299926757812
2026-08-19T19:30:00Z,98.79299926757812,98.84300231933594,98.78099822998047,98.7969970703125
2026-08-19T20:00:00Z,98.7969970703125,98.81999969482422,98.78500366210938,98.81900024414062
2026-08-19T20:30:00Z,98.81800079345703,98.81800079345703,98.78399658203125,98.7969970703125
2026-08-19T21:00:00Z,98.7959976196289,98.8030014038086,98.79100036621094,98.7969970703125
2026-08-19T21:30:00Z,98.7969970703125,98.802001953125,98.78399658203125,98.7969970703125
2026-08-19T22:00:00Z,98.7969970703125,98.7969970703125,98.76699829101562,98.76799774169922
2026-08-19T23:30:00Z,98.83499908447266,98.83999633789062,98.8290023803711,98.83100128173828
2026-08-20T00:00:00Z,98.83100128173828,98.84100341796875,98.78199768066406,98.83200073242188
2026-08-20T00:30:00Z,98.83100128173828,98.86100006103516,98.80999755859375,98.84600067138672
2026-08-20T01:00:00Z,98.84600067138672,98.88899993896484,98.8010025024414,98.80699920654297
2026-08-20T01:30:00Z,98.80599975585938,98.86100006103516,98.78500366210938,98.83799743652344
2026-08-20T02:00:00Z,98.83699798583984,98.86399841308594,98.7750015258789,98.84200286865234
2026-08-20T02:30:00Z,98.84200286865234,98.85399627685547,98.81900024414062,98.8479995727539
2026-08-20T03:00:00Z,98.84600067138672,98.85199737548828,98.80000305175781,98.82599639892578
2026-08-20T03:30:00Z,98.82499694824219,98.83799743652344,98.802001953125,98.80899810791016
2026-08-20T04:00:00Z,98.80699920654297,98.82599639892578,98.79299926757812,98.8219985961914
2026-08-20T04:30:00Z,98.82099914550781,98.87000274658203,98.81800079345703,98.86299896240234
2026-08-20T05:00:00Z,98.86199951171875,98.88400268554688,98.84100341796875,98.88400268554688
2026-08-20T05:30:00Z,98.88300323486328,98.89600372314453,98.83699798583984,98.8479995727539
2026-08-20T06:00:00Z,98.8479995727539,98.86799621582031,98.80500030517578,98.82599639892578
2026-08-20T06:30:00Z,98.82499694824219,98.83799743652344,98.73699951171875,98.73799896240234
2026-08-20T07:00:00Z,98.73899841308594,98.81500244140625,98.73500061035156,98.81099700927734
2026-08-20T07:30:00Z,98.80899810791016,98.80899810791016,98.70800018310547,98.71800231933594
2026-08-20T08:00:00Z,98.71700286865234,98.73699951171875,98.69499969482422,98.7239990234375
2026-08-20T08:30:00Z,98.7239990234375,98.74299621582031,98.66899871826172,98.6780014038086
2026-08-20T09:00:00Z,98.6780014038086,98.7030029296875,98.5739974975586,98.60199737548828
2026-08-20T09:30:00Z,98.60199737548828,98.64700317382812,98.59300231933594,98.60199737548828
2026-08-20T10:00:00Z,98.60099792480469,98.62699890136719,98.55699920654297,98.572998046875
2026-08-20T10:30:00Z,98.572998046875,98.70099639892578,98.5719985961914,98.68099975585938
2026-08-20T11:00:00Z,98.68000030517578,98.74700164794922,98.6729965209961,98.7249984741211
2026-08-20T11:30:00Z,98.72599792480469,98.8010025024414,98.69300079345703,98.78199768066406
2026-08-20T12:00:00Z,98.78099822998047,98.84400177001953,98.74500274658203,98.76399993896484
2026-08-20T12:30:00Z,98.76300048828125,98.83499908447266,98.73600006103516,98.7490005493164
2026-08-20T13:00:00Z,98.75,98.7750015258789,98.69599914550781,98.75599670410156
2026-08-20T13:30:00Z,98.75399780273438,98.85800170898438,98.73999786376953,98.85199737548828
2026-08-20T14:00:00Z,98.85099792480469,98.88999938964844,98.81300354003906,98.83499908447266
2026-08-20T14:30:00Z,98.83300018310547,98.83300018310547,98.78600311279297,98.80500030517578
2026-08-20T15:00:00Z,98.80400085449219,98.85299682617188,98.71499633789062,98.79100036621094
2026-08-20T15:30:00Z,98.78900146484375,98.89700317382812,98.77999877929688,98.83699798583984
2026-08-20T16:00:00Z,98.83599853515625,98.90699768066406,98.83100128173828,98.90499877929688
2026-08-20T16:30:00Z,98.90399932861328,98.92900085449219,98.88600158691406,98.89199829101562
2026-08-20T17:00:00Z,98.89399719238281,98.92400360107422,98.88200378417969,98.89800262451172
2026-08-20T17:30:00Z,98.89900207519531,98.92500305175781,98.89299774169922,98.89399719238281
2026-08-20T18:00:00Z,98.89299774169922,98.93399810791016,98.88300323486328,98.91999816894531
2026-08-20T18:30:00Z,98.91999816894531,98.9219970703125,98.88999938964844,98.8949966430664
2026-08-20T19:00:00Z,98.89399719238281,98.91400146484375,98.88099670410156,98.89099884033203
2026-08-20T19:30:00Z,98.89099884033203,98.9020004272461,98.87799835205078,98.88500213623047
2026-08-20T20:00:00Z,98.88500213623047,98.8949966430664,98.8740005493164,98.88600158691406
2026-08-20T20:30:00Z,98.88600158691406,98.88700103759766,98.86000061035156,98.87100219726562
2026-08-20T21:00:00Z,98.87000274658203,98.87899780273438,98.86000061035156,98.86499786376953
2026-08-20T21:30:00Z,98.86599731445312,98.87200164794922,98.86299896240234,98.86799621582031
2026-08-20T22:00:00Z,98.86699676513672,98.86799621582031,98.83999633789062,98.84100341796875
2026-08-20T23:30:00Z,98.7979965209961,98.80400085449219,98.78600311279297,98.78800201416016
2026-08-21T00:00:00Z,98.78800201416016,98.82099914550781,98.77100372314453,98.7959976196289
2026-08-21T00:30:00Z,98.79499816894531,98.83499908447266,98.79299926757812,98.83100128173828
2026-08-21T01:00:00Z,98.83100128173828,98.83499908447266,98.76499938964844,98.76499938964844
2026-08-21T01:30:00Z,98.76599884033203,98.78800201416016,98.74600219726562,98.76699829101562
2026-08-21T02:00:00Z,98.76699829101562,98.79000091552734,98.7229995727539,98.73899841308594
2026-08-21T02:30:00Z,98.73999786376953,98.73999786376953,98.68800354003906,98.7300033569336
2026-08-21T03:00:00Z,98.72799682617188,98.74099731445312,98.71099853515625,98.74099731445312
2026-08-21T03:30:00Z,98.74199676513672,98.76899719238281,98.73999786376953,98.74500274658203
2026-08-21T04:00:00Z,98.74700164794922,98.76499938964844,98.73400115966797,98.75800323486328
2026-08-21T04:30:00Z,98.75800323486328,98.7750015258789,98.7509994506836,98.75599670410156
2026-08-21T05:00:00Z,98.75499725341797,98.77300262451172,98.75299835205078,98.76899719238281
2026-08-21T05:30:00Z,98.76899719238281,98.7760009765625,98.69100189208984,98.6989974975586
2026-08-21T06:00:00Z,98.70099639892578,98.76799774169922,98.69999694824219,98.75499725341797
2026-08-21T06:30:00Z,98.75599670410156,98.75700378417969,98.70999908447266,98.70999908447266
2026-08-21T07:00:00Z,98.71099853515625,98.7509994506836,98.68699645996094,98.73500061035156
2026-08-21T07:30:00Z,98.73500061035156,98.77799987792969,98.70899963378906,98.75399780273438
2026-08-21T08:00:00Z,98.75399780273438,98.76899719238281,98.70700073242188,98.70999908447266
2026-08-21T08:30:00Z,98.71099853515625,98.71700286865234,98.61799621582031,98.62100219726562
2026-08-21T09:00:00Z,98.62000274658203,98.63800048828125,98.56199645996094,98.6259994506836
2026-08-21T09:30:00Z,98.6240005493164,98.66200256347656,98.60199737548828,98.66200256347656
2026-08-21T10:00:00Z,98.66300201416016,98.6709976196289,98.59400177001953,98.5979995727539
2026-08-21T10:30:00Z,98.5979995727539,98.6760025024414,98.58699798583984,98.65899658203125
2026-08-21T11:00:00Z,98.65799713134766,98.68099975585938,98.59200286865234,98.59300231933594
2026-08-21T11:30:00Z,98.59200286865234,98.68699645996094,98.59100341796875,98.65499877929688
2026-08-21T12:00:00Z,98.65599822998047,98.6989974975586,98.63300323486328,98.69000244140625
2026-08-21T12:30:00Z,98.69000244140625,98.77999877929688,98.68900299072266,98.72899627685547
2026-08-21T13:00:00Z,98.7300033569336,98.8030014038086,98.71900177001953,98.78099822998047
2026-08-21T13:30:00Z,98.78199768066406,98.81600189208984,98.75199890136719,98.76899719238281
2026-08-21T14:00:00Z,98.7699966430664,98.85199737548828,98.76899719238281,98.8499984741211
2026-08-21T14:30:00Z,98.85099792480469,98.91100311279297,98.84300231933594,98.87899780273438
2026-08-21T15:00:00Z,98.87999725341797,98.89399719238281,98.8479995727539,98.85299682617188
2026-08-21T15:30:00Z,98.85299682617188,98.86100006103516,98.7979965209961,98.802001953125
2026-08-21T16:00:00Z,98.802001953125,98.83200073242188,98.7750015258789,98.80799865722656
2026-08-21T16:30:00Z,98.80699920654297,98.82099914550781,98.79199981689453,98.81300354003906
2026-08-21T17:00:00Z,98.81199645996094,98.8479995727539,98.80599975585938,98.80999755859375
2026-08-21T17:30:00Z,98.80999755859375,98.8280029296875,98.79399871826172,98.81800079345703
2026-08-21T18:00:00Z,98.81700134277344,98.81800079345703,98.78800201416016,98.802001953125
2026-08-21T18:30:00Z,98.802001953125,98.82099914550781,98.7979965209961,98.80000305175781
2026-08-21T19:00:00Z,98.80000305175781,98.83699798583984,98.7969970703125,98.83100128173828
2026-08-21T19:30:00Z,98.83200073242188,98.83799743652344,98.80699920654297,98.83200073242188
2026-08-21T20:00:00Z,98.83100128173828,98.84700012207031,98.82499694824219,98.84700012207031
2026-08-21T20:30:00Z,98.84700012207031,98.85900115966797,98.83899688720703,98.83899688720703
2026-08-23T22:00:00Z,98.85600280761719,98.88700103759766,98.83699798583984,98.84600067138672
2026-08-23T22:30:00Z,98.84500122070312,98.86900329589844,98.83599853515625,98.86699676513672
2026-08-23T23:00:00Z,98.86699676513672,98.87200164794922,98.85700225830078,98.86399841308594
2026-08-23T23:30:00Z,98.86399841308594,98.87200164794922,98.80799865722656,98.80799865722656
2026-08-24T00:00:00Z,98.80799865722656,98.81199645996094,98.76200103759766,98.79000091552734
2026-08-24T00:30:00Z,98.79000091552734,98.8030014038086,98.7699966430664,98.7750015258789
2026-08-24T01:00:00Z,98.77400207519531,98.85399627685547,98.76699829101562,98.85099792480469
2026-08-24T01:30:00Z,98.85199737548828,98.86000061035156,98.81099700927734,98.81500244140625
2026-08-24T02:00:00Z,98.81400299072266,98.8219985961914,98.78900146484375,98.80799865722656
2026-08-24T02:30:00Z,98.80899810791016,98.83399963378906,98.80599975585938,98.81400299072266
2026-08-24T03:00:00Z,98.81400299072266,98.83999633789062,98.81300354003906,98.8239974975586
2026-08-24T03:30:00Z,98.8239974975586,98.8489990234375,98.81999969482422,98.83499908447266
2026-08-24T04:00:00Z,98.83399963378906,98.86900329589844,98.81500244140625,98.81999969482422
2026-08-24T04:30:00Z,98.82099914550781,98.83699798583984,98.81199645996094,98.81199645996094
2026-08-24T05:00:00Z,98.81199645996094,98.8479995727539,98.81199645996094,98.84400177001953
2026-08-24T05:30:00Z,98.84400177001953,98.87100219726562,98.8270034790039,98.83300018310547
2026-08-24T06:00:00Z,98.83300018310547,98.88899993896484,98.83200073242188,98.88400268554688
2026-08-24T06:30:00Z,98.88400268554688,98.89099884033203,98.85199737548828,98.8759994506836
2026-08-24T07:00:00Z,98.87699890136719,98.93099975585938,98.8489990234375,98.9000015258789
2026-08-24T07:30:00Z,98.9000015258789,98.98100280761719,98.88400268554688,98.96499633789062
2026-08-24T08:00:00Z,98.96499633789062,99.02400207519531,98.96199798583984,99.02100372314453
2026-08-24T08:30:00Z,99.02200317382812,99.0250015258789,98.96900177001953,99.00499725341797
2026-08-24T09:00:00Z,99.00499725341797,99.01399993896484,98.9729995727539,98.99800109863281
2026-08-24T09:30:00Z,98.99800109863281,99.01599884033203,98.97200012207031,98.98799896240234
2026-08-24T10:00:00Z,98.98699951171875,98.99099731445312,98.96600341796875,98.9749984741211
2026-08-24T10:30:00Z,98.97599792480469,99.01200103759766,98.97000122070312,99.00299835205078
2026-08-24T11:00:00Z,99.00399780273438,99.01899719238281,98.97799682617188,98.98300170898438
2026-08-24T11:30:00Z,98.98300170898438,98.99700164794922,98.91799926757812,98.97000122070312
2026-08-24T12:00:00Z,98.97000122070312,99.00800323486328,98.90799713134766,98.91000366210938
2026-08-24T12:30:00Z,98.90899658203125,98.97100067138672,98.90599822998047,98.94599914550781
2026-08-24T13:00:00Z,98.94599914550781,98.9530029296875,98.9020004272461,98.94200134277344
2026-08-24T13:30:00Z,98.94200134277344,98.9800033569336,98.9209976196289,98.96499633789062
2026-08-24T14:00:00Z,98.96499633789062,98.98999786376953,98.927001953125,98.93000030517578
2026-08-24T14:30:00Z,98.92900085449219,98.99500274658203,98.927001953125,98.98999786376953
2026-08-24T15:00:00Z,98.98999786376953,98.99099731445312,98.92400360107422,98.93199920654297
2026-08-24T15:30:00Z,98.93099975585938,99.0,98.92900085449219,98.99099731445312
2026-08-24T16:00:00Z,98.99299621582031,99.00700378417969,98.9520034790039,98.9749984741211
2026-08-24T16:30:00Z,98.9749984741211,99.00399780273438,98.9530029296875,98.98300170898438
2026-08-24T17:00:00Z,98.98300170898438,99.0530014038086,98.96900177001953,99.04000091552734
2026-08-24T17:30:00Z,99.04000091552734,99.06300354003906,99.02300262451172,99.03299713134766
2026-08-24T18:00:00Z,99.03299713134766,99.052001953125,98.99099731445312,98.99199676513672
2026-08-24T18:30:00Z,98.99199676513672,99.0260009765625,98.98799896240234,99.00199890136719
2026-08-24T19:00:00Z,99.00299835205078,99.03600311279297,99.00199890136719,99.03500366210938
2026-08-24T19:30:00Z,99.03500366210938,99.03700256347656,98.99800109863281,99.01699829101562
2026-08-24T20:00:00Z,99.01599884033203,99.02300262451172,98.99600219726562,99.0
2026-08-24T20:30:00Z,99.0,99.00700378417969,98.98999786376953,98.99199676513672
2026-08-24T21:00:00Z,98.99199676513672,99.00199890136719,98.98100280761719,98.98400115966797
2026-08-24T21:30:00Z,98.98400115966797,98.99199676513672,98.97799682617188,98.98699951171875
2026-08-24T22:00:00Z,98.98600006103516,98.99199676513672,98.98400115966797,98.98400115966797
2026-08-24T23:30:00Z,98.98699951171875,98.98699951171875,98.96199798583984,98.96600341796875
2026-08-25T00:00:00Z,98.96600341796875,98.97100067138672,98.94499969482422,98.95800018310547
2026-08-25T00:30:00Z,98.95800018310547,98.97899627685547,98.9489974975586,98.96700286865234
2026-08-25T01:00:00Z,98.96800231933594,99.00299835205078,98.96600341796875,98.98200225830078
2026-08-25T01:30:00Z,98.98100280761719,99.02899932861328,98.97799682617188,99.0199966430664
2026-08-25T02:00:00Z,99.01899719238281,99.03399658203125,99.00399780273438,99.00399780273438
2026-08-25T02:30:00Z,99.00399780273438,99.05500030517578,99.00399780273438,99.04299926757812
2026-08-25T03:00:00Z,99.04199981689453,99.05599975585938,99.0260009765625,99.0530014038086
2026-08-25T03:30:00Z,99.052001953125,99.05799865722656,99.03700256347656,99.04499816894531
2026-08-25T04:00:00Z,99.04299926757812,99.0790023803711,99.04100036621094,99.07599639892578
2026-08-25T04:30:00Z,99.07599639892578,99.0780029296875,99.06099700927734,99.072998046875
2026-08-25T05:00:00Z,99.0719985961914,99.08000183105469,99.06300354003906,99.06999969482422
2026-08-25T05:30:00Z,99.06999969482422,99.09400177001953,99.06500244140625,99.08999633789062
2026-08-25T06:00:00Z,99.08899688720703,99.09300231933594,99.05899810791016,99.06099700927734
2026-08-25T06:30:00Z,99.05999755859375,99.11799621582031,99.0479965209961,99.10700225830078
2026-08-25T07:00:00Z,99.10700225830078,99.10800170898438,99.02200317382812,99.06199645996094
2026-08-25T07:30:00Z,99.06199645996094,99.08499908447266,99.05699920654297,99.06800079345703
2026-08-25T08:00:00Z,99.06800079345703,99.08599853515625,99.02100372314453,99.0459976196289
2026-08-25T08:30:00Z,99.0469970703125,99.05699920654297,99.00199890136719,99.00399780273438
2026-08-25T09:00:00Z,99.00299835205078,99.01300048828125,98.94300079345703,99.00299835205078
2026-08-25T09:30:00Z,99.00199890136719,99.00299835205078,98.95099639892578,98.97699737548828
2026-08-25T10:00:00Z,98.97699737548828,99.04100036621094,98.97699737548828,99.03800201416016
2026-08-25T10:30:00Z,99.03800201416016,99.04499816894531,99.0009994506836,99.02200317382812
2026-08-25T11:00:00Z,99.02200317382812,99.05000305175781,99.01499938964844,99.02899932861328
2026-08-25T11:30:00Z,99.02999877929688,99.03800201416016,98.99600219726562,99.03600311279297
2026-08-25T12:00:00Z,99.03500366210938,99.03500366210938,99.00199890136719,99.00900268554688
2026-08-25T12:30:00Z,99.00900268554688,99.03399658203125,98.98999786376953,98.98999786376953
2026-08-25T13:00:00Z,98.99099731445312,99.00599670410156,98.9010009765625,98.94300079345703
2026-08-25T13:30:00Z,98.94200134277344,98.97000122070312,98.91500091552734,98.9229965209961
2026-08-25T14:00:00Z,98.9219970703125,98.97100067138672,98.91799926757812,98.9530029296875
2026-08-25T14:30:00Z,98.9530029296875,98.9800033569336,98.91100311279297,98.95899963378906
2026-08-25T15:00:00Z,98.95999908447266,98.9800033569336,98.94300079345703,98.96700286865234
2026-08-25T15:30:00Z,98.96700286865234,98.96800231933594,98.91600036621094,98.93099975585938
2026-08-25T16:00:00Z,98.93099975585938,98.9739990234375,98.9260025024414,98.96199798583984
2026-08-25T16:30:00Z,98.96199798583984,98.97100067138672,98.94400024414062,98.9530029296875
2026-08-25T17:00:00Z,98.9530029296875,98.97200012207031,98.94499969482422,98.9540023803711
2026-08-25T17:30:00Z,98.9530029296875,98.96099853515625,98.91799926757812,98.9209976196289
2026-08-25T18:00:00Z,98.91999816894531,99.00199890136719,98.90899658203125,98.91999816894531
2026-08-25T18:30:00Z,98.91899871826172,98.93000030517578,98.91200256347656,98.91500091552734
2026-08-25T19:00:00Z,98.91500091552734,98.91899871826172,98.8759994506836,98.91300201416016
2026-08-25T19:30:00Z,98.91300201416016,98.94400024414062,98.87200164794922,98.88500213623047
2026-08-25T20:00:00Z,98.88500213623047,98.89600372314453,98.86299896240234,98.88400268554688
2026-08-25T20:30:00Z,98.88400268554688,98.91200256347656,98.87999725341797,98.91200256347656
2026-08-25T21:00:00Z,98.91100311279297,98.9219970703125,98.90599822998047,98.91500091552734
2026-08-25T21:30:00Z,98.91500091552734,98.9209976196289,98.89099884033203,98.9209976196289
2026-08-25T22:00:00Z,98.9209976196289,98.9209976196289,98.9010009765625,98.9020004272461
2026-08-25T23:30:00Z,98.9219970703125,98.9219970703125,98.91200256347656,98.91300201416016
2026-08-26T00:00:00Z,98.91200256347656,98.927001953125,98.90299987792969,98.91699981689453
2026-08-26T00:30:00Z,98.91799926757812,98.93399810791016,98.89800262451172,98.9219970703125
2026-08-26T01:00:00Z,98.9219970703125,98.94100189208984,98.90899658203125,98.93900299072266
2026-08-26T01:30:00Z,98.94000244140625,98.94599914550781,98.91000366210938,98.9280014038086
2026-08-26T02:00:00Z,98.92900085449219,98.94000244140625,98.89900207519531,98.93399810791016
2026-08-26T02:30:00Z,98.93399810791016,98.95899963378906,98.92500305175781,98.95500183105469
2026-08-26T03:00:00Z,98.9540023803711,98.96700286865234,98.94400024414062,98.95899963378906
2026-08-26T03:30:00Z,98.96099853515625,98.97599792480469,98.95600128173828,98.9729995727539
2026-08-26T04:00:00Z,98.97000122070312,98.99099731445312,98.96700286865234,98.9800033569336
2026-08-26T04:30:00Z,98.9800033569336,99.00499725341797,98.97200012207031,99.0
2026-08-26T05:00:00Z,99.0,99.01000213623047,98.97799682617188,98.98400115966797
2026-08-26T05:30:00Z,98.98400115966797,98.98400115966797,98.95899963378906,98.9800033569336
2026-08-26T06:00:00Z,98.97899627685547,99.00599670410156,98.97699737548828,99.00199890136719
2026-08-26T06:30:00Z,99.00199890136719,99.0270004272461,98.97599792480469,98.97799682617188
2026-08-26T07:00:00Z,98.98100280761719,98.98100280761719,98.94300079345703,98.97100067138672
2026-08-26T07:30:00Z,98.97000122070312,98.97799682617188,98.94200134277344,98.96099853515625
2026-08-26T08:00:00Z,98.95999908447266,98.96600341796875,98.91899871826172,98.9219970703125
2026-08-26T08:30:00Z,98.9229965209961,98.98100280761719,98.9219970703125,98.96700286865234
2026-08-26T09:00:00Z,98.96700286865234,99.01100158691406,98.96700286865234,99.00900268554688
2026-08-26T09:30:00Z,99.00900268554688,99.00900268554688,98.97000122070312,98.99299621582031
2026-08-26T10:00:00Z,98.99299621582031,99.02899932861328,98.99199676513672,99.02300262451172
2026-08-26T10:30:00Z,99.02300262451172,99.04100036621094,99.00399780273438,99.03399658203125
2026-08-26T11:00:00Z,99.03399658203125,99.04900360107422,99.00499725341797,99.03500366210938
2026-08-26T11:30:00Z,99.03399658203125,99.04000091552734,98.98300170898438,98.98600006103516
2026-08-26T12:00:00Z,98.98600006103516,98.98899841308594,98.94000244140625,98.9540023803711
2026-08-26T12:30:00Z,98.95500183105469,99.1050033569336,98.93900299072266,99.1050033569336
2026-08-26T13:00:00Z,99.1050033569336,99.13600158691406,99.09100341796875,99.09500122070312
2026-08-26T13:30:00Z,99.09400177001953,99.13700103759766,99.08799743652344,99.13700103759766
2026-08-26T14:00:00Z,99.13500213623047,99.2249984741211,99.13099670410156,99.2239990234375
2026-08-26T14:30:00Z,99.2239990234375,99.23100280761719,99.16300201416016,99.21199798583984
2026-08-26T15:00:00Z,99.21199798583984,99.21499633789062,99.15799713134766,99.16799926757812
2026-08-26T15:30:00Z,99.16600036621094,99.18699645996094,99.13600158691406,99.16600036621094
2026-08-26T16:00:00Z,99.16699981689453,99.177001953125,99.13400268554688,99.1500015258789
2026-08-26T16:30:00Z,99.1500015258789,99.18499755859375,99.14600372314453,99.1780014038086
2026-08-26T17:00:00Z,99.1780014038086,99.18699645996094,99.1449966430664,99.14700317382812
2026-08-26T17:30:00Z,99.14700317382812,99.16699981689453,99.13700103759766,99.15299987792969
2026-08-26T18:00:00Z,99.1520004272461,99.16400146484375,99.13600158691406,99.15799713134766
2026-08-26T18:30:00Z,99.15799713134766,99.1719970703125,99.15499877929688,99.16500091552734
2026-08-26T19:00:00Z,99.16500091552734,99.17400360107422,99.1500015258789,99.15599822998047
2026-08-26T19:30:00Z,99.15499877929688,99.16699981689453,99.14600372314453,99.14700317382812
2026-08-26T20:00:00Z,99.14700317382812,99.16000366210938,99.14600372314453,99.1500015258789
2026-08-26T20:30:00Z,99.1500015258789,99.1500015258789,99.12999725341797,99.14299774169922
2026-08-26T21:00:00Z,99.14399719238281,99.16200256347656,99.13700103759766,99.13999938964844
2026-08-26T21:30:00Z,99.13999938964844,99.13999938964844,99.13300323486328,99.13800048828125
2026-08-26T22:00:00Z,99.13700103759766,99.13800048828125,99.12799835205078,99.13400268554688
2026-08-26T23:30:00Z,99.11799621582031,99.12899780273438,99.11599731445312,99.12200164794922
2026-08-27T00:00:00Z,99.12200164794922,99.12799835205078,99.0989990234375,99.0999984741211
2026-08-27T00:30:00Z,99.0999984741211,99.13099670410156,99.09600067138672,99.11299896240234
2026-08-27T01:00:00Z,99.11299896240234,99.12300109863281,99.09600067138672,99.11000061035156
2026-08-27T01:30:00Z,99.11000061035156,99.12799835205078,99.09700012207031,99.11299896240234
2026-08-27T02:00:00Z,99.11399841308594,99.14600372314453,99.1050033569336,99.1449966430664
2026-08-27T02:30:00Z,99.14600372314453,99.14900207519531,99.12999725341797,99.13700103759766
2026-08-27T03:00:00Z,99.13700103759766,99.14900207519531,99.12999725341797,99.14700317382812
2026-08-27T03:30:00Z,99.14700317382812,99.15599822998047,99.13899993896484,99.15299987792969
2026-08-27T04:00:00Z,99.1510009765625,99.15299987792969,99.13700103759766,99.14399719238281
2026-08-27T04:30:00Z,99.14299774169922,99.15399932861328,99.14299774169922,99.1449966430664
2026-08-27T05:00:00Z,99.14399719238281,99.15499877929688,99.125,99.125
2026-08-27T05:30:00Z,99.125,99.16699981689453,99.12100219726562,99.1520004272461
2026-08-27T06:00:00Z,99.1510009765625,99.16899871826172,99.13800048828125,99.14600372314453
2026-08-27T06:30:00Z,99.1449966430664,99.16999816894531,99.14199829101562,99.15599822998047
2026-08-27T07:00:00Z,99.15499877929688,99.1729965209961,99.13099670410156,99.16799926757812
2026-08-27T07:30:00Z,99.16899871826172,99.1719970703125,99.14299774169922,99.15499877929688
2026-08-27T08:00:00Z,99.15499877929688,99.18000030517578,99.12200164794922,99.17500305175781
2026-08-27T08:30:00Z,99.1760025024414,99.1969985961914,99.16100311279297,99.18800354003906
2026-08-27T09:00:00Z,99.18699645996094,99.22100067138672,99.18499755859375,99.2020034790039
2026-08-27T09:30:00Z,99.19999694824219,99.25,99.19999694824219,99.24299621582031
2026-08-27T10:00:00Z,99.24299621582031,99.25800323486328,99.18800354003906,99.20500183105469
2026-08-27T10:30:00Z,99.2040023803711,99.25900268554688,99.2030029296875,99.24700164794922
2026-08-27T11:00:00Z,99.24700164794922,99.25599670410156,99.22100067138672,99.22899627685547
2026-08-27T11:30:00Z,99.22899627685547,99.26000213623047,99.2030029296875,99.22100067138672
2026-08-27T12:00:00Z,99.22000122070312,99.22100067138672,99.18599700927734,99.2020034790039
2026-08-27T12:30:00Z,99.20099639892578,99.22799682617188,99.19599914550781,99.22100067138672
2026-08-27T13:00:00Z,99.22100067138672,99.22699737548828,99.06999969482422,99.08200073242188
2026-08-27T13:30:00Z,99.08000183105469,99.1510009765625,99.0780029296875,99.11900329589844
2026-08-27T14:00:00Z,99.12000274658203,99.16300201416016,99.08899688720703,99.15399932861328
2026-08-27T14:30:00Z,99.15399932861328,99.177001953125,99.10600280761719,99.177001953125
2026-08-27T15:00:00Z,99.1760025024414,99.177001953125,99.1240005493164,99.14099884033203
2026-08-27T15:30:00Z,99.13999938964844,99.14800262451172,99.0979995727539,99.10399627685547
2026-08-27T16:00:00Z,99.1050033569336,99.13700103759766,99.10299682617188,99.10800170898438
2026-08-27T16:30:00Z,99.10800170898438,99.13200378417969,99.09600067138672,99.12200164794922
2026-08-27T17:00:00Z,99.12200164794922,99.14099884033203,99.10700225830078,99.13200378417969
2026-08-27T17:30:00Z,99.13200378417969,99.16799926757812,99.12899780273438,99.15499877929688
2026-08-27T18:00:00Z,99.15499877929688,99.1780014038086,99.15299987792969,99.17500305175781
2026-08-27T18:30:00Z,99.17500305175781,99.18000030517578,99.1500015258789,99.15899658203125
2026-08-27T19:00:00Z,99.15899658203125,99.16100311279297,99.14700317382812,99.15899658203125
2026-08-27T19:30:00Z,99.16000366210938,99.16999816894531,99.14399719238281,99.15299987792969
2026-08-27T20:00:00Z,99.15299987792969,99.15399932861328,99.12999725341797,99.14600372314453
2026-08-27T20:30:00Z,99.14600372314453,99.14600372314453,99.13200378417969,99.13300323486328
2026-08-27T21:00:00Z,99.13300323486328,99.1510009765625,99.11499786376953,99.11599731445312
2026-08-27T21:30:00Z,99.11599731445312,99.12899780273438,99.11000061035156,99.12699890136719
2026-08-27T22:00:00Z,99.12699890136719,99.12899780273438,99.11900329589844,99.12899780273438
2026-08-27T23:30:00Z,99.11399841308594,99.11399841308594,99.10299682617188,99.11000061035156
2026-08-28T00:00:00Z,99.10900115966797,99.13800048828125,99.10199737548828,99.1240005493164
2026-08-28T00:30:00Z,99.1240005493164,99.12999725341797,99.10800170898438,99.11599731445312
2026-08-28T01:00:00Z,99.11699676513672,99.1259994506836,99.10600280761719,99.1240005493164
2026-08-28T01:30:00Z,99.1240005493164,99.15299987792969,99.10399627685547,99.1510009765625
2026-08-28T02:00:00Z,99.1510009765625,99.1709976196289,99.14099884033203,99.15799713134766
2026-08-28T02:30:00Z,99.15799713134766,99.16500091552734,99.13700103759766,99.13800048828125
2026-08-28T03:00:00Z,99.13800048828125,99.14900207519531,99.13300323486328,99.13700103759766
2026-08-28T03:30:00Z,99.13800048828125,99.1760025024414,99.13600158691406,99.17400360107422
2026-08-28T04:00:00Z,99.16999816894531,99.18199920654297,99.16899871826172,99.18099975585938
2026-08-28T04:30:00Z,99.18099975585938,99.18699645996094,99.17400360107422,99.18199920654297
2026-08-28T05:00:00Z,99.18199920654297,99.20099639892578,99.18099975585938,99.19400024414062
2026-08-28T05:30:00Z,99.19400024414062,99.2040023803711,99.177001953125,99.18800354003906
2026-08-28T06:00:00Z,99.18800354003906,99.19599914550781,99.15599822998047,99.16000366210938
2026-08-28T06:30:00Z,99.16000366210938,99.18199920654297,99.14099884033203,99.14900207519531
2026-08-28T07:00:00Z,99.14700317382812,99.20700073242188,99.14399719238281,99.20500183105469
2026-08-28T07:30:00Z,99.2030029296875,99.20500183105469,99.15899658203125,99.17400360107422
2026-08-28T08:00:00Z,99.17400360107422,99.1969985961914,99.16100311279297,99.19400024414062
2026-08-28T08:30:00Z,99.19599914550781,99.20899963378906,99.1760025024414,99.19200134277344
2026-08-28T09:00:00Z,99.19200134277344,99.21600341796875,99.18900299072266,99.21199798583984
2026-08-28T09:30:00Z,99.21299743652344,99.23500061035156,99.2020034790039,99.23500061035156
2026-08-28T10:00:00Z,99.23400115966797,99.23600006103516,99.1989974975586,99.20099639892578
2026-08-28T10:30:00Z,99.1989974975586,99.19999694824219,99.15699768066406,99.15799713134766
2026-08-28T11:00:00Z,99.15699768066406,99.19200134277344,99.15499877929688,99.18599700927734
2026-08-28T11:30:00Z,99.18599700927734,99.1969985961914,99.17500305175781,99.19300079345703
2026-08-28T12:00:00Z,99.19100189208984,99.21399688720703,99.18599700927734,99.21299743652344
2026-08-28T12:30:00Z,99.21299743652344,99.23999786376953,99.16300201416016,99.16799926757812
2026-08-28T13:00:00Z,99.16799926757812,99.2239990234375,99.16100311279297,99.20999908447266
2026-08-28T13:30:00Z,99.21099853515625,99.23600006103516,99.1719970703125,99.1989974975586
2026-08-28T14:00:00Z,99.21499633789062,99.59300231933594,99.0979995727539,99.53500366210938
2026-08-28T14:30:00Z,99.53500366210938,99.53700256347656,99.37899780273438,99.41300201416016
2026-08-28T15:00:00Z,99.41400146484375,99.5270004272461,99.39099884033203,99.51899719238281
2026-08-28T15:30:00Z,99.51699829101562,99.58000183105469,99.50599670410156,99.56400299072266
2026-08-28T16:00:00Z,99.56400299072266,99.67900085449219,99.56300354003906,99.66899871826172
2026-08-28T16:30:00Z,99.66999816894531,99.67900085449219,99.63800048828125,99.66400146484375
2026-08-28T17:00:00Z,99.66500091552734,99.69400024414062,99.6449966430664,99.66899871826172
2026-08-28T17:30:00Z,99.66999816894531,99.72599792480469,99.66799926757812,99.7040023803711
2026-08-28T18:00:00Z,99.70500183105469,99.7239990234375,99.68000030517578,99.69100189208984
2026-08-28T18:30:00Z,99.69100189208984,99.7229995727539,99.68800354003906,99.7020034790039
2026-08-28T19:00:00Z,99.7020034790039,99.70600128173828,99.6520004272461,99.65499877929688
2026-08-28T19:30:00Z,99.65499877929688,99.66400146484375,99.64099884033203,99.6520004272461
2026-08-28T20:00:00Z,99.6520004272461,99.6760025024414,99.6510009765625,99.66400146484375
2026-08-28T20:30:00Z,99.66400146484375,99.70800018310547,99.66300201416016,99.677001953125
2026-08-30T22:00:00Z,99.7040023803711,99.71399688720703,99.68599700927734,99.69100189208984
2026-08-30T22:30:00Z,99.69100189208984,99.69100189208984,99.66500091552734,99.6719970703125
2026-08-30T23:00:00Z,99.6719970703125,99.68199920654297,99.65699768066406,99.66699981689453
2026-08-30T23:30:00Z,99.66699981689453,99.66799926757812,99.63500213623047,99.64199829101562
2026-08-31T00:00:00Z,99.64099884033203,99.66400146484375,99.60099792480469,99.65799713134766
2026-08-31T00:30:00Z,99.65899658203125,99.65899658203125,99.59200286865234,99.60399627685547
2026-08-31T01:00:00Z,99.60399627685547,99.64299774169922,99.60099792480469,99.60800170898438
2026-08-31T01:30:00Z,99.60600280761719,99.60900115966797,99.56800079345703,99.59500122070312
2026-08-31T02:00:00Z,99.59500122070312,99.60399627685547,99.57499694824219,99.5770034790039
2026-08-31T02:30:00Z,99.5770034790039,99.61699676513672,99.57499694824219,99.58100128173828
2026-08-31T03:00:00Z,99.58100128173828,99.58799743652344,99.57099914550781,99.58499908447266
2026-08-31T03:30:00Z,99.58599853515625,99.61000061035156,99.58499908447266,99.59700012207031
2026-08-31T04:00:00Z,99.59100341796875,99.61100006103516,99.5780029296875,99.61000061035156
2026-08-31T04:30:00Z,99.61000061035156,99.61199951171875,99.58799743652344,99.59300231933594
2026-08-31T05:00:00Z,99.59400177001953,99.61399841308594,99.58999633789062,99.58999633789062
2026-08-31T05:30:00Z,99.58999633789062,99.625,99.58999633789062,99.60099792480469
2026-08-31T06:00:00Z,99.5999984741211,99.62699890136719,99.59100341796875,99.62300109863281
2026-08-31T06:30:00Z,99.62200164794922,99.64099884033203,99.59700012207031,99.60800170898438
2026-08-31T07:00:00Z,99.60800170898438,99.63500213623047,99.53399658203125,99.55400085449219
2026-08-31T07:30:00Z,99.55400085449219,99.55699920654297,99.49800109863281,99.50399780273438
2026-08-31T08:00:00Z,99.50399780273438,99.5479965209961,99.46600341796875,99.54000091552734
2026-08-31T08:30:00Z,99.53900146484375,99.58100128173828,99.53199768066406,99.5739974975586
2026-08-31T09:00:00Z,99.572998046875,99.572998046875,99.5250015258789,99.54499816894531
2026-08-31T09:30:00Z,99.5459976196289,99.57099914550781,99.53099822998047,99.53700256347656
2026-08-31T10:00:00Z,99.53800201416016,99.54199981689453,99.51599884033203,99.5199966430664
2026-08-31T10:30:00Z,99.51899719238281,99.55999755859375,99.51899719238281,99.5530014038086
2026-08-31T11:00:00Z,99.55400085449219,99.56300354003906,99.49700164794922,99.49800109863281
2026-08-31T11:30:00Z,99.4990005493164,99.552001953125,99.49500274658203,99.5469970703125
2026-08-31T12:00:00Z,99.5459976196289,99.56500244140625,99.51699829101562,99.54399871826172
2026-08-31T12:30:00Z,99.54399871826172,99.58999633789062,99.54399871826172,99.5719985961914
2026-08-31T13:00:00Z,99.5719985961914,99.58000183105469,99.51799774169922,99.5260009765625
2026-08-31T13:30:00Z,99.5260009765625,99.56800079345703,99.51799774169922,99.53500366210938
2026-08-31T14:00:00Z,99.53600311279297,99.56600189208984,99.48799896240234,99.51100158691406
2026-08-31T14:30:00Z,99.51000213623047,99.52100372314453,99.4020004272461,99.43099975585938
2026-08-31T15:00:00Z,99.43000030517578,99.45899963378906,99.41400146484375,99.427001953125
2026-08-31T15:30:00Z,99.4260025024414,99.43099975585938,99.38999938964844,99.42500305175781
2026-08-31T16:00:00Z,99.4260025024414,99.43099975585938,99.40599822998047,99.41600036621094
2026-08-31T16:30:00Z,99.41600036621094,99.43499755859375,99.41200256347656,99.41500091552734
2026-08-31T17:00:00Z,99.41400146484375,99.42900085449219,99.4020004272461,99.41999816894531
2026-08-31T17:30:00Z,99.4209976196289,99.427001953125,99.4010009765625,99.41799926757812
2026-08-31T18:00:00Z,99.41699981689453,99.42500305175781,99.40399932861328,99.41899871826172
2026-08-31T18:30:00Z,99.41899871826172,99.43499755859375,99.41100311279297,99.4280014038086
2026-08-31T19:00:00Z,99.4280014038086,99.43399810791016,99.40899658203125,99.41699981689453
2026-08-31T19:30:00Z,99.41699981689453,99.43800354003906,99.40699768066406,99.4229965209961
2026-08-31T20:00:00Z,99.42400360107422,99.43800354003906,99.41000366210938,99.43399810791016
2026-08-31T20:30:00Z,99.43499755859375,99.44000244140625,99.41400146484375,99.41500091552734
2026-08-31T21:00:00Z,99.41500091552734,99.42500305175781,99.41100311279297,99.41400146484375
2026-08-31T21:30:00Z,99.41400146484375,99.41400146484375,99.40399932861328,99.40499877929688
2026-08-31T22:00:00Z,99.40499877929688,99.41999816894531,99.40299987792969,99.41300201416016
2026-08-31T23:30:00Z,99.4209976196289,99.42400360107422,99.40899658203125,99.41100311279297
2026-09-01T00:00:00Z,99.41000366210938,99.43099975585938,99.35299682617188,99.35800170898438
2026-09-01T00:30:00Z,99.35700225830078,99.41799926757812,99.35600280761719,99.41400146484375
2026-09-01T01:00:00Z,99.41400146484375,99.47599792480469,99.40899658203125,99.47000122070312
2026-09-01T01:30:00Z,99.47000122070312,99.48999786376953,99.4469985961914,99.46700286865234
2026-09-01T02:00:00Z,99.46800231933594,99.50399780273438,99.46700286865234,99.46900177001953
2026-09-01T02:30:00Z,99.47100067138672,99.49400329589844,99.47000122070312,99.47200012207031
2026-09-01T03:00:00Z,99.47100067138672,99.50399780273438,99.47100067138672,99.49500274658203
2026-09-01T03:30:00Z,99.49400329589844,99.50599670410156,99.48899841308594,99.50599670410156
2026-09-01T04:00:00Z,99.50599670410156,99.5270004272461,99.49800109863281,99.5260009765625
2026-09-01T04:30:00Z,99.5260009765625,99.53099822998047,99.50700378417969,99.50900268554688
2026-09-01T05:00:00Z,99.50800323486328,99.50900268554688,99.48200225830078,99.49199676513672
2026-09-01T05:30:00Z,99.49199676513672,99.4990005493164,99.47200012207031,99.48899841308594
2026-09-01T06:00:00Z,99.48899841308594,99.54299926757812,99.48300170898438,99.54199981689453
2026-09-01T06:30:00Z,99.54199981689453,99.552001953125,99.51799774169922,99.51799774169922
2026-09-01T07:00:00Z,99.5199966430664,99.56500244140625,99.50199890136719,99.56400299072266
2026-09-01T07:30:00Z,99.56500244140625,99.61000061035156,99.56400299072266,99.58300018310547
2026-09-01T08:00:00Z,99.58300018310547,99.63200378417969,99.57499694824219,99.60299682617188
2026-09-01T08:30:00Z,99.60199737548828,99.62699890136719,99.5770034790039,99.58100128173828
2026-09-01T09:00:00Z,99.5790023803711,99.59100341796875,99.55000305175781,99.56600189208984
2026-09-01T09:30:00Z,99.56700134277344,99.59200286865234,99.53099822998047,99.59100341796875
2026-09-01T10:00:00Z,99.58999633789062,99.60199737548828,99.56800079345703,99.58399963378906
2026-09-01T10:30:00Z,99.58399963378906,99.62000274658203,99.58100128173828,99.60700225830078
2026-09-01T11:00:00Z,99.60700225830078,99.62899780273438,99.58100128173828,99.58399963378906
2026-09-01T11:30:00Z,99.58599853515625,99.61699676513672,99.58000183105469,99.60900115966797
2026-09-01T12:00:00Z,99.60800170898438,99.64900207519531,99.59400177001953,99.61299896240234
2026-09-01T12:30:00Z,99.61399841308594,99.62899780273438,99.59700012207031,99.60700225830078
2026-09-01T13:00:00Z,99.60600280761719,99.64099884033203,99.60600280761719,99.61499786376953
2026-09-01T13:30:00Z,99.61499786376953,99.61499786376953,99.5469970703125,99.5510025024414
2026-09-01T14:00:00Z,99.55000305175781,99.56900024414062,99.50299835205078,99.55400085449219
2026-09-01T14:30:00Z,99.5530014038086,99.61799621582031,99.53600311279297,99.61000061035156
2026-09-01T15:00:00Z,99.61000061035156,99.65299987792969,99.59100341796875,99.62899780273438
2026-09-01T15:30:00Z,99.62799835205078,99.66100311279297,99.61900329589844,99.63899993896484
2026-09-01T16:00:00Z,99.63800048828125,99.6989974975586,99.63099670410156,99.68299865722656
2026-09-01T16:30:00Z,99.68399810791016,99.70500183105469,99.6510009765625,99.7040023803711
2026-09-01T17:00:00Z,99.70500183105469,99.70899963378906,99.65899658203125,99.65899658203125
2026-09-01T17:30:00Z,99.65899658203125,99.71399688720703,99.63999938964844,99.7040023803711
2026-09-01T18:00:00Z,99.70500183105469,99.70899963378906,99.68199920654297,99.6989974975586
2026-09-01T18:30:00Z,99.6989974975586,99.72200012207031,99.6760025024414,99.677001953125
2026-09-01T19:00:00Z,99.6760025024414,99.68599700927734,99.65899658203125,99.677001953125
2026-09-01T19:30:00Z,99.677001953125,99.69999694824219,99.66500091552734,99.68699645996094
2026-09-01T20:00:00Z,99.68499755859375,99.7020034790039,99.68000030517578,99.68299865722656
2026-09-01T20:30:00Z,99.68299865722656,99.68499755859375,99.66200256347656,99.66400146484375
2026-09-01T21:00:00Z,99.66300201416016,99.68000030517578,99.66000366210938,99.677001953125
2026-09-01T21:30:00Z,99.677001953125,99.68299865722656,99.66100311279297,99.66600036621094
2026-09-01T22:00:00Z,99.66699981689453,99.66699981689453,99.65399932861328,99.65399932861328
2026-09-01T23:30:00Z,99.66500091552734,99.67900085449219,99.65899658203125,99.67900085449219
2026-09-02T00:00:00Z,99.6780014038086,99.70800018310547,99.66500091552734,99.7030029296875
2026-09-02T00:30:00Z,99.7040023803711,99.73500061035156,99.68699645996094,99.73500061035156
2026-09-02T01:00:00Z,99.73500061035156,99.75299835205078,99.72799682617188,99.73699951171875
2026-09-02T01:30:00Z,99.73600006103516,99.78700256347656,99.73200225830078,99.77200317382812
2026-09-02T02:00:00Z,99.77100372314453,99.7969970703125,99.75599670410156,99.76599884033203
2026-09-02T02:30:00Z,99.76499938964844,99.77300262451172,99.74099731445312,99.7509994506836
2026-09-02T03:00:00Z,99.7509994506836,99.77400207519531,99.74199676513672,99.77400207519531
2026-09-02T03:30:00Z,99.77400207519531,99.77899932861328,99.76699829101562,99.77100372314453
2026-09-02T04:00:00Z,99.76599884033203,99.80400085449219,99.76399993896484,99.79499816894531
2026-09-02T04:30:00Z,99.79499816894531,99.79900360107422,99.7750015258789,99.79199981689453
2026-09-02T05:00:00Z,99.79100036621094,99.80799865722656,99.74800109863281,99.74800109863281
2026-09-02T05:30:00Z,99.74800109863281,99.75399780273438,99.71399688720703,99.7300033569336
2026-09-02T06:00:00Z,99.72899627685547,99.73600006103516,99.66799926757812,99.7239990234375
2026-09-02T06:30:00Z,99.7229995727539,99.79199981689453,99.70800018310547,99.79199981689453
2026-09-02T07:00:00Z,99.79100036621094,99.81500244140625,99.74500274658203,99.75700378417969
2026-09-02T07:30:00Z,99.75599670410156,99.76100158691406,99.70800018310547,99.73200225830078
2026-09-02T08:00:00Z,99.73100280761719,99.74199676513672,99.70999908447266,99.7300033569336
2026-09-02T08:30:00Z,99.73200225830078,99.7969970703125,99.71800231933594,99.79499816894531
2026-09-02T09:00:00Z,99.7959976196289,99.80400085449219,99.76300048828125,99.78800201416016
2026-09-02T09:30:00Z,99.78800201416016,99.83100128173828,99.78399658203125,99.8270034790039
2026-09-02T10:00:00Z,99.8290023803711,99.8499984741211,99.81800079345703,99.84600067138672
2026-09-02T10:30:00Z,99.84600067138672,99.86299896240234,99.82099914550781,99.8219985961914
2026-09-02T11:00:00Z,99.822998046875,99.8270034790039,99.77400207519531,99.7979965209961
2026-09-02T11:30:00Z,99.79900360107422,99.80699920654297,99.7490005493164,99.76000213623047
2026-09-02T12:00:00Z,99.76000213623047,99.76599884033203,99.69599914550781,99.7249984741211
2026-09-02T12:30:00Z,99.72699737548828,99.77999877929688,99.72599792480469,99.76200103759766
2026-09-02T13:00:00Z,99.76100158691406,99.76100158691406,99.43599700927734,99.56900024414062
2026-09-02T13:30:00Z,99.56900024414062,99.61599731445312,99.447998046875,99.44999694824219
2026-09-02T14:00:00Z,99.447998046875,99.58000183105469,99.447998046875,99.55500030517578
2026-09-02T14:30:00Z,99.55400085449219,99.56999969482422,99.51799774169922,99.5260009765625
2026-09-02T15:00:00Z,99.5250015258789,99.54100036621094,99.49700164794922,99.50199890136719
2026-09-02T15:30:00Z,99.50199890136719,99.56099700927734,99.48500061035156,99.54100036621094
2026-09-02T16:00:00Z,99.53900146484375,99.56600189208984,99.5199966430664,99.56300354003906
2026-09-02T16:30:00Z,99.56400299072266,99.56900024414062,99.53700256347656,99.56900024414062
2026-09-02T17:00:00Z,99.56999969482422,99.61299896240234,99.55799865722656,99.58599853515625
2026-09-02T17:30:00Z,99.58599853515625,99.60600280761719,99.552001953125,99.58200073242188
2026-09-02T18:00:00Z,99.58300018310547,99.60199737548828,99.55799865722656,99.58899688720703
2026-09-02T18:30:00Z,99.58899688720703,99.60099792480469,99.5719985961914,99.59600067138672
2026-09-02T19:00:00Z,99.59400177001953,99.61499786376953,99.58300018310547,99.59600067138672
2026-09-02T19:30:00Z,99.59600067138672,99.60199737548828,99.56300354003906,99.56500244140625
2026-09-02T20:00:00Z,99.56500244140625,99.56600189208984,99.53900146484375,99.56199645996094
2026-09-02T20:30:00Z,99.56300354003906,99.56999969482422,99.55000305175781,99.55899810791016
2026-09-02T21:00:00Z,99.55999755859375,99.56500244140625,99.552001953125,99.55799865722656
2026-09-02T21:30:00Z,99.55899810791016,99.56600189208984,99.55699920654297,99.56099700927734
2026-09-02T22:00:00Z,99.56199645996094,99.5780029296875,99.55500030517578,99.5770034790039
2026-09-02T23:30:00Z,99.59600067138672,99.6050033569336,99.59600067138672,99.5989990234375
2026-09-03T00:00:00Z,99.5989990234375,99.61199951171875,99.55599975585938,99.55999755859375
2026-09-03T00:30:00Z,99.55899810791016,99.56900024414062,99.52400207519531,99.55000305175781
2026-09-03T01:00:00Z,99.55000305175781,99.55400085449219,99.50900268554688,99.50900268554688
2026-09-03T01:30:00Z,99.50900268554688,99.56300354003906,99.48100280761719,99.55500030517578
2026-09-03T02:00:00Z,99.55400085449219,99.55699920654297,99.48300170898438,99.48799896240234
2026-09-03T02:30:00Z,99.48899841308594,99.49600219726562,99.43900299072266,99.47699737548828
2026-09-03T03:00:00Z,99.4749984741211,99.4749984741211,99.39800262451172,99.4209976196289
2026-09-03T03:30:00Z,99.4229965209961,99.43599700927734,99.4020004272461,99.41699981689453
2026-09-03T04:00:00Z,99.41300201416016,99.43199920654297,99.39900207519531,99.39900207519531
2026-09-03T04:30:00Z,99.39900207519531,99.42400360107422,99.36599731445312,99.41200256347656
2026-09-03T05:00:00Z,99.41100311279297,99.43299865722656,99.375,99.38899993896484
2026-09-03T05:30:00Z,99.38899993896484,99.4020004272461,99.35900115966797,99.36000061035156
2026-09-03T06:00:00Z,99.36199951171875,99.38999938964844,99.3489990234375,99.35299682617188
2026-09-03T06:30:00Z,99.35199737548828,99.35299682617188,99.26699829101562,99.30500030517578
2026-09-03T07:00:00Z,99.30400085449219,99.30999755859375,99.16600036621094,99.26599884033203
2026-09-03T07:30:00Z,99.26699829101562,99.32599639892578,99.23200225830078,99.27899932861328
2026-09-03T08:00:00Z,99.27799987792969,99.3030014038086,99.22200012207031,99.25599670410156
2026-09-03T08:30:00Z,99.25499725341797,99.28299713134766,99.1780014038086,99.21499633789062
2026-09-03T09:00:00Z,99.21299743652344,99.25299835205078,99.18399810791016,99.24099731445312
2026-09-03T09:30:00Z,99.24099731445312,99.25900268554688,99.19599914550781,99.21399688720703
2026-09-03T10:00:00Z,99.21499633789062,99.25299835205078,99.18499755859375,99.2300033569336
2026-09-03T10:30:00Z,99.22899627685547,99.27100372314453,99.19999694824219,99.20999908447266
2026-09-03T11:00:00Z,99.20899963378906,99.22599792480469,99.10199737548828,99.15699768066406
2026-09-03T11:30:00Z,99.15699768066406,99.1989974975586,99.13099670410156,99.13500213623047
2026-09-03T12:00:00Z,99.13500213623047,99.1500015258789,99.09400177001953,99.13400268554688
2026-09-03T12:30:00Z,99.13500213623047,99.13500213623047,98.947998046875,98.98300170898438
2026-09-03T13:00:00Z,98.98400115966797,99.03500366210938,98.97000122070312,99.01399993896484
2026-09-03T13:30:00Z,99.01499938964844,99.07099914550781,98.96900177001953,98.96900177001953
2026-09-03T14:00:00Z,98.97100067138672,99.03500366210938,98.96600341796875,99.01699829101562
2026-09-03T14:30:00Z,99.01599884033203,99.10099792480469,99.00700378417969,99.02400207519531
2026-09-03T15:00:00Z,99.02300262451172,99.0270004272461,98.97200012207031,98.98300170898438
2026-09-03T15:30:00Z,98.9800033569336,99.01200103759766,98.94599914550781,98.96399688720703
2026-09-03T16:00:00Z,98.96399688720703,98.97899627685547,98.87100219726562,98.875
2026-09-03T16:30:00Z,98.875,98.88400268554688,98.83100128173828,98.86299896240234
2026-09-03T17:00:00Z,98.86499786376953,98.89199829101562,98.85600280761719,98.8740005493164
2026-09-03T17:30:00Z,98.8740005493164,98.90899658203125,98.86799621582031,98.90899658203125
2026-09-03T18:00:00Z,98.90799713134766,98.91799926757812,98.88400268554688,98.8949966430664
2026-09-03T18:30:00Z,98.8949966430664,98.9280014038086,98.89399719238281,98.90799713134766
2026-09-03T19:00:00Z,98.90799713134766,99.0,98.90599822998047,98.99600219726562
2026-09-03T19:30:00Z,98.99600219726562,99.01100158691406,98.95500183105469,98.96700286865234
2026-09-03T20:00:00Z,98.96700286865234,98.98999786376953,98.95800018310547,98.98600006103516
2026-09-03T20:30:00Z,98.98500061035156,99.00199890136719,98.98100280761719,98.9990005493164
2026-09-03T21:00:00Z,98.9990005493164,99.00700378417969,98.98100280761719,99.00700378417969
2026-09-03T21:30:00Z,99.00700378417969,99.00700378417969,98.99700164794922,99.0
2026-09-03T22:00:00Z,99.0,99.01000213623047,98.98999786376953,99.00299835205078
2026-09-03T23:30:00Z,99.02899932861328,99.02899932861328,98.96399688720703,98.96600341796875
2026-09-04T00:00:00Z,98.96600341796875,99.0,98.91600036621094,99.0
2026-09-04T00:30:00Z,99.0,99.01200103759766,98.93599700927734,98.97599792480469
2026-09-04T01:00:00Z,98.97599792480469,98.99700164794922,98.95899963378906,98.98400115966797
2026-09-04T01:30:00Z,98.98500061035156,99.0,98.96499633789062,98.96600341796875
2026-09-04T02:00:00Z,98.96499633789062,99.01100158691406,98.93699645996094,98.99700164794922
2026-09-04T02:30:00Z,98.99700164794922,99.00800323486328,98.9800033569336,99.00299835205078
2026-09-04T03:00:00Z,99.00199890136719,99.01100158691406,98.98999786376953,99.00900268554688
2026-09-04T03:30:00Z,99.00900268554688,99.06900024414062,99.00800323486328,99.05799865722656
2026-09-04T04:00:00Z,99.05699920654297,99.05899810791016,99.01899719238281,99.04100036621094
2026-09-04T04:30:00Z,99.04100036621094,99.0479965209961,99.01699829101562,99.02999877929688
2026-09-04T05:00:00Z,99.02899932861328,99.0510025024414,99.01499938964844,99.0199966430664
2026-09-04T05:30:00Z,99.02100372314453,99.04299926757812,99.01100158691406,99.01799774169922
2026-09-04T06:00:00Z,99.01899719238281,99.0260009765625,98.98699951171875,98.99600219726562
2026-09-04T06:30:00Z,98.99299621582031,99.01799774169922,98.97899627685547,99.01599884033203
2026-09-04T07:00:00Z,99.01599884033203,99.04100036621094,99.00199890136719,99.01000213623047
2026-09-04T07:30:00Z,99.01100158691406,99.0719985961914,99.00299835205078,99.05999755859375
2026-09-04T08:00:00Z,99.05999755859375,99.09100341796875,99.052001953125,99.0530014038086
2026-09-04T08:30:00Z,99.052001953125,99.0790023803711,99.052001953125,99.05799865722656
2026-09-04T09:00:00Z,99.05799865722656,99.08699798583984,99.05599975585938,99.08000183105469
2026-09-04T09:30:00Z,99.0790023803711,99.13099670410156,99.0770034790039,99.125
2026-09-04T10:00:00Z,99.125,99.12699890136719,99.08699798583984,99.10399627685547
2026-09-04T10:30:00Z,99.10399627685547,99.11499786376953,99.06300354003906,99.08499908447266
2026-09-04T11:00:00Z,99.08499908447266,99.08899688720703,99.05999755859375,99.07499694824219
2026-09-04T11:30:00Z,99.07499694824219,99.09100341796875,99.0479965209961,99.0770034790039
2026-09-04T12:00:00Z,99.07599639892578,99.0790023803711,99.01799774169922,99.01799774169922
2026-09-04T12:30:00Z,99.01899719238281,99.39199829101562,99.01899719238281,99.1969985961914
2026-09-04T13:00:00Z,99.19599914550781,99.27999877929688,99.08799743652344,99.08899688720703
2026-09-04T13:30:00Z,99.08899688720703,99.16799926757812,99.04000091552734,99.15299987792969
2026-09-04T14:00:00Z,99.1520004272461,99.18399810791016,99.12000274658203,99.13300323486328
2026-09-04T14:30:00Z,99.13500213623047,99.15899658203125,99.08399963378906,99.14299774169922
2026-09-04T15:00:00Z,99.14199829101562,99.16300201416016,99.0739974975586,99.10099792480469
2026-09-04T15:30:00Z,99.10099792480469,99.11499786376953,99.06800079345703,99.11499786376953
2026-09-04T16:00:00Z,99.11499786376953,99.11900329589844,99.06600189208984,99.0989990234375
2026-09-04T16:30:00Z,99.0979995727539,99.10800170898438,99.07499694824219,99.1050033569336
2026-09-04T17:00:00Z,99.0989990234375,99.14700317382812,99.09300231933594,99.14600372314453
2026-09-04T17:30:00Z,99.1449966430664,99.16100311279297,99.13099670410156,99.15799713134766
2026-09-04T18:00:00Z,99.15799713134766,99.17500305175781,99.1520004272461,99.16799926757812
2026-09-04T18:30:00Z,99.16899871826172,99.19499969482422,99.16100311279297,99.1760025024414
2026-09-04T19:00:00Z,99.177001953125,99.18000030517578,99.14399719238281,99.14399719238281
2026-09-04T19:30:00Z,99.14399719238281,99.1520004272461,99.13099670410156,99.1449966430664
2026-09-04T20:00:00Z,99.1449966430664,99.16600036621094,99.13999938964844,99.15599822998047
2026-09-04T20:30:00Z,99.15599822998047,99.1760025024414,99.14900207519531,99.15699768066406
2026-09-06T22:00:00Z,99.16999816894531,99.1780014038086,99.15599822998047,99.15799713134766
2026-09-06T22:30:00Z,99.15899658203125,99.16600036621094,99.15399932861328,99.15799713134766
2026-09-06T23:00:00Z,99.15799713134766,99.15799713134766,99.13099670410156,99.13700103759766
2026-09-06T23:30:00Z,99.13700103759766,99.15799713134766,99.125,99.15699768066406
2026-09-07T00:00:00Z,99.15499877929688,99.16600036621094,99.09600067138672,99.0989990234375
2026-09-07T00:30:00Z,99.0979995727539,99.11000061035156,99.0770034790039,99.09300231933594
2026-09-07T01:00:00Z,99.09400177001953,99.14900207519531,99.09100341796875,99.12300109863281
2026-09-07T01:30:00Z,99.12200164794922,99.1520004272461,99.12100219726562,99.14700317382812
2026-09-07T02:00:00Z,99.14800262451172,99.1969985961914,99.1449966430664,99.17500305175781
2026-09-07T02:30:00Z,99.17400360107422,99.20899963378906,99.16600036621094,99.19400024414062
2026-09-07T03:00:00Z,99.19300079345703,99.1989974975586,99.15799713134766,99.15899658203125
2026-09-07T03:30:00Z,99.15899658203125,99.19000244140625,99.15799713134766,99.16500091552734
2026-09-08T04:00:00Z,99.1760025024414,99.1760025024414,98.80699920654297,98.84100341796875
2026-09-08T04:30:00Z,98.83999633789062,98.84700012207031,98.822998046875,98.82599639892578
2026-09-08T05:00:00Z,98.82499694824219,98.83799743652344,98.7979965209961,98.83599853515625
2026-09-08T05:30:00Z,98.83799743652344,98.84400177001953,98.76699829101562,98.76699829101562
2026-09-08T06:00:00Z,98.76799774169922,98.85299682617188,98.71600341796875,98.83999633789062
2026-09-08T06:30:00Z,98.84100341796875,98.88099670410156,98.83499908447266,98.8740005493164
2026-09-08T07:00:00Z,98.87300109863281,98.93099975585938,98.85299682617188,98.91699981689453
2026-09-08T07:30:00Z,98.91699981689453,98.96199798583984,98.90299987792969,98.93099975585938
2026-09-08T08:00:00Z,98.93000030517578,98.98300170898438,98.90699768066406,98.93299865722656
2026-09-08T08:30:00Z,98.93499755859375,99.0,98.91899871826172,98.99099731445312
2026-09-08T09:00:00Z,98.98999786376953,98.99800109863281,98.9489974975586,98.96499633789062
2026-09-08T09:30:00Z,98.96399688720703,98.97899627685547,98.9209976196289,98.93599700927734
2026-09-08T10:00:00Z,98.93599700927734,98.9739990234375,98.92900085449219,98.96900177001953
2026-09-08T10:30:00Z,98.96800231933594,99.00800323486328,98.96099853515625,98.98400115966797
2026-09-08T11:00:00Z,98.98400115966797,99.01799774169922,98.9540023803711,98.95500183105469
2026-09-08T11:30:00Z,98.95600128173828,99.00900268554688,98.91600036621094,98.95800018310547
2026-09-08T12:00:00Z,98.95800018310547,98.97899627685547,98.90399932861328,98.91000366210938
2026-09-08T12:30:00Z,98.90899658203125,98.93099975585938,98.86000061035156,98.86100006103516
2026-09-08T13:00:00Z,98.86000061035156,98.86100006103516,98.80500030517578,98.83499908447266
2026-09-08T13:30:00Z,98.83499908447266,98.86599731445312,98.81900024414062,98.8479995727539
2026-09-08T14:00:00Z,98.84700012207031,98.9020004272461,98.8290023803711,98.83999633789062
2026-09-08T14:30:00Z,98.83899688720703,98.83899688720703,98.78900146484375,98.80699920654297
2026-09-08T15:00:00Z,98.80699920654297,98.84300231933594,98.79399871826172,98.83399963378906
2026-09-08T15:30:00Z,98.83499908447266,98.86499786376953,98.81800079345703,98.86399841308594
2026-09-08T16:00:00Z,98.86499786376953,98.91899871826172,98.86199951171875,98.8949966430664
2026-09-08T16:30:00Z,98.89399719238281,98.9209976196289,98.88800048828125,98.89199829101562
2026-09-08T17:00:00Z,98.89199829101562,98.89299774169922,98.86000061035156,98.86799621582031
2026-09-08T17:30:00Z,98.86799621582031,98.89199829101562,98.86100006103516,98.86199951171875
2026-09-08T18:00:00Z,98.86199951171875,98.88700103759766,98.85199737548828,98.85399627685547
2026-09-08T18:30:00Z,98.85199737548828,98.89700317382812,98.78399658203125,98.78700256347656
2026-09-08T19:00:00Z,98.78800201416016,98.8489990234375,98.78800201416016,98.84600067138672
2026-09-08T19:30:00Z,98.84700012207031,98.87100219726562,98.822998046875,98.86299896240234
2026-09-08T20:00:00Z,98.86299896240234,98.8759994506836,98.84400177001953,98.87200164794922
2026-09-08T20:30:00Z,98.87200164794922,98.87899780273438,98.85900115966797,98.86199951171875
2026-09-08T21:00:00Z,98.86100006103516,98.86499786376953,98.84300231933594,98.85900115966797
2026-09-08T21:30:00Z,98.86000061035156,98.86000061035156,98.83599853515625,98.83599853515625
2026-09-08T22:00:00Z,98.83599853515625,98.85800170898438,98.83599853515625,98.83599853515625
2026-09-08T23:30:00Z,98.80799865722656,98.80799865722656,98.7760009765625,98.78399658203125
2026-09-09T00:00:00Z,98.78199768066406,98.78199768066406,98.73699951171875,98.75199890136719
2026-09-09T00:30:00Z,98.75199890136719,98.79499816894531,98.75,98.76399993896484
2026-09-09T01:00:00Z,98.76300048828125,98.82099914550781,98.76200103759766,98.81300354003906
2026-09-09T01:30:00Z,98.81300354003906,98.82099914550781,98.7699966430664,98.77200317382812
2026-09-09T02:00:00Z,98.77200317382812,98.81099700927734,98.77200317382812,98.80899810791016
2026-09-09T02:30:00Z,98.80899810791016,98.80899810791016,98.76200103759766,98.76899719238281
2026-09-09T03:00:00Z,98.76899719238281,98.78600311279297,98.76200103759766,98.77999877929688
2026-09-09T03:30:00Z,98.77999877929688,98.78800201416016,98.74700164794922,98.77100372314453
2026-09-09T04:00:00Z,98.76899719238281,98.77300262451172,98.73200225830078,98.73899841308594
2026-09-09T04:30:00Z,98.73999786376953,98.76100158691406,98.73400115966797,98.7490005493164
2026-09-09T05:00:00Z,98.7490005493164,98.75499725341797,98.70500183105469,98.70999908447266
2026-09-09T05:30:00Z,98.71099853515625,98.74500274658203,98.70700073242188,98.72200012207031
2026-09-09T06:00:00Z,98.72200012207031,98.7229995727539,98.62999725341797,98.66600036621094
2026-09-09T06:30:00Z,98.66600036621094,98.71299743652344,98.66000366210938,98.69400024414062
2026-09-09T07:00:00Z,98.69499969482422,98.7030029296875,98.62899780273438,98.69000244140625
2026-09-09T07:30:00Z,98.69000244140625,98.70899963378906,98.61699676513672,98.65699768066406
2026-09-09T08:00:00Z,98.65899658203125,98.75299835205078,98.65699768066406,98.7490005493164
2026-09-09T08:30:00Z,98.74800109863281,98.78700256347656,98.74400329589844,98.78500366210938
2026-09-09T09:00:00Z,98.78500366210938,98.7969970703125,98.75399780273438,98.76300048828125
2026-09-09T09:30:00Z,98.76300048828125,98.85099792480469,98.75800323486328,98.8499984741211
2026-09-09T10:00:00Z,98.84700012207031,98.86000061035156,98.81099700927734,98.8219985961914
2026-09-09T10:30:00Z,98.8219985961914,98.8239974975586,98.76599884033203,98.79399871826172
2026-09-09T11:00:00Z,98.79399871826172,98.7959976196289,98.6449966430664,98.6449966430664
2026-09-09T11:30:00Z,98.6449966430664,98.68199920654297,98.62999725341797,98.64600372314453
2026-09-09T12:00:00Z,98.64600372314453,98.66899871826172,98.5989990234375,98.66300201416016
2026-09-09T12:30:00Z,98.66300201416016,98.69100189208984,98.6449966430664,98.66899871826172
2026-09-09T13:00:00Z,98.66799926757812,98.6780014038086,98.64099884033203,98.65499877929688
2026-09-09T13:30:00Z,98.65499877929688,98.68900299072266,98.63400268554688,98.65399932861328
2026-09-09T14:00:00Z,98.65299987792969,98.67500305175781,98.60399627685547,98.6520004272461
2026-09-09T14:30:00Z,98.65299987792969,98.68499755859375,98.64399719238281,98.64700317382812
2026-09-09T15:00:00Z,98.64800262451172,98.9000015258789,98.62699890136719,98.83999633789062
2026-09-09T15:30:00Z,98.83999633789062,98.85199737548828,98.76000213623047,98.8219985961914
2026-09-09T16:00:00Z,98.81999969482422,98.84100341796875,98.76100158691406,98.81900024414062
2026-09-09T16:30:00Z,98.81800079345703,98.8219985961914,98.73600006103516,98.7760009765625
2026-09-09T17:00:00Z,98.7760009765625,98.77999877929688,98.72899627685547,98.73100280761719
2026-09-09T17:30:00Z,98.73100280761719,98.76699829101562,98.7300033569336,98.74199676513672
2026-09-09T18:00:00Z,98.74199676513672,98.76899719238281,98.73200225830078,98.76100158691406
2026-09-09T18:30:00Z,98.76100158691406,98.83200073242188,98.76100158691406,98.81700134277344
2026-09-09T19:00:00Z,98.81700134277344,98.8499984741211,98.81400299072266,98.83699798583984
2026-09-09T19:30:00Z,98.83799743652344,98.83999633789062,98.80000305175781,98.81400299072266
2026-09-09T20:00:00Z,98.81400299072266,98.83799743652344,98.81199645996094,98.8219985961914
2026-09-09T20:30:00Z,98.82099914550781,98.82099914550781,98.78600311279297,98.78800201416016
2026-09-09T21:00:00Z,98.78800201416016,98.79399871826172,98.76599884033203,98.76699829101562
2026-09-09T21:30:00Z,98.76699829101562,98.7760009765625,98.76599884033203,98.7760009765625
2026-09-09T22:00:00Z,98.77300262451172,98.78299713134766,98.76100158691406,98.78299713134766
2026-09-09T23:30:00Z,98.75499725341797,98.79299926757812,98.75499725341797,98.77899932861328
2026-09-10T00:00:00Z,98.77899932861328,98.81400299072266,98.7760009765625,98.81400299072266
2026-09-10T00:30:00Z,98.81300354003906,98.82099914550781,98.78399658203125,98.81600189208984
2026-09-10T01:00:00Z,98.81600189208984,98.81900024414062,98.76699829101562,98.80500030517578
2026-09-10T01:30:00Z,98.80599975585938,98.81400299072266,98.72799682617188,98.72899627685547
2026-09-10T02:00:00Z,98.72899627685547,98.76399993896484,98.70600128173828,98.76100158691406
2026-09-10T02:30:00Z,98.76000213623047,98.78199768066406,98.7239990234375,98.7249984741211
2026-09-10T03:00:00Z,98.7239990234375,98.75800323486328,98.71900177001953,98.74500274658203
2026-09-10T03:30:00Z,98.74500274658203,98.75499725341797,98.73600006103516,98.73799896240234
2026-09-10T04:00:00Z,98.73100280761719,98.74299621582031,98.71399688720703,98.74199676513672
2026-09-10T04:30:00Z,98.74199676513672,98.75900268554688,98.7300033569336,98.75499725341797
2026-09-10T05:00:00Z,98.75599670410156,98.75599670410156,98.73899841308594,98.74199676513672
2026-09-10T05:30:00Z,98.74199676513672,98.76799774169922,98.72599792480469,98.73699951171875
2026-09-10T06:00:00Z,98.73600006103516,98.75299835205078,98.72699737548828,98.73899841308594
2026-09-10T06:30:00Z,98.73799896240234,98.76300048828125,98.7249984741211,98.72599792480469
2026-09-10T07:00:00Z,98.72599792480469,98.76899719238281,98.7249984741211,98.74299621582031
2026-09-10T07:30:00Z,98.74299621582031,98.74600219726562,98.71499633789062,98.73300170898438
2026-09-10T08:00:00Z,98.73300170898438,98.78199768066406,98.73300170898438,98.76000213623047
2026-09-10T08:30:00Z,98.76000213623047,98.79199981689453,98.75700378417969,98.76799774169922
2026-09-10T09:00:00Z,98.76799774169922,98.8030014038086,98.74800109863281,98.78900146484375
2026-09-10T09:30:00Z,98.78900146484375,98.83399963378906,98.78900146484375,98.8010025024414
2026-09-10T10:00:00Z,98.79900360107422,98.84700012207031,98.77300262451172,98.84700012207031
2026-09-10T10:30:00Z,98.84600067138672,98.91799926757812,98.84400177001953,98.88800048828125
2026-09-10T11:00:00Z,98.88899993896484,98.94300079345703,98.88300323486328,98.93000030517578
2026-09-10T11:30:00Z,98.92900085449219,98.98400115966797,98.89900207519531,98.96900177001953
2026-09-10T12:00:00Z,98.96800231933594,99.03500366210938,98.95700073242188,98.9800033569336
2026-09-10T12:30:00Z,98.98100280761719,99.1989974975586,98.93800354003906,99.09100341796875
2026-09-10T13:00:00Z,99.08899688720703,99.13800048828125,99.06600189208984,99.0979995727539
2026-09-10T13:30:00Z,99.0979995727539,99.11100006103516,98.96299743652344,99.01599884033203
2026-09-10T14:00:00Z,99.01599884033203,99.01699829101562,98.92900085449219,98.96199798583984
2026-09-10T14:30:00Z,98.95999908447266,98.97100067138672,98.89299774169922,98.89299774169922
2026-09-10T15:00:00Z,98.89299774169922,98.93299865722656,98.875,98.93199920654297
2026-09-10T15:30:00Z,98.93099975585938,98.94100189208984,98.8949966430664,98.91300201416016
2026-09-10T16:00:00Z,98.91300201416016,98.95800018310547,98.9020004272461,98.94200134277344
2026-09-10T16:30:00Z,98.94300079345703,99.0,98.93900299072266,98.99099731445312
2026-09-10T17:00:00Z,98.99099731445312,99.01799774169922,98.95600128173828,98.9729995727539
2026-09-10T17:30:00Z,98.9729995727539,99.00499725341797,98.96800231933594,98.99700164794922
2026-09-10T18:00:00Z,98.99700164794922,99.05999755859375,98.99600219726562,99.03600311279297
2026-09-10T18:30:00Z,99.03600311279297,99.05899810791016,99.0270004272461,99.0479965209961
2026-09-10T19:00:00Z,99.0469970703125,99.08499908447266,99.04499816894531,99.05999755859375
2026-09-10T19:30:00Z,99.05999755859375,99.0780029296875,99.052001953125,99.07499694824219
2026-09-10T20:00:00Z,99.07499694824219,99.11799621582031,99.07499694824219,99.11499786376953
2026-09-10T20:30:00Z,99.11399841308594,99.11399841308594,99.0739974975586,99.0739974975586
2026-09-10T21:00:00Z,99.07499694824219,99.08399963378906,99.05699920654297,99.0780029296875
2026-09-10T21:30:00Z,99.0780029296875,99.08799743652344,99.0719985961914,99.07499694824219
2026-09-10T22:00:00Z,99.07499694824219,99.10299682617188,99.06800079345703,99.08999633789062
2026-09-10T23:30:00Z,99.09600067138672,99.10299682617188,99.08300018310547,99.08300018310547
2026-09-11T00:00:00Z,99.08200073242188,99.08599853515625,99.04399871826172,99.0719985961914
2026-09-11T00:30:00Z,99.07099914550781,99.08200073242188,99.05500030517578,99.05699920654297
2026-09-11T01:00:00Z,99.05599975585938,99.06199645996094,99.02200317382812,99.04000091552734
2026-09-11T01:30:00Z,99.04100036621094,99.08599853515625,99.0250015258789,99.07099914550781
2026-09-11T02:00:00Z,99.07099914550781,99.12699890136719,99.06800079345703,99.12699890136719
2026-09-11T02:30:00Z,99.12699890136719,99.13700103759766,99.10199737548828,99.10800170898438
2026-09-11T03:00:00Z,99.11000061035156,99.16300201416016,99.10700225830078,99.16300201416016
2026-09-11T03:30:00Z,99.16300201416016,99.1719970703125,99.13500213623047,99.14700317382812
2026-09-11T04:00:00Z,99.14700317382812,99.15399932861328,99.08999633789062,99.09400177001953
2026-09-11T04:30:00Z,99.09400177001953,99.11599731445312,99.09200286865234,99.11399841308594
2026-09-11T05:00:00Z,99.11499786376953,99.11900329589844,99.05899810791016,99.06700134277344
2026-09-11T05:30:00Z,99.06700134277344,99.06700134277344,99.02899932861328,99.04499816894531
2026-09-11T06:00:00Z,99.0459976196289,99.05599975585938,99.00599670410156,99.03099822998047
2026-09-11T06:30:00Z,99.03099822998047,99.06199645996094,99.0250015258789,99.0479965209961
2026-09-11T07:00:00Z,99.0469970703125,99.07599639892578,99.03500366210938,99.06900024414062
2026-09-11T07:30:00Z,99.06700134277344,99.11199951171875,99.052001953125,99.08200073242188
2026-09-11T08:00:00Z,99.08100128173828,99.12200164794922,99.0739974975586,99.11900329589844
2026-09-11T08:30:00Z,99.12000274658203,99.12999725341797,99.08300018310547,99.1240005493164
2026-09-11T09:00:00Z,99.12300109863281,99.16000366210938,99.09600067138672,99.1240005493164
2026-09-11T09:30:00Z,99.1240005493164,99.1500015258789,99.12100219726562,99.13800048828125
2026-09-11T10:00:00Z,99.13899993896484,99.1729965209961,99.11499786376953,99.1719970703125
2026-09-11T10:30:00Z,99.1719970703125,99.18699645996094,99.16000366210938,99.16600036621094
2026-09-11T11:00:00Z,99.16600036621094,99.17900085449219,99.14299774169922,99.16200256347656
2026-09-11T11:30:00Z,99.16100311279297,99.1780014038086,99.13600158691406,99.177001953125
2026-09-11T12:00:00Z,99.1760025024414,99.1760025024414,99.12000274658203,99.13500213623047
2026-09-11T12:30:00Z,99.13300323486328,99.36799621582031,99.04199981689453,99.04399871826172
2026-09-11T13:00:00Z,99.04199981689453,99.09700012207031,98.98100280761719,99.04299926757812
2026-09-11T13:30:00Z,99.04199981689453,99.07599639892578,98.97599792480469,98.98400115966797
2026-09-11T14:00:00Z,98.98400115966797,99.04299926757812,98.96499633789062,99.03600311279297
2026-09-11T14:30:00Z,99.03500366210938,99.05500030517578,98.98899841308594,98.99700164794922
2026-09-11T15:00:00Z,98.99800109863281,99.06900024414062,98.98500061035156,99.06099700927734
2026-09-11T15:30:00Z,99.06099700927734,99.10099792480469,99.05899810791016,99.08100128173828
2026-09-11T16:00:00Z,99.08100128173828,99.08699798583984,99.0459976196289,99.06800079345703
2026-09-11T16:30:00Z,99.06800079345703,99.10800170898438,99.05799865722656,99.0979995727539
2026-09-11T17:00:00Z,99.09700012207031,99.1259994506836,99.08399963378906,99.0979995727539
2026-09-11T17:30:00Z,99.09700012207031,99.10800170898438,99.08699798583984,99.10399627685547
2026-09-11T18:00:00Z,99.10399627685547,99.1259994506836,99.08999633789062,99.11900329589844
2026-09-11T18:30:00Z,99.11900329589844,99.1520004272461,99.11599731445312,99.12200164794922
2026-09-11T19:00:00Z,99.12200164794922,99.14199829101562,99.10800170898438,99.11699676513672
2026-09-11T19:30:00Z,99.11799621582031,99.13400268554688,99.11100006103516,99.11699676513672
2026-09-11T20:00:00Z,99.11699676513672,99.13400268554688,99.11100006103516,99.1259994506836
2026-09-11T20:30:00Z,99.12699890136719,99.1500015258789,99.08899688720703,99.09500122070312
2026-09-13T22:00:00Z,99.10299682617188,99.1510009765625,99.072998046875,99.14199829101562
2026-09-13T22:30:00Z,99.14299774169922,99.16400146484375,99.13700103759766,99.14800262451172
2026-09-13T23:00:00Z,99.14800262451172,99.16500091552734,99.13099670410156,99.14399719238281
2026-09-13T23:30:00Z,99.1449966430664,99.15399932861328,99.10199737548828,99.10900115966797
2026-09-14T00:00:00Z,99.10800170898438,99.18800354003906,99.09300231933594,99.18599700927734
2026-09-14T00:30:00Z,99.18499755859375,99.1969985961914,99.16000366210938,99.17900085449219
2026-09-14T01:00:00Z,99.17900085449219,99.21900177001953,99.16899871826172,99.17900085449219
2026-09-14T01:30:00Z,99.18000030517578,99.19999694824219,99.16600036621094,99.18900299072266
2026-09-14T02:00:00Z,99.19000244140625,99.2020034790039,99.177001953125,99.19599914550781
2026-09-14T02:30:00Z,99.19499969482422,99.25199890136719,99.19499969482422,99.24800109863281
2026-09-14T03:00:00Z,99.24700164794922,99.30699920654297,99.24700164794922,99.29399871826172
2026-09-14T03:30:00Z,99.29399871826172,99.33300018310547,99.29399871826172,99.322998046875
2026-09-14T04:00:00Z,99.31900024414062,99.34700012207031,99.30999755859375,99.34500122070312
2026-09-14T04:30:00Z,99.34600067138672,99.36599731445312,99.3280029296875,99.34300231933594
2026-09-14T05:00:00Z,99.34300231933594,99.35800170898438,99.32099914550781,99.3290023803711
2026-09-14T05:30:00Z,99.3280029296875,99.33599853515625,99.30699920654297,99.31500244140625
2026-09-14T06:00:00Z,99.31400299072266,99.4530029296875,99.30899810791016,99.42900085449219
2026-09-14T06:30:00Z,99.42900085449219,99.46600341796875,99.39700317382812,99.45099639892578
2026-09-14T07:00:00Z,99.44999694824219,99.46099853515625,99.41400146484375,99.44400024414062
2026-09-14T07:30:00Z,99.44599914550781,99.52200317382812,99.44300079345703,99.50299835205078
2026-09-14T08:00:00Z,99.50299835205078,99.58399963378906,99.5009994506836,99.58000183105469
2026-09-14T08:30:00Z,99.5790023803711,99.58999633789062,99.54900360107422,99.5739974975586
2026-09-14T09:00:00Z,99.57499694824219,99.60199737548828,99.53299713134766,99.53500366210938
2026-09-14T09:30:00Z,99.53399658203125,99.55999755859375,99.52100372314453,99.54399871826172
2026-09-14T10:00:00Z,99.54299926757812,99.58699798583984,99.54299926757812,99.55599975585938
2026-09-14T10:30:00Z,99.55400085449219,99.58000183105469,99.54900360107422,99.55899810791016
2026-09-14T11:00:00Z,99.55799865722656,99.55899810791016,99.49600219726562,99.49800109863281
2026-09-14T11:30:00Z,99.4990005493164,99.52899932861328,99.48699951171875,99.50800323486328
2026-09-14T12:00:00Z,99.50900268554688,99.572998046875,99.4739990234375,99.56900024414062
2026-09-14T12:30:00Z,99.56900024414062,99.67400360107422,99.56400299072266,99.66400146484375
2026-09-14T13:00:00Z,99.66200256347656,99.68900299072266,99.62200164794922,99.64299774169922
2026-09-14T13:30:00Z,99.64399719238281,99.73600006103516,99.62899780273438,99.71700286865234
2026-09-14T14:00:00Z,99.71700286865234,99.72799682617188,99.61399841308594,99.66400146484375
2026-09-14T14:30:00Z,99.66500091552734,99.66999816894531,99.5770034790039,99.62200164794922
2026-09-14T15:00:00Z,99.62200164794922,99.6259994506836,99.53399658203125,99.56600189208984
2026-09-14T15:30:00Z,99.56700134277344,99.58499908447266,99.48600006103516,99.5009994506836
2026-09-14T16:00:00Z,99.5009994506836,99.50499725341797,99.4520034790039,99.47200012207031
2026-09-14T16:30:00Z,99.47200012207031,99.48699951171875,99.3740005493164,99.39900207519531
2026-09-14T17:00:00Z,99.39700317382812,99.42400360107422,99.38800048828125,99.41699981689453
2026-09-14T17:30:00Z,99.41699981689453,99.44599914550781,99.41200256347656,99.43000030517578
2026-09-14T18:00:00Z,99.42900085449219,99.44000244140625,99.41100311279297,99.41699981689453
2026-09-14T18:30:00Z,99.41699981689453,99.41699981689453,99.38800048828125,99.39099884033203
2026-09-14T19:00:00Z,99.39099884033203,99.43900299072266,99.39099884033203,99.43900299072266
2026-09-14T19:30:00Z,99.44000244140625,99.49099731445312,99.44000244140625,99.48999786376953
2026-09-14T20:00:00Z,99.48899841308594,99.51699829101562,99.48899841308594,99.50199890136719
2026-09-14T20:30:00Z,99.50199890136719,99.50499725341797,99.47000122070312,99.48100280761719
2026-09-14T21:00:00Z,99.4800033569336,99.48100280761719,99.43699645996094,99.44599914550781
2026-09-14T21:30:00Z,99.44599914550781,99.46700286865234,99.44599914550781,99.46600341796875
2026-09-14T22:00:00Z,99.46600341796875,99.4739990234375,99.46499633789062,99.46700286865234
2026-09-14T23:30:00Z,99.4800033569336,99.50199890136719,99.47799682617188,99.48799896240234
2026-09-15T00:00:00Z,99.48899841308594,99.53600311279297,99.48699951171875,99.53199768066406
2026-09-15T00:30:00Z,99.53399658203125,99.54399871826172,99.52200317382812,99.54100036621094
2026-09-15T01:00:00Z,99.54100036621094,99.58999633789062,99.53800201416016,99.58499908447266
2026-09-15T01:30:00Z,99.58499908447266,99.5989990234375,99.5739974975586,99.59400177001953
2026-09-15T02:00:00Z,99.59200286865234,99.61399841308594,99.5780029296875,99.61199951171875
2026-09-15T02:30:00Z,99.61199951171875,99.625,99.58000183105469,99.58200073242188
2026-09-15T03:00:00Z,99.58200073242188,99.60399627685547,99.57499694824219,99.58999633789062
2026-09-15T03:30:00Z,99.59100341796875,99.6050033569336,99.58499908447266,99.59700012207031
2026-09-15T04:00:00Z,99.59600067138672,99.62200164794922,99.59200286865234,99.61499786376953
2026-09-15T04:30:00Z,99.61599731445312,99.61599731445312,99.58599853515625,99.60800170898438
2026-09-15T05:00:00Z,99.60800170898438,99.63600158691406,99.5999984741211,99.62100219726562
2026-09-15T05:30:00Z,99.62000274658203,99.64299774169922,99.59700012207031,99.625
2026-09-15T06:00:00Z,99.6240005493164,99.6709976196289,99.61199951171875,99.66300201416016
2026-09-15T06:30:00Z,99.66300201416016,99.68699645996094,99.64299774169922,99.64299774169922
2026-09-15T07:00:00Z,99.64299774169922,99.6510009765625,99.60399627685547,99.60700225830078
2026-09-15T07:30:00Z,99.60600280761719,99.62999725341797,99.58300018310547,99.59400177001953
2026-09-15T08:00:00Z,99.59500122070312,99.66400146484375,99.58300018310547,99.61000061035156
2026-09-15T08:30:00Z,99.60900115966797,99.65599822998047,99.60099792480469,99.64900207519531
2026-09-15T09:00:00Z,99.64900207519531,99.66500091552734,99.62300109863281,99.63800048828125
2026-09-15T09:30:00Z,99.63700103759766,99.6510009765625,99.5999984741211,99.61399841308594
2026-09-15T10:00:00Z,99.61399841308594,99.62100219726562,99.58899688720703,99.60299682617188
2026-09-15T10:30:00Z,99.60299682617188,99.63500213623047,99.59200286865234,99.63300323486328
2026-09-15T11:00:00Z,99.63300323486328,99.63899993896484,99.5780029296875,99.58100128173828
2026-09-15T11:30:00Z,99.58000183105469,99.61399841308594,99.56500244140625,99.61100006103516
2026-09-15T12:00:00Z,99.61199951171875,99.63800048828125,99.59300231933594,99.61100006103516
2026-09-15T12:30:00Z,99.61100006103516,99.61100006103516,99.552001953125,99.58599853515625
2026-09-15T13:00:00Z,99.58699798583984,99.61900329589844,99.56600189208984,99.61199951171875
2026-09-15T13:30:00Z,99.61199951171875,99.6449966430664,99.52999877929688,99.54900360107422
2026-09-15T14:00:00Z,99.55000305175781,99.59300231933594,99.5459976196289,99.57499694824219
2026-09-15T14:30:00Z,99.572998046875,99.62000274658203,99.54299926757812,99.60800170898438
2026-09-15T15:00:00Z,99.60700225830078,99.64199829101562,99.59200286865234,99.5999984741211
2026-09-15T15:30:00Z,99.60199737548828,99.6500015258789,99.60099792480469,99.62799835205078
2026-09-15T16:00:00Z,99.62799835205078,99.65399932861328,99.61799621582031,99.63800048828125
2026-09-15T16:30:00Z,99.63800048828125,99.63999938964844,99.60600280761719,99.61000061035156
2026-09-15T17:00:00Z,99.61000061035156,99.66100311279297,99.60099792480469,99.65599822998047
2026-09-15T17:30:00Z,99.65599822998047,99.66500091552734,99.63400268554688,99.65799713134766
2026-09-15T18:00:00Z,99.65699768066406,99.66899871826172,99.61000061035156,99.61299896240234
2026-09-15T18:30:00Z,99.61399841308594,99.64399719238281,99.60900115966797,99.61499786376953
2026-09-15T19:00:00Z,99.61599731445312,99.64099884033203,99.61399841308594,99.63700103759766
2026-09-15T19:30:00Z,99.63800048828125,99.63899993896484,99.62100219726562,99.63700103759766
2026-09-15T20:00:00Z,99.63700103759766,99.65899658203125,99.63500213623047,99.6510009765625
2026-09-15T20:30:00Z,99.6510009765625,99.6520004272461,99.6259994506836,99.6259994506836
2026-09-15T21:00:00Z,99.6240005493164,99.65599822998047,99.61900329589844,99.6520004272461
2026-09-15T21:30:00Z,99.65299987792969,99.65299987792969,99.62799835205078,99.63400268554688
2026-09-15T22:00:00Z,99.63300323486328,99.63300323486328,99.60700225830078,99.61199951171875
2026-09-15T23:30:00Z,99.69599914550781,99.69599914550781,99.66500091552734,99.68199920654297
2026-09-16T00:00:00Z,99.68099975585938,99.68800354003906,99.65499877929688,99.66999816894531
2026-09-16T00:30:00Z,99.66999816894531,99.71600341796875,99.66699981689453,99.70099639892578
2026-09-16T01:00:00Z,99.70099639892578,99.72100067138672,99.69100189208984,99.71900177001953
2026-09-16T01:30:00Z,99.71900177001953,99.73500061035156,99.71099853515625,99.72899627685547
2026-09-16T02:00:00Z,99.72799682617188,99.73100280761719,99.6729965209961,99.68399810791016
2026-09-16T02:30:00Z,99.68299865722656,99.68299865722656,99.64299774169922,99.64399719238281
2026-09-16T03:00:00Z,99.64199829101562,99.6510009765625,99.63500213623047,99.6510009765625
2026-09-16T03:30:00Z,99.6500015258789,99.6719970703125,99.6500015258789,99.66300201416016
2026-09-16T04:00:00Z,99.66100311279297,99.66100311279297,99.63500213623047,99.63600158691406
2026-09-16T04:30:00Z,99.63600158691406,99.64299774169922,99.61699676513672,99.62899780273438
2026-09-16T05:00:00Z,99.62899780273438,99.63899993896484,99.5979995727539,99.60700225830078
2026-09-16T05:30:00Z,99.60700225830078,99.61900329589844,99.56099700927734,99.5780029296875
2026-09-16T06:00:00Z,99.5790023803711,99.61399841308594,99.56300354003906,99.5979995727539
2026-09-16T06:30:00Z,99.5989990234375,99.6259994506836,99.58699798583984,99.59100341796875
2026-09-16T07:00:00Z,99.59100341796875,99.60600280761719,99.56700134277344,99.57599639892578
2026-09-16T07:30:00Z,99.57499694824219,99.60199737548828,99.53700256347656,99.60199737548828
2026-09-16T08:00:00Z,99.60299682617188,99.63200378417969,99.58599853515625,99.60900115966797
2026-09-16T08:30:00Z,99.61000061035156,99.66000366210938,99.60700225830078,99.6510009765625
2026-09-16T09:00:00Z,99.6510009765625,99.66899871826172,99.6259994506836,99.64600372314453
2026-09-16T09:30:00Z,99.6449966430664,99.66699981689453,99.63099670410156,99.66699981689453
2026-09-16T10:00:00Z,99.66600036621094,99.68900299072266,99.6520004272461,99.68699645996094
2026-09-16T10:30:00Z,99.68599700927734,99.70099639892578,99.66899871826172,99.68199920654297
2026-09-16T11:00:00Z,99.68199920654297,99.71299743652344,99.64399719238281,99.64900207519531
2026-09-16T11:30:00Z,99.64900207519531,99.69499969482422,99.63700103759766,99.69100189208984
2026-09-16T12:00:00Z,99.69300079345703,99.74199676513672,99.66999816894531,99.74199676513672
2026-09-16T12:30:00Z,99.74199676513672,99.7509994506836,99.677001953125,99.7030029296875
2026-09-16T13:00:00Z,99.7020034790039,99.7300033569336,99.69300079345703,99.71700286865234
2026-09-16T13:30:00Z,99.71600341796875,99.73600006103516,99.68199920654297,99.73500061035156
2026-09-16T14:00:00Z,99.73500061035156,99.74800109863281,99.68499755859375,99.69200134277344
2026-09-16T14:30:00Z,99.69000244140625,99.7020034790039,99.64700317382812,99.6719970703125
2026-09-16T15:00:00Z,99.6709976196289,99.69000244140625,99.63999938964844,99.68900299072266
2026-09-16T15:30:00Z,99.68800354003906,99.70500183105469,99.6500015258789,99.68699645996094
2026-09-16T16:00:00Z,99.68599700927734,99.71900177001953,99.68299865722656,99.6989974975586
2026-09-16T16:30:00Z,99.6989974975586,99.70800018310547,99.68299865722656,99.70500183105469
2026-09-16T17:00:00Z,99.70500183105469,99.73799896240234,99.70500183105469,99.71800231933594
2026-09-16T17:30:00Z,99.71800231933594,99.72699737548828,99.66200256347656,99.66200256347656
2026-09-16T18:00:00Z,99.66200256347656,100.01599884033203,99.60800170898438,99.99500274658203
2026-09-16T18:30:00Z,100.0,100.25399780273438,99.99500274658203,100.25199890136719
2026-09-16T19:00:00Z,100.2509994506836,100.33100128173828,100.1500015258789,100.30500030517578
2026-09-16T19:30:00Z,100.30500030517578,100.31099700927734,100.21700286865234,100.25399780273438
2026-09-16T20:00:00Z,100.25399780273438,100.35399627685547,100.23600006103516,100.33399963378906
2026-09-16T20:30:00Z,100.33300018310547,100.34300231933594,100.302001953125,100.3219985961914
2026-09-16T21:00:00Z,100.31999969482422,100.35399627685547,100.30000305175781,100.31400299072266
2026-09-16T21:30:00Z,100.31400299072266,100.32599639892578,100.30699920654297,100.3219985961914
2026-09-16T22:00:00Z,100.3219985961914,100.33999633789062,100.31800079345703,100.33999633789062
2026-09-16T23:30:00Z,100.27200317382812,100.28099822998047,100.25,100.26599884033203
2026-09-17T00:00:00Z,100.26599884033203,100.27799987792969,100.2239990234375,100.2750015258789
2026-09-17T00:30:00Z,100.2760009765625,100.33999633789062,100.27100372314453,100.33899688720703
2026-09-17T01:00:00Z,100.33999633789062,100.35199737548828,100.2959976196289,100.30699920654297
2026-09-17T01:30:00Z,100.30500030517578,100.3489990234375,100.28299713134766,100.34500122070312
2026-09-17T02:00:00Z,100.34400177001953,100.34500122070312,100.30999755859375,100.33799743652344
2026-09-17T02:30:00Z,100.33699798583984,100.36699676513672,100.33599853515625,100.35099792480469
2026-09-17T03:00:00Z,100.35099792480469,100.3550033569336,100.31600189208984,100.34300231933594
2026-09-17T03:30:00Z,100.34200286865234,100.34200286865234,100.31400299072266,100.31800079345703
2026-09-17T04:00:00Z,100.32499694824219,100.33100128173828,100.29900360107422,100.30599975585938
2026-09-17T04:30:00Z,100.30599975585938,100.30999755859375,100.27100372314453,100.2760009765625
2026-09-17T05:00:00Z,100.2760009765625,100.28900146484375,100.25499725341797,100.2699966430664
2026-09-17T05:30:00Z,100.27100372314453,100.28299713134766,100.23999786376953,100.24299621582031
2026-09-17T06:00:00Z,100.24400329589844,100.25399780273438,100.16000366210938,100.16000366210938
2026-09-17T06:30:00Z,100.16000366210938,100.17400360107422,100.10099792480469,100.13300323486328
2026-09-17T07:00:00Z,100.13200378417969,100.1729965209961,100.1259994506836,100.14299774169922
2026-09-17T07:30:00Z,100.14199829101562,100.22100067138672,100.14199829101562,100.19200134277344
2026-09-17T08:00:00Z,100.19200134277344,100.25299835205078,100.19200134277344,100.23300170898438
2026-09-17T08:30:00Z,100.23400115966797,100.23899841308594,100.19200134277344,100.1969985961914
2026-09-17T09:00:00Z,100.1969985961914,100.19999694824219,100.15299987792969,100.17500305175781
2026-09-17T09:30:00Z,100.1760025024414,100.20800018310547,100.16400146484375,100.20600128173828
2026-09-17T10:00:00Z,100.20700073242188,100.20700073242188,100.13800048828125,100.14299774169922
2026-09-17T10:30:00Z,100.14399719238281,100.177001953125,100.13800048828125,100.1520004272461
2026-09-17T11:00:00Z,100.15299987792969,100.26799774169922,100.1520004272461,100.24199676513672
2026-09-17T11:30:00Z,100.24299621582031,100.26599884033203,100.22799682617188,100.23300170898438
2026-09-17T12:00:00Z,100.23400115966797,100.24199676513672,100.02300262451172,100.02400207519531
2026-09-17T12:30:00Z,100.02200317382812,100.12999725341797,100.02200317382812,100.0790023803711
2026-09-17T13:00:00Z,100.0770034790039,100.13999938964844,100.06700134277344,100.11699676513672
2026-09-17T13:30:00Z,100.11599731445312,100.14900207519531,100.08999633789062,100.10299682617188
2026-09-17T14:00:00Z,100.10299682617188,100.11000061035156,100.03600311279297,100.1050033569336
2026-09-17T14:30:00Z,100.10399627685547,100.15799713134766,100.08499908447266,100.1520004272461
2026-09-17T15:00:00Z,100.15299987792969,100.20500183105469,100.13300323486328,100.1989974975586
2026-09-17T15:30:00Z,100.1989974975586,100.24800109863281,100.197998046875,100.21800231933594
2026-09-17T16:00:00Z,100.21600341796875,100.25,100.20899963378906,100.22599792480469
2026-09-17T16:30:00Z,100.22599792480469,100.25599670410156,100.21700286865234,100.24299621582031
2026-09-17T17:00:00Z,100.24199676513672,100.26499938964844,100.23200225830078,100.24299621582031
2026-09-17T17:30:00Z,100.24299621582031,100.24800109863281,100.2300033569336,100.23200225830078
2026-09-17T18:00:00Z,100.23200225830078,100.25800323486328,100.2239990234375,100.25
2026-09-17T18:30:00Z,100.25,100.26100158691406,100.23699951171875,100.24800109863281
2026-09-17T19:00:00Z,100.24800109863281,100.24800109863281,100.21499633789062,100.21900177001953
2026-09-17T19:30:00Z,100.22100067138672,100.22100067138672,100.19599914550781,100.21399688720703
2026-09-17T20:00:00Z,100.21499633789062,100.25299835205078,100.20700073242188,100.22599792480469
2026-09-17T20:30:00Z,100.22599792480469,100.23600006103516,100.21900177001953,100.23200225830078
2026-09-17T21:00:00Z,100.23100280761719,100.23100280761719,100.21199798583984,100.23100280761719
2026-09-17T21:30:00Z,100.2300033569336,100.23200225830078,100.21700286865234,100.2249984741211
2026-09-17T22:00:00Z,100.2249984741211,100.23699951171875,100.21399688720703,100.23600006103516
2026-09-17T23:30:00Z,100.23799896240234,100.25499725341797,100.2300033569336,100.25499725341797
2026-09-18T00:00:00Z,100.25499725341797,100.26100158691406,100.21800231933594,100.23500061035156
2026-09-18T00:30:00Z,100.23500061035156,100.25199890136719,100.21700286865234,100.2249984741211
2026-09-18T01:00:00Z,100.2239990234375,100.23999786376953,100.20700073242188,100.23899841308594
2026-09-18T01:30:00Z,100.23899841308594,100.25800323486328,100.20800018310547,100.20800018310547
2026-09-18T02:00:00Z,100.20700073242188,100.24099731445312,100.20600128173828,100.21199798583984
2026-09-18T02:30:00Z,100.21199798583984,100.2979965209961,100.20800018310547,100.26300048828125
2026-09-18T03:00:00Z,100.26300048828125,100.27799987792969,100.25,100.25900268554688
2026-09-18T03:30:00Z,100.25900268554688,100.26599884033203,100.22699737548828,100.23400115966797
2026-09-18T04:00:00Z,100.22699737548828,100.22899627685547,100.19200134277344,100.20999908447266
2026-09-18T04:30:00Z,100.20899963378906,100.25,100.20700073242188,100.2490005493164
2026-09-18T05:00:00Z,100.24800109863281,100.2979965209961,100.24700164794922,100.2979965209961
2026-09-18T05:30:00Z,100.2979965209961,100.31900024414062,100.28199768066406,100.31300354003906
2026-09-18T06:00:00Z,100.31300354003906,100.322998046875,100.26899719238281,100.2770004272461
2026-09-18T06:30:00Z,100.2770004272461,100.30400085449219,100.21700286865234,100.25399780273438
2026-09-18T07:00:00Z,100.25299835205078,100.33399963378906,100.23400115966797,100.322998046875
2026-09-18T07:30:00Z,100.32099914550781,100.33999633789062,100.28299713134766,100.30699920654297
2026-09-18T08:00:00Z,100.30799865722656,100.34700012207031,100.28099822998047,100.34100341796875
2026-09-18T08:30:00Z,100.34100341796875,100.38800048828125,100.33300018310547,100.3489990234375
2026-09-18T09:00:00Z,100.3479995727539,100.36900329589844,100.33499908447266,100.36699676513672
2026-09-18T09:30:00Z,100.36699676513672,100.37200164794922,100.33399963378906,100.3550033569336
2026-09-18T10:00:00Z,100.3550033569336,100.36900329589844,100.33499908447266,100.36299896240234
2026-09-18T10:30:00Z,100.36299896240234,100.447998046875,100.36100006103516,100.41200256347656
2026-09-18T11:00:00Z,100.41100311279297,100.4749984741211,100.39099884033203,100.46900177001953
2026-09-18T11:30:00Z,100.47000122070312,100.53600311279297,100.45899963378906,100.50499725341797
2026-09-18T12:00:00Z,100.50499725341797,100.56400299072266,100.48699951171875,100.54199981689453
2026-09-18T12:30:00Z,100.54399871826172,100.5469970703125,100.24800109863281,100.45099639892578
2026-09-18T13:00:00Z,100.44999694824219,100.48899841308594,100.44200134277344,100.46600341796875
2026-09-18T13:30:00Z,100.46499633789062,100.53399658203125,100.46199798583984,100.52899932861328
2026-09-18T14:00:00Z,100.52899932861328,100.53299713134766,100.4739990234375,100.50399780273438
2026-09-18T14:30:00Z,100.50399780273438,100.50599670410156,100.39900207519531,100.45500183105469
2026-09-18T15:00:00Z,100.4540023803711,100.46800231933594,100.35800170898438,100.36499786376953
2026-09-18T15:30:00Z,100.36399841308594,100.41899871826172,100.33999633789062,100.38500213623047
2026-09-18T16:00:00Z,100.38700103759766,100.39199829101562,100.31300354003906,100.31300354003906
2026-09-18T16:30:00Z,100.31099700927734,100.31900024414062,100.28299713134766,100.2979965209961
2026-09-18T17:00:00Z,100.2979965209961,100.2979965209961,100.20800018310547,100.22100067138672
2026-09-18T17:30:00Z,100.22100067138672,100.24299621582031,100.20600128173828,100.23699951171875
2026-09-18T18:00:00Z,100.23600006103516,100.24400329589844,100.22000122070312,100.23400115966797
2026-09-18T18:30:00Z,100.23500061035156,100.24700164794922,100.21800231933594,100.22200012207031
2026-09-18T19:00:00Z,100.22100067138672,100.2249984741211,100.16500091552734,100.18800354003906
2026-09-18T19:30:00Z,100.18800354003906,100.21199798583984,100.18399810791016,100.2030029296875
2026-09-18T20:00:00Z,100.2040023803711,100.2040023803711,100.18599700927734,100.19400024414062
2026-09-18T20:30:00Z,100.19400024414062,100.2229995727539,100.19000244140625,100.21499633789062
2026-09-20T22:00:00Z,100.25199890136719,100.25199890136719,100.2030029296875,100.24099731445312
2026-09-20T22:30:00Z,100.24099731445312,100.26699829101562,100.23799896240234,100.26699829101562
2026-09-20T23:00:00Z,100.26799774169922,100.27999877929688,100.25599670410156,100.26200103759766
2026-09-20T23:30:00Z,100.26200103759766,100.29000091552734,100.26100158691406,100.2770004272461
2026-09-21T00:00:00Z,100.27899932861328,100.2959976196289,100.2490005493164,100.25
2026-09-21T00:30:00Z,100.25,100.25700378417969,100.20800018310547,100.25599670410156
2026-09-21T01:00:00Z,100.25700378417969,100.25800323486328,100.20099639892578,100.21399688720703
2026-09-21T01:30:00Z,100.21299743652344,100.2300033569336,100.2030029296875,100.22799682617188
2026-09-21T02:00:00Z,100.22899627685547,100.26100158691406,100.22799682617188,100.25199890136719
2026-09-21T02:30:00Z,100.25199890136719,100.29399871826172,100.24700164794922,100.29000091552734
2026-09-21T03:00:00Z,100.29000091552734,100.31199645996094,100.27799987792969,100.2979965209961
2026-09-21T03:30:00Z,100.29900360107422,100.31099700927734,100.28700256347656,100.30899810791016
2026-09-21T04:00:00Z,100.30599975585938,100.31999969482422,100.29399871826172,100.31500244140625
2026-09-21T04:30:00Z,100.31500244140625,100.33100128173828,100.30000305175781,100.31600189208984
2026-09-21T05:00:00Z,100.31600189208984,100.3239974975586,100.3010025024414,100.31999969482422
2026-09-21T05:30:00Z,100.31900024414062,100.3499984741211,100.31099700927734,100.33699798583984
2026-09-21T06:00:00Z,100.33699798583984,100.3550033569336,100.322998046875,100.3239974975586
2026-09-21T06:30:00Z,100.3219985961914,100.33599853515625,100.30000305175781,100.33200073242188
2026-09-21T07:00:00Z,100.33200073242188,100.375,100.33000183105469,100.33399963378906
2026-09-21T07:30:00Z,100.33399963378906,100.3499984741211,100.31300354003906,100.33399963378906
2026-09-21T08:00:00Z,100.33300018310547,100.34100341796875,100.29299926757812,100.29499816894531
2026-09-21T08:30:00Z,100.29399871826172,100.30899810791016,100.25700378417969,100.30799865722656
2026-09-21T09:00:00Z,100.30799865722656,100.32599639892578,100.29399871826172,100.32099914550781
2026-09-21T09:30:00Z,100.3219985961914,100.33899688720703,100.30899810791016,100.31300354003906
2026-09-21T10:00:00Z,100.31199645996094,100.31700134277344,100.29499816894531,100.30000305175781
2026-09-21T10:30:00Z,100.3010025024414,100.31400299072266,100.27799987792969,100.31400299072266
2026-09-21T11:00:00Z,100.31099700927734,100.31400299072266,100.26399993896484,100.26499938964844
2026-09-21T11:30:00Z,100.26399993896484,100.27799987792969,100.21199798583984,100.2229995727539
2026-09-21T12:00:00Z,100.2229995727539,100.26100158691406,100.17900085449219,100.25199890136719
2026-09-21T12:30:00Z,100.25199890136719,100.27799987792969,100.24500274658203,100.25700378417969
2026-09-21T13:00:00Z,100.25700378417969,100.29000091552734,100.2509994506836,100.28099822998047
2026-09-21T13:30:00Z,100.27999877929688,100.37100219726562,100.27999877929688,100.36399841308594
2026-09-21T14:00:00Z,100.36299896240234,100.41300201416016,100.35600280761719,100.35700225830078
2026-09-21T14:30:00Z,100.35700225830078,100.38800048828125,100.33399963378906,100.36499786376953
2026-09-21T15:00:00Z,100.36499786376953,100.3949966430664,100.3550033569336,100.39199829101562
2026-09-21T15:30:00Z,100.39099884033203,100.41400146484375,100.38700103759766,100.40499877929688
2026-09-21T16:00:00Z,100.40599822998047,100.41600036621094,100.35700225830078,100.38300323486328
2026-09-21T16:30:00Z,100.38300323486328,100.4000015258789,100.36799621582031,100.39399719238281
2026-09-21T17:00:00Z,100.39299774169922,100.40499877929688,100.38300323486328,100.38600158691406
2026-09-21T17:30:00Z,100.38500213623047,100.41799926757812,100.38200378417969,100.41600036621094
2026-09-21T18:00:00Z,100.41699981689453,100.42500305175781,100.40499877929688,100.41999816894531
2026-09-21T18:30:00Z,100.41899871826172,100.45099639892578,100.41899871826172,100.42900085449219
2026-09-21T19:00:00Z,100.42900085449219,100.43399810791016,100.39099884033203,100.39800262451172
2026-09-21T19:30:00Z,100.39800262451172,100.4280014038086,100.38300323486328,100.4280014038086
2026-09-21T20:00:00Z,100.42900085449219,100.43499755859375,100.4229965209961,100.4229965209961
2026-09-21T20:30:00Z,100.4229965209961,100.427001953125,100.41400146484375,100.4260025024414
2026-09-21T21:00:00Z,100.42500305175781,100.42500305175781,100.39199829101562,100.41300201416016
2026-09-21T21:30:00Z,100.41300201416016,100.41799926757812,100.39199829101562,100.4020004272461
2026-09-21T22:00:00Z,100.4020004272461,100.42500305175781,100.4020004272461,100.42500305175781
2026-09-21T23:30:00Z,100.41699981689453,100.427001953125,100.41300201416016,100.42500305175781
2026-09-22T00:00:00Z,100.42400360107422,100.42500305175781,100.38400268554688,100.39099884033203
2026-09-22T00:30:00Z,100.39099884033203,100.39800262451172,100.36499786376953,100.37799835205078
2026-09-22T01:00:00Z,100.37799835205078,100.42900085449219,100.3759994506836,100.41600036621094
2026-09-22T01:30:00Z,100.41500091552734,100.45600128173828,100.41500091552734,100.4520034790039
2026-09-22T02:00:00Z,100.4520034790039,100.4530029296875,100.37999725341797,100.38600158691406
2026-09-22T02:30:00Z,100.38500213623047,100.4000015258789,100.38200378417969,100.39299774169922
2026-09-22T03:00:00Z,100.39299774169922,100.40299987792969,100.3550033569336,100.36299896240234
2026-09-22T03:30:00Z,100.36399841308594,100.36499786376953,100.34100341796875,100.35900115966797
2026-09-22T04:00:00Z,100.36100006103516,100.3740005493164,100.34300231933594,100.34700012207031
2026-09-22T04:30:00Z,100.34700012207031,100.35199737548828,100.3270034790039,100.3290023803711
2026-09-22T05:00:00Z,100.3280029296875,100.34600067138672,100.3270034790039,100.34400177001953
2026-09-22T05:30:00Z,100.34400177001953,100.37899780273438,100.34300231933594,100.37000274658203
2026-09-22T06:00:00Z,100.37100219726562,100.4729995727539,100.37100219726562,100.4540023803711
2026-09-22T06:30:00Z,100.4530029296875,100.47000122070312,100.427001953125,100.43000030517578
2026-09-22T07:00:00Z,100.427001953125,100.46700286865234,100.4260025024414,100.46199798583984
2026-09-22T07:30:00Z,100.46099853515625,100.56600189208984,100.46099853515625,100.56600189208984
2026-09-22T08:00:00Z,100.56500244140625,100.64900207519531,100.55799865722656,100.63300323486328
2026-09-22T08:30:00Z,100.63200378417969,100.66699981689453,100.36199951171875,100.44100189208984
2026-09-22T09:00:00Z,100.44200134277344,100.51899719238281,100.43800354003906,100.44100189208984
2026-09-22T09:30:00Z,100.44300079345703,100.45099639892578,100.33300018310547,100.33699798583984
2026-09-22T10:00:00Z,100.33599853515625,100.4020004272461,100.30699920654297,100.38200378417969
2026-09-22T10:30:00Z,100.38099670410156,100.38600158691406,100.33399963378906,100.35399627685547
2026-09-22T11:00:00Z,100.3550033569336,100.4219970703125,100.35199737548828,100.41600036621094
2026-09-22T11:30:00Z,100.41500091552734,100.43099975585938,100.38500213623047,100.40599822998047
2026-09-22T12:00:00Z,100.40599822998047,100.40899658203125,100.36499786376953,100.37799835205078
2026-09-22T12:30:00Z,100.37999725341797,100.47200012207031,100.37100219726562,100.46299743652344
2026-09-22T13:00:00Z,100.46399688720703,100.49700164794922,100.4219970703125,100.49199676513672
2026-09-22T13:30:00Z,100.49099731445312,100.49400329589844,100.4219970703125,100.48100280761719
2026-09-22T14:00:00Z,100.48200225830078,100.54199981689453,100.47100067138672,100.50199890136719
2026-09-22T14:30:00Z,100.5009994506836,100.58699798583984,100.49099731445312,100.56300354003906
2026-09-22T15:00:00Z,100.56300354003906,100.61799621582031,100.55799865722656,100.5989990234375
2026-09-22T15:30:00Z,100.5989990234375,100.69000244140625,100.59400177001953,100.68299865722656
2026-09-22T16:00:00Z,100.68399810791016,100.7030029296875,100.67500305175781,100.6780014038086
2026-09-22T16:30:00Z,100.67900085449219,100.69000244140625,100.625,100.63600158691406
2026-09-22T17:00:00Z,100.63600158691406,100.69300079345703,100.63600158691406,100.66600036621094
2026-09-22T17:30:00Z,100.66699981689453,100.677001953125,100.59400177001953,100.61599731445312
2026-09-22T18:00:00Z,100.61799621582031,100.62999725341797,100.58000183105469,100.58999633789062
2026-09-22T18:30:00Z,100.58999633789062,100.61499786376953,100.58200073242188,100.60099792480469
2026-09-22T19:00:00Z,100.60099792480469,100.6050033569336,100.5530014038086,100.55400085449219
2026-09-22T19:30:00Z,100.55400085449219,100.55500030517578,100.48100280761719,100.5469970703125
2026-09-22T20:00:00Z,100.5479965209961,100.55000305175781,100.5199966430664,100.54199981689453
2026-09-22T20:30:00Z,100.54100036621094,100.5479965209961,100.53399658203125,100.54199981689453
2026-09-22T21:00:00Z,100.54100036621094,100.552001953125,100.53199768066406,100.552001953125
2026-09-22T21:30:00Z,100.552001953125,100.5530014038086,100.52400207519531,100.53099822998047
2026-09-22T22:00:00Z,100.53099822998047,100.5479965209961,100.53099822998047,100.54100036621094
2026-09-22T23:30:00Z,100.55999755859375,100.55999755859375,100.54399871826172,100.552001953125
2026-09-23T00:00:00Z,100.552001953125,100.58399963378906,100.54499816894531,100.55999755859375
2026-09-23T00:30:00Z,100.55999755859375,100.5770034790039,100.55000305175781,100.57599639892578
2026-09-23T01:00:00Z,100.5770034790039,100.6520004272461,100.57599639892578,100.64800262451172
2026-09-23T01:30:00Z,100.64900207519531,100.6510009765625,100.60900115966797,100.63200378417969
2026-09-23T02:00:00Z,100.63200378417969,100.677001953125,100.63200378417969,100.65799713134766
2026-09-23T02:30:00Z,100.65699768066406,100.68399810791016,100.6500015258789,100.677001953125
2026-09-23T03:00:00Z,100.677001953125,100.7040023803711,100.67400360107422,100.68099975585938
2026-09-23T03:30:00Z,100.68199920654297,100.72100067138672,100.67500305175781,100.72100067138672
2026-09-23T04:00:00Z,100.7249984741211,100.73200225830078,100.68800354003906,100.69000244140625
2026-09-23T04:30:00Z,100.69100189208984,100.72000122070312,100.69000244140625,100.71700286865234
2026-09-23T05:00:00Z,100.71600341796875,100.72100067138672,100.6989974975586,100.71299743652344
2026-09-23T05:30:00Z,100.71299743652344,100.75,100.71099853515625,100.7300033569336
2026-09-23T06:00:00Z,100.73100280761719,100.76300048828125,100.71700286865234,100.7490005493164
2026-09-23T06:30:00Z,100.75,100.75299835205078,100.70700073242188,100.74500274658203
2026-09-23T07:00:00Z,100.74400329589844,100.78500366210938,100.73999786376953,100.76200103759766
2026-09-23T07:30:00Z,100.76300048828125,100.81300354003906,100.75199890136719,100.80500030517578
2026-09-23T08:00:00Z,100.80400085449219,100.86199951171875,100.78900146484375,100.79299926757812
2026-09-23T08:30:00Z,100.79100036621094,100.80000305175781,100.76100158691406,100.80000305175781
2026-09-23T09:00:00Z,100.8010025024414,100.8499984741211,100.79000091552734,100.83399963378906
2026-09-23T09:30:00Z,100.83200073242188,100.88500213623047,100.82499694824219,100.88400268554688
2026-09-23T10:00:00Z,100.88300323486328,100.88999938964844,100.84100341796875,100.86199951171875
2026-09-23T10:30:00Z,100.86199951171875,100.88899993896484,100.8270034790039,100.8270034790039
2026-09-23T11:00:00Z,100.8280029296875,100.875,100.802001953125,100.86799621582031
2026-09-23T11:30:00Z,100.86699676513672,100.92500305175781,100.86399841308594,100.87300109863281
2026-09-23T12:00:00Z,100.87300109863281,100.93699645996094,100.86900329589844,100.93599700927734
2026-09-23T12:30:00Z,100.93699645996094,100.96700286865234,100.89399719238281,100.8949966430664
2026-09-23T13:00:00Z,100.8949966430664,100.96399688720703,100.84100341796875,100.84200286865234
2026-09-23T13:30:00Z,100.84300231933594,101.06199645996094,100.83000183105469,101.01899719238281
2026-09-23T14:00:00Z,101.02100372314453,101.12200164794922,100.96700286865234,101.12100219726562
2026-09-23T14:30:00Z,101.11699676513672,101.11699676513672,100.93900299072266,100.97899627685547
2026-09-23T15:00:00Z,100.9800033569336,101.06500244140625,100.97599792480469,101.06099700927734
2026-09-23T15:30:00Z,101.06099700927734,101.10299682617188,101.04900360107422,101.05899810791016
2026-09-23T16:00:00Z,101.05799865722656,101.08000183105469,101.03600311279297,101.06099700927734
2026-09-23T16:30:00Z,101.05999755859375,101.18800354003906,101.05599975585938,101.1729965209961
2026-09-23T17:00:00Z,101.1729965209961,101.23100280761719,101.1729965209961,101.177001953125
2026-09-23T17:30:00Z,101.1760025024414,101.20500183105469,101.03700256347656,101.04299926757812
2026-09-23T18:00:00Z,101.04399871826172,101.14099884033203,101.02999877929688,101.13400268554688
2026-09-23T18:30:00Z,101.13400268554688,101.13899993896484,101.09400177001953,101.09600067138672
2026-09-23T19:00:00Z,101.09600067138672,101.12699890136719,101.07599639892578,101.10099792480469
2026-09-23T19:30:00Z,101.10099792480469,101.11799621582031,101.09100341796875,101.11299896240234
2026-09-23T20:00:00Z,101.11299896240234,101.11900329589844,101.08899688720703,101.11299896240234
2026-09-23T20:30:00Z,101.11299896240234,101.14600372314453,101.10600280761719,101.12699890136719
2026-09-23T21:00:00Z,101.12699890136719,101.14199829101562,101.11599731445312,101.11699676513672
2026-09-23T21:30:00Z,101.11699676513672,101.1259994506836,101.08799743652344,101.125
2026-09-23T22:00:00Z,101.125,101.125,101.11399841308594,101.11499786376953
2026-09-23T23:30:00Z,101.11399841308594,101.14600372314453,101.11399841308594,101.13400268554688
2026-09-24T00:00:00Z,101.13400268554688,101.1780014038086,101.10900115966797,101.14600372314453
2026-09-24T00:30:00Z,101.14399719238281,101.21900177001953,101.14299774169922,101.15899658203125
2026-09-24T01:00:00Z,101.15799713134766,101.16500091552734,101.09400177001953,101.12300109863281
2026-09-24T01:30:00Z,101.1240005493164,101.15399932861328,101.10700225830078,101.13899993896484
2026-09-24T02:00:00Z,101.13800048828125,101.1969985961914,101.12799835205078,101.13200378417969
2026-09-24T02:30:00Z,101.13200378417969,101.13300323486328,101.0719985961914,101.08000183105469
2026-09-24T03:00:00Z,101.08000183105469,101.1240005493164,101.06199645996094,101.12300109863281
2026-09-24T03:30:00Z,101.12300109863281,101.14700317382812,101.12000274658203,101.14199829101562
2026-09-24T04:00:00Z,101.13800048828125,101.15399932861328,101.11100006103516,101.11299896240234
2026-09-24T04:30:00Z,101.11199951171875,101.11699676513672,101.06400299072266,101.08100128173828
2026-09-24T05:00:00Z,101.08000183105469,101.09600067138672,101.05999755859375,101.08200073242188
2026-09-24T05:30:00Z,101.08200073242188,101.16999816894531,101.08100128173828,101.16799926757812
2026-09-24T06:00:00Z,101.16699981689453,101.16799926757812,101.06400299072266,101.08100128173828
2026-09-24T06:30:00Z,101.08000183105469,101.13200378417969,101.072998046875,101.11399841308594
2026-09-24T07:00:00Z,101.11299896240234,101.12999725341797,101.06099700927734,101.06199645996094
2026-09-24T07:30:00Z,101.06199645996094,101.08799743652344,101.00700378417969,101.06300354003906
2026-09-24T08:00:00Z,101.06199645996094,101.1240005493164,101.0009994506836,101.12100219726562
2026-09-24T08:30:00Z,101.12100219726562,101.1780014038086,101.08300018310547,101.16500091552734
2026-09-24T09:00:00Z,101.16600036621094,101.23799896240234,101.16400146484375,101.22799682617188
2026-09-24T09:30:00Z,101.22899627685547,101.24299621582031,101.1969985961914,101.21700286865234
2026-09-24T10:00:00Z,101.21800231933594,101.31500244140625,101.20500183105469,101.30400085449219
2026-09-24T10:30:00Z,101.3030014038086,101.30400085449219,101.22599792480469,101.23300170898438
2026-09-24T11:00:00Z,101.23300170898438,101.25499725341797,101.19999694824219,101.2249984741211
2026-09-24T11:30:00Z,101.22699737548828,101.3030014038086,101.21800231933594,101.27799987792969
2026-09-24T12:00:00Z,101.28099822998047,101.30999755859375,101.2509994506836,101.27300262451172
2026-09-24T12:30:00Z,101.27200317382812,101.32499694824219,101.2249984741211,101.23100280761719
2026-09-24T13:00:00Z,101.23200225830078,101.3479995727539,101.20099639892578,101.3479995727539
2026-09-24T13:30:00Z,101.3479995727539,101.3489990234375,101.25199890136719,101.25399780273438
2026-09-24T14:00:00Z,101.25399780273438,101.29399871826172,101.21700286865234,101.28299713134766
2026-09-24T14:30:00Z,101.28399658203125,101.30699920654297,101.26200103759766,101.29100036621094
2026-09-24T15:00:00Z,101.29000091552734,101.375,101.28399658203125,101.34300231933594
2026-09-24T15:30:00Z,101.34300231933594,101.37699890136719,101.29100036621094,101.31400299072266
2026-09-24T16:00:00Z,101.31199645996094,101.3239974975586,101.13400268554688,101.19300079345703
2026-09-24T16:30:00Z,101.19300079345703,101.23799896240234,101.15899658203125,101.23100280761719
2026-09-24T17:00:00Z,101.23100280761719,101.29900360107422,101.18599700927734,101.2979965209961
2026-09-24T17:30:00Z,101.2979965209961,101.34700012207031,101.2699966430664,101.3239974975586
2026-09-24T18:00:00Z,101.3270034790039,101.39800262451172,101.27400207519531,101.2760009765625
2026-09-24T18:30:00Z,101.2760009765625,101.31900024414062,101.26300048828125,101.28500366210938
2026-09-24T19:00:00Z,101.28500366210938,101.31300354003906,101.26899719238281,101.29499816894531
2026-09-24T19:30:00Z,101.29299926757812,101.2959976196289,101.2490005493164,101.26300048828125
2026-09-24T20:00:00Z,101.26300048828125,101.31199645996094,101.26300048828125,101.30799865722656
2026-09-24T20:30:00Z,101.30899810791016,101.31600189208984,101.23999786376953,101.24199676513672
2026-09-24T21:00:00Z,101.24199676513672,101.2750015258789,101.24199676513672,101.25599670410156
2026-09-24T21:30:00Z,101.25599670410156,101.26100158691406,101.25299835205078,101.26000213623047
2026-09-24T22:00:00Z,101.26000213623047,101.26200103759766,101.24299621582031,101.24800109863281
2026-09-24T23:30:00Z,101.26899719238281,101.2979965209961,101.26699829101562,101.2969970703125
2026-09-25T00:00:00Z,101.2969970703125,101.3010025024414,101.27200317382812,101.28700256347656
2026-09-25T00:30:00Z,101.28600311279297,101.30500030517578,101.25599670410156,101.26499938964844
2026-09-25T01:00:00Z,101.26300048828125,101.26699829101562,101.20899963378906,101.24700164794922
2026-09-25T01:30:00Z,101.24600219726562,101.27400207519531,101.24400329589844,101.26000213623047
2026-09-25T02:00:00Z,101.25900268554688,101.25900268554688,101.20899963378906,101.2300033569336
2026-09-25T02:30:00Z,101.22899627685547,101.27200317382812,101.22699737548828,101.2699966430664
2026-09-25T03:00:00Z,101.26899719238281,101.28900146484375,101.26000213623047,101.28600311279297
2026-09-25T03:30:00Z,101.28600311279297,101.29299926757812,101.2699966430664,101.2760009765625
2026-09-25T04:00:00Z,101.28099822998047,101.28900146484375,101.26100158691406,101.28099822998047
2026-09-25T04:30:00Z,101.27999877929688,101.29399871826172,101.2699966430664,101.27899932861328
2026-09-25T05:00:00Z,101.27799987792969,101.28199768066406,101.22599792480469,101.23999786376953
2026-09-25T05:30:00Z,101.24099731445312,101.25,101.21399688720703,101.23100280761719
2026-09-25T06:00:00Z,101.2300033569336,101.2300033569336,101.13200378417969,101.15899658203125
2026-09-25T06:30:00Z,101.15899658203125,101.18199920654297,101.11199951171875,101.14800262451172
2026-09-25T07:00:00Z,101.14700317382812,101.20700073242188,101.13200378417969,101.19200134277344
2026-09-25T07:30:00Z,101.19100189208984,101.19200134277344,101.12100219726562,101.12100219726562
2026-09-25T08:00:00Z,101.12200164794922,101.14800262451172,101.09200286865234,101.13700103759766
2026-09-25T08:30:00Z,101.13700103759766,101.1520004272461,101.09700012207031,101.11100006103516
2026-09-25T09:00:00Z,101.11100006103516,101.12799835205078,101.05799865722656,101.11399841308594
2026-09-25T09:30:00Z,101.11399841308594,101.13500213623047,101.08300018310547,101.1050033569336
2026-09-25T10:00:00Z,101.10600280761719,101.10600280761719,101.02100372314453,101.0479965209961
2026-09-25T10:30:00Z,101.0469970703125,101.06300354003906,101.03299713134766,101.04900360107422
2026-09-25T11:00:00Z,101.0479965209961,101.05000305175781,100.93800354003906,100.9749984741211
2026-09-25T11:30:00Z,100.9739990234375,101.00299835205078,100.94599914550781,100.99400329589844
2026-09-25T12:00:00Z,100.99299621582031,101.01200103759766,100.94499969482422,100.96600341796875
2026-09-25T12:30:00Z,100.96600341796875,101.02200317382812,100.96399688720703,100.98200225830078
2026-09-25T13:00:00Z,100.98200225830078,100.99700164794922,100.93000030517578,100.97000122070312
2026-09-25T13:30:00Z,100.97100067138672,100.9739990234375,100.91000366210938,100.94499969482422
2026-09-25T14:00:00Z,100.94499969482422,101.0250015258789,100.93800354003906,101.0250015258789
2026-09-25T14:30:00Z,101.0250015258789,101.03299713134766,100.95500183105469,100.95600128173828
2026-09-25T15:00:00Z,100.95800018310547,101.03600311279297,100.94999694824219,101.01200103759766
2026-09-25T15:30:00Z,101.01100158691406,101.0989990234375,100.97100067138672,100.97100067138672
2026-09-25T16:00:00Z,100.97100067138672,101.00499725341797,100.87200164794922,100.97100067138672
2026-09-25T16:30:00Z,100.97100067138672,101.03800201416016,100.96499633789062,101.02100372314453
2026-09-25T17:00:00Z,101.02200317382812,101.05999755859375,101.00900268554688,101.0530014038086
2026-09-25T17:30:00Z,101.05400085449219,101.0770034790039,101.02899932861328,101.04199981689453
2026-09-25T18:00:00Z,101.04199981689453,101.0530014038086,101.0009994506836,101.01399993896484
2026-09-25T18:30:00Z,101.01300048828125,101.01300048828125,100.9540023803711,100.97100067138672
2026-09-25T19:00:00Z,100.96900177001953,100.99099731445312,100.95600128173828,100.98200225830078
2026-09-25T19:30:00Z,100.98300170898438,101.00199890136719,100.9540023803711,101.00199890136719
2026-09-25T20:00:00Z,101.00299835205078,101.02999877929688,100.98799896240234,101.02899932861328
2026-09-25T20:30:00Z,101.02899932861328,101.04000091552734,101.00599670410156,101.03500366210938
2026-09-28T02:30:00Z,101.10199737548828,101.10900115966797,101.08999633789062,101.09700012207031
2026-09-28T03:00:00Z,101.0979995727539,101.10800170898438,101.08000183105469,101.0999984741211
2026-09-28T03:30:00Z,101.0999984741211,101.13300323486328,101.0979995727539,101.11799621582031
2026-09-28T04:00:00Z,101.11900329589844,101.12699890136719,101.08899688720703,101.0999984741211
2026-09-28T04:30:00Z,101.0999984741211,101.11799621582031,101.0790023803711,101.11599731445312
2026-09-28T05:00:00Z,101.11499786376953,101.12799835205078,101.10900115966797,101.11499786376953
2026-09-28T05:30:00Z,101.11399841308594,101.16999816894531,101.09200286865234,101.13700103759766
2026-09-28T06:00:00Z,101.13800048828125,101.19100189208984,101.13600158691406,101.1719970703125
2026-09-28T06:30:00Z,101.1709976196289,101.1780014038086,101.11799621582031,101.15499877929688
2026-09-28T07:00:00Z,101.15399932861328,101.1989974975586,101.14700317382812,101.1520004272461
2026-09-28T07:30:00Z,101.1520004272461,101.16500091552734,101.07099914550781,101.0780029296875
2026-09-28T08:00:00Z,101.0780029296875,101.0780029296875,100.9800033569336,101.06600189208984
2026-09-28T08:30:00Z,101.06700134277344,101.0979995727539,101.052001953125,101.0979995727539
2026-09-28T09:00:00Z,101.09700012207031,101.11499786376953,101.08300018310547,101.09700012207031
2026-09-28T09:30:00Z,101.09700012207031,101.13400268554688,101.08899688720703,101.12000274658203
2026-09-28T10:00:00Z,101.12000274658203,101.19499969482422,101.11699676513672,101.14399719238281
2026-09-28T10:30:00Z,101.1449966430664,101.16200256347656,101.1259994506836,101.13700103759766
2026-09-28T11:00:00Z,101.13700103759766,101.1719970703125,101.10900115966797,101.11100006103516
2026-09-28T11:30:00Z,101.11100006103516,101.15799713134766,101.10099792480469,101.11799621582031
2026-09-28T12:00:00Z,101.11900329589844,101.14099884033203,101.06900024414062,101.13600158691406
2026-09-28T12:30:00Z,101.13500213623047,101.20500183105469,101.12799835205078,101.16000366210938
2026-09-28T13:00:00Z,101.16200256347656,101.22899627685547,101.16000366210938,101.19000244140625
2026-09-28T13:30:00Z,101.19000244140625,101.24600219726562,101.13200378417969,101.18900299072266
2026-09-28T14:00:00Z,101.18800354003906,101.20999908447266,101.13800048828125,101.16600036621094
2026-09-28T14:30:00Z,101.16400146484375,101.30799865722656,101.16200256347656,101.23799896240234
2026-09-28T15:00:00Z,101.23699951171875,101.26399993896484,101.1760025024414,101.19100189208984
2026-09-28T15:30:00Z,101.18800354003906,101.23400115966797,101.177001953125,101.21700286865234
2026-09-28T16:00:00Z,101.21600341796875,101.22799682617188,101.01899719238281,101.05799865722656
2026-09-28T16:30:00Z,101.05699920654297,101.1709976196289,101.052001953125,101.16600036621094
2026-09-28T17:00:00Z,101.16400146484375,101.19100189208984,101.05400085449219,101.12200164794922
2026-09-28T17:30:00Z,101.12200164794922,101.14700317382812,101.11000061035156,101.12799835205078
2026-09-28T18:00:00Z,101.12699890136719,101.16400146484375,101.11499786376953,101.16000366210938
2026-09-28T18:30:00Z,101.16000366210938,101.20899963378906,101.15599822998047,101.1969985961914
2026-09-28T19:00:00Z,101.1969985961914,101.23100280761719,101.18499755859375,101.18800354003906
2026-09-28T19:30:00Z,101.18800354003906,101.2229995727539,101.18599700927734,101.21800231933594
2026-09-28T20:00:00Z,101.21900177001953,101.22200012207031,101.19100189208984,101.2030029296875
2026-09-28T20:30:00Z,101.20099639892578,101.20099639892578,101.18099975585938,101.18900299072266
2026-09-28T21:00:00Z,101.19000244140625,101.20700073242188,101.18900299072266,101.1969985961914
2026-09-28T21:30:00Z,101.1969985961914,101.19999694824219,101.18900299072266,101.197998046875
2026-09-28T22:00:00Z,101.197998046875,101.20099639892578,101.16699981689453,101.17500305175781
2026-09-28T23:30:00Z,101.19400024414062,101.19499969482422,101.17900085449219,101.19100189208984
2026-09-29T00:00:00Z,101.19100189208984,101.26300048828125,101.19100189208984,101.25499725341797
2026-09-29T00:30:00Z,101.25499725341797,101.25800323486328,101.21800231933594,101.2249984741211
2026-09-29T01:00:00Z,101.2239990234375,101.23799896240234,101.20099639892578,101.21399688720703
2026-09-29T01:30:00Z,101.21399688720703,101.24800109863281,101.2030029296875,101.23699951171875
2026-09-29T02:00:00Z,101.23500061035156,101.23600006103516,101.177001953125,101.2020034790039
2026-09-29T02:30:00Z,101.20099639892578,101.21900177001953,101.18000030517578,101.21299743652344
2026-09-29T03:00:00Z,101.21199798583984,101.22799682617188,101.2030029296875,101.21099853515625
2026-09-29T03:30:00Z,101.21199798583984,101.28199768066406,101.21199798583984,101.28199768066406
2026-09-29T04:00:00Z,101.27400207519531,101.28099822998047,101.26100158691406,101.26799774169922
2026-09-29T04:30:00Z,101.26799774169922,101.30599975585938,101.25900268554688,101.3030014038086
2026-09-29T05:00:00Z,101.3030014038086,101.30799865722656,101.2760009765625,101.28700256347656
2026-09-29T05:30:00Z,101.28500366210938,101.3290023803711,101.28500366210938,101.30799865722656
2026-09-29T06:00:00Z,101.30799865722656,101.30799865722656,101.22200012207031,101.2490005493164
2026-09-29T06:30:00Z,101.24800109863281,101.28700256347656,101.24800109863281,101.28199768066406
2026-09-29T07:00:00Z,101.28099822998047,101.3030014038086,101.26300048828125,101.29299926757812
2026-09-29T07:30:00Z,101.29199981689453,101.38500213623047,101.29199981689453,101.3499984741211
2026-09-29T08:00:00Z,101.3499984741211,101.38400268554688,101.33000183105469,101.36499786376953
2026-09-29T08:30:00Z,101.36599731445312,101.39700317382812,101.36000061035156,101.36399841308594
2026-09-29T09:00:00Z,101.36499786376953,101.45899963378906,101.35900115966797,101.447998046875
2026-09-29T09:30:00Z,101.44999694824219,101.48699951171875,101.43399810791016,101.48500061035156
2026-09-29T10:00:00Z,101.48600006103516,101.48699951171875,101.40799713134766,101.41100311279297
2026-09-29T10:30:00Z,101.41100311279297,101.42500305175781,101.32499694824219,101.3270034790039
2026-09-29T11:00:00Z,101.32599639892578,101.36599731445312,101.322998046875,101.33499908447266
2026-09-29T11:30:00Z,101.33399963378906,101.3489990234375,101.2770004272461,101.29499816894531
2026-09-29T12:00:00Z,101.29499816894531,101.3219985961914,101.2300033569336,101.302001953125
2026-09-29T12:30:00Z,101.3010025024414,101.3740005493164,101.2969970703125,101.3740005493164
2026-09-29T13:00:00Z,101.37300109863281,101.37999725341797,101.34200286865234,101.36699676513672
2026-09-29T13:30:00Z,101.36699676513672,101.41999816894531,101.36199951171875,101.39900207519531
2026-09-29T14:00:00Z,101.4000015258789,101.427001953125,101.36900329589844,101.37699890136719
2026-09-29T14:30:00Z,101.37699890136719,101.44200134277344,101.36399841308594,101.44100189208984
2026-09-29T15:00:00Z,101.44000244140625,101.54399871826172,101.43699645996094,101.52200317382812
2026-09-29T15:30:00Z,101.51899719238281,101.52400207519531,101.45800018310547,101.46800231933594
2026-09-29T16:00:00Z,101.46700286865234,101.51399993896484,101.46199798583984,101.49099731445312
2026-09-29T16:30:00Z,101.49099731445312,101.61199951171875,101.4800033569336,101.59400177001953
2026-09-29T17:00:00Z,101.59300231933594,101.6050033569336,101.56600189208984,101.56600189208984
2026-09-29T17:30:00Z,101.56700134277344,101.5999984741211,101.55400085449219,101.58799743652344
2026-09-29T18:00:00Z,101.58699798583984,101.58799743652344,101.38700103759766,101.39900207519531
2026-09-29T18:30:00Z,101.39900207519531,101.42900085449219,101.3499984741211,101.37200164794922
2026-09-29T19:00:00Z,101.37200164794922,101.4010009765625,101.36100006103516,101.37899780273438
2026-09-29T19:30:00Z,101.37799835205078,101.4219970703125,101.36199951171875,101.40399932861328
2026-09-29T20:00:00Z,101.40399932861328,101.44400024414062,101.39900207519531,101.43900299072266
2026-09-29T20:30:00Z,101.43800354003906,101.44100189208984,101.3740005493164,101.38899993896484
2026-09-29T21:00:00Z,101.38899993896484,101.39800262451172,101.36699676513672,101.38500213623047
2026-09-29T21:30:00Z,101.38600158691406,101.38800048828125,101.3740005493164,101.37699890136719
2026-09-29T22:00:00Z,101.37699890136719,101.38500213623047,101.37300109863281,101.37699890136719
2026-09-29T23:30:00Z,101.40799713134766,101.4229965209961,101.40499877929688,101.40899658203125
2026-09-30T00:00:00Z,101.40799713134766,101.43099975585938,101.4000015258789,101.40699768066406
2026-09-30T00:30:00Z,101.40699768066406,101.4280014038086,101.37200164794922,101.38700103759766
2026-09-30T01:00:00Z,101.38899993896484,101.41699981689453,101.35299682617188,101.35299682617188
2026-09-30T01:30:00Z,101.35399627685547,101.39700317382812,101.3290023803711,101.38200378417969
2026-09-30T02:00:00Z,101.38099670410156,101.38700103759766,101.31300354003906,101.3239974975586
2026-09-30T02:30:00Z,101.32599639892578,101.35399627685547,101.31099700927734,101.34100341796875
2026-09-30T03:00:00Z,101.34200286865234,101.35199737548828,101.3290023803711,101.33100128173828
2026-09-30T03:30:00Z,101.33000183105469,101.41500091552734,101.33000183105469,101.41200256347656
2026-09-30T04:00:00Z,101.41200256347656,101.43199920654297,101.3949966430664,101.43000030517578
2026-09-30T04:30:00Z,101.43099975585938,101.46499633789062,101.427001953125,101.43699645996094
2026-09-30T05:00:00Z,101.43800354003906,101.44100189208984,101.39199829101562,101.39399719238281
2026-09-30T05:30:00Z,101.39299774169922,101.39600372314453,101.3030014038086,101.31999969482422
2026-09-30T06:00:00Z,101.31800079345703,101.32499694824219,101.21199798583984,101.22899627685547
2026-09-30T06:30:00Z,101.23100280761719,101.31900024414062,101.23100280761719,101.27200317382812
2026-09-30T07:00:00Z,101.27300262451172,101.27999877929688,101.1989974975586,101.23799896240234
2026-09-30T07:30:00Z,101.23899841308594,101.31900024414062,101.23200225830078,101.28900146484375
2026-09-30T08:00:00Z,101.28800201416016,101.30599975585938,101.24400329589844,101.25599670410156
2026-09-30T08:30:00Z,101.25599670410156,101.26100158691406,101.19499969482422,101.20700073242188
2026-09-30T09:00:00Z,101.20800018310547,101.2750015258789,101.197998046875,101.25299835205078
2026-09-30T09:30:00Z,101.25299835205078,101.26799774169922,101.21399688720703,101.2249984741211
2026-09-30T10:00:00Z,101.2239990234375,101.2249984741211,101.1709976196289,101.197998046875
2026-09-30T10:30:00Z,101.1989974975586,101.23799896240234,101.18499755859375,101.19100189208984
2026-09-30T11:00:00Z,101.19200134277344,101.2509994506836,101.19200134277344,101.20999908447266
2026-09-30T11:30:00Z,101.20999908447266,101.27999877929688,101.197998046875,101.26300048828125
2026-09-30T12:00:00Z,101.26399993896484,101.26499938964844,101.18900299072266,101.20099639892578
2026-09-30T12:30:00Z,101.20099639892578,101.2020034790039,101.0260009765625,101.16500091552734
2026-09-30T13:00:00Z,101.16500091552734,101.197998046875,101.13300323486328,101.16200256347656
2026-09-30T13:30:00Z,101.16300201416016,101.23400115966797,101.14700317382812,101.21900177001953
2026-09-30T14:00:00Z,101.22000122070312,101.26399993896484,101.16000366210938,101.25599670410156
2026-09-30T14:30:00Z,101.25599670410156,101.30599975585938,101.20999908447266,101.24199676513672
2026-09-30T15:00:00Z,101.24099731445312,101.30500030517578,101.2239990234375,101.24500274658203
2026-09-30T15:30:00Z,101.24299621582031,101.37100219726562,101.23799896240234,101.35900115966797
2026-09-30T16:00:00Z,101.35800170898438,101.447998046875,101.35600280761719,101.41100311279297
2026-09-30T16:30:00Z,101.41000366210938,101.43000030517578,101.39399719238281,101.39399719238281
2026-09-30T17:00:00Z,101.39399719238281,101.40299987792969,101.3759994506836,101.38200378417969
2026-09-30T17:30:00Z,101.38300323486328,101.427001953125,101.38200378417969,101.41999816894531
2026-09-30T18:00:00Z,101.4209976196289,101.4469985961914,101.40799713134766,101.43399810791016
2026-09-30T18:30:00Z,101.43499755859375,101.45700073242188,101.43199920654297,101.45099639892578
2026-09-30T19:00:00Z,101.4520034790039,101.4800033569336,101.4520034790039,101.4530029296875
2026-09-30T19:30:00Z,101.4530029296875,101.5270004272461,101.4530029296875,101.48699951171875
2026-09-30T20:00:00Z,101.48999786376953,101.5260009765625,101.4749984741211,101.4749984741211
2026-09-30T20:30:00Z,101.47599792480469,101.49400329589844,101.45800018310547,101.4729995727539
2026-09-30T21:00:00Z,101.47200012207031,101.47200012207031,101.4469985961914,101.45099639892578
2026-09-30T21:30:00Z,101.45099639892578,101.45600128173828,101.44599914550781,101.45500183105469
2026-09-30T22:00:00Z,101.45500183105469,101.46499633789062,101.4520034790039,101.46099853515625
2026-09-30T23:30:00Z,101.46499633789062,101.51300048828125,101.46499633789062,101.5009994506836
2026-10-01T00:00:00Z,101.5,101.51200103759766,101.47899627685547,101.48400115966797
2026-10-01T00:30:00Z,101.48300170898438,101.50599670410156,101.45899963378906,101.49400329589844
2026-10-01T01:00:00Z,101.49299621582031,101.50800323486328,101.46399688720703,101.48300170898438
2026-10-01T01:30:00Z,101.48300170898438,101.56600189208984,101.47899627685547,101.56300354003906
2026-10-01T02:00:00Z,101.56300354003906,101.60900115966797,101.55699920654297,101.5780029296875
2026-10-01T02:30:00Z,101.5790023803711,101.58899688720703,101.5719985961914,101.5770034790039
2026-10-01T03:00:00Z,101.5770034790039,101.61100006103516,101.56900024414062,101.6050033569336
2026-10-01T03:30:00Z,101.6050033569336,101.61199951171875,101.54399871826172,101.5459976196289
2026-10-01T04:00:00Z,101.5479965209961,101.62799835205078,101.53600311279297,101.62799835205078
2026-10-01T04:30:00Z,101.62699890136719,101.63800048828125,101.60199737548828,101.63600158691406
2026-10-01T05:00:00Z,101.63500213623047,101.66300201416016,101.63500213623047,101.63899993896484
2026-10-01T05:30:00Z,101.63800048828125,101.65299987792969,101.62200164794922,101.6510009765625
2026-10-01T06:00:00Z,101.6500015258789,101.6510009765625,101.5790023803711,101.63099670410156
2026-10-01T06:30:00Z,101.63099670410156,101.70999908447266,101.59500122070312,101.60700225830078
2026-10-01T07:00:00Z,101.60700225830078,101.73300170898438,101.6050033569336,101.73200225830078
2026-10-01T07:30:00Z,101.73200225830078,101.7770004272461,101.66200256347656,101.7300033569336
2026-10-01T08:00:00Z,101.72899627685547,101.81099700927734,101.71299743652344,101.74800109863281
2026-10-01T08:30:00Z,101.74800109863281,101.8479995727539,101.74800109863281,101.8239974975586
2026-10-01T09:00:00Z,101.8239974975586,101.84600067138672,101.74600219726562,101.78700256347656
2026-10-01T09:30:00Z,101.78800201416016,101.96299743652344,101.78500366210938,101.96199798583984
2026-10-01T10:00:00Z,101.96099853515625,101.99600219726562,101.80699920654297,101.80799865722656
2026-10-01T10:30:00Z,101.80599975585938,101.80799865722656,101.74800109863281,101.76699829101562
2026-10-01T11:00:00Z,101.76699829101562,101.87000274658203,101.7490005493164,101.86499786376953
2026-10-01T11:30:00Z,101.86299896240234,101.86599731445312,101.62300109863281,101.677001953125
2026-10-01T12:00:00Z,101.677001953125,101.78299713134766,101.64099884033203,101.64099884033203
2026-10-01T12:30:00Z,101.64199829101562,101.81099700927734,101.62699890136719,101.79900360107422
2026-10-01T13:00:00Z,101.79900360107422,101.83100128173828,101.78900146484375,101.8010025024414
2026-10-01T13:30:00Z,101.79900360107422,101.83000183105469,101.70999908447266,101.71600341796875
2026-10-01T14:00:00Z,101.71600341796875,101.81900024414062,101.71199798583984,101.78199768066406
2026-10-01T14:30:00Z,101.78399658203125,101.8949966430664,101.68800354003906,101.88200378417969
2026-10-01T15:00:00Z,101.88099670410156,101.99700164794922,101.875,101.92900085449219
2026-10-01T15:30:00Z,101.92900085449219,102.16799926757812,101.92900085449219,102.08799743652344
2026-10-01T16:00:00Z,102.08699798583984,102.0989990234375,101.98500061035156,102.02799987792969
2026-10-01T16:30:00Z,102.03199768066406,102.19200134277344,102.02400207519531,102.1719970703125
2026-10-01T17:00:00Z,102.17500305175781,102.19000244140625,102.07099914550781,102.10099792480469
2026-10-01T17:30:00Z,102.10099792480469,102.1729965209961,101.99700164794922,102.16000366210938
2026-10-01T18:00:00Z,102.15799713134766,102.20700073242188,102.11299896240234,102.14800262451172
2026-10-01T18:30:00Z,102.14800262451172,102.15799713134766,102.072998046875,102.0989990234375
2026-10-01T19:00:00Z,102.0989990234375,102.11900329589844,102.03800201416016,102.04100036621094
2026-10-01T19:30:00Z,102.04100036621094,102.0530014038086,102.01599884033203,102.0530014038086
2026-10-01T20:00:00Z,102.05500030517578,102.05699920654297,102.00499725341797,102.01699829101562
2026-10-01T20:30:00Z,102.01699829101562,102.0510025024414,102.00499725341797,102.03099822998047
2026-10-01T21:00:00Z,102.03199768066406,102.04299926757812,102.0,102.0009994506836
2026-10-01T21:30:00Z,102.0009994506836,102.0530014038086,101.9990005493164,102.0459976196289
2026-10-01T22:00:00Z,102.0459976196289,102.0469970703125,102.0260009765625,102.04299926757812
2026-10-01T23:30:00Z,102.01599884033203,102.01599884033203,101.97899627685547,101.98600006103516
2026-10-02T00:00:00Z,101.98699951171875,102.0530014038086,101.9749984741211,102.0469970703125
2026-10-02T00:30:00Z,102.0479965209961,102.10299682617188,102.0459976196289,102.10199737548828
2026-10-02T01:00:00Z,102.10199737548828,102.12200164794922,102.08300018310547,102.11399841308594
2026-10-02T01:30:00Z,102.11299896240234,102.13200378417969,102.08200073242188,102.08300018310547
2026-10-02T02:00:00Z,102.08200073242188,102.08899688720703,102.02100372314453,102.0250015258789
2026-10-02T02:30:00Z,102.0250015258789,102.03099822998047,102.00499725341797,102.00800323486328
2026-10-02T03:00:00Z,102.00700378417969,102.00900268554688,101.94599914550781,101.9489974975586
2026-10-02T03:30:00Z,101.947998046875,101.9540023803711,101.9209976196289,101.93599700927734
2026-10-02T04:00:00Z,101.93399810791016,101.94300079345703,101.91000366210938,101.91999816894531
2026-10-02T04:30:00Z,101.91899871826172,101.94200134277344,101.89900207519531,101.9280014038086
2026-10-02T05:00:00Z,101.9280014038086,101.95500183105469,101.91899871826172,101.9489974975586
2026-10-02T05:30:00Z,101.95099639892578,101.97799682617188,101.927001953125,101.96299743652344
2026-10-02T06:00:00Z,101.96299743652344,101.96399688720703,101.84600067138672,101.85800170898438
2026-10-02T06:30:00Z,101.85800170898438,101.90799713134766,101.85600280761719,101.89600372314453
2026-10-02T07:00:00Z,101.89600372314453,101.93599700927734,101.8489990234375,101.88200378417969
2026-10-02T07:30:00Z,101.88099670410156,101.90499877929688,101.8219985961914,101.85600280761719
2026-10-02T08:00:00Z,101.8550033569336,101.90799713134766,101.79000091552734,101.89299774169922
2026-10-02T08:30:00Z,101.89299774169922,101.96499633789062,101.88800048828125,101.91899871826172
2026-10-02T09:00:00Z,101.91699981689453,101.95999908447266,101.78600311279297,101.90499877929688
2026-10-02T09:30:00Z,101.90299987792969,101.96600341796875,101.90299987792969,101.9229965209961
2026-10-02T10:00:00Z,101.9209976196289,102.06999969482422,101.91799926757812,102.00299835205078
2026-10-02T10:30:00Z,102.00199890136719,102.03500366210938,101.98999786376953,102.03399658203125
2026-10-02T11:00:00Z,102.03299713134766,102.08599853515625,101.9990005493164,102.02799987792969
2026-10-02T11:30:00Z,102.0270004272461,102.04100036621094,101.98100280761719,102.03099822998047
2026-10-02T12:00:00Z,102.02999877929688,102.11399841308594,101.87000274658203,101.87000274658203
2026-10-02T12:30:00Z,101.86799621582031,101.93900299072266,101.71399688720703,101.78800201416016
2026-10-02T13:00:00Z,101.78900146484375,101.9540023803711,101.76200103759766,101.87200164794922
2026-10-02T13:30:00Z,101.87300109863281,101.93499755859375,101.73400115966797,101.73500061035156
2026-10-02T14:00:00Z,101.73500061035156,101.7770004272461,101.68900299072266,101.7030029296875
2026-10-02T14:30:00Z,101.7040023803711,101.7979965209961,101.66799926757812,101.74199676513672
2026-10-02T15:00:00Z,101.74199676513672,101.9280014038086,101.74199676513672,101.88600158691406
2026-10-02T15:30:00Z,101.88700103759766,101.93399810791016,101.84700012207031,101.90299987792969
2026-10-02T16:00:00Z,101.90299987792969,101.96199798583984,101.89199829101562,101.95700073242188
2026-10-02T16:30:00Z,101.95700073242188,101.96700286865234,101.89600372314453,101.9219970703125
2026-10-02T17:00:00Z,101.9209976196289,101.95600128173828,101.89199829101562,101.95500183105469
2026-10-02T17:30:00Z,101.9520034790039,101.9530029296875,101.90399932861328,101.91799926757812
2026-10-02T18:00:00Z,101.91699981689453,101.947998046875,101.89299774169922,101.92400360107422
2026-10-02T18:30:00Z,101.92400360107422,101.95500183105469,101.9219970703125,101.93199920654297
2026-10-02T19:00:00Z,101.93099975585938,101.9489974975586,101.86900329589844,101.88300323486328
2026-10-02T19:30:00Z,101.88300323486328,101.91100311279297,101.86799621582031,101.88400268554688
2026-10-02T20:00:00Z,101.88400268554688,101.93299865722656,101.87300109863281,101.90899658203125
2026-10-02T20:30:00Z,101.90899658203125,101.9469985961914,101.89800262451172,101.92400360107422
2026-10-04T22:00:00Z,101.91699981689453,101.9260025024414,101.86799621582031,101.87899780273438
2026-10-04T22:30:00Z,101.87899780273438,101.88700103759766,101.8550033569336,101.86900329589844
2026-10-04T23:00:00Z,101.87000274658203,101.90699768066406,101.86900329589844,101.88899993896484
2026-10-04T23:30:00Z,101.88899993896484,101.93000030517578,101.88099670410156,101.90299987792969
2026-10-05T00:00:00Z,101.90299987792969,101.96099853515625,101.87699890136719,101.94599914550781
2026-10-05T00:30:00Z,101.94599914550781,101.98899841308594,101.93399810791016,101.96700286865234
2026-10-05T01:00:00Z,101.96700286865234,102.01000213623047,101.96700286865234,101.98699951171875
2026-10-05T01:30:00Z,101.98699951171875,102.04399871826172,101.98200225830078,102.03299713134766
2026-10-05T02:00:00Z,102.03299713134766,102.2040023803711,102.02400207519531,102.1969985961914
2026-10-05T02:30:00Z,102.1989974975586,102.48899841308594,102.16600036621094,102.47200012207031
2026-10-05T03:00:00Z,102.47000122070312,102.52899932861328,102.35399627685547,102.36100006103516
2026-10-05T03:30:00Z,102.36199951171875,102.50199890136719,102.36000061035156,102.5009994506836
2026-10-05T04:00:00Z,102.50399780273438,102.53500366210938,102.4540023803711,102.51499938964844
2026-10-05T04:30:00Z,102.51599884033203,102.51599884033203,102.39099884033203,102.39099884033203
2026-10-05T05:00:00Z,102.39199829101562,102.41000366210938,102.33499908447266,102.36199951171875
2026-10-05T05:30:00Z,102.36299896240234,102.375,102.30500030517578,102.30899810791016
2026-10-05T06:00:00Z,102.30999755859375,102.33699798583984,102.25599670410156,102.32599639892578
2026-10-05T06:30:00Z,102.3239974975586,102.43399810791016,102.2750015258789,102.2770004272461
2026-10-05T07:00:00Z,102.2760009765625,102.33599853515625,102.26499938964844,102.2979965209961
2026-10-05T07:30:00Z,102.2969970703125,102.30400085449219,102.16600036621094,102.2020034790039
2026-10-05T08:00:00Z,102.19999694824219,102.23699951171875,102.15799713134766,102.18499755859375
2026-10-05T08:30:00Z,102.18399810791016,102.2020034790039,102.1050033569336,102.1500015258789
2026-10-05T09:00:00Z,102.14900207519531,102.16899871826172,102.08499908447266,102.09500122070312
2026-10-05T09:30:00Z,102.09500122070312,102.20700073242188,102.08599853515625,102.1760025024414
2026-10-05T10:00:00Z,102.17500305175781,102.22699737548828,102.16300201416016,102.197998046875
2026-10-05T10:30:00Z,102.1989974975586,102.24099731445312,102.18699645996094,102.23300170898438
2026-10-05T11:00:00Z,102.23300170898438,102.2760009765625,102.16300201416016,102.16699981689453
2026-10-05T11:30:00Z,102.16500091552734,102.26100158691406,102.13899993896484,102.23200225830078
2026-10-05T12:00:00Z,102.23200225830078,102.27799987792969,102.20500183105469,102.20500183105469
2026-10-05T12:30:00Z,102.2030029296875,102.26200103759766,102.18000030517578,102.21700286865234
2026-10-05T13:00:00Z,102.21499633789062,102.2959976196289,102.19100189208984,102.29100036621094
2026-10-05T13:30:00Z,102.29000091552734,102.37200164794922,102.28700256347656,102.3489990234375
2026-10-05T14:00:00Z,102.3479995727539,102.36599731445312,102.29399871826172,102.32599639892578
2026-10-05T14:30:00Z,102.32499694824219,102.33200073242188,102.19499969482422,102.20099639892578
2026-10-05T15:00:00Z,102.2020034790039,102.20999908447266,102.13600158691406,102.17400360107422
2026-10-05T15:30:00Z,102.1729965209961,102.20899963378906,102.16500091552734,102.18499755859375
2026-10-05T16:00:00Z,102.18599700927734,102.2699966430664,102.18599700927734,102.25900268554688
2026-10-05T16:30:00Z,102.25900268554688,102.26200103759766,102.23100280761719,102.25700378417969
2026-10-05T17:00:00Z,102.25800323486328,102.3030014038086,102.24199676513672,102.24400329589844
2026-10-05T17:30:00Z,102.24299621582031,102.25800323486328,102.20500183105469,102.20500183105469
2026-10-05T18:00:00Z,102.2020034790039,102.21600341796875,102.15899658203125,102.18499755859375
2026-10-05T18:30:00Z,102.18499755859375,102.19400024414062,102.16000366210938,102.16699981689453
2026-10-05T19:00:00Z,102.16600036621094,102.18000030517578,102.125,102.14299774169922
2026-10-05T19:30:00Z,102.14299774169922,102.15599822998047,102.12999725341797,102.13800048828125
2026-10-05T20:00:00Z,102.13700103759766,102.15799713134766,102.13200378417969,102.1520004272461
2026-10-05T20:30:00Z,102.1520004272461,102.15699768066406,102.10399627685547,102.11399841308594
2026-10-05T21:00:00Z,102.11399841308594,102.14199829101562,102.11399841308594,102.12699890136719
2026-10-05T21:30:00Z,102.12699890136719,102.12999725341797,102.11799621582031,102.12100219726562
2026-10-05T22:00:00Z,102.12100219726562,102.12100219726562,102.10199737548828,102.10199737548828
2026-10-05T23:30:00Z,102.14199829101562,102.16500091552734,102.12100219726562,102.16400146484375
2026-10-06T00:00:00Z,102.16300201416016,102.18399810791016,102.14900207519531,102.17500305175781
2026-10-06T00:30:00Z,102.17500305175781,102.177001953125,102.10700225830078,102.10700225830078
2026-10-06T01:00:00Z,102.10700225830078,102.11100006103516,102.05899810791016,102.05899810791016
2026-10-06T01:30:00Z,102.05799865722656,102.14800262451172,102.04399871826172,102.13500213623047
2026-10-06T02:00:00Z,102.13400268554688,102.18000030517578,102.12899780273438,102.16100311279297
2026-10-06T02:30:00Z,102.16200256347656,102.1969985961914,102.15899658203125,102.18699645996094
2026-10-06T03:00:00Z,102.18699645996094,102.2040023803711,102.13899993896484,102.14199829101562
2026-10-06T03:30:00Z,102.14299774169922,102.15499877929688,102.10800170898438,102.13300323486328
2026-10-06T04:00:00Z,102.13200378417969,102.17500305175781,102.12899780273438,102.16799926757812
2026-10-06T04:30:00Z,102.16799926757812,102.18599700927734,102.1520004272461,102.18599700927734
2026-10-06T05:00:00Z,102.18499755859375,102.21299743652344,102.16400146484375,102.19599914550781
2026-10-06T05:30:00Z,102.19599914550781,102.21199798583984,102.18099975585938,102.19499969482422
2026-10-06T06:00:00Z,102.19499969482422,102.28500366210938,102.19499969482422,102.25900268554688
2026-10-06T06:30:00Z,102.25800323486328,102.2760009765625,102.22000122070312,102.2300033569336
2026-10-06T07:00:00Z,102.2300033569336,102.28500366210938,102.13600158691406,102.2040023803711
2026-10-06T07:30:00Z,102.2040023803711,102.2239990234375,102.01000213623047,102.02200317382812
2026-10-06T08:00:00Z,102.02200317382812,102.13099670410156,102.0199966430664,102.10299682617188
2026-10-06T08:30:00Z,102.10199737548828,102.10199737548828,101.99099731445312,102.02899932861328
2026-10-06T09:00:00Z,102.02300262451172,102.07099914550781,101.99600219726562,102.03600311279297
2026-10-06T09:30:00Z,102.03700256347656,102.0530014038086,101.99600219726562,102.0270004272461
2026-10-06T10:00:00Z,102.0260009765625,102.0270004272461,101.9739990234375,102.00700378417969
2026-10-06T10:30:00Z,102.00700378417969,102.02400207519531,101.99700164794922,102.01399993896484
2026-10-06T11:00:00Z,102.01300048828125,102.0270004272461,101.83699798583984,101.86199951171875
2026-10-06T11:30:00Z,101.86100006103516,101.88300323486328,101.7760009765625,101.802001953125
2026-10-06T12:00:00Z,101.8030014038086,101.86399841308594,101.75399780273438,101.85900115966797
2026-10-06T12:30:00Z,101.85800170898438,101.87799835205078,101.83300018310547,101.86599731445312
2026-10-06T13:00:00Z,101.86499786376953,101.90399932861328,101.79199981689453,101.88200378417969
2026-10-06T13:30:00Z,101.88300323486328,101.9469985961914,101.87100219726562,101.9280014038086
2026-10-06T14:00:00Z,101.92900085449219,101.9520034790039,101.87799835205078,101.92500305175781
2026-10-06T14:30:00Z,101.92400360107422,101.95700073242188,101.8479995727539,101.85399627685547
2026-10-06T15:00:00Z,101.85299682617188,101.87100219726562,101.79199981689453,101.80799865722656
2026-10-06T15:30:00Z,101.80799865722656,101.83899688720703,101.77300262451172,101.83399963378906
2026-10-06T16:00:00Z,101.83499908447266,101.88200378417969,101.8219985961914,101.875
2026-10-06T16:30:00Z,101.875,101.89199829101562,101.86499786376953,101.87200164794922
2026-10-06T17:00:00Z,101.87100219726562,101.88700103759766,101.8489990234375,101.86799621582031
2026-10-06T17:30:00Z,101.86900329589844,101.87000274658203,101.80699920654297,101.81099700927734
2026-10-06T18:00:00Z,101.81099700927734,101.84100341796875,101.802001953125,101.83899688720703
2026-10-06T18:30:00Z,101.83899688720703,101.86599731445312,101.83200073242188,101.83300018310547
2026-10-06T19:00:00Z,101.83300018310547,101.84400177001953,101.82099914550781,101.84200286865234
2026-10-06T19:30:00Z,101.84200286865234,101.86599731445312,101.83799743652344,101.8479995727539
2026-10-06T20:00:00Z,101.8479995727539,101.85600280761719,101.83599853515625,101.84400177001953
2026-10-06T20:30:00Z,101.84400177001953,101.87200164794922,101.84100341796875,101.84300231933594
2026-10-06T21:00:00Z,101.84300231933594,101.86299896240234,101.84300231933594,101.86199951171875
2026-10-06T21:30:00Z,101.86199951171875,101.86199951171875,101.8290023803711,101.84700012207031
2026-10-06T22:00:00Z,101.84700012207031,101.84700012207031,101.822998046875,101.84500122070312
2026-10-06T23:30:00Z,101.88500213623047,101.91999816894531,101.88500213623047,101.91400146484375
2026-10-07T00:00:00Z,101.91400146484375,101.9489974975586,101.90299987792969,101.9489974975586
2026-10-07T00:30:00Z,101.947998046875,101.95700073242188,101.92900085449219,101.9530029296875
2026-10-07T01:00:00Z,101.9520034790039,101.99099731445312,101.9520034790039,101.98200225830078
2026-10-07T01:30:00Z,101.98400115966797,102.01399993896484,101.96800231933594,102.01300048828125
2026-10-07T02:00:00Z,102.01200103759766,102.06300354003906,102.00800323486328,102.03900146484375
2026-10-07T02:30:00Z,102.03900146484375,102.06199645996094,102.03600311279297,102.0469970703125
2026-10-07T03:00:00Z,102.0469970703125,102.05400085449219,102.02200317382812,102.0270004272461
2026-10-07T03:30:00Z,102.02799987792969,102.03199768066406,102.01200103759766,102.02799987792969
2026-10-07T04:00:00Z,102.02999877929688,102.09300231933594,102.02999877929688,102.08300018310547
2026-10-07T04:30:00Z,102.08399963378906,102.08399963378906,102.05599975585938,102.06700134277344
2026-10-07T05:00:00Z,102.06500244140625,102.0989990234375,102.05999755859375,102.09400177001953
2026-10-07T05:30:00Z,102.09500122070312,102.10099792480469,102.05500030517578,102.072998046875
2026-10-07T06:00:00Z,102.072998046875,102.12799835205078,102.06700134277344,102.11100006103516
2026-10-07T06:30:00Z,102.11100006103516,102.11299896240234,102.0479965209961,102.07499694824219
2026-10-07T07:00:00Z,102.0739974975586,102.1729965209961,102.0719985961914,102.14299774169922
2026-10-07T07:30:00Z,102.14299774169922,102.31999969482422,102.12799835205078,102.2770004272461
2026-10-07T08:00:00Z,102.2760009765625,102.3290023803711,102.23100280761719,102.26899719238281
2026-10-07T08:30:00Z,102.26799774169922,102.28099822998047,102.20600128173828,102.23699951171875
2026-10-07T09:00:00Z,102.23699951171875,102.29399871826172,102.197998046875,102.29299926757812
2026-10-07T09:30:00Z,102.29299926757812,102.3290023803711,102.26399993896484,102.26499938964844
2026-10-07T10:00:00Z,102.26399993896484,102.31999969482422,102.26100158691406,102.30899810791016
2026-10-07T10:30:00Z,102.30799865722656,102.33899688720703,102.27100372314453,102.31600189208984
2026-10-07T11:00:00Z,102.31600189208984,102.37200164794922,102.30000305175781,102.34500122070312
2026-10-07T11:30:00Z,102.34500122070312,102.41300201416016,102.34300231933594,102.36199951171875
2026-10-07T12:00:00Z,102.36000061035156,102.4990005493164,102.33100128173828,102.4800033569336
2026-10-07T12:30:00Z,102.48200225830078,102.49500274658203,102.43800354003906,102.44300079345703
2026-10-07T13:00:00Z,102.44300079345703,102.4520034790039,102.37799835205078,102.41899871826172
2026-10-07T13:30:00Z,102.41699981689453,102.43499755859375,102.3489990234375,102.3489990234375
2026-10-07T14:00:00Z,102.3479995727539,102.40699768066406,102.31700134277344,102.33699798583984
2026-10-07T14:30:00Z,102.33699798583984,102.3479995727539,102.27400207519531,102.2750015258789
2026-10-07T15:00:00Z,102.2770004272461,102.3479995727539,102.2249984741211,102.3479995727539
2026-10-07T15:30:00Z,102.3479995727539,102.37300109863281,102.31900024414062,102.33499908447266
2026-10-07T16:00:00Z,102.33399963378906,102.3499984741211,102.25499725341797,102.28299713134766
2026-10-07T16:30:00Z,102.28199768066406,102.33399963378906,102.28099822998047,102.29299926757812
2026-10-07T17:00:00Z,102.29199981689453,102.302001953125,102.23300170898438,102.27400207519531
2026-10-07T17:30:00Z,102.2760009765625,102.28500366210938,102.23899841308594,102.23899841308594
2026-10-07T18:00:00Z,102.23799896240234,102.26399993896484,102.20899963378906,102.24700164794922
2026-10-07T18:30:00Z,102.24700164794922,102.25599670410156,102.22200012207031,102.24199676513672
2026-10-07T19:00:00Z,102.24099731445312,102.2699966430664,102.23100280761719,102.25299835205078
2026-10-07T19:30:00Z,102.25299835205078,102.28900146484375,102.25199890136719,102.2750015258789
2026-10-07T20:00:00Z,102.2760009765625,102.3010025024414,102.27100372314453,102.27400207519531
2026-10-07T20:30:00Z,102.27400207519531,102.29299926757812,102.27300262451172,102.2770004272461
2026-10-07T21:00:00Z,102.2770004272461,102.3030014038086,102.26000213623047,102.28299713134766
2026-10-07T21:30:00Z,102.28399658203125,102.29299926757812,102.26899719238281,102.27100372314453
2026-10-07T22:00:00Z,102.27100372314453,102.2750015258789,102.25,102.25
2026-10-07T23:30:00Z,102.23200225830078,102.25399780273438,102.21800231933594,102.25399780273438
2026-10-08T00:00:00Z,102.25399780273438,102.2750015258789,102.21900177001953,102.24700164794922
2026-10-08T00:30:00Z,102.24700164794922,102.25199890136719,102.20099639892578,102.24700164794922
2026-10-08T01:00:00Z,102.24700164794922,102.26200103759766,102.21800231933594,102.23799896240234
2026-10-08T01:30:00Z,102.23699951171875,102.25599670410156,102.16300201416016,102.16899871826172
2026-10-08T02:00:00Z,102.16899871826172,102.1729965209961,102.13300323486328,102.16100311279297
2026-10-08T02:30:00Z,102.16000366210938,102.25199890136719,102.16000366210938,102.2490005493164
2026-10-08T03:00:00Z,102.2490005493164,102.28800201416016,102.24199676513672,102.27300262451172
2026-10-08T03:30:00Z,102.27300262451172,102.27400207519531,102.22899627685547,102.2300033569336
2026-10-08T04:00:00Z,102.23100280761719,102.25700378417969,102.22599792480469,102.2490005493164
2026-10-08T04:30:00Z,102.24800109863281,102.25599670410156,102.22899627685547,102.24199676513672
2026-10-08T05:00:00Z,102.23999786376953,102.2509994506836,102.2239990234375,102.24500274658203
2026-10-08T05:30:00Z,102.24600219726562,102.33599853515625,102.23999786376953,102.3239974975586
2026-10-08T06:00:00Z,102.322998046875,102.34700012207031,102.24600219726562,102.28500366210938
2026-10-08T06:30:00Z,102.28600311279297,102.33399963378906,102.2490005493164,102.33300018310547
2026-10-08T07:00:00Z,102.33599853515625,102.39099884033203,102.28099822998047,102.28800201416016
2026-10-08T07:30:00Z,102.28800201416016,102.33899688720703,102.28399658203125,102.2959976196289
2026-10-08T08:00:00Z,102.29499816894531,102.31199645996094,102.2490005493164,102.2760009765625
2026-10-08T08:30:00Z,102.27799987792969,102.36399841308594,102.25599670410156,102.34100341796875
2026-10-08T09:00:00Z,102.34100341796875,102.4000015258789,102.31700134277344,102.35099792480469
2026-10-08T09:30:00Z,102.35299682617188,102.41699981689453,102.3270034790039,102.40599822998047
2026-10-08T10:00:00Z,102.40599822998047,102.427001953125,102.39399719238281,102.39900207519531
2026-10-08T10:30:00Z,102.4000015258789,102.43000030517578,102.35700225830078,102.37200164794922
2026-10-08T11:00:00Z,102.37200164794922,102.4520034790039,102.37100219726562,102.43000030517578
2026-10-08T11:30:00Z,102.4280014038086,102.46700286865234,102.38500213623047,102.4229965209961
2026-10-08T12:00:00Z,102.42400360107422,102.42900085449219,102.26100158691406,102.26100158691406
2026-10-08T12:30:00Z,102.26300048828125,102.39199829101562,102.26200103759766,102.38400268554688
2026-10-08T13:00:00Z,102.38200378417969,102.40399932861328,102.2959976196289,102.3239974975586
2026-10-08T13:30:00Z,102.3239974975586,102.3239974975586,102.23999786376953,102.26499938964844
2026-10-08T14:00:00Z,102.26499938964844,102.29299926757812,102.10299682617188,102.10399627685547
2026-10-08T14:30:00Z,102.10399627685547,102.18499755859375,102.03299713134766,102.18399810791016
2026-10-08T15:00:00Z,102.18499755859375,102.27899932861328,102.16799926757812,102.26200103759766
2026-10-08T15:30:00Z,102.26200103759766,102.33799743652344,102.26100158691406,102.32599639892578
2026-10-08T16:00:00Z,102.32599639892578,102.36599731445312,102.21900177001953,102.30699920654297
2026-10-08T16:30:00Z,102.30599975585938,102.34100341796875,102.23799896240234,102.25499725341797
2026-10-08T17:00:00Z,102.25399780273438,102.25399780273438,102.03399658203125,102.06099700927734
2026-10-08T17:30:00Z,102.05999755859375,102.13600158691406,102.05500030517578,102.10299682617188
2026-10-08T18:00:00Z,102.10299682617188,102.20099639892578,102.0999984741211,102.18399810791016
2026-10-08T18:30:00Z,102.18399810791016,102.19499969482422,102.11299896240234,102.13800048828125
2026-10-08T19:00:00Z,102.13800048828125,102.13800048828125,102.10299682617188,102.12899780273438
2026-10-08T19:30:00Z,102.12899780273438,102.14299774169922,102.09500122070312,102.0999984741211
2026-10-08T20:00:00Z,102.0989990234375,102.12300109863281,102.0739974975586,102.12300109863281
2026-10-08T20:30:00Z,102.12300109863281,102.13700103759766,102.10199737548828,102.125
2026-10-08T21:00:00Z,102.1259994506836,102.12799835205078,102.10099792480469,102.10600280761719
2026-10-08T21:30:00Z,102.10399627685547,102.11199951171875,102.0979995727539,102.10099792480469
2026-10-08T22:00:00Z,102.0999984741211,102.125,102.0999984741211,102.11499786376953
2026-10-08T23:30:00Z,102.12799835205078,102.14399719238281,102.125,102.12699890136719
2026-10-09T00:00:00Z,102.1259994506836,102.13999938964844,102.08799743652344,102.0979995727539
2026-10-09T00:30:00Z,102.0989990234375,102.12100219726562,102.06999969482422,102.08100128173828
2026-10-09T01:00:00Z,102.08200073242188,102.08300018310547,102.01300048828125,102.01699829101562
2026-10-09T01:30:00Z,102.01599884033203,102.01599884033203,101.97799682617188,102.00399780273438
2026-10-09T02:00:00Z,102.00399780273438,102.0459976196289,101.99700164794922,102.03099822998047
2026-10-09T02:30:00Z,102.02999877929688,102.03800201416016,102.01200103759766,102.01599884033203
2026-10-09T03:00:00Z,102.01499938964844,102.04100036621094,102.01399993896484,102.03800201416016
2026-10-09T03:30:00Z,102.03900146484375,102.0459976196289,102.02400207519531,102.02400207519531
2026-10-09T04:00:00Z,102.0250015258789,102.04299926757812,102.01100158691406,102.03800201416016
2026-10-09T04:30:00Z,102.03800201416016,102.03900146484375,102.00700378417969,102.01300048828125
2026-10-09T05:00:00Z,102.01200103759766,102.01200103759766,101.9729995727539,101.97799682617188
2026-10-09T05:30:00Z,101.97699737548828,102.00700378417969,101.91999816894531,102.00399780273438
2026-10-09T06:00:00Z,102.00299835205078,102.05999755859375,102.0009994506836,102.0479965209961
2026-10-09T06:30:00Z,102.04900360107422,102.08399963378906,102.02999877929688,102.05999755859375
2026-10-09T07:00:00Z,102.05899810791016,102.07599639892578,102.00499725341797,102.02100372314453
2026-10-09T07:30:00Z,102.0199966430664,102.06800079345703,102.01300048828125,102.02100372314453
2026-10-09T08:00:00Z,102.01899719238281,102.08000183105469,102.00900268554688,102.03500366210938
2026-10-09T08:30:00Z,102.03399658203125,102.10800170898438,102.02799987792969,102.09200286865234
2026-10-09T09:00:00Z,102.09200286865234,102.10199737548828,102.06500244140625,102.08799743652344
2026-10-09T09:30:00Z,102.08799743652344,102.11900329589844,102.0739974975586,102.11799621582031
2026-10-09T10:00:00Z,102.11799621582031,102.14600372314453,102.08799743652344,102.125
2026-10-09T10:30:00Z,102.1240005493164,102.19100189208984,102.1240005493164,102.19100189208984
2026-10-09T11:00:00Z,102.19100189208984,102.19999694824219,102.13800048828125,102.13999938964844
2026-10-09T11:30:00Z,102.13899993896484,102.18099975585938,102.1240005493164,102.16899871826172
2026-10-09T12:00:00Z,102.16899871826172,102.21900177001953,102.1449966430664,102.20500183105469
2026-10-09T12:30:00Z,102.2040023803711,102.3270034790039,102.2040023803711,102.29100036621094
2026-10-09T13:00:00Z,102.29000091552734,102.31500244140625,102.26699829101562,102.28199768066406
2026-10-09T13:30:00Z,102.28199768066406,102.33100128173828,102.26100158691406,102.3030014038086
2026-10-09T14:00:00Z,102.3030014038086,102.33499908447266,102.2750015258789,102.27999877929688
2026-10-09T14:30:00Z,102.27899932861328,102.3030014038086,102.25399780273438,102.29900360107422
2026-10-09T15:00:00Z,102.2979965209961,102.30599975585938,102.25800323486328,102.2750015258789
2026-10-09T15:30:00Z,102.27400207519531,102.32099914550781,102.26599884033203,102.30500030517578
2026-10-09T16:00:00Z,102.3030014038086,102.3270034790039,102.29199981689453,102.31600189208984
2026-10-09T16:30:00Z,102.31700134277344,102.33000183105469,102.2969970703125,102.31099700927734
2026-10-09T17:00:00Z,102.31199645996094,102.31400299072266,102.2490005493164,102.29299926757812
2026-10-09T17:30:00Z,102.29399871826172,102.302001953125,102.25900268554688,102.25900268554688
2026-10-09T18:00:00Z,102.25800323486328,102.25900268554688,102.23400115966797,102.25199890136719
2026-10-09T18:30:00Z,102.2509994506836,102.26000213623047,102.1989974975586,102.21299743652344
2026-10-09T19:00:00Z,102.21499633789062,102.23799896240234,102.2020034790039,102.2300033569336
