timestamp,open,high,low,close
2026-08-10T23:00:00Z,1.1547343730926514,1.1547343730926514,1.1546010971069336,1.1546010971069336
2026-08-10T23:30:00Z,1.1546010971069336,1.155001163482666,1.1546010971069336,1.155001163482666
2026-08-11T00:00:00Z,1.155001163482666,1.1551345586776733,1.1548677682876587,1.1551345586776733
2026-08-11T00:30:00Z,1.1552680730819702,1.1552680730819702,1.155001163482666,1.155001163482666
2026-08-11T01:00:00Z,1.1548677682876587,1.1552680730819702,1.1546010971069336,1.1551345586776733
2026-08-11T01:30:00Z,1.1551345586776733,1.1552680730819702,1.155001163482666,1.155001163482666
2026-08-11T02:00:00Z,1.155001163482666,1.155001163482666,1.1544678211212158,1.1544678211212158
2026-08-11T02:30:00Z,1.1544678211212158,1.1546010971069336,1.1542012691497803,1.154334545135498
2026-08-11T03:00:00Z,1.154334545135498,1.1547343730926514,1.154334545135498,1.1547343730926514
2026-08-11T03:30:00Z,1.1548677682876587,1.1548677682876587,1.1546010971069336,1.1546010971069336
2026-08-11T04:00:00Z,1.1546010971069336,1.1548677682876587,1.1546010971069336,1.1548677682876587
2026-08-11T04:30:00Z,1.1547343730926514,1.1548677682876587,1.154334545135498,1.1546010971069336
2026-08-11T05:00:00Z,1.1544678211212158,1.1546010971069336,1.154334545135498,1.1544678211212158
2026-08-11T05:30:00Z,1.1544678211212158,1.1546010971069336,1.1542012691497803,1.1544678211212158
2026-08-11T06:00:00Z,1.1544678211212158,1.1546010971069336,1.1539349555969238,1.154068112373352
2026-08-11T06:30:00Z,1.154068112373352,1.154068112373352,1.1536686420440674,1.1539349555969238
2026-08-11T07:00:00Z,1.154068112373352,1.154334545135498,1.1539349555969238,1.154068112373352
2026-08-11T07:30:00Z,1.154068112373352,1.154068112373352,1.1535356044769287,1.1535356044769287
2026-08-11T08:00:00Z,1.1535356044769287,1.1536686420440674,1.1535356044769287,1.1536686420440674
2026-08-11T08:30:00Z,1.1538017988204956,1.1542012691497803,1.1538017988204956,1.1539349555969238
2026-08-11T09:00:00Z,1.1539349555969238,1.1539349555969238,1.1536686420440674,1.1536686420440674
2026-08-11T09:30:00Z,1.1536686420440674,1.154068112373352,1.1536686420440674,1.1539349555969238
2026-08-11T10:00:00Z,1.1539349555969238,1.1542012691497803,1.1536686420440674,1.1539349555969238
2026-08-11T10:30:00Z,1.1539349555969238,1.1542012691497803,1.1538017988204956,1.1539349555969238
2026-08-11T11:00:00Z,1.1539349555969238,1.1546010971069336,1.1539349555969238,1.1542012691497803
2026-08-11T11:30:00Z,1.1542012691497803,1.1542012691497803,1.1539349555969238,1.154068112373352
2026-08-11T12:00:00Z,1.154068112373352,1.154334545135498,1.1538017988204956,1.1539349555969238
2026-08-11T12:30:00Z,1.154068112373352,1.1546010971069336,1.154068112373352,1.1546010971069336
2026-08-11T13:00:00Z,1.1547343730926514,1.1547343730926514,1.1544678211212158,1.1546010971069336
2026-08-11T13:30:00Z,1.1544678211212158,1.1551345586776733,1.154334545135498,1.1547343730926514
2026-08-11T14:00:00Z,1.1546010971069336,1.1546010971069336,1.1542012691497803,1.1542012691497803
2026-08-11T14:30:00Z,1.1542012691497803,1.1546010971069336,1.1542012691497803,1.1546010971069336
2026-08-11T15:00:00Z,1.1546010971069336,1.1547343730926514,1.154068112373352,1.154334545135498
2026-08-11T15:30:00Z,1.154334545135498,1.1546010971069336,1.154068112373352,1.1546010971069336
2026-08-11T16:00:00Z,1.1546010971069336,1.1546010971069336,1.154334545135498,1.1544678211212158
2026-08-11T16:30:00Z,1.1544678211212158,1.1546010971069336,1.154334545135498,1.154334545135498
2026-08-11T17:00:00Z,1.1542012691497803,1.154334545135498,1.1538017988204956,1.1539349555969238
2026-08-11T17:30:00Z,1.1539349555969238,1.1542012691497803,1.1538017988204956,1.154068112373352
2026-08-11T18:00:00Z,1.154068112373352,1.154068112373352,1.1539349555969238,1.154068112373352
2026-08-11T18:30:00Z,1.1539349555969238,1.1546010971069336,1.1539349555969238,1.154334545135498
2026-08-11T19:00:00Z,1.1544678211212158,1.1546010971069336,1.154334545135498,1.1546010971069336
2026-08-11T19:30:00Z,1.1546010971069336,1.1547343730926514,1.1544678211212158,1.1546010971069336
2026-08-11T20:00:00Z,1.1546010971069336,1.1547343730926514,1.1544678211212158,1.1544678211212158
2026-08-11T20:30:00Z,1.1544678211212158,1.1546010971069336,1.1542012691497803,1.1546010971069336
2026-08-11T21:00:00Z,1.1544678211212158,1.1546010971069336,1.154334545135498,1.154334545135498
2026-08-11T21:30:00Z,1.1542012691497803,1.1546010971069336,1.1542012691497803,1.1544678211212158
2026-08-11T22:00:00Z,1.1546010971069336,1.1546010971069336,1.1544678211212158,1.1546010971069336
2026-08-11T22:30:00Z,1.1546010971069336,1.1547343730926514,1.1544678211212158,1.1547343730926514
2026-08-11T23:00:00Z,1.1547343730926514,1.1547343730926514,1.1546010971069336,1.1546010971069336
2026-08-11T23:30:00Z,1.1546010971069336,1.1547343730926514,1.1544678211212158,1.1546010971069336
2026-08-12T00:00:00Z,1.1546010971069336,1.1548677682876587,1.1546010971069336,1.1547343730926514
2026-08-12T00:30:00Z,1.1547343730926514,1.1547343730926514,1.154334545135498,1.154334545135498
2026-08-12T01:00:00Z,1.154334545135498,1.154334545135498,1.154068112373352,1.154068112373352
2026-08-12T01:30:00Z,1.1542012691497803,1.154334545135498,1.154068112373352,1.1542012691497803
2026-08-12T02:00:00Z,1.1542012691497803,1.1542012691497803,1.1539349555969238,1.154068112373352
2026-08-12T02:30:00Z,1.154068112373352,1.154334545135498,1.154068112373352,1.154068112373352
2026-08-12T03:00:00Z,1.1542012691497803,1.1542012691497803,1.1539349555969238,1.1539349555969238
2026-08-12T03:30:00Z,1.1539349555969238,1.154068112373352,1.1538017988204956,1.1538017988204956
2026-08-12T04:00:00Z,1.1539349555969238,1.1539349555969238,1.1536686420440674,1.1536686420440674
2026-08-12T04:30:00Z,1.1538017988204956,1.1539349555969238,1.1536686420440674,1.1539349555969238
2026-08-12T05:00:00Z,1.1539349555969238,1.1539349555969238,1.1535356044769287,1.1536686420440674
2026-08-12T05:30:00Z,1.1536686420440674,1.1538017988204956,1.1536686420440674,1.1536686420440674
2026-08-12T06:00:00Z,1.1538017988204956,1.1539349555969238,1.1536686420440674,1.1539349555969238
2026-08-12T06:30:00Z,1.1538017988204956,1.154068112373352,1.1538017988204956,1.154068112373352
2026-08-12T07:00:00Z,1.154068112373352,1.1542012691497803,1.1539349555969238,1.154068112373352
2026-08-12T07:30:00Z,1.154068112373352,1.1542012691497803,1.154068112373352,1.154068112373352
2026-08-12T08:00:00Z,1.154068112373352,1.1542012691497803,1.1538017988204956,1.154068112373352
2026-08-12T08:30:00Z,1.1542012691497803,1.154334545135498,1.154068112373352,1.154068112373352
2026-08-12T09:00:00Z,1.154068112373352,1.1552680730819702,1.154068112373352,1.1546010971069336
2026-08-12T09:30:00Z,1.1546010971069336,1.1547343730926514,1.1539349555969238,1.1539349555969238
2026-08-12T10:00:00Z,1.1539349555969238,1.1542012691497803,1.1539349555969238,1.1542012691497803
2026-08-12T10:30:00Z,1.154068112373352,1.154068112373352,1.1535356044769287,1.1538017988204956
2026-08-12T11:00:00Z,1.1538017988204956,1.1542012691497803,1.1538017988204956,1.1542012691497803
2026-08-12T11:30:00Z,1.1542012691497803,1.1548677682876587,1.1542012691497803,1.1547343730926514
2026-08-12T12:00:00Z,1.1547343730926514,1.1548677682876587,1.1546010971069336,1.1547343730926514
2026-08-12T12:30:00Z,1.1536686420440674,1.156336784362793,1.1536686420440674,1.1560693979263306
2026-08-12T13:00:00Z,1.156336784362793,1.1564704179763794,1.155401587486267,1.1556684970855713
2026-08-12T13:30:00Z,1.1558021306991577,1.1558021306991577,1.155001163482666,1.1555349826812744
2026-08-12T14:00:00Z,1.1555349826812744,1.1556684970855713,1.1552680730819702,1.1552680730819702
2026-08-12T14:30:00Z,1.155401587486267,1.155401587486267,1.1542012691497803,1.1544678211212158
2026-08-12T15:00:00Z,1.1544678211212158,1.1547343730926514,1.1542012691497803,1.154334545135498
2026-08-12T15:30:00Z,1.154334545135498,1.154334545135498,1.1538017988204956,1.154334545135498
2026-08-12T16:00:00Z,1.1542012691497803,1.154334545135498,1.1535356044769287,1.1535356044769287
2026-08-12T16:30:00Z,1.1535356044769287,1.1535356044769287,1.1528706550598145,1.1531364917755127
2026-08-12T17:00:00Z,1.1532695293426514,1.15340256690979,1.1530035734176636,1.1531364917755127
2026-08-12T17:30:00Z,1.1531364917755127,1.1531364917755127,1.1524720191955566,1.1524720191955566
2026-08-12T18:00:00Z,1.1524720191955566,1.1530035734176636,1.152339220046997,1.1528706550598145
2026-08-12T18:30:00Z,1.1528706550598145,1.1528706550598145,1.152339220046997,1.152339220046997
2026-08-12T19:00:00Z,1.1524720191955566,1.1528706550598145,1.1524720191955566,1.1526048183441162
2026-08-12T19:30:00Z,1.1524720191955566,1.1526048183441162,1.152339220046997,1.1526048183441162
2026-08-12T20:00:00Z,1.1526048183441162,1.1527377367019653,1.1524720191955566,1.1526048183441162
2026-08-12T20:30:00Z,1.1526048183441162,1.1528706550598145,1.1526048183441162,1.1528706550598145
2026-08-12T21:00:00Z,1.1532695293426514,1.1532695293426514,1.1524720191955566,1.1527377367019653
2026-08-12T21:30:00Z,1.1527377367019653,1.1527377367019653,1.1524720191955566,1.1526048183441162
2026-08-12T22:00:00Z,1.1528706550598145,1.1528706550598145,1.1526048183441162,1.1527377367019653
2026-08-12T22:30:00Z,1.1528706550598145,1.1530035734176636,1.1527377367019653,1.1530035734176636
2026-08-12T23:00:00Z,1.1530035734176636,1.1531364917755127,1.1530035734176636,1.1531364917755127
2026-08-12T23:30:00Z,1.1530035734176636,1.1531364917755127,1.1530035734176636,1.1531364917755127
2026-08-13T00:00:00Z,1.1531364917755127,1.1532695293426514,1.1531364917755127,1.1532695293426514
2026-08-13T00:30:00Z,1.1532695293426514,1.15340256690979,1.1530035734176636,1.1531364917755127
2026-08-13T01:00:00Z,1.1532695293426514,1.15340256690979,1.1531364917755127,1.1532695293426514
2026-08-13T01:30:00Z,1.1532695293426514,1.15340256690979,1.1527377367019653,1.1527377367019653
2026-08-13T02:00:00Z,1.1528706550598145,1.1528706550598145,1.1526048183441162,1.1526048183441162
2026-08-13T02:30:00Z,1.1524720191955566,1.1526048183441162,1.152339220046997,1.1526048183441162
2026-08-13T03:00:00Z,1.1524720191955566,1.1527377367019653,1.152339220046997,1.1526048183441162
2026-08-13T03:30:00Z,1.1524720191955566,1.1527377367019653,1.1524720191955566,1.1526048183441162
2026-08-13T04:00:00Z,1.1526048183441162,1.1526048183441162,1.152339220046997,1.1524720191955566
2026-08-13T04:30:00Z,1.1524720191955566,1.1530035734176636,1.1524720191955566,1.1530035734176636
2026-08-13T05:00:00Z,1.1528706550598145,1.1531364917755127,1.1528706550598145,1.1530035734176636
2026-08-13T05:30:00Z,1.1530035734176636,1.1530035734176636,1.1527377367019653,1.1528706550598145
2026-08-13T06:00:00Z,1.1528706550598145,1.1528706550598145,1.1520737409591675,1.1520737409591675
2026-08-13T06:30:00Z,1.1519410610198975,1.1522064208984375,1.151543140411377,1.1520737409591675
2026-08-13T07:00:00Z,1.1520737409591675,1.1524720191955566,1.1520737409591675,1.1524720191955566
2026-08-13T07:30:00Z,1.1524720191955566,1.1531364917755127,1.152339220046997,1.1528706550598145
2026-08-13T08:00:00Z,1.1528706550598145,1.1528706550598145,1.1526048183441162,1.1528706550598145
2026-08-13T08:30:00Z,1.1528706550598145,1.1531364917755127,1.1527377367019653,1.1527377367019653
2026-08-13T09:00:00Z,1.1527377367019653,1.1535356044769287,1.1527377367019653,1.15340256690979
2026-08-13T09:30:00Z,1.15340256690979,1.1538017988204956,1.15340256690979,1.1538017988204956
2026-08-13T10:00:00Z,1.1538017988204956,1.154068112373352,1.1538017988204956,1.1539349555969238
2026-08-13T10:30:00Z,1.1542012691497803,1.1542012691497803,1.1538017988204956,1.1539349555969238
2026-08-13T11:00:00Z,1.1539349555969238,1.1542012691497803,1.1538017988204956,1.154068112373352
2026-08-13T11:30:00Z,1.154068112373352,1.154068112373352,1.1536686420440674,1.1536686420440674
2026-08-13T12:00:00Z,1.1538017988204956,1.1538017988204956,1.15340256690979,1.15340256690979
2026-08-13T12:30:00Z,1.1535356044769287,1.1547343730926514,1.1528706550598145,1.1547343730926514
2026-08-13T13:00:00Z,1.1546010971069336,1.1548677682876587,1.1538017988204956,1.1538017988204956
2026-08-13T13:30:00Z,1.1539349555969238,1.1539349555969238,1.15340256690979,1.1538017988204956
2026-08-13T14:00:00Z,1.1539349555969238,1.1548677682876587,1.1535356044769287,1.154334545135498
2026-08-13T14:30:00Z,1.154068112373352,1.1547343730926514,1.154068112373352,1.1547343730926514
2026-08-13T15:00:00Z,1.1547343730926514,1.1548677682876587,1.1536686420440674,1.1536686420440674
2026-08-13T15:30:00Z,1.1538017988204956,1.1539349555969238,1.15340256690979,1.15340256690979
2026-08-13T16:00:00Z,1.15340256690979,1.1535356044769287,1.1528706550598145,1.1530035734176636
2026-08-13T16:30:00Z,1.1528706550598145,1.15340256690979,1.1528706550598145,1.1532695293426514
2026-08-13T17:00:00Z,1.15340256690979,1.1535356044769287,1.1530035734176636,1.1530035734176636
2026-08-13T17:30:00Z,1.1530035734176636,1.1532695293426514,1.1530035734176636,1.1531364917755127
2026-08-13T18:00:00Z,1.1531364917755127,1.1535356044769287,1.1530035734176636,1.1532695293426514
2026-08-13T18:30:00Z,1.1532695293426514,1.15340256690979,1.1532695293426514,1.1532695293426514
2026-08-13T19:00:00Z,1.1532695293426514,1.1535356044769287,1.1532695293426514,1.1535356044769287
2026-08-13T19:30:00Z,1.15340256690979,1.1535356044769287,1.1531364917755127,1.1531364917755127
2026-08-13T20:00:00Z,1.15340256690979,1.15340256690979,1.1530035734176636,1.1531364917755127
2026-08-13T20:30:00Z,1.1531364917755127,1.1535356044769287,1.1531364917755127,1.1532695293426514
2026-08-13T21:00:00Z,1.1530035734176636,1.15340256690979,1.1528706550598145,1.1532695293426514
2026-08-13T21:30:00Z,1.1531364917755127,1.1535356044769287,1.1528706550598145,1.1531364917755127
2026-08-13T22:00:00Z,1.1532695293426514,1.1535356044769287,1.1532695293426514,1.15340256690979
2026-08-13T22:30:00Z,1.15340256690979,1.1535356044769287,1.15340256690979,1.1535356044769287
2026-08-13T23:00:00Z,1.1535356044769287,1.1536686420440674,1.1535356044769287,1.1535356044769287
2026-08-13T23:30:00Z,1.1535356044769287,1.1538017988204956,1.1535356044769287,1.1536686420440674
2026-08-14T00:00:00Z,1.1536686420440674,1.154068112373352,1.1536686420440674,1.154068112373352
2026-08-14T00:30:00Z,1.1539349555969238,1.1542012691497803,1.1539349555969238,1.1542012691497803
2026-08-14T01:00:00Z,1.1542012691497803,1.1542012691497803,1.1535356044769287,1.1538017988204956
2026-08-14T01:30:00Z,1.1538017988204956,1.154068112373352,1.1538017988204956,1.1538017988204956
2026-08-14T02:00:00Z,1.1538017988204956,1.154068112373352,1.1538017988204956,1.1539349555969238
2026-08-14T02:30:00Z,1.1539349555969238,1.154068112373352,1.1536686420440674,1.1536686420440674
2026-08-14T03:00:00Z,1.1538017988204956,1.1542012691497803,1.1536686420440674,1.1542012691497803
2026-08-14T03:30:00Z,1.1542012691497803,1.1542012691497803,1.1539349555969238,1.154068112373352
2026-08-14T04:00:00Z,1.154068112373352,1.154334545135498,1.154068112373352,1.154068112373352
2026-08-14T04:30:00Z,1.154068112373352,1.154334545135498,1.154068112373352,1.1542012691497803
2026-08-14T05:00:00Z,1.1542012691497803,1.1544678211212158,1.1542012691497803,1.1544678211212158
2026-08-14T05:30:00Z,1.154334545135498,1.1546010971069336,1.154334545135498,1.1544678211212158
2026-08-14T06:00:00Z,1.1546010971069336,1.1547343730926514,1.1542012691497803,1.154334545135498
2026-08-14T06:30:00Z,1.154334545135498,1.1547343730926514,1.154334545135498,1.1547343730926514
2026-08-14T07:00:00Z,1.1547343730926514,1.155001163482666,1.1546010971069336,1.155001163482666
2026-08-14T07:30:00Z,1.155001163482666,1.155401587486267,1.1548677682876587,1.155401587486267
2026-08-14T08:00:00Z,1.1555349826812744,1.1558021306991577,1.155401587486267,1.1556684970855713
2026-08-14T08:30:00Z,1.1556684970855713,1.1560693979263306,1.155401587486267,1.1559356451034546
2026-08-14T09:00:00Z,1.1559356451034546,1.1560693979263306,1.1556684970855713,1.1558021306991577
2026-08-14T09:30:00Z,1.1558021306991577,1.1558021306991577,1.155401587486267,1.1556684970855713
2026-08-14T10:00:00Z,1.1556684970855713,1.1558021306991577,1.1555349826812744,1.1556684970855713
2026-08-14T10:30:00Z,1.1556684970855713,1.1559356451034546,1.1556684970855713,1.1558021306991577
2026-08-14T11:00:00Z,1.1559356451034546,1.156738042831421,1.1559356451034546,1.1566041707992554
2026-08-14T11:30:00Z,1.1566041707992554,1.1574074029922485,1.1566041707992554,1.1568717956542969
2026-08-14T12:00:00Z,1.1570056676864624,1.1574074029922485,1.156738042831421,1.157139539718628
2026-08-14T12:30:00Z,1.1579434871673584,1.158077597618103,1.156738042831421,1.1570056676864624
2026-08-14T13:00:00Z,1.1570056676864624,1.157273530960083,1.1566041707992554,1.157139539718628
2026-08-14T13:30:00Z,1.157139539718628,1.1587486267089844,1.157139539718628,1.1582117080688477
2026-08-14T14:00:00Z,1.1587486267089844,1.1588828563690186,1.1582117080688477,1.1588828563690186
2026-08-14T14:30:00Z,1.1587486267089844,1.1587486267089844,1.1582117080688477,1.1583458185195923
2026-08-14T15:00:00Z,1.1584800481796265,1.1587486267089844,1.158077597618103,1.1583458185195923
2026-08-14T15:30:00Z,1.1584800481796265,1.1588828563690186,1.1583458185195923,1.1583458185195923
2026-08-14T16:00:00Z,1.1584800481796265,1.1584800481796265,1.1579434871673584,1.1579434871673584
2026-08-14T16:30:00Z,1.1579434871673584,1.1582117080688477,1.1574074029922485,1.1574074029922485
2026-08-14T17:00:00Z,1.1574074029922485,1.1574074029922485,1.156738042831421,1.1568717956542969
2026-08-14T17:30:00Z,1.1568717956542969,1.1568717956542969,1.1566041707992554,1.156738042831421
2026-08-14T18:00:00Z,1.156738042831421,1.1570056676864624,1.1566041707992554,1.1570056676864624
2026-08-14T18:30:00Z,1.1570056676864624,1.1570056676864624,1.156738042831421,1.1568717956542969
2026-08-14T19:00:00Z,1.1570056676864624,1.157139539718628,1.1568717956542969,1.157139539718628
2026-08-14T19:30:00Z,1.157273530960083,1.157273530960083,1.1568717956542969,1.1570056676864624
2026-08-14T20:00:00Z,1.157139539718628,1.157273530960083,1.157139539718628,1.157273530960083
2026-08-14T20:30:00Z,1.157273530960083,1.1574074029922485,1.157139539718628,1.157273530960083
2026-08-14T21:00:00Z,1.157273530960083,1.157273530960083,1.157273530960083,1.157273530960083
2026-08-16T23:00:00Z,1.1578094959259033,1.1579434871673584,1.1578094959259033,1.1578094959259033
2026-08-16T23:30:00Z,1.1578094959259033,1.1579434871673584,1.1576753854751587,1.1576753854751587
2026-08-17T00:00:00Z,1.1579434871673584,1.1583458185195923,1.1579434871673584,1.1583458185195923
2026-08-17T00:30:00Z,1.1583458185195923,1.1584800481796265,1.1582117080688477,1.1583458185195923
2026-08-17T01:00:00Z,1.1583458185195923,1.1586142778396606,1.1582117080688477,1.1584800481796265
2026-08-17T01:30:00Z,1.1583458185195923,1.1587486267089844,1.1582117080688477,1.1586142778396606
2026-08-17T02:00:00Z,1.1587486267089844,1.1587486267089844,1.1586142778396606,1.1587486267089844
2026-08-17T02:30:00Z,1.1587486267089844,1.1587486267089844,1.1582117080688477,1.1583458185195923
2026-08-17T03:00:00Z,1.1583458185195923,1.1583458185195923,1.1582117080688477,1.1583458185195923
2026-08-17T03:30:00Z,1.1583458185195923,1.1587486267089844,1.1582117080688477,1.1587486267089844
2026-08-17T04:00:00Z,1.1586142778396606,1.159151554107666,1.1586142778396606,1.1590172052383423
2026-08-17T04:30:00Z,1.1590172052383423,1.1590172052383423,1.1587486267089844,1.1588828563690186
2026-08-17T05:00:00Z,1.1588828563690186,1.1590172052383423,1.1586142778396606,1.1590172052383423
2026-08-17T05:30:00Z,1.1590172052383423,1.1592857837677002,1.1588828563690186,1.1590172052383423
2026-08-17T06:00:00Z,1.159151554107666,1.1595547199249268,1.1587486267089844,1.1595547199249268
2026-08-17T06:30:00Z,1.1592857837677002,1.1599582433700562,1.159151554107666,1.1599582433700562
2026-08-17T07:00:00Z,1.1599582433700562,1.1610356569290161,1.1598236560821533,1.1610356569290161
2026-08-17T07:30:00Z,1.1610356569290161,1.1615750789642334,1.1609008312225342,1.1609008312225342
2026-08-17T08:00:00Z,1.1610356569290161,1.1617100238800049,1.1607661247253418,1.1617100238800049
2026-08-17T08:30:00Z,1.1617100238800049,1.1617100238800049,1.1599582433700562,1.1602274179458618
2026-08-17T09:00:00Z,1.1603620052337646,1.160496711730957,1.160092830657959,1.160496711730957
2026-08-17T09:30:00Z,1.160496711730957,1.160496711730957,1.1599582433700562,1.1599582433700562
2026-08-17T10:00:00Z,1.1598236560821533,1.160092830657959,1.1595547199249268,1.160092830657959
2026-08-17T10:30:00Z,1.1599582433700562,1.1599582433700562,1.1592857837677002,1.1594202518463135
2026-08-17T11:00:00Z,1.1594202518463135,1.1598236560821533,1.159151554107666,1.1594202518463135
2026-08-17T11:30:00Z,1.1592857837677002,1.1595547199249268,1.159151554107666,1.1595547199249268
2026-08-17T12:00:00Z,1.1595547199249268,1.1598236560821533,1.1592857837677002,1.1594202518463135
2026-08-17T12:30:00Z,1.1594202518463135,1.160092830657959,1.1592857837677002,1.160092830657959
2026-08-17T13:00:00Z,1.160092830657959,1.1602274179458618,1.1598236560821533,1.1599582433700562
2026-08-17T13:30:00Z,1.160092830657959,1.1602274179458618,1.159151554107666,1.1598236560821533
2026-08-17T14:00:00Z,1.15968918800354,1.1602274179458618,1.1594202518463135,1.15968918800354
2026-08-17T14:30:00Z,1.1595547199249268,1.15968918800354,1.1590172052383423,1.1590172052383423
2026-08-17T15:00:00Z,1.1590172052383423,1.1590172052383423,1.1586142778396606,1.1588828563690186
2026-08-17T15:30:00Z,1.1588828563690186,1.1592857837677002,1.1584800481796265,1.1592857837677002
2026-08-17T16:00:00Z,1.1592857837677002,1.1594202518463135,1.1588828563690186,1.159151554107666
2026-08-17T16:30:00Z,1.1592857837677002,1.1595547199249268,1.159151554107666,1.159151554107666
2026-08-17T17:00:00Z,1.159151554107666,1.1592857837677002,1.1586142778396606,1.1587486267089844
2026-08-17T17:30:00Z,1.1587486267089844,1.1587486267089844,1.158077597618103,1.158077597618103
2026-08-17T18:00:00Z,1.1579434871673584,1.158077597618103,1.1576753854751587,1.1578094959259033
2026-08-17T18:30:00Z,1.1576753854751587,1.1576753854751587,1.1574074029922485,1.1575413942337036
2026-08-17T19:00:00Z,1.1576753854751587,1.1582117080688477,1.1575413942337036,1.1582117080688477
2026-08-17T19:30:00Z,1.1582117080688477,1.1583458185195923,1.158077597618103,1.1582117080688477
2026-08-17T20:00:00Z,1.1583458185195923,1.1583458185195923,1.158077597618103,1.158077597618103
2026-08-17T20:30:00Z,1.158077597618103,1.1583458185195923,1.158077597618103,1.1583458185195923
2026-08-17T21:00:00Z,1.1586142778396606,1.1590172052383423,1.1582117080688477,1.1582117080688477
2026-08-17T21:30:00Z,1.1578094959259033,1.1583458185195923,1.1578094959259033,1.158077597618103
2026-08-17T22:00:00Z,1.1582117080688477,1.1583458185195923,1.158077597618103,1.1583458185195923
2026-08-17T22:30:00Z,1.1583458185195923,1.1583458185195923,1.1582117080688477,1.1582117080688477
2026-08-17T23:00:00Z,1.1582117080688477,1.1584800481796265,1.1582117080688477,1.1584800481796265
2026-08-17T23:30:00Z,1.1584800481796265,1.1587486267089844,1.1584800481796265,1.1586142778396606
2026-08-18T00:00:00Z,1.1586142778396606,1.1587486267089844,1.1583458185195923,1.1583458185195923
2026-08-18T00:30:00Z,1.1582117080688477,1.1586142778396606,1.158077597618103,1.1586142778396606
2026-08-18T01:00:00Z,1.1586142778396606,1.1588828563690186,1.1583458185195923,1.1584800481796265
2026-08-18T01:30:00Z,1.1584800481796265,1.1587486267089844,1.1582117080688477,1.1582117080688477
2026-08-18T02:00:00Z,1.1582117080688477,1.1582117080688477,1.1579434871673584,1.158077597618103
2026-08-18T02:30:00Z,1.1579434871673584,1.1583458185195923,1.1579434871673584,1.1583458185195923
2026-08-18T03:00:00Z,1.1582117080688477,1.1582117080688477,1.1578094959259033,1.1579434871673584
2026-08-18T03:30:00Z,1.1578094959259033,1.1578094959259033,1.1575413942337036,1.1576753854751587
2026-08-18T04:00:00Z,1.1576753854751587,1.1576753854751587,1.1574074029922485,1.1575413942337036
2026-08-18T04:30:00Z,1.1575413942337036,1.1578094959259033,1.1574074029922485,1.1575413942337036
2026-08-18T05:00:00Z,1.1574074029922485,1.1576753854751587,1.157273530960083,1.1576753854751587
2026-08-18T05:30:00Z,1.1575413942337036,1.1578094959259033,1.1574074029922485,1.1576753854751587
2026-08-18T06:00:00Z,1.1575413942337036,1.1575413942337036,1.157139539718628,1.1575413942337036
2026-08-18T06:30:00Z,1.1574074029922485,1.1575413942337036,1.157139539718628,1.1575413942337036
2026-08-18T07:00:00Z,1.1576753854751587,1.1578094959259033,1.157273530960083,1.1578094959259033
2026-08-18T07:30:00Z,1.1578094959259033,1.158077597618103,1.1576753854751587,1.1576753854751587
2026-08-18T08:00:00Z,1.1575413942337036,1.1576753854751587,1.157273530960083,1.1575413942337036
2026-08-18T08:30:00Z,1.1575413942337036,1.158077597618103,1.1575413942337036,1.1579434871673584
2026-08-18T09:00:00Z,1.1578094959259033,1.158077597618103,1.1576753854751587,1.158077597618103
2026-08-18T09:30:00Z,1.1582117080688477,1.1582117080688477,1.1576753854751587,1.1582117080688477
2026-08-18T10:00:00Z,1.1582117080688477,1.1582117080688477,1.1578094959259033,1.1579434871673584
2026-08-18T10:30:00Z,1.158077597618103,1.158077597618103,1.1578094959259033,1.1579434871673584
2026-08-18T11:00:00Z,1.1579434871673584,1.1579434871673584,1.1576753854751587,1.1576753854751587
2026-08-18T11:30:00Z,1.1578094959259033,1.158077597618103,1.1575413942337036,1.158077597618103
2026-08-18T12:00:00Z,1.1579434871673584,1.1582117080688477,1.1578094959259033,1.1578094959259033
2026-08-18T12:30:00Z,1.1576753854751587,1.1582117080688477,1.1575413942337036,1.1578094959259033
2026-08-18T13:00:00Z,1.1579434871673584,1.1583458185195923,1.1578094959259033,1.1578094959259033
2026-08-18T13:30:00Z,1.1576753854751587,1.1587486267089844,1.1576753854751587,1.1583458185195923
2026-08-18T14:00:00Z,1.1587486267089844,1.159151554107666,1.1584800481796265,1.1587486267089844
2026-08-18T14:30:00Z,1.1587486267089844,1.159151554107666,1.1584800481796265,1.1584800481796265
2026-08-18T15:00:00Z,1.1584800481796265,1.1588828563690186,1.158077597618103,1.1582117080688477
2026-08-18T15:30:00Z,1.158077597618103,1.1584800481796265,1.158077597618103,1.1582117080688477
2026-08-18T16:00:00Z,1.1584800481796265,1.1588828563690186,1.1582117080688477,1.1584800481796265
2026-08-18T16:30:00Z,1.1584800481796265,1.1586142778396606,1.1582117080688477,1.1583458185195923
2026-08-18T17:00:00Z,1.1583458185195923,1.1583458185195923,1.1579434871673584,1.158077597618103
2026-08-18T17:30:00Z,1.1578094959259033,1.158077597618103,1.1578094959259033,1.158077597618103
2026-08-18T18:00:00Z,1.1579434871673584,1.1582117080688477,1.1578094959259033,1.158077597618103
2026-08-18T18:30:00Z,1.158077597618103,1.158077597618103,1.1578094959259033,1.1579434871673584
2026-08-18T19:00:00Z,1.1579434871673584,1.158077597618103,1.1578094959259033,1.1579434871673584
2026-08-18T19:30:00Z,1.158077597618103,1.1583458185195923,1.1578094959259033,1.1578094959259033
2026-08-18T20:00:00Z,1.1576753854751587,1.1578094959259033,1.1575413942337036,1.1576753854751587
2026-08-18T20:30:00Z,1.1576753854751587,1.1579434871673584,1.1576753854751587,1.1579434871673584
2026-08-18T21:00:00Z,1.1576753854751587,1.1583458185195923,1.1576753854751587,1.1582117080688477
2026-08-18T21:30:00Z,1.1582117080688477,1.1582117080688477,1.1576753854751587,1.1579434871673584
2026-08-18T22:00:00Z,1.1579434871673584,1.1579434871673584,1.1578094959259033,1.1579434871673584
2026-08-18T22:30:00Z,1.1579434871673584,1.158077597618103,1.1578094959259033,1.1579434871673584
2026-08-18T23:00:00Z,1.158077597618103,1.1582117080688477,1.1578094959259033,1.1578094959259033
2026-08-18T23:30:00Z,1.1578094959259033,1.1579434871673584,1.1576753854751587,1.1579434871673584
2026-08-19T00:00:00Z,1.1579434871673584,1.1584800481796265,1.1579434871673584,1.1582117080688477
2026-08-19T00:30:00Z,1.1583458185195923,1.1583458185195923,1.1576753854751587,1.1578094959259033
2026-08-19T01:00:00Z,1.1578094959259033,1.1578094959259033,1.1574074029922485,1.1576753854751587
2026-08-19T01:30:00Z,1.1578094959259033,1.158077597618103,1.1578094959259033,1.158077597618103
2026-08-19T02:00:00Z,1.158077597618103,1.1587486267089844,1.1579434871673584,1.1586142778396606
2026-08-19T02:30:00Z,1.1586142778396606,1.1590172052383423,1.1584800481796265,1.1586142778396606
2026-08-19T03:00:00Z,1.1586142778396606,1.1588828563690186,1.1586142778396606,1.1587486267089844
2026-08-19T03:30:00Z,1.1587486267089844,1.1587486267089844,1.1584800481796265,1.1584800481796265
2026-08-19T04:00:00Z,1.1584800481796265,1.1587486267089844,1.1584800481796265,1.1586142778396606
2026-08-19T04:30:00Z,1.1587486267089844,1.1588828563690186,1.1586142778396606,1.1588828563690186
2026-08-19T05:00:00Z,1.1590172052383423,1.1590172052383423,1.1587486267089844,1.1590172052383423
2026-08-19T05:30:00Z,1.1590172052383423,1.1592857837677002,1.1588828563690186,1.159151554107666
2026-08-19T06:00:00Z,1.1592857837677002,1.160092830657959,1.1592857837677002,1.160092830657959
2026-08-19T06:30:00Z,1.160092830657959,1.160092830657959,1.1598236560821533,1.1598236560821533
2026-08-19T07:00:00Z,1.1599582433700562,1.1599582433700562,1.1595547199249268,1.1598236560821533
2026-08-19T07:30:00Z,1.1599582433700562,1.160092830657959,1.15968918800354,1.1599582433700562
2026-08-19T08:00:00Z,1.1599582433700562,1.1607661247253418,1.1599582433700562,1.1602274179458618
2026-08-19T08:30:00Z,1.1602274179458618,1.1606314182281494,1.160092830657959,1.160092830657959
2026-08-19T09:00:00Z,1.160092830657959,1.1607661247253418,1.1599582433700562,1.1607661247253418
2026-08-19T09:30:00Z,1.1607661247253418,1.1610356569290161,1.1607661247253418,1.1610356569290161
2026-08-19T10:00:00Z,1.1609008312225342,1.161440134048462,1.1609008312225342,1.161440134048462
2026-08-19T10:30:00Z,1.161440134048462,1.1615750789642334,1.1610356569290161,1.1610356569290161
2026-08-19T11:00:00Z,1.1610356569290161,1.161170482635498,1.1606314182281494,1.1607661247253418
2026-08-19T11:30:00Z,1.1609008312225342,1.1609008312225342,1.1603620052337646,1.1606314182281494
2026-08-19T12:00:00Z,1.1607661247253418,1.16130530834198,1.1606314182281494,1.1610356569290161
2026-08-19T12:30:00Z,1.1610356569290161,1.1645511388778687,1.1610356569290161,1.1640088558197021
2026-08-19T13:00:00Z,1.1642799377441406,1.1656370162963867,1.1642799377441406,1.1656370162963867
2026-08-19T13:30:00Z,1.1659088134765625,1.16604483127594,1.1652295589447021,1.16604483127594
2026-08-19T14:00:00Z,1.16604483127594,1.1674060821533203,1.1657729148864746,1.1674060821533203
2026-08-19T14:30:00Z,1.1674060821533203,1.1680878400802612,1.1665889024734497,1.1665889024734497
2026-08-19T15:00:00Z,1.1667250394821167,1.1668611764907837,1.16604483127594,1.1663167476654053
2026-08-19T15:30:00Z,1.1663167476654053,1.1671334505081177,1.1663167476654053,1.1667250394821167
2026-08-19T16:00:00Z,1.1668611764907837,1.1674060821533203,1.1668611764907837,1.1671334505081177
2026-08-19T16:30:00Z,1.1671334505081177,1.1675423383712769,1.1671334505081177,1.1672697067260742
2026-08-19T17:00:00Z,1.1675423383712769,1.1675423383712769,1.1665889024734497,1.1667250394821167
2026-08-19T17:30:00Z,1.1667250394821167,1.1667250394821167,1.1661807298660278,1.1661807298660278
2026-08-19T18:00:00Z,1.1664528846740723,1.1674060821533203,1.1663167476654053,1.1664528846740723
2026-08-19T18:30:00Z,1.1665889024734497,1.1678149700164795,1.1665889024734497,1.1676785945892334
2026-08-19T19:00:00Z,1.1678149700164795,1.1680878400802612,1.1674060821533203,1.1680878400802612
2026-08-19T19:30:00Z,1.1680878400802612,1.1682243347167969,1.1675423383712769,1.1680878400802612
2026-08-19T20:00:00Z,1.1680878400802612,1.1680878400802612,1.1678149700164795,1.1679514646530151
2026-08-19T20:30:00Z,1.1679514646530151,1.1682243347167969,1.1678149700164795,1.1680878400802612
2026-08-19T21:00:00Z,1.1680878400802612,1.1682243347167969,1.1678149700164795,1.1680878400802612
2026-08-19T21:30:00Z,1.1679514646530151,1.1683608293533325,1.1678149700164795,1.1679514646530151
2026-08-19T22:00:00Z,1.1683608293533325,1.1686338186264038,1.1680878400802612,1.1680878400802612
2026-08-19T22:30:00Z,1.1682243347167969,1.1682243347167969,1.1679514646530151,1.1680878400802612
2026-08-19T23:00:00Z,1.1679514646530151,1.1680878400802612,1.1676785945892334,1.1678149700164795
2026-08-19T23:30:00Z,1.1678149700164795,1.1678149700164795,1.1676785945892334,1.1678149700164795
2026-08-20T00:00:00Z,1.1679514646530151,1.1683608293533325,1.1678149700164795,1.1678149700164795
2026-08-20T00:30:00Z,1.1679514646530151,1.1680878400802612,1.1675423383712769,1.1678149700164795
2026-08-20T01:00:00Z,1.1678149700164795,1.1682243347167969,1.1674060821533203,1.1682243347167969
2026-08-20T01:30:00Z,1.1683608293533325,1.1684973239898682,1.1676785945892334,1.1679514646530151
2026-08-20T02:00:00Z,1.1679514646530151,1.1686338186264038,1.1676785945892334,1.1678149700164795
2026-08-20T02:30:00Z,1.1679514646530151,1.1682243347167969,1.1678149700164795,1.1678149700164795
2026-08-20T03:00:00Z,1.1678149700164795,1.1683608293533325,1.1678149700164795,1.1680878400802612
2026-08-20T03:30:00Z,1.1680878400802612,1.1683608293533325,1.1679514646530151,1.1682243347167969
2026-08-20T04:00:00Z,1.1683608293533325,1.1683608293533325,1.1680878400802612,1.1680878400802612
2026-08-20T04:30:00Z,1.1679514646530151,1.1680878400802612,1.1676785945892334,1.1676785945892334
2026-08-20T05:00:00Z,1.1676785945892334,1.1679514646530151,1.1675423383712769,1.1675423383712769
2026-08-20T05:30:00Z,1.1676785945892334,1.1680878400802612,1.1674060821533203,1.1679514646530151
2026-08-20T06:00:00Z,1.1680878400802612,1.1683608293533325,1.1676785945892334,1.1680878400802612
2026-08-20T06:30:00Z,1.1680878400802612,1.1691803932189941,1.1679514646530151,1.1691803932189941
2026-08-20T07:00:00Z,1.1690436601638794,1.1690436601638794,1.1682243347167969,1.1682243347167969
2026-08-20T07:30:00Z,1.1684973239898682,1.1695905923843384,1.1684973239898682,1.1695905923843384
2026-08-20T08:00:00Z,1.1695905923843384,1.169864296913147,1.1694538593292236,1.1694538593292236
2026-08-20T08:30:00Z,1.1693171262741089,1.1702749729156494,1.1693171262741089,1.1701380014419556
2026-08-20T09:00:00Z,1.1702749729156494,1.1712344884872437,1.169864296913147,1.1709601879119873
2026-08-20T09:30:00Z,1.1709601879119873,1.1710972785949707,1.1704120635986328,1.1710972785949707
2026-08-20T10:00:00Z,1.170823097229004,1.1713716983795166,1.170823097229004,1.1712344884872437
2026-08-20T10:30:00Z,1.1710972785949707,1.1710972785949707,1.169864296913147,1.1700011491775513
2026-08-20T11:00:00Z,1.1700011491775513,1.1700011491775513,1.1693171262741089,1.1695905923843384
2026-08-20T11:30:00Z,1.1694538593292236,1.1700011491775513,1.1686338186264038,1.168770432472229
2026-08-20T12:00:00Z,1.1689070463180542,1.1693171262741089,1.1682243347167969,1.1690436601638794
2026-08-20T12:30:00Z,1.1689070463180542,1.1693171262741089,1.1683608293533325,1.1691803932189941
2026-08-20T13:00:00Z,1.1694538593292236,1.1697274446487427,1.168770432472229,1.1690436601638794
2026-08-20T13:30:00Z,1.1690436601638794,1.1690436601638794,1.1679514646530151,1.1679514646530151
2026-08-20T14:00:00Z,1.1680878400802612,1.1682243347167969,1.1675423383712769,1.1682243347167969
2026-08-20T14:30:00Z,1.1682243347167969,1.168770432472229,1.1682243347167969,1.1686338186264038
2026-08-20T15:00:00Z,1.1684973239898682,1.1695905923843384,1.1680878400802612,1.168770432472229
2026-08-20T15:30:00Z,1.168770432472229,1.168770432472229,1.1676785945892334,1.1682243347167969
2026-08-20T16:00:00Z,1.1682243347167969,1.1682243347167969,1.1676785945892334,1.1676785945892334
2026-08-20T16:30:00Z,1.1676785945892334,1.1678149700164795,1.1672697067260742,1.1676785945892334
2026-08-20T17:00:00Z,1.1676785945892334,1.1678149700164795,1.1674060821533203,1.1676785945892334
2026-08-20T17:30:00Z,1.1675423383712769,1.1678149700164795,1.1674060821533203,1.1678149700164795
2026-08-20T18:00:00Z,1.1678149700164795,1.1678149700164795,1.1674060821533203,1.1675423383712769
2026-08-20T18:30:00Z,1.1676785945892334,1.1679514646530151,1.1676785945892334,1.1679514646530151
2026-08-20T19:00:00Z,1.1678149700164795,1.1680878400802612,1.1676785945892334,1.1679514646530151
2026-08-20T19:30:00Z,1.1680878400802612,1.1682243347167969,1.1678149700164795,1.1680878400802612
2026-08-20T20:00:00Z,1.1682243347167969,1.1682243347167969,1.1679514646530151,1.1680878400802612
2026-08-20T20:30:00Z,1.1680878400802612,1.1683608293533325,1.1680878400802612,1.1682243347167969
2026-08-20T21:00:00Z,1.1680878400802612,1.1683608293533325,1.1679514646530151,1.1683608293533325
2026-08-20T21:30:00Z,1.1680878400802612,1.1683608293533325,1.1679514646530151,1.1680878400802612
2026-08-20T22:00:00Z,1.1682243347167969,1.168770432472229,1.1682243347167969,1.168770432472229
2026-08-20T22:30:00Z,1.1686338186264038,1.168770432472229,1.1684973239898682,1.1686338186264038
2026-08-20T23:00:00Z,1.168770432472229,1.1690436601638794,1.168770432472229,1.1689070463180542
2026-08-20T23:30:00Z,1.1690436601638794,1.1691803932189941,1.168770432472229,1.1690436601638794
2026-08-21T00:00:00Z,1.1690436601638794,1.1693171262741089,1.1689070463180542,1.1690436601638794
2026-08-21T00:30:00Z,1.1690436601638794,1.1691803932189941,1.1686338186264038,1.1686338186264038
2026-08-21T01:00:00Z,1.168770432472229,1.1694538593292236,1.1686338186264038,1.1694538593292236
2026-08-21T01:30:00Z,1.1694538593292236,1.1695905923843384,1.1691803932189941,1.1694538593292236
2026-08-21T02:00:00Z,1.1694538593292236,1.1700011491775513,1.1691803932189941,1.169864296913147
2026-08-21T02:30:00Z,1.169864296913147,1.1704120635986328,1.1697274446487427,1.1700011491775513
2026-08-21T03:00:00Z,1.1700011491775513,1.1701380014419556,1.169864296913147,1.169864296913147
2026-08-21T03:30:00Z,1.1697274446487427,1.169864296913147,1.1695905923843384,1.1697274446487427
2026-08-21T04:00:00Z,1.1695905923843384,1.169864296913147,1.1695905923843384,1.1695905923843384
2026-08-21T04:30:00Z,1.1695905923843384,1.1697274446487427,1.1694538593292236,1.1695905923843384
2026-08-21T05:00:00Z,1.1695905923843384,1.1697274446487427,1.1694538593292236,1.1694538593292236
2026-08-21T05:30:00Z,1.1694538593292236,1.1702749729156494,1.1693171262741089,1.1701380014419556
2026-08-21T06:00:00Z,1.1700011491775513,1.1700011491775513,1.1693171262741089,1.1695905923843384
2026-08-21T06:30:00Z,1.1695905923843384,1.1701380014419556,1.1695905923843384,1.1701380014419556
2026-08-21T07:00:00Z,1.1701380014419556,1.1702749729156494,1.1695905923843384,1.1697274446487427
2026-08-21T07:30:00Z,1.1697274446487427,1.1700011491775513,1.1690436601638794,1.1694538593292236
2026-08-21T08:00:00Z,1.1695905923843384,1.1700011491775513,1.1693171262741089,1.169864296913147
2026-08-21T08:30:00Z,1.169864296913147,1.1709601879119873,1.169864296913147,1.1709601879119873
2026-08-21T09:00:00Z,1.170823097229004,1.1715089082717896,1.1706860065460205,1.170823097229004
2026-08-21T09:30:00Z,1.170823097229004,1.1710972785949707,1.1704120635986328,1.1704120635986328
2026-08-21T10:00:00Z,1.1702749729156494,1.1712344884872437,1.1702749729156494,1.1712344884872437
2026-08-21T10:30:00Z,1.1710972785949707,1.1713716983795166,1.170548915863037,1.170548915863037
2026-08-21T11:00:00Z,1.170548915863037,1.1712344884872437,1.1704120635986328,1.1712344884872437
2026-08-21T11:30:00Z,1.170823097229004,1.170823097229004,1.1700011491775513,1.1704120635986328
2026-08-21T12:00:00Z,1.170548915863037,1.1706860065460205,1.169864296913147,1.169864296913147
2026-08-21T12:30:00Z,1.1695905923843384,1.1695905923843384,1.1689070463180542,1.1694538593292236
2026-08-21T13:00:00Z,1.1694538593292236,1.1694538593292236,1.1684973239898682,1.168770432472229
2026-08-21T13:30:00Z,1.1686338186264038,1.168770432472229,1.1682243347167969,1.1686338186264038
2026-08-21T14:00:00Z,1.1683608293533325,1.1684973239898682,1.1676785945892334,1.1676785945892334
2026-08-21T14:30:00Z,1.1676785945892334,1.1679514646530151,1.1672697067260742,1.1675423383712769
2026-08-21T15:00:00Z,1.1676785945892334,1.1680878400802612,1.1675423383712769,1.1679514646530151
2026-08-21T15:30:00Z,1.1680878400802612,1.168770432472229,1.1679514646530151,1.1686338186264038
2026-08-21T16:00:00Z,1.1686338186264038,1.168770432472229,1.1683608293533325,1.1686338186264038
2026-08-21T16:30:00Z,1.1686338186264038,1.168770432472229,1.1684973239898682,1.1684973239898682
2026-08-21T17:00:00Z,1.1684973239898682,1.1684973239898682,1.1680878400802612,1.1684973239898682
2026-08-21T17:30:00Z,1.1683608293533325,1.1686338186264038,1.1682243347167969,1.1683608293533325
2026-08-21T18:00:00Z,1.1684973239898682,1.1686338186264038,1.1683608293533325,1.1686338186264038
2026-08-21T18:30:00Z,1.1684973239898682,1.1686338186264038,1.1683608293533325,1.1686338186264038
2026-08-21T19:00:00Z,1.1684973239898682,1.1686338186264038,1.1682243347167969,1.1682243347167969
2026-08-21T19:30:00Z,1.1682243347167969,1.1684973239898682,1.1680878400802612,1.1682243347167969
2026-08-21T20:00:00Z,1.1682243347167969,1.1682243347167969,1.1679514646530151,1.1679514646530151
2026-08-21T20:30:00Z,1.1678149700164795,1.1680878400802612,1.1678149700164795,1.1678149700164795
2026-08-21T21:00:00Z,1.1678149700164795,1.1678149700164795,1.1678149700164795,1.1678149700164795
2026-08-23T23:00:00Z,1.1679514646530151,1.1679514646530151,1.1678149700164795,1.1679514646530151
2026-08-23T23:30:00Z,1.1679514646530151,1.1684973239898682,1.1679514646530151,1.1684973239898682
2026-08-24T00:00:00Z,1.1686338186264038,1.1690436601638794,1.1686338186264038,1.168770432472229
2026-08-24T00:30:00Z,1.168770432472229,1.1689070463180542,1.1686338186264038,1.1689070463180542
2026-08-24T01:00:00Z,1.1689070463180542,1.1689070463180542,1.1680878400802612,1.1680878400802612
2026-08-24T01:30:00Z,1.1680878400802612,1.1684973239898682,1.1680878400802612,1.1684973239898682
2026-08-24T02:00:00Z,1.1684973239898682,1.168770432472229,1.1684973239898682,1.1686338186264038
2026-08-24T02:30:00Z,1.1686338186264038,1.1686338186264038,1.1683608293533325,1.1684973239898682
2026-08-24T03:00:00Z,1.1684973239898682,1.1684973239898682,1.1683608293533325,1.1684973239898682
2026-08-24T03:30:00Z,1.1684973239898682,1.1684973239898682,1.1682243347167969,1.1683608293533325
2026-08-24T04:00:00Z,1.1683608293533325,1.1684973239898682,1.1679514646530151,1.1684973239898682
2026-08-24T04:30:00Z,1.1683608293533325,1.1684973239898682,1.1683608293533325,1.1684973239898682
2026-08-24T05:00:00Z,1.1686338186264038,1.1686338186264038,1.1682243347167969,1.1682243347167969
2026-08-24T05:30:00Z,1.1682243347167969,1.1684973239898682,1.1679514646530151,1.1683608293533325
2026-08-24T06:00:00Z,1.1683608293533325,1.1683608293533325,1.1678149700164795,1.1678149700164795
2026-08-24T06:30:00Z,1.1679514646530151,1.1683608293533325,1.1679514646530151,1.1680878400802612
2026-08-24T07:00:00Z,1.1683608293533325,1.1683608293533325,1.1674060821533203,1.1678149700164795
2026-08-24T07:30:00Z,1.1678149700164795,1.1679514646530151,1.1668611764907837,1.1671334505081177
2026-08-24T08:00:00Z,1.1671334505081177,1.1671334505081177,1.1664528846740723,1.1664528846740723
2026-08-24T08:30:00Z,1.1664528846740723,1.1669973134994507,1.1664528846740723,1.1667250394821167
2026-08-24T09:00:00Z,1.1667250394821167,1.1669973134994507,1.1664528846740723,1.1665889024734497
2026-08-24T09:30:00Z,1.1667250394821167,1.1668611764907837,1.1664528846740723,1.1667250394821167
2026-08-24T10:00:00Z,1.1668611764907837,1.1669973134994507,1.1667250394821167,1.1669973134994507
2026-08-24T10:30:00Z,1.1668611764907837,1.1669973134994507,1.1665889024734497,1.1667250394821167
2026-08-24T11:00:00Z,1.1667250394821167,1.1671334505081177,1.1667250394821167,1.1671334505081177
2026-08-24T11:30:00Z,1.1671334505081177,1.1674060821533203,1.1668611764907837,1.1669973134994507
2026-08-24T12:00:00Z,1.1669973134994507,1.1675423383712769,1.1665889024734497,1.1675423383712769
2026-08-24T12:30:00Z,1.1675423383712769,1.1675423383712769,1.1669973134994507,1.1672697067260742
2026-08-24T13:00:00Z,1.1674060821533203,1.1678149700164795,1.1671334505081177,1.1674060821533203
2026-08-24T13:30:00Z,1.1675423383712769,1.1675423383712769,1.1667250394821167,1.1668611764907837
2026-08-24T14:00:00Z,1.1667250394821167,1.1674060821533203,1.1667250394821167,1.1674060821533203
2026-08-24T14:30:00Z,1.1675423383712769,1.1675423383712769,1.1667250394821167,1.1668611764907837
2026-08-24T15:00:00Z,1.1668611764907837,1.1675423383712769,1.1668611764907837,1.1675423383712769
2026-08-24T15:30:00Z,1.1674060821533203,1.1674060821533203,1.1668611764907837,1.1668611764907837
2026-08-24T16:00:00Z,1.1667250394821167,1.1672697067260742,1.1667250394821167,1.1668611764907837
2026-08-24T16:30:00Z,1.1669973134994507,1.1671334505081177,1.1667250394821167,1.1668611764907837
2026-08-24T17:00:00Z,1.1668611764907837,1.1669973134994507,1.16604483127594,1.1661807298660278
2026-08-24T17:30:00Z,1.1663167476654053,1.1663167476654053,1.1659088134765625,1.1663167476654053
2026-08-24T18:00:00Z,1.1663167476654053,1.1668611764907837,1.16604483127594,1.1668611764907837
2026-08-24T18:30:00Z,1.1668611764907837,1.1668611764907837,1.1664528846740723,1.1668611764907837
2026-08-24T19:00:00Z,1.1665889024734497,1.1667250394821167,1.1663167476654053,1.1663167476654053
2026-08-24T19:30:00Z,1.1663167476654053,1.1667250394821167,1.1663167476654053,1.1664528846740723
2026-08-24T20:00:00Z,1.1664528846740723,1.1667250394821167,1.1664528846740723,1.1667250394821167
2026-08-24T20:30:00Z,1.1667250394821167,1.1667250394821167,1.1665889024734497,1.1667250394821167
2026-08-24T21:00:00Z,1.1664528846740723,1.1669973134994507,1.1663167476654053,1.1668611764907837
2026-08-24T21:30:00Z,1.1668611764907837,1.1669973134994507,1.1665889024734497,1.1667250394821167
2026-08-24T22:00:00Z,1.1667250394821167,1.1668611764907837,1.1667250394821167,1.1667250394821167
2026-08-24T22:30:00Z,1.1667250394821167,1.1668611764907837,1.1667250394821167,1.1668611764907837
2026-08-24T23:00:00Z,1.1668611764907837,1.1668611764907837,1.1667250394821167,1.1668611764907837
2026-08-24T23:30:00Z,1.1668611764907837,1.1671334505081177,1.1667250394821167,1.1671334505081177
2026-08-25T00:00:00Z,1.1672697067260742,1.1674060821533203,1.1671334505081177,1.1672697067260742
2026-08-25T00:30:00Z,1.1672697067260742,1.1674060821533203,1.1671334505081177,1.1672697067260742
2026-08-25T01:00:00Z,1.1669973134994507,1.1671334505081177,1.1667250394821167,1.1669973134994507
2026-08-25T01:30:00Z,1.1669973134994507,1.1669973134994507,1.1665889024734497,1.1665889024734497
2026-08-25T02:00:00Z,1.1665889024734497,1.1667250394821167,1.1664528846740723,1.1667250394821167
2026-08-25T02:30:00Z,1.1667250394821167,1.1667250394821167,1.1663167476654053,1.1663167476654053
2026-08-25T03:00:00Z,1.1664528846740723,1.1665889024734497,1.1661807298660278,1.1663167476654053
2026-08-25T03:30:00Z,1.1661807298660278,1.1664528846740723,1.1661807298660278,1.1664528846740723
2026-08-25T04:00:00Z,1.1664528846740723,1.1664528846740723,1.1659088134765625,1.1659088134765625
2026-08-25T04:30:00Z,1.1659088134765625,1.16604483127594,1.1659088134765625,1.1659088134765625
2026-08-25T05:00:00Z,1.1659088134765625,1.16604483127594,1.1657729148864746,1.16604483127594
2026-08-25T05:30:00Z,1.16604483127594,1.16604483127594,1.1656370162963867,1.1656370162963867
2026-08-25T06:00:00Z,1.1656370162963867,1.1661807298660278,1.1656370162963867,1.1661807298660278
2026-08-25T06:30:00Z,1.16604483127594,1.1661807298660278,1.1655012369155884,1.1656370162963867
2026-08-25T07:00:00Z,1.1656370162963867,1.1665889024734497,1.1656370162963867,1.1661807298660278
2026-08-25T07:30:00Z,1.1661807298660278,1.1663167476654053,1.16604483127594,1.1661807298660278
2026-08-25T08:00:00Z,1.1663167476654053,1.1667250394821167,1.1661807298660278,1.1665889024734497
2026-08-25T08:30:00Z,1.1665889024734497,1.1671334505081177,1.1664528846740723,1.1671334505081177
2026-08-25T09:00:00Z,1.1671334505081177,1.1676785945892334,1.1669973134994507,1.1669973134994507
2026-08-25T09:30:00Z,1.1669973134994507,1.1675423383712769,1.1669973134994507,1.1672697067260742
2026-08-25T10:00:00Z,1.1671334505081177,1.1671334505081177,1.1663167476654053,1.1663167476654053
2026-08-25T10:30:00Z,1.1663167476654053,1.1668611764907837,1.1663167476654053,1.1665889024734497
2026-08-25T11:00:00Z,1.1665889024734497,1.1667250394821167,1.1661807298660278,1.1664528846740723
2026-08-25T11:30:00Z,1.1665889024734497,1.1667250394821167,1.1663167476654053,1.1663167476654053
2026-08-25T12:00:00Z,1.1664528846740723,1.1667250394821167,1.1664528846740723,1.1667250394821167
2026-08-25T12:30:00Z,1.1667250394821167,1.1669973134994507,1.1664528846740723,1.1669973134994507
2026-08-25T13:00:00Z,1.1669973134994507,1.1678149700164795,1.1667250394821167,1.1675423383712769
2026-08-25T13:30:00Z,1.1674060821533203,1.1676785945892334,1.1672697067260742,1.1676785945892334
2026-08-25T14:00:00Z,1.1675423383712769,1.1676785945892334,1.1672697067260742,1.1674060821533203
2026-08-25T14:30:00Z,1.1672697067260742,1.1678149700164795,1.1669973134994507,1.1672697067260742
2026-08-25T15:00:00Z,1.1672697067260742,1.1675423383712769,1.1671334505081177,1.1674060821533203
2026-08-25T15:30:00Z,1.1674060821533203,1.1678149700164795,1.1674060821533203,1.1676785945892334
2026-08-25T16:00:00Z,1.1676785945892334,1.1676785945892334,1.1671334505081177,1.1672697067260742
2026-08-25T16:30:00Z,1.1674060821533203,1.1675423383712769,1.1672697067260742,1.1674060821533203
2026-08-25T17:00:00Z,1.1674060821533203,1.1675423383712769,1.1672697067260742,1.1674060821533203
2026-08-25T17:30:00Z,1.1674060821533203,1.1678149700164795,1.1672697067260742,1.1678149700164795
2026-08-25T18:00:00Z,1.1676785945892334,1.1678149700164795,1.1675423383712769,1.1678149700164795
2026-08-25T18:30:00Z,1.1678149700164795,1.1678149700164795,1.1676785945892334,1.1676785945892334
2026-08-25T19:00:00Z,1.1678149700164795,1.1682243347167969,1.1678149700164795,1.1678149700164795
2026-08-25T19:30:00Z,1.1676785945892334,1.1680878400802612,1.1672697067260742,1.1679514646530151
2026-08-25T20:00:00Z,1.1679514646530151,1.1682243347167969,1.1679514646530151,1.1679514646530151
2026-08-25T20:30:00Z,1.1680878400802612,1.1680878400802612,1.1676785945892334,1.1676785945892334
2026-08-25T21:00:00Z,1.1689070463180542,1.1690436601638794,1.1675423383712769,1.1676785945892334
2026-08-25T21:30:00Z,1.1678149700164795,1.1682243347167969,1.1674060821533203,1.1676785945892334
2026-08-25T22:00:00Z,1.1676785945892334,1.1679514646530151,1.1676785945892334,1.1678149700164795
2026-08-25T22:30:00Z,1.1678149700164795,1.1680878400802612,1.1678149700164795,1.1680878400802612
2026-08-25T23:00:00Z,1.1680878400802612,1.1680878400802612,1.1678149700164795,1.1678149700164795
2026-08-25T23:30:00Z,1.1678149700164795,1.1678149700164795,1.1676785945892334,1.1678149700164795
2026-08-26T00:00:00Z,1.1678149700164795,1.1679514646530151,1.1676785945892334,1.1676785945892334
2026-08-26T00:30:00Z,1.1676785945892334,1.1678149700164795,1.1675423383712769,1.1676785945892334
2026-08-26T01:00:00Z,1.1676785945892334,1.1676785945892334,1.1674060821533203,1.1674060821533203
2026-08-26T01:30:00Z,1.1675423383712769,1.1675423383712769,1.1672697067260742,1.1674060821533203
2026-08-26T02:00:00Z,1.1674060821533203,1.1675423383712769,1.1672697067260742,1.1672697067260742
2026-08-26T02:30:00Z,1.1672697067260742,1.1674060821533203,1.1669973134994507,1.1671334505081177
2026-08-26T03:00:00Z,1.1671334505081177,1.1671334505081177,1.1668611764907837,1.1669973134994507
2026-08-26T03:30:00Z,1.1669973134994507,1.1669973134994507,1.1667250394821167,1.1667250394821167
2026-08-26T04:00:00Z,1.1668611764907837,1.1668611764907837,1.1665889024734497,1.1667250394821167
2026-08-26T04:30:00Z,1.1667250394821167,1.1668611764907837,1.1664528846740723,1.1665889024734497
2026-08-26T05:00:00Z,1.1665889024734497,1.1668611764907837,1.1664528846740723,1.1668611764907837
2026-08-26T05:30:00Z,1.1667250394821167,1.1669973134994507,1.1667250394821167,1.1668611764907837
2026-08-26T06:00:00Z,1.1668611764907837,1.1668611764907837,1.1665889024734497,1.1665889024734497
2026-08-26T06:30:00Z,1.1664528846740723,1.1669973134994507,1.1664528846740723,1.1669973134994507
2026-08-26T07:00:00Z,1.1671334505081177,1.1674060821533203,1.1671334505081177,1.1672697067260742
2026-08-26T07:30:00Z,1.1672697067260742,1.1675423383712769,1.1671334505081177,1.1674060821533203
2026-08-26T08:00:00Z,1.1674060821533203,1.1680878400802612,1.1674060821533203,1.1680878400802612
2026-08-26T08:30:00Z,1.1680878400802612,1.1680878400802612,1.1674060821533203,1.1674060821533203
2026-08-26T09:00:00Z,1.1674060821533203,1.1674060821533203,1.1667250394821167,1.1667250394821167
2026-08-26T09:30:00Z,1.1668611764907837,1.1672697067260742,1.1668611764907837,1.1669973134994507
2026-08-26T10:00:00Z,1.1669973134994507,1.1669973134994507,1.1665889024734497,1.1665889024734497
2026-08-26T10:30:00Z,1.1667250394821167,1.1668611764907837,1.1664528846740723,1.1665889024734497
2026-08-26T11:00:00Z,1.1665889024734497,1.1668611764907837,1.1664528846740723,1.1665889024734497
2026-08-26T11:30:00Z,1.1665889024734497,1.1672697067260742,1.1665889024734497,1.1672697067260742
2026-08-26T12:00:00Z,1.1672697067260742,1.1678149700164795,1.1671334505081177,1.1675423383712769
2026-08-26T12:30:00Z,1.1676785945892334,1.1676785945892334,1.1661807298660278,1.1661807298660278
2026-08-26T13:00:00Z,1.1659088134765625,1.16604483127594,1.1656370162963867,1.16604483127594
2026-08-26T13:30:00Z,1.1661807298660278,1.1661807298660278,1.1656370162963867,1.1656370162963867
2026-08-26T14:00:00Z,1.1656370162963867,1.1656370162963867,1.164686679840088,1.1648223400115967
2026-08-26T14:30:00Z,1.1645511388778687,1.1653653383255005,1.1645511388778687,1.164958119392395
2026-08-26T15:00:00Z,1.1648223400115967,1.1655012369155884,1.1648223400115967,1.1655012369155884
2026-08-26T15:30:00Z,1.1655012369155884,1.1657729148864746,1.1652295589447021,1.1653653383255005
2026-08-26T16:00:00Z,1.1655012369155884,1.1657729148864746,1.1653653383255005,1.1656370162963867
2026-08-26T16:30:00Z,1.1656370162963867,1.1656370162963867,1.1652295589447021,1.1653653383255005
2026-08-26T17:00:00Z,1.1653653383255005,1.1656370162963867,1.1652295589447021,1.1656370162963867
2026-08-26T17:30:00Z,1.1656370162963867,1.1657729148864746,1.1653653383255005,1.1656370162963867
2026-08-26T18:00:00Z,1.1655012369155884,1.1657729148864746,1.1655012369155884,1.1655012369155884
2026-08-26T18:30:00Z,1.1655012369155884,1.1656370162963867,1.1653653383255005,1.1655012369155884
2026-08-26T19:00:00Z,1.1655012369155884,1.1656370162963867,1.1653653383255005,1.1655012369155884
2026-08-26T19:30:00Z,1.1656370162963867,1.1656370162963867,1.1653653383255005,1.1656370162963867
2026-08-26T20:00:00Z,1.1656370162963867,1.1656370162963867,1.1655012369155884,1.1656370162963867
2026-08-26T20:30:00Z,1.1656370162963867,1.1657729148864746,1.1656370162963867,1.1656370162963867
2026-08-26T21:00:00Z,1.1653653383255005,1.1656370162963867,1.1652295589447021,1.1656370162963867
2026-08-26T21:30:00Z,1.1655012369155884,1.1659088134765625,1.1655012369155884,1.1657729148864746
2026-08-26T22:00:00Z,1.16604483127594,1.16604483127594,1.1657729148864746,1.1659088134765625
2026-08-26T22:30:00Z,1.1659088134765625,1.1659088134765625,1.1657729148864746,1.1657729148864746
2026-08-26T23:00:00Z,1.1659088134765625,1.16604483127594,1.1657729148864746,1.1659088134765625
2026-08-26T23:30:00Z,1.1659088134765625,1.16604483127594,1.1657729148864746,1.1659088134765625
2026-08-27T00:00:00Z,1.1659088134765625,1.1661807298660278,1.1659088134765625,1.1661807298660278
2026-08-27T00:30:00Z,1.1661807298660278,1.1661807298660278,1.1657729148864746,1.16604483127594
2026-08-27T01:00:00Z,1.16604483127594,1.1663167476654053,1.16604483127594,1.1661807298660278
2026-08-27T01:30:00Z,1.1661807298660278,1.1663167476654053,1.16604483127594,1.1661807298660278
2026-08-27T02:00:00Z,1.1661807298660278,1.1663167476654053,1.1659088134765625,1.1659088134765625
2026-08-27T02:30:00Z,1.1659088134765625,1.16604483127594,1.1659088134765625,1.1659088134765625
2026-08-27T03:00:00Z,1.1659088134765625,1.16604483127594,1.1657729148864746,1.1657729148864746
2026-08-27T03:30:00Z,1.1659088134765625,1.1659088134765625,1.1657729148864746,1.1657729148864746
2026-08-27T04:00:00Z,1.1657729148864746,1.16604483127594,1.1657729148864746,1.1659088134765625
2026-08-27T04:30:00Z,1.1659088134765625,1.1659088134765625,1.1657729148864746,1.1659088134765625
2026-08-27T05:00:00Z,1.1659088134765625,1.16604483127594,1.1657729148864746,1.16604483127594
2026-08-27T05:30:00Z,1.1661807298660278,1.1661807298660278,1.1656370162963867,1.1657729148864746
2026-08-27T06:00:00Z,1.1657729148864746,1.16604483127594,1.1656370162963867,1.1659088134765625
2026-08-27T06:30:00Z,1.1659088134765625,1.1659088134765625,1.1656370162963867,1.1657729148864746
2026-08-27T07:00:00Z,1.1657729148864746,1.16604483127594,1.1656370162963867,1.1656370162963867
2026-08-27T07:30:00Z,1.1656370162963867,1.1659088134765625,1.1656370162963867,1.1659088134765625
2026-08-27T08:00:00Z,1.1659088134765625,1.1661807298660278,1.1655012369155884,1.1655012369155884
2026-08-27T08:30:00Z,1.1655012369155884,1.1656370162963867,1.1652295589447021,1.1652295589447021
2026-08-27T09:00:00Z,1.1652295589447021,1.1652295589447021,1.164686679840088,1.164958119392395
2026-08-27T09:30:00Z,1.1650937795639038,1.1650937795639038,1.1645511388778687,1.1645511388778687
2026-08-27T10:00:00Z,1.1644154787063599,1.1650937795639038,1.1644154787063599,1.164958119392395
2026-08-27T10:30:00Z,1.164958119392395,1.164958119392395,1.1642799377441406,1.1644154787063599
2026-08-27T11:00:00Z,1.1644154787063599,1.1645511388778687,1.1642799377441406,1.1644154787063599
2026-08-27T11:30:00Z,1.1645511388778687,1.164686679840088,1.1641442775726318,1.1645511388778687
2026-08-27T12:00:00Z,1.1645511388778687,1.164958119392395,1.1645511388778687,1.164686679840088
2026-08-27T12:30:00Z,1.1648223400115967,1.1648223400115967,1.1644154787063599,1.1644154787063599
2026-08-27T13:00:00Z,1.1644154787063599,1.1663167476654053,1.1644154787063599,1.1661807298660278
2026-08-27T13:30:00Z,1.1661807298660278,1.1661807298660278,1.1655012369155884,1.1657729148864746
2026-08-27T14:00:00Z,1.1657729148864746,1.16604483127594,1.1652295589447021,1.1653653383255005
2026-08-27T14:30:00Z,1.1653653383255005,1.1659088134765625,1.164958119392395,1.164958119392395
2026-08-27T15:00:00Z,1.164958119392395,1.1656370162963867,1.164958119392395,1.1655012369155884
2026-08-27T15:30:00Z,1.1655012369155884,1.1657729148864746,1.1653653383255005,1.1656370162963867
2026-08-27T16:00:00Z,1.1657729148864746,1.1657729148864746,1.1653653383255005,1.1656370162963867
2026-08-27T16:30:00Z,1.1656370162963867,1.1659088134765625,1.1655012369155884,1.1656370162963867
2026-08-27T17:00:00Z,1.1656370162963867,1.1657729148864746,1.1653653383255005,1.1655012369155884
2026-08-27T17:30:00Z,1.1655012369155884,1.1655012369155884,1.1650937795639038,1.1652295589447021
2026-08-27T18:00:00Z,1.1652295589447021,1.1652295589447021,1.1650937795639038,1.1650937795639038
2026-08-27T18:30:00Z,1.1650937795639038,1.1653653383255005,1.1650937795639038,1.1652295589447021
2026-08-27T19:00:00Z,1.1653653383255005,1.1655012369155884,1.1652295589447021,1.1652295589447021
2026-08-27T19:30:00Z,1.1652295589447021,1.1655012369155884,1.1652295589447021,1.1653653383255005
2026-08-27T20:00:00Z,1.1653653383255005,1.1656370162963867,1.1653653383255005,1.1653653383255005
2026-08-27T20:30:00Z,1.1653653383255005,1.1656370162963867,1.1653653383255005,1.1656370162963867
2026-08-27T21:00:00Z,1.1656370162963867,1.1657729148864746,1.164958119392395,1.1656370162963867
2026-08-27T21:30:00Z,1.1659088134765625,1.16604483127594,1.1655012369155884,1.1657729148864746
2026-08-27T22:00:00Z,1.1657729148864746,1.1659088134765625,1.1656370162963867,1.1656370162963867
2026-08-27T22:30:00Z,1.1656370162963867,1.1657729148864746,1.1656370162963867,1.1657729148864746
2026-08-27T23:00:00Z,1.1657729148864746,1.1657729148864746,1.1656370162963867,1.1657729148864746
2026-08-27T23:30:00Z,1.1656370162963867,1.1657729148864746,1.1656370162963867,1.1657729148864746
2026-08-28T00:00:00Z,1.1657729148864746,1.1657729148864746,1.1655012369155884,1.1656370162963867
2026-08-28T00:30:00Z,1.1656370162963867,1.1657729148864746,1.1655012369155884,1.1657729148864746
2026-08-28T01:00:00Z,1.1656370162963867,1.1657729148864746,1.1656370162963867,1.1657729148864746
2026-08-28T01:30:00Z,1.1656370162963867,1.1659088134765625,1.1653653383255005,1.1653653383255005
2026-08-28T02:00:00Z,1.1653653383255005,1.1653653383255005,1.1650937795639038,1.1652295589447021
2026-08-28T02:30:00Z,1.1650937795639038,1.1655012369155884,1.1650937795639038,1.1655012369155884
2026-08-28T03:00:00Z,1.1655012369155884,1.1655012369155884,1.1653653383255005,1.1655012369155884
2026-08-28T03:30:00Z,1.1655012369155884,1.1655012369155884,1.164958119392395,1.164958119392395
2026-08-28T04:00:00Z,1.1650937795639038,1.1650937795639038,1.164958119392395,1.164958119392395
2026-08-28T04:30:00Z,1.164958119392395,1.164958119392395,1.164958119392395,1.164958119392395
2026-08-28T05:00:00Z,1.164958119392395,1.164958119392395,1.1648223400115967,1.1648223400115967
2026-08-28T05:30:00Z,1.1648223400115967,1.164958119392395,1.164686679840088,1.164958119392395
2026-08-28T06:00:00Z,1.1648223400115967,1.1650937795639038,1.164686679840088,1.1650937795639038
2026-08-28T06:30:00Z,1.1650937795639038,1.1652295589447021,1.1648223400115967,1.1652295589447021
2026-08-28T07:00:00Z,1.1652295589447021,1.1652295589447021,1.1645511388778687,1.164686679840088
2026-08-28T07:30:00Z,1.1645511388778687,1.1652295589447021,1.1645511388778687,1.1650937795639038
2026-08-28T08:00:00Z,1.164958119392395,1.1652295589447021,1.1648223400115967,1.1648223400115967
2026-08-28T08:30:00Z,1.1648223400115967,1.1650937795639038,1.164686679840088,1.1648223400115967
2026-08-28T09:00:00Z,1.1648223400115967,1.1648223400115967,1.1645511388778687,1.1645511388778687
2026-08-28T09:30:00Z,1.164686679840088,1.1648223400115967,1.1644154787063599,1.1644154787063599
2026-08-28T10:00:00Z,1.1644154787063599,1.164686679840088,1.1642799377441406,1.164686679840088
2026-08-28T10:30:00Z,1.1648223400115967,1.1653653383255005,1.1648223400115967,1.1653653383255005
2026-08-28T11:00:00Z,1.1653653383255005,1.1653653383255005,1.164958119392395,1.164958119392395
2026-08-28T11:30:00Z,1.1650937795639038,1.1652295589447021,1.1648223400115967,1.1648223400115967
2026-08-28T12:00:00Z,1.164958119392395,1.164958119392395,1.164686679840088,1.164686679840088
2026-08-28T12:30:00Z,1.1645511388778687,1.1653653383255005,1.1644154787063599,1.1653653383255005
2026-08-28T13:00:00Z,1.1652295589447021,1.1653653383255005,1.1645511388778687,1.164686679840088
2026-08-28T13:30:00Z,1.1648223400115967,1.164958119392395,1.1645511388778687,1.164958119392395
2026-08-28T14:00:00Z,1.1642799377441406,1.1650937795639038,1.1599582433700562,1.1599582433700562
2026-08-28T14:30:00Z,1.1606314182281494,1.162520408630371,1.1606314182281494,1.162520408630371
2026-08-28T15:00:00Z,1.16225004196167,1.16225004196167,1.1607661247253418,1.1607661247253418
2026-08-28T15:30:00Z,1.1609008312225342,1.1609008312225342,1.160092830657959,1.1602274179458618
2026-08-28T16:00:00Z,1.160092830657959,1.160092830657959,1.1588828563690186,1.1590172052383423
2026-08-28T16:30:00Z,1.1590172052383423,1.1594202518463135,1.1588828563690186,1.1590172052383423
2026-08-28T17:00:00Z,1.1590172052383423,1.1592857837677002,1.1587486267089844,1.1590172052383423
2026-08-28T17:30:00Z,1.1590172052383423,1.1590172052383423,1.1582117080688477,1.1584800481796265
2026-08-28T18:00:00Z,1.1584800481796265,1.1587486267089844,1.1582117080688477,1.1587486267089844
2026-08-28T18:30:00Z,1.1586142778396606,1.1586142778396606,1.1582117080688477,1.1583458185195923
2026-08-28T19:00:00Z,1.1584800481796265,1.1590172052383423,1.1584800481796265,1.1590172052383423
2026-08-28T19:30:00Z,1.1590172052383423,1.159151554107666,1.1588828563690186,1.1590172052383423
2026-08-28T20:00:00Z,1.1590172052383423,1.1590172052383423,1.1587486267089844,1.1587486267089844
2026-08-28T20:30:00Z,1.1588828563690186,1.1588828563690186,1.1583458185195923,1.1586142778396606
2026-08-28T21:00:00Z,1.1586142778396606,1.1587486267089844,1.1586142778396606,1.1587486267089844
2026-08-30T23:00:00Z,1.1588828563690186,1.1590172052383423,1.1587486267089844,1.1588828563690186
2026-08-30T23:30:00Z,1.1588828563690186,1.1592857837677002,1.1588828563690186,1.1592857837677002
2026-08-31T00:00:00Z,1.1592857837677002,1.15968918800354,1.1590172052383423,1.1590172052383423
2026-08-31T00:30:00Z,1.1590172052383423,1.15968918800354,1.1590172052383423,1.1595547199249268
2026-08-31T01:00:00Z,1.1594202518463135,1.1595547199249268,1.1590172052383423,1.1592857837677002
2026-08-31T01:30:00Z,1.1594202518463135,1.1598236560821533,1.1594202518463135,1.1594202518463135
2026-08-31T02:00:00Z,1.1594202518463135,1.15968918800354,1.1592857837677002,1.1595547199249268
2026-08-31T02:30:00Z,1.1595547199249268,1.1595547199249268,1.159151554107666,1.1595547199249268
2026-08-31T03:00:00Z,1.1595547199249268,1.15968918800354,1.1595547199249268,1.1595547199249268
2026-08-31T03:30:00Z,1.1595547199249268,1.1595547199249268,1.1592857837677002,1.1595547199249268
2026-08-31T04:00:00Z,1.1595547199249268,1.1595547199249268,1.1592857837677002,1.1592857837677002
2026-08-31T04:30:00Z,1.1592857837677002,1.1594202518463135,1.1592857837677002,1.1594202518463135
2026-08-31T05:00:00Z,1.1592857837677002,1.1594202518463135,1.159151554107666,1.1594202518463135
2026-08-31T05:30:00Z,1.1594202518463135,1.1594202518463135,1.159151554107666,1.1594202518463135
2026-08-31T06:00:00Z,1.1592857837677002,1.1594202518463135,1.1590172052383423,1.1590172052383423
2026-08-31T06:30:00Z,1.1590172052383423,1.1594202518463135,1.1587486267089844,1.1592857837677002
2026-08-31T07:00:00Z,1.1592857837677002,1.1599582433700562,1.1588828563690186,1.15968918800354
2026-08-31T07:30:00Z,1.1598236560821533,1.1606314182281494,1.1598236560821533,1.1606314182281494
2026-08-31T08:00:00Z,1.1607661247253418,1.1609008312225342,1.1599582433700562,1.1602274179458618
2026-08-31T08:30:00Z,1.160092830657959,1.1602274179458618,1.15968918800354,1.15968918800354
2026-08-31T09:00:00Z,1.1599582433700562,1.1603620052337646,1.1599582433700562,1.1602274179458618
2026-08-31T09:30:00Z,1.1602274179458618,1.1603620052337646,1.1599582433700562,1.1602274179458618
2026-08-31T10:00:00Z,1.1602274179458618,1.160496711730957,1.1602274179458618,1.160496711730957
2026-08-31T10:30:00Z,1.160496711730957,1.160496711730957,1.1599582433700562,1.160092830657959
2026-08-31T11:00:00Z,1.160092830657959,1.1606314182281494,1.1599582433700562,1.1606314182281494
2026-08-31T11:30:00Z,1.160496711730957,1.160496711730957,1.1599582433700562,1.1599582433700562
2026-08-31T12:00:00Z,1.160092830657959,1.1602274179458618,1.1598236560821533,1.160092830657959
2026-08-31T12:30:00Z,1.1598236560821533,1.1599582433700562,1.1595547199249268,1.1598236560821533
2026-08-31T13:00:00Z,1.1598236560821533,1.1603620052337646,1.15968918800354,1.1602274179458618
2026-08-31T13:30:00Z,1.1602274179458618,1.160496711730957,1.1598236560821533,1.1603620052337646
2026-08-31T14:00:00Z,1.1598236560821533,1.1607661247253418,1.1598236560821533,1.1606314182281494
2026-08-31T14:30:00Z,1.1607661247253418,1.1621150970458984,1.160496711730957,1.1617100238800049
2026-08-31T15:00:00Z,1.1618449687957764,1.1619800329208374,1.1615750789642334,1.1619800329208374
2026-08-31T15:30:00Z,1.1621150970458984,1.1623852252960205,1.1619800329208374,1.1619800329208374
2026-08-31T16:00:00Z,1.1619800329208374,1.1621150970458984,1.1618449687957764,1.1619800329208374
2026-08-31T16:30:00Z,1.1619800329208374,1.1619800329208374,1.1617100238800049,1.1619800329208374
2026-08-31T17:00:00Z,1.1619800329208374,1.1621150970458984,1.1618449687957764,1.1619800329208374
2026-08-31T17:30:00Z,1.1618449687957764,1.1621150970458984,1.1618449687957764,1.1618449687957764
2026-08-31T18:00:00Z,1.1618449687957764,1.1621150970458984,1.1618449687957764,1.1618449687957764
2026-08-31T18:30:00Z,1.1618449687957764,1.1621150970458984,1.1618449687957764,1.1618449687957764
2026-08-31T19:00:00Z,1.1619800329208374,1.1621150970458984,1.1619800329208374,1.1619800329208374
2026-08-31T19:30:00Z,1.1621150970458984,1.1621150970458984,1.1618449687957764,1.1618449687957764
2026-08-31T20:00:00Z,1.1621150970458984,1.1621150970458984,1.1617100238800049,1.1618449687957764
2026-08-31T20:30:00Z,1.1618449687957764,1.1621150970458984,1.1618449687957764,1.1621150970458984
2026-08-31T21:00:00Z,1.1621150970458984,1.16225004196167,1.1617100238800049,1.16225004196167
2026-08-31T21:30:00Z,1.1621150970458984,1.16225004196167,1.1619800329208374,1.16225004196167
2026-08-31T22:00:00Z,1.1621150970458984,1.1621150970458984,1.1619800329208374,1.1619800329208374
2026-08-31T22:30:00Z,1.1621150970458984,1.1621150970458984,1.1618449687957764,1.1618449687957764
2026-08-31T23:00:00Z,1.1618449687957764,1.1618449687957764,1.1615750789642334,1.1618449687957764
2026-08-31T23:30:00Z,1.1619800329208374,1.1621150970458984,1.1618449687957764,1.1621150970458984
2026-09-01T00:00:00Z,1.1619800329208374,1.1627906560897827,1.1619800329208374,1.1627906560897827
2026-09-01T00:30:00Z,1.1626555919647217,1.1627906560897827,1.1621150970458984,1.1621150970458984
2026-09-01T01:00:00Z,1.16225004196167,1.16225004196167,1.161440134048462,1.161440134048462
2026-09-01T01:30:00Z,1.161440134048462,1.1615750789642334,1.161170482635498,1.16130530834198
2026-09-01T02:00:00Z,1.16130530834198,1.16130530834198,1.1610356569290161,1.16130530834198
2026-09-01T02:30:00Z,1.16130530834198,1.16130530834198,1.1610356569290161,1.16130530834198
2026-09-01T03:00:00Z,1.161170482635498,1.16130530834198,1.1609008312225342,1.1610356569290161
2026-09-01T03:30:00Z,1.1610356569290161,1.161170482635498,1.1609008312225342,1.1609008312225342
2026-09-01T04:00:00Z,1.1609008312225342,1.1610356569290161,1.1606314182281494,1.1606314182281494
2026-09-01T04:30:00Z,1.1606314182281494,1.1609008312225342,1.1606314182281494,1.1609008312225342
2026-09-01T05:00:00Z,1.1609008312225342,1.16130530834198,1.1609008312225342,1.161170482635498
2026-09-01T05:30:00Z,1.161170482635498,1.16130530834198,1.1610356569290161,1.161170482635498
2026-09-01T06:00:00Z,1.1610356569290161,1.161170482635498,1.160496711730957,1.160496711730957
2026-09-01T06:30:00Z,1.160496711730957,1.1607661247253418,1.1603620052337646,1.1607661247253418
2026-09-01T07:00:00Z,1.1609008312225342,1.1609008312225342,1.160092830657959,1.160092830657959
2026-09-01T07:30:00Z,1.160092830657959,1.160092830657959,1.1595547199249268,1.1598236560821533
2026-09-01T08:00:00Z,1.1598236560821533,1.1598236560821533,1.159151554107666,1.1595547199249268
2026-09-01T08:30:00Z,1.1594202518463135,1.1598236560821533,1.1592857837677002,1.15968918800354
2026-09-01T09:00:00Z,1.15968918800354,1.160092830657959,1.15968918800354,1.1599582433700562
2026-09-01T09:30:00Z,1.1599582433700562,1.1603620052337646,1.15968918800354,1.15968918800354
2026-09-01T10:00:00Z,1.15968918800354,1.1598236560821533,1.1595547199249268,1.15968918800354
2026-09-01T10:30:00Z,1.15968918800354,1.15968918800354,1.1594202518463135,1.1595547199249268
2026-09-01T11:00:00Z,1.1594202518463135,1.1598236560821533,1.1594202518463135,1.1598236560821533
2026-09-01T11:30:00Z,1.1598236560821533,1.1599582433700562,1.1595547199249268,1.1595547199249268
2026-09-01T12:00:00Z,1.1595547199249268,1.15968918800354,1.159151554107666,1.1595547199249268
2026-09-01T12:30:00Z,1.1595547199249268,1.15968918800354,1.1594202518463135,1.15968918800354
2026-09-01T13:00:00Z,1.1594202518463135,1.1595547199249268,1.1592857837677002,1.1595547199249268
2026-09-01T13:30:00Z,1.1598236560821533,1.1606314182281494,1.1598236560821533,1.1606314182281494
2026-09-01T14:00:00Z,1.1603620052337646,1.1610356569290161,1.1603620052337646,1.160496711730957
2026-09-01T14:30:00Z,1.1603620052337646,1.1606314182281494,1.1599582433700562,1.1599582433700562
2026-09-01T15:00:00Z,1.1602274179458618,1.1602274179458618,1.1594202518463135,1.15968918800354
2026-09-01T15:30:00Z,1.15968918800354,1.15968918800354,1.1592857837677002,1.1595547199249268
2026-09-01T16:00:00Z,1.15968918800354,1.15968918800354,1.1588828563690186,1.159151554107666
2026-09-01T16:30:00Z,1.159151554107666,1.1594202518463135,1.1588828563690186,1.1588828563690186
2026-09-01T17:00:00Z,1.1588828563690186,1.15968918800354,1.1588828563690186,1.15968918800354
2026-09-01T17:30:00Z,1.1598236560821533,1.1598236560821533,1.1590172052383423,1.159151554107666
2026-09-01T18:00:00Z,1.159151554107666,1.1594202518463135,1.1590172052383423,1.159151554107666
2026-09-01T18:30:00Z,1.159151554107666,1.1594202518463135,1.1588828563690186,1.1594202518463135
2026-09-01T19:00:00Z,1.1592857837677002,1.1595547199249268,1.1592857837677002,1.1594202518463135
2026-09-01T19:30:00Z,1.1595547199249268,1.1595547199249268,1.159151554107666,1.1592857837677002
2026-09-01T20:00:00Z,1.159151554107666,1.1594202518463135,1.159151554107666,1.1592857837677002
2026-09-01T20:30:00Z,1.1592857837677002,1.15968918800354,1.1592857837677002,1.1595547199249268
2026-09-01T21:00:00Z,1.1594202518463135,1.1598236560821533,1.1590172052383423,1.1592857837677002
2026-09-01T21:30:00Z,1.1594202518463135,1.15968918800354,1.1592857837677002,1.1595547199249268
2026-09-01T22:00:00Z,1.1595547199249268,1.1599582433700562,1.1595547199249268,1.15968918800354
2026-09-01T22:30:00Z,1.15968918800354,1.15968918800354,1.1595547199249268,1.15968918800354
2026-09-01T23:00:00Z,1.1595547199249268,1.15968918800354,1.1595547199249268,1.1595547199249268
2026-09-01T23:30:00Z,1.1595547199249268,1.15968918800354,1.1594202518463135,1.1594202518463135
2026-09-02T00:00:00Z,1.1594202518463135,1.1595547199249268,1.1590172052383423,1.1590172052383423
2026-09-02T00:30:00Z,1.1590172052383423,1.159151554107666,1.1587486267089844,1.1587486267089844
2026-09-02T01:00:00Z,1.1587486267089844,1.1587486267089844,1.1584800481796265,1.1586142778396606
2026-09-02T01:30:00Z,1.1584800481796265,1.1584800481796265,1.158077597618103,1.1582117080688477
2026-09-02T02:00:00Z,1.158077597618103,1.1584800481796265,1.1579434871673584,1.1583458185195923
2026-09-02T02:30:00Z,1.1583458185195923,1.1586142778396606,1.1582117080688477,1.1584800481796265
2026-09-02T03:00:00Z,1.1584800481796265,1.1586142778396606,1.1582117080688477,1.1582117080688477
2026-09-02T03:30:00Z,1.1582117080688477,1.1583458185195923,1.1582117080688477,1.1583458185195923
2026-09-02T04:00:00Z,1.1583458185195923,1.1583458185195923,1.1578094959259033,1.1579434871673584
2026-09-02T04:30:00Z,1.1579434871673584,1.158077597618103,1.1578094959259033,1.1579434871673584
2026-09-02T05:00:00Z,1.1579434871673584,1.1582117080688477,1.1576753854751587,1.1582117080688477
2026-09-02T05:30:00Z,1.1583458185195923,1.1584800481796265,1.1582117080688477,1.1583458185195923
2026-09-02T06:00:00Z,1.1583458185195923,1.1586142778396606,1.158077597618103,1.158077597618103
2026-09-02T06:30:00Z,1.158077597618103,1.1582117080688477,1.157139539718628,1.157139539718628
2026-09-02T07:00:00Z,1.157273530960083,1.1578094959259033,1.157139539718628,1.1576753854751587
2026-09-02T07:30:00Z,1.1576753854751587,1.1582117080688477,1.1576753854751587,1.1582117080688477
2026-09-02T08:00:00Z,1.1582117080688477,1.1584800481796265,1.1582117080688477,1.1583458185195923
2026-09-02T08:30:00Z,1.1582117080688477,1.1584800481796265,1.1576753854751587,1.1576753854751587
2026-09-02T09:00:00Z,1.1575413942337036,1.158077597618103,1.1575413942337036,1.1579434871673584
2026-09-02T09:30:00Z,1.1579434871673584,1.1579434871673584,1.1574074029922485,1.1575413942337036
2026-09-02T10:00:00Z,1.1575413942337036,1.1575413942337036,1.157273530960083,1.157273530960083
2026-09-02T10:30:00Z,1.157273530960083,1.1575413942337036,1.157139539718628,1.1575413942337036
2026-09-02T11:00:00Z,1.1575413942337036,1.158077597618103,1.1574074029922485,1.1578094959259033
2026-09-02T11:30:00Z,1.1576753854751587,1.1582117080688477,1.1576753854751587,1.158077597618103
2026-09-02T12:00:00Z,1.158077597618103,1.1587486267089844,1.158077597618103,1.1586142778396606
2026-09-02T12:30:00Z,1.1584800481796265,1.1586142778396606,1.158077597618103,1.1582117080688477
2026-09-02T13:00:00Z,1.1583458185195923,1.1607661247253418,1.1582117080688477,1.1599582433700562
2026-09-02T13:30:00Z,1.1599582433700562,1.1607661247253418,1.1592857837677002,1.1607661247253418
2026-09-02T14:00:00Z,1.160496711730957,1.160496711730957,1.1592857837677002,1.1594202518463135
2026-09-02T14:30:00Z,1.1594202518463135,1.15968918800354,1.1592857837677002,1.1595547199249268
2026-09-02T15:00:00Z,1.1595547199249268,1.1599582433700562,1.1592857837677002,1.1598236560821533
2026-09-02T15:30:00Z,1.1599582433700562,1.1599582433700562,1.1592857837677002,1.1594202518463135
2026-09-02T16:00:00Z,1.15968918800354,1.15968918800354,1.1592857837677002,1.1592857837677002
2026-09-02T16:30:00Z,1.1592857837677002,1.1595547199249268,1.159151554107666,1.159151554107666
2026-09-02T17:00:00Z,1.159151554107666,1.159151554107666,1.1587486267089844,1.1590172052383423
2026-09-02T17:30:00Z,1.1590172052383423,1.1592857837677002,1.1587486267089844,1.1590172052383423
2026-09-02T18:00:00Z,1.1590172052383423,1.159151554107666,1.1588828563690186,1.1588828563690186
2026-09-02T18:30:00Z,1.1590172052383423,1.159151554107666,1.1587486267089844,1.1588828563690186
2026-09-02T19:00:00Z,1.1588828563690186,1.1590172052383423,1.1586142778396606,1.1587486267089844
2026-09-02T19:30:00Z,1.1588828563690186,1.1590172052383423,1.1587486267089844,1.1590172052383423
2026-09-02T20:00:00Z,1.159151554107666,1.1592857837677002,1.159151554107666,1.159151554107666
2026-09-02T20:30:00Z,1.159151554107666,1.1592857837677002,1.159151554107666,1.159151554107666
2026-09-02T21:00:00Z,1.1588828563690186,1.1592857837677002,1.1588828563690186,1.159151554107666
2026-09-02T21:30:00Z,1.159151554107666,1.1592857837677002,1.1588828563690186,1.1592857837677002
2026-09-02T22:00:00Z,1.1592857837677002,1.1592857837677002,1.1588828563690186,1.1590172052383423
2026-09-02T22:30:00Z,1.1590172052383423,1.159151554107666,1.1590172052383423,1.1590172052383423
2026-09-02T23:00:00Z,1.1590172052383423,1.1590172052383423,1.1588828563690186,1.1588828563690186
2026-09-02T23:30:00Z,1.1588828563690186,1.1588828563690186,1.1587486267089844,1.1588828563690186
2026-09-03T00:00:00Z,1.1587486267089844,1.1592857837677002,1.1587486267089844,1.1592857837677002
2026-09-03T00:30:00Z,1.1592857837677002,1.1594202518463135,1.1590172052383423,1.1592857837677002
2026-09-03T01:00:00Z,1.1592857837677002,1.1594202518463135,1.159151554107666,1.1594202518463135
2026-09-03T01:30:00Z,1.1594202518463135,1.15968918800354,1.1588828563690186,1.1588828563690186
2026-09-03T02:00:00Z,1.1590172052383423,1.1592857837677002,1.1588828563690186,1.1592857837677002
2026-09-03T02:30:00Z,1.1592857837677002,1.1598236560821533,1.1592857837677002,1.1594202518463135
2026-09-03T03:00:00Z,1.1595547199249268,1.1599582433700562,1.1594202518463135,1.1599582433700562
2026-09-03T03:30:00Z,1.1599582433700562,1.160092830657959,1.1598236560821533,1.1599582433700562
2026-09-03T04:00:00Z,1.160092830657959,1.160092830657959,1.1599582433700562,1.160092830657959
2026-09-03T04:30:00Z,1.160092830657959,1.1603620052337646,1.1598236560821533,1.1598236560821533
2026-09-03T05:00:00Z,1.1599582433700562,1.1602274179458618,1.15968918800354,1.160092830657959
2026-09-03T05:30:00Z,1.160092830657959,1.1603620052337646,1.160092830657959,1.1603620052337646
2026-09-03T06:00:00Z,1.1603620052337646,1.1603620052337646,1.1599582433700562,1.1603620052337646
2026-09-03T06:30:00Z,1.160496711730957,1.161170482635498,1.160496711730957,1.1607661247253418
2026-09-03T07:00:00Z,1.1609008312225342,1.1617100238800049,1.1609008312225342,1.1609008312225342
2026-09-03T07:30:00Z,1.1609008312225342,1.1610356569290161,1.160496711730957,1.1607661247253418
2026-09-03T08:00:00Z,1.1606314182281494,1.1610356569290161,1.1603620052337646,1.1607661247253418
2026-09-03T08:30:00Z,1.1606314182281494,1.161440134048462,1.1606314182281494,1.16130530834198
2026-09-03T09:00:00Z,1.161440134048462,1.161440134048462,1.1606314182281494,1.1606314182281494
2026-09-03T09:30:00Z,1.1606314182281494,1.1609008312225342,1.160496711730957,1.1609008312225342
2026-09-03T10:00:00Z,1.1609008312225342,1.1609008312225342,1.1603620052337646,1.1603620052337646
2026-09-03T10:30:00Z,1.160496711730957,1.1607661247253418,1.160092830657959,1.1607661247253418
2026-09-03T11:00:00Z,1.1606314182281494,1.1617100238800049,1.160496711730957,1.16130530834198
2026-09-03T11:30:00Z,1.16130530834198,1.1617100238800049,1.161170482635498,1.1615750789642334
2026-09-03T12:00:00Z,1.161440134048462,1.1619800329208374,1.161170482635498,1.16130530834198
2026-09-03T12:30:00Z,1.1621150970458984,1.1633317470550537,1.1619800329208374,1.1629259586334229
2026-09-03T13:00:00Z,1.1629259586334229,1.1631964445114136,1.1623852252960205,1.1626555919647217
2026-09-03T13:30:00Z,1.162520408630371,1.163061261177063,1.1621150970458984,1.163061261177063
2026-09-03T14:00:00Z,1.1626555919647217,1.1629259586334229,1.1623852252960205,1.1626555919647217
2026-09-03T14:30:00Z,1.1626555919647217,1.1626555919647217,1.1617100238800049,1.1621150970458984
2026-09-03T15:00:00Z,1.16225004196167,1.1627906560897827,1.16225004196167,1.1626555919647217
2026-09-03T15:30:00Z,1.1629259586334229,1.163061261177063,1.1621150970458984,1.1626555919647217
2026-09-03T16:00:00Z,1.1626555919647217,1.163873314857483,1.1626555919647217,1.163873314857483
2026-09-03T16:30:00Z,1.1640088558197021,1.1644154787063599,1.1637378931045532,1.1641442775726318
2026-09-03T17:00:00Z,1.1641442775726318,1.1641442775726318,1.163873314857483,1.1640088558197021
2026-09-03T17:30:00Z,1.1641442775726318,1.1641442775726318,1.163602590560913,1.163602590560913
2026-09-03T18:00:00Z,1.1637378931045532,1.1640088558197021,1.163602590560913,1.163873314857483
2026-09-03T18:30:00Z,1.163873314857483,1.163873314857483,1.163602590560913,1.1637378931045532
2026-09-03T19:00:00Z,1.1637378931045532,1.1637378931045532,1.1629259586334229,1.1629259586334229
2026-09-03T19:30:00Z,1.1629259586334229,1.1633317470550537,1.1629259586334229,1.1633317470550537
2026-09-03T20:00:00Z,1.1631964445114136,1.1633317470550537,1.1629259586334229,1.163061261177063
2026-09-03T20:30:00Z,1.163061261177063,1.163061261177063,1.1629259586334229,1.1629259586334229
2026-09-03T21:00:00Z,1.162520408630371,1.1633317470550537,1.162520408630371,1.1629259586334229
2026-09-03T21:30:00Z,1.163061261177063,1.163061261177063,1.1627906560897827,1.163061261177063
2026-09-03T22:00:00Z,1.163061261177063,1.163061261177063,1.1627906560897827,1.1629259586334229
2026-09-03T22:30:00Z,1.1629259586334229,1.163061261177063,1.1626555919647217,1.1626555919647217
2026-09-03T23:00:00Z,1.1627906560897827,1.1629259586334229,1.1626555919647217,1.1629259586334229
2026-09-03T23:30:00Z,1.1629259586334229,1.1631964445114136,1.1629259586334229,1.1631964445114136
2026-09-04T00:00:00Z,1.1631964445114136,1.1634671688079834,1.1629259586334229,1.1629259586334229
2026-09-04T00:30:00Z,1.163061261177063,1.1634671688079834,1.1629259586334229,1.1631964445114136
2026-09-04T01:00:00Z,1.1631964445114136,1.1634671688079834,1.163061261177063,1.1631964445114136
2026-09-04T01:30:00Z,1.1631964445114136,1.1633317470550537,1.1631964445114136,1.1633317470550537
2026-09-04T02:00:00Z,1.1633317470550537,1.163602590560913,1.1629259586334229,1.163061261177063
2026-09-04T02:30:00Z,1.163061261177063,1.1633317470550537,1.163061261177063,1.163061261177063
2026-09-04T03:00:00Z,1.163061261177063,1.1631964445114136,1.163061261177063,1.163061261177063
2026-09-04T03:30:00Z,1.1629259586334229,1.163061261177063,1.1626555919647217,1.1626555919647217
2026-09-04T04:00:00Z,1.1626555919647217,1.163061261177063,1.1626555919647217,1.1629259586334229
2026-09-04T04:30:00Z,1.1629259586334229,1.163061261177063,1.1627906560897827,1.163061261177063
2026-09-04T05:00:00Z,1.1629259586334229,1.163061261177063,1.1627906560897827,1.163061261177063
2026-09-04T05:30:00Z,1.163061261177063,1.1631964445114136,1.1629259586334229,1.1631964445114136
2026-09-04T06:00:00Z,1.163061261177063,1.1633317470550537,1.163061261177063,1.1631964445114136
2026-09-04T06:30:00Z,1.163061261177063,1.1633317470550537,1.163061261177063,1.163061261177063
2026-09-04T07:00:00Z,1.1631964445114136,1.1633317470550537,1.1629259586334229,1.1631964445114136
2026-09-04T07:30:00Z,1.1631964445114136,1.1631964445114136,1.162520408630371,1.1626555919647217
2026-09-04T08:00:00Z,1.1626555919647217,1.1626555919647217,1.16225004196167,1.1626555919647217
2026-09-04T08:30:00Z,1.162520408630371,1.1629259586334229,1.162520408630371,1.1627906560897827
2026-09-04T09:00:00Z,1.1626555919647217,1.1627906560897827,1.162520408630371,1.162520408630371
2026-09-04T09:30:00Z,1.162520408630371,1.162520408630371,1.1619800329208374,1.1621150970458984
2026-09-04T10:00:00Z,1.1621150970458984,1.1623852252960205,1.1621150970458984,1.1621150970458984
2026-09-04T10:30:00Z,1.1621150970458984,1.1626555919647217,1.1621150970458984,1.1623852252960205
2026-09-04T11:00:00Z,1.162520408630371,1.1626555919647217,1.1623852252960205,1.162520408630371
2026-09-04T11:30:00Z,1.1623852252960205,1.1626555919647217,1.1623852252960205,1.1623852252960205
2026-09-04T12:00:00Z,1.162520408630371,1.163061261177063,1.1623852252960205,1.163061261177063
2026-09-04T12:30:00Z,1.1594202518463135,1.160496711730957,1.159151554107666,1.160496711730957
2026-09-04T13:00:00Z,1.1602274179458618,1.1618449687957764,1.160092830657959,1.1618449687957764
2026-09-04T13:30:00Z,1.1619800329208374,1.162520408630371,1.16130530834198,1.161440134048462
2026-09-04T14:00:00Z,1.16130530834198,1.1619800329208374,1.16130530834198,1.1619800329208374
2026-09-04T14:30:00Z,1.1618449687957764,1.1623852252960205,1.1617100238800049,1.1619800329208374
2026-09-04T15:00:00Z,1.1618449687957764,1.162520408630371,1.1617100238800049,1.16225004196167
2026-09-04T15:30:00Z,1.1623852252960205,1.1626555919647217,1.1621150970458984,1.1621150970458984
2026-09-04T16:00:00Z,1.16225004196167,1.1627906560897827,1.16225004196167,1.162520408630371
2026-09-04T16:30:00Z,1.162520408630371,1.1626555919647217,1.16225004196167,1.16225004196167
2026-09-04T17:00:00Z,1.16225004196167,1.16225004196167,1.1617100238800049,1.1617100238800049
2026-09-04T17:30:00Z,1.1618449687957764,1.1618449687957764,1.1615750789642334,1.1615750789642334
2026-09-04T18:00:00Z,1.1617100238800049,1.1617100238800049,1.161440134048462,1.161440134048462
2026-09-04T18:30:00Z,1.1615750789642334,1.1615750789642334,1.16130530834198,1.161440134048462
2026-09-04T19:00:00Z,1.161440134048462,1.1618449687957764,1.161440134048462,1.1618449687957764
2026-09-04T19:30:00Z,1.1618449687957764,1.1618449687957764,1.1617100238800049,1.1617100238800049
2026-09-04T20:00:00Z,1.1617100238800049,1.1618449687957764,1.1615750789642334,1.1617100238800049
2026-09-04T20:30:00Z,1.1617100238800049,1.1617100238800049,1.1615750789642334,1.1617100238800049
2026-09-04T21:00:00Z,1.1621150970458984,1.1621150970458984,1.1621150970458984,1.1621150970458984
2026-09-06T23:00:00Z,1.1617100238800049,1.1618449687957764,1.1617100238800049,1.1618449687957764
2026-09-06T23:30:00Z,1.1618449687957764,1.1619800329208374,1.1617100238800049,1.1617100238800049
2026-09-07T00:00:00Z,1.1617100238800049,1.1621150970458984,1.1617100238800049,1.1621150970458984
2026-09-07T00:30:00Z,1.1621150970458984,1.1623852252960205,1.1621150970458984,1.1621150970458984
2026-09-07T01:00:00Z,1.1621150970458984,1.1621150970458984,1.1617100238800049,1.1619800329208374
2026-09-07T01:30:00Z,1.1619800329208374,1.1619800329208374,1.1617100238800049,1.1617100238800049
2026-09-07T02:00:00Z,1.1617100238800049,1.1617100238800049,1.16130530834198,1.161440134048462
2026-09-07T02:30:00Z,1.161440134048462,1.1615750789642334,1.161170482635498,1.16130530834198
2026-09-07T03:00:00Z,1.161170482635498,1.1615750789642334,1.161170482635498,1.1615750789642334
2026-09-07T03:30:00Z,1.1615750789642334,1.1615750789642334,1.16130530834198,1.161440134048462
2026-09-07T04:00:00Z,1.161440134048462,1.161440134048462,1.16130530834198,1.16130530834198
2026-09-07T04:30:00Z,1.16130530834198,1.1615750789642334,1.161170482635498,1.1615750789642334
2026-09-07T05:00:00Z,1.161440134048462,1.1615750789642334,1.16130530834198,1.161440134048462
2026-09-07T05:30:00Z,1.161440134048462,1.1617100238800049,1.16130530834198,1.1617100238800049
2026-09-07T06:00:00Z,1.1615750789642334,1.1619800329208374,1.161440134048462,1.1619800329208374
2026-09-07T06:30:00Z,1.1619800329208374,1.16225004196167,1.1618449687957764,1.1618449687957764
2026-09-07T07:00:00Z,1.1618449687957764,1.1619800329208374,1.161440134048462,1.1619800329208374
2026-09-07T07:30:00Z,1.1621150970458984,1.1626555919647217,1.1617100238800049,1.1626555919647217
2026-09-07T08:00:00Z,1.1627906560897827,1.163873314857483,1.162520408630371,1.163602590560913
2026-09-07T08:30:00Z,1.1637378931045532,1.1637378931045532,1.162520408630371,1.162520408630371
2026-09-07T09:00:00Z,1.162520408630371,1.1627906560897827,1.1623852252960205,1.1627906560897827
2026-09-07T09:30:00Z,1.1626555919647217,1.1629259586334229,1.1623852252960205,1.1623852252960205
2026-09-07T10:00:00Z,1.1623852252960205,1.1627906560897827,1.1623852252960205,1.1626555919647217
2026-09-07T10:30:00Z,1.1627906560897827,1.1629259586334229,1.1626555919647217,1.1627906560897827
2026-09-07T11:00:00Z,1.1627906560897827,1.1629259586334229,1.162520408630371,1.1627906560897827
2026-09-07T11:30:00Z,1.1627906560897827,1.1627906560897827,1.162520408630371,1.1626555919647217
2026-09-07T12:00:00Z,1.1627906560897827,1.163061261177063,1.1623852252960205,1.163061261177063
2026-09-07T12:30:00Z,1.1629259586334229,1.1631964445114136,1.1627906560897827,1.1629259586334229
2026-09-07T13:00:00Z,1.1629259586334229,1.163061261177063,1.1627906560897827,1.1627906560897827
2026-09-07T13:30:00Z,1.1627906560897827,1.1633317470550537,1.1627906560897827,1.1631964445114136
2026-09-07T14:00:00Z,1.1631964445114136,1.163602590560913,1.1631964445114136,1.1633317470550537
2026-09-07T14:30:00Z,1.1633317470550537,1.1634671688079834,1.163061261177063,1.1634671688079834
2026-09-07T15:00:00Z,1.1634671688079834,1.1634671688079834,1.163061261177063,1.1633317470550537
2026-09-07T15:30:00Z,1.1634671688079834,1.1634671688079834,1.163061261177063,1.163061261177063
2026-09-07T16:00:00Z,1.163061261177063,1.163061261177063,1.1629259586334229,1.163061261177063
2026-09-07T16:30:00Z,1.1631964445114136,1.1633317470550537,1.163061261177063,1.1631964445114136
2026-09-07T17:00:00Z,1.1631964445114136,1.1631964445114136,1.1629259586334229,1.1629259586334229
2026-09-07T17:30:00Z,1.1629259586334229,1.1629259586334229,1.1627906560897827,1.1629259586334229
2026-09-07T18:00:00Z,1.1629259586334229,1.1629259586334229,1.1626555919647217,1.1626555919647217
2026-09-07T18:30:00Z,1.1626555919647217,1.1627906560897827,1.1626555919647217,1.1626555919647217
2026-09-07T19:00:00Z,1.1626555919647217,1.1626555919647217,1.1626555919647217,1.1626555919647217
2026-09-07T19:30:00Z,1.162520408630371,1.162520408630371,1.162520408630371,1.162520408630371
2026-09-07T20:00:00Z,1.162520408630371,1.1626555919647217,1.162520408630371,1.162520408630371
2026-09-07T20:30:00Z,1.162520408630371,1.1626555919647217,1.162520408630371,1.1626555919647217
2026-09-07T21:00:00Z,1.1629259586334229,1.1629259586334229,1.1623852252960205,1.1629259586334229
2026-09-07T21:30:00Z,1.1627906560897827,1.1629259586334229,1.1623852252960205,1.1626555919647217
2026-09-07T22:00:00Z,1.1627906560897827,1.1629259586334229,1.1626555919647217,1.1629259586334229
2026-09-07T22:30:00Z,1.1629259586334229,1.1629259586334229,1.1627906560897827,1.1629259586334229
2026-09-07T23:00:00Z,1.1629259586334229,1.1633317470550537,1.1629259586334229,1.163061261177063
2026-09-07T23:30:00Z,1.1631964445114136,1.1633317470550537,1.1629259586334229,1.163061261177063
2026-09-08T00:00:00Z,1.163061261177063,1.1634671688079834,1.1627906560897827,1.163061261177063
2026-09-08T00:30:00Z,1.163061261177063,1.1631964445114136,1.1629259586334229,1.1629259586334229
2026-09-08T01:00:00Z,1.163061261177063,1.163602590560913,1.1629259586334229,1.1634671688079834
2026-09-08T01:30:00Z,1.1634671688079834,1.163602590560913,1.1633317470550537,1.163602590560913
2026-09-08T02:00:00Z,1.1637378931045532,1.1637378931045532,1.1631964445114136,1.1631964445114136
2026-09-08T02:30:00Z,1.1631964445114136,1.1631964445114136,1.1627906560897827,1.1627906560897827
2026-09-08T03:00:00Z,1.1626555919647217,1.1629259586334229,1.1626555919647217,1.1629259586334229
2026-09-08T03:30:00Z,1.1629259586334229,1.163061261177063,1.1627906560897827,1.1627906560897827
2026-09-08T04:00:00Z,1.1629259586334229,1.1629259586334229,1.1626555919647217,1.1626555919647217
2026-09-08T04:30:00Z,1.1626555919647217,1.1627906560897827,1.1626555919647217,1.1627906560897827
2026-09-08T05:00:00Z,1.1627906560897827,1.1629259586334229,1.1626555919647217,1.1627906560897827
2026-09-08T05:30:00Z,1.1626555919647217,1.1634671688079834,1.1626555919647217,1.1634671688079834
2026-09-08T06:00:00Z,1.1634671688079834,1.163873314857483,1.1626555919647217,1.1629259586334229
2026-09-08T06:30:00Z,1.1627906560897827,1.1629259586334229,1.1623852252960205,1.162520408630371
2026-09-08T07:00:00Z,1.1623852252960205,1.1626555919647217,1.1617100238800049,1.1618449687957764
2026-09-08T07:30:00Z,1.1618449687957764,1.1619800329208374,1.16130530834198,1.1615750789642334
2026-09-08T08:00:00Z,1.1615750789642334,1.1618449687957764,1.161170482635498,1.1617100238800049
2026-09-08T08:30:00Z,1.1618449687957764,1.1618449687957764,1.16130530834198,1.16130530834198
2026-09-08T09:00:00Z,1.16130530834198,1.1617100238800049,1.16130530834198,1.161440134048462
2026-09-08T09:30:00Z,1.161440134048462,1.1619800329208374,1.161440134048462,1.1617100238800049
2026-09-08T10:00:00Z,1.1617100238800049,1.1618449687957764,1.161440134048462,1.161440134048462
2026-09-08T10:30:00Z,1.161440134048462,1.1617100238800049,1.16130530834198,1.1617100238800049
2026-09-08T11:00:00Z,1.1615750789642334,1.1619800329208374,1.16130530834198,1.1618449687957764
2026-09-08T11:30:00Z,1.1618449687957764,1.16225004196167,1.161170482635498,1.1615750789642334
2026-09-08T12:00:00Z,1.1615750789642334,1.1619800329208374,1.161440134048462,1.1619800329208374
2026-09-08T12:30:00Z,1.1619800329208374,1.16225004196167,1.1618449687957764,1.16225004196167
2026-09-08T13:00:00Z,1.1623852252960205,1.163061261177063,1.1623852252960205,1.1626555919647217
2026-09-08T13:30:00Z,1.162520408630371,1.1627906560897827,1.16225004196167,1.162520408630371
2026-09-08T14:00:00Z,1.1626555919647217,1.163061261177063,1.16225004196167,1.1629259586334229
2026-09-08T14:30:00Z,1.1629259586334229,1.1634671688079834,1.1629259586334229,1.1633317470550537
2026-09-08T15:00:00Z,1.1634671688079834,1.163602590560913,1.1631964445114136,1.1633317470550537
2026-09-08T15:30:00Z,1.1633317470550537,1.1634671688079834,1.163061261177063,1.163061261177063
2026-09-08T16:00:00Z,1.1629259586334229,1.1629259586334229,1.1623852252960205,1.1626555919647217
2026-09-08T16:30:00Z,1.1626555919647217,1.1627906560897827,1.1623852252960205,1.1626555919647217
2026-09-08T17:00:00Z,1.1627906560897827,1.163061261177063,1.1627906560897827,1.1629259586334229
2026-09-08T17:30:00Z,1.1629259586334229,1.1629259586334229,1.1627906560897827,1.1629259586334229
2026-09-08T18:00:00Z,1.1629259586334229,1.1631964445114136,1.1627906560897827,1.163061261177063
2026-09-08T18:30:00Z,1.163061261177063,1.1634671688079834,1.1626555919647217,1.1629259586334229
2026-09-08T19:00:00Z,1.1631964445114136,1.1633317470550537,1.1629259586334229,1.1629259586334229
2026-09-08T19:30:00Z,1.1629259586334229,1.163061261177063,1.1626555919647217,1.1626555919647217
2026-09-08T20:00:00Z,1.1626555919647217,1.1627906560897827,1.1626555919647217,1.1626555919647217
2026-09-08T20:30:00Z,1.162520408630371,1.1627906560897827,1.162520408630371,1.1626555919647217
2026-09-08T21:00:00Z,1.1631964445114136,1.1631964445114136,1.162520408630371,1.1627906560897827
2026-09-08T21:30:00Z,1.1627906560897827,1.163061261177063,1.1626555919647217,1.163061261177063
2026-09-08T22:00:00Z,1.1627906560897827,1.163061261177063,1.1627906560897827,1.163061261177063
2026-09-08T22:30:00Z,1.163061261177063,1.163061261177063,1.1629259586334229,1.1629259586334229
2026-09-08T23:00:00Z,1.1629259586334229,1.163061261177063,1.1629259586334229,1.163061261177063
2026-09-08T23:30:00Z,1.163061261177063,1.1631964445114136,1.1629259586334229,1.163061261177063
2026-09-09T00:00:00Z,1.1631964445114136,1.1634671688079834,1.1631964445114136,1.1634671688079834
2026-09-09T00:30:00Z,1.1634671688079834,1.1634671688079834,1.1633317470550537,1.1634671688079834
2026-09-09T01:00:00Z,1.1634671688079834,1.163602590560913,1.163061261177063,1.1631964445114136
2026-09-09T01:30:00Z,1.163061261177063,1.1634671688079834,1.163061261177063,1.1634671688079834
2026-09-09T02:00:00Z,1.1634671688079834,1.1634671688079834,1.1631964445114136,1.1631964445114136
2026-09-09T02:30:00Z,1.1631964445114136,1.1634671688079834,1.1631964445114136,1.1634671688079834
2026-09-09T03:00:00Z,1.1634671688079834,1.1634671688079834,1.1633317470550537,1.1633317470550537
2026-09-09T03:30:00Z,1.1633317470550537,1.163602590560913,1.1633317470550537,1.1633317470550537
2026-09-09T04:00:00Z,1.1633317470550537,1.163602590560913,1.1633317470550537,1.163602590560913
2026-09-09T04:30:00Z,1.163602590560913,1.163602590560913,1.1634671688079834,1.163602590560913
2026-09-09T05:00:00Z,1.163602590560913,1.1640088558197021,1.163602590560913,1.1640088558197021
2026-09-09T05:30:00Z,1.163873314857483,1.163873314857483,1.163602590560913,1.163873314857483
2026-09-09T06:00:00Z,1.163873314857483,1.1648223400115967,1.163873314857483,1.1644154787063599
2026-09-09T06:30:00Z,1.1644154787063599,1.1645511388778687,1.1641442775726318,1.1642799377441406
2026-09-09T07:00:00Z,1.1642799377441406,1.164958119392395,1.1641442775726318,1.1642799377441406
2026-09-09T07:30:00Z,1.1642799377441406,1.1652295589447021,1.1641442775726318,1.1645511388778687
2026-09-09T08:00:00Z,1.1645511388778687,1.1645511388778687,1.1640088558197021,1.1640088558197021
2026-09-09T08:30:00Z,1.1640088558197021,1.1640088558197021,1.163602590560913,1.163602590560913
2026-09-09T09:00:00Z,1.163602590560913,1.1637378931045532,1.1634671688079834,1.163602590560913
2026-09-09T09:30:00Z,1.1637378931045532,1.1637378931045532,1.1626555919647217,1.1626555919647217
2026-09-09T10:00:00Z,1.1627906560897827,1.163061261177063,1.162520408630371,1.1629259586334229
2026-09-09T10:30:00Z,1.163061261177063,1.163602590560913,1.163061261177063,1.1633317470550537
2026-09-09T11:00:00Z,1.1633317470550537,1.164958119392395,1.1633317470550537,1.164958119392395
2026-09-09T11:30:00Z,1.164958119392395,1.1650937795639038,1.164686679840088,1.164958119392395
2026-09-09T12:00:00Z,1.1650937795639038,1.1656370162963867,1.164958119392395,1.1650937795639038
2026-09-09T12:30:00Z,1.1650937795639038,1.1650937795639038,1.164686679840088,1.164958119392395
2026-09-09T13:00:00Z,1.164958119392395,1.1652295589447021,1.1648223400115967,1.1650937795639038
2026-09-09T13:30:00Z,1.1650937795639038,1.1653653383255005,1.1648223400115967,1.164958119392395
2026-09-09T14:00:00Z,1.1650937795639038,1.1656370162963867,1.1648223400115967,1.1650937795639038
2026-09-09T14:30:00Z,1.164958119392395,1.1650937795639038,1.1648223400115967,1.1650937795639038
2026-09-09T15:00:00Z,1.1650937795639038,1.1650937795639038,1.1623852252960205,1.1627906560897827
2026-09-09T15:30:00Z,1.1627906560897827,1.163602590560913,1.1627906560897827,1.163061261177063
2026-09-09T16:00:00Z,1.163061261177063,1.163602590560913,1.163061261177063,1.1631964445114136
2026-09-09T16:30:00Z,1.1633317470550537,1.1642799377441406,1.1633317470550537,1.163873314857483
2026-09-09T17:00:00Z,1.163873314857483,1.1644154787063599,1.163873314857483,1.1644154787063599
2026-09-09T17:30:00Z,1.1644154787063599,1.1644154787063599,1.1640088558197021,1.1641442775726318
2026-09-09T18:00:00Z,1.1642799377441406,1.1642799377441406,1.163873314857483,1.163873314857483
2026-09-09T18:30:00Z,1.163873314857483,1.163873314857483,1.1631964445114136,1.1631964445114136
2026-09-09T19:00:00Z,1.1633317470550537,1.1633317470550537,1.1629259586334229,1.163061261177063
2026-09-09T19:30:00Z,1.163061261177063,1.1634671688079834,1.163061261177063,1.1634671688079834
2026-09-09T20:00:00Z,1.1633317470550537,1.1633317470550537,1.1631964445114136,1.1633317470550537
2026-09-09T20:30:00Z,1.1633317470550537,1.163602590560913,1.1633317470550537,1.163602590560913
2026-09-09T21:00:00Z,1.1626555919647217,1.1640088558197021,1.162520408630371,1.163873314857483
2026-09-09T21:30:00Z,1.1641442775726318,1.1641442775726318,1.1637378931045532,1.163873314857483
2026-09-09T22:00:00Z,1.1640088558197021,1.1641442775726318,1.1637378931045532,1.1641442775726318
2026-09-09T22:30:00Z,1.1641442775726318,1.1641442775726318,1.1640088558197021,1.1641442775726318
2026-09-09T23:00:00Z,1.1641442775726318,1.1641442775726318,1.1640088558197021,1.1640088558197021
2026-09-09T23:30:00Z,1.1640088558197021,1.1640088558197021,1.1637378931045532,1.1637378931045532
2026-09-10T00:00:00Z,1.163602590560913,1.1637378931045532,1.1634671688079834,1.1634671688079834
2026-09-10T00:30:00Z,1.1634671688079834,1.1637378931045532,1.1633317470550537,1.1634671688079834
2026-09-10T01:00:00Z,1.163602590560913,1.163873314857483,1.1634671688079834,1.163602590560913
2026-09-10T01:30:00Z,1.163602590560913,1.1642799377441406,1.163602590560913,1.1642799377441406
2026-09-10T02:00:00Z,1.1642799377441406,1.1644154787063599,1.1640088558197021,1.1640088558197021
2026-09-10T02:30:00Z,1.163873314857483,1.1642799377441406,1.1637378931045532,1.1642799377441406
2026-09-10T03:00:00Z,1.1642799377441406,1.1642799377441406,1.1640088558197021,1.1640088558197021
2026-09-10T03:30:00Z,1.1640088558197021,1.1641442775726318,1.1640088558197021,1.1641442775726318
2026-09-10T04:00:00Z,1.1641442775726318,1.1642799377441406,1.1641442775726318,1.1641442775726318
2026-09-10T04:30:00Z,1.1641442775726318,1.1642799377441406,1.1640088558197021,1.1640088558197021
2026-09-10T05:00:00Z,1.1641442775726318,1.1642799377441406,1.1640088558197021,1.1641442775726318
2026-09-10T05:30:00Z,1.1642799377441406,1.1644154787063599,1.1641442775726318,1.1642799377441406
2026-09-10T06:00:00Z,1.1642799377441406,1.1642799377441406,1.1641442775726318,1.1642799377441406
2026-09-10T06:30:00Z,1.1642799377441406,1.1642799377441406,1.1640088558197021,1.1642799377441406
2026-09-10T07:00:00Z,1.1642799377441406,1.1642799377441406,1.163873314857483,1.1641442775726318
2026-09-10T07:30:00Z,1.1642799377441406,1.1644154787063599,1.1642799377441406,1.1642799377441406
2026-09-10T08:00:00Z,1.1642799377441406,1.1642799377441406,1.163873314857483,1.1641442775726318
2026-09-10T08:30:00Z,1.1641442775726318,1.1642799377441406,1.163873314857483,1.1641442775726318
2026-09-10T09:00:00Z,1.1641442775726318,1.1642799377441406,1.163873314857483,1.1640088558197021
2026-09-10T09:30:00Z,1.1640088558197021,1.1640088558197021,1.163602590560913,1.1637378931045532
2026-09-10T10:00:00Z,1.1637378931045532,1.1641442775726318,1.1634671688079834,1.1634671688079834
2026-09-10T10:30:00Z,1.1633317470550537,1.1633317470550537,1.1627906560897827,1.1631964445114136
2026-09-10T11:00:00Z,1.163061261177063,1.1631964445114136,1.162520408630371,1.1626555919647217
2026-09-10T11:30:00Z,1.1626555919647217,1.163061261177063,1.1619800329208374,1.1619800329208374
2026-09-10T12:00:00Z,1.1621150970458984,1.1627906560897827,1.1615750789642334,1.162520408630371
2026-09-10T12:30:00Z,1.1623852252960205,1.1623852252960205,1.15968918800354,1.1607661247253418
2026-09-10T13:00:00Z,1.1609008312225342,1.1609008312225342,1.1602274179458618,1.1606314182281494
2026-09-10T13:30:00Z,1.1607661247253418,1.1621150970458984,1.1606314182281494,1.1615750789642334
2026-09-10T14:00:00Z,1.1617100238800049,1.1626555919647217,1.1617100238800049,1.1626555919647217
2026-09-10T14:30:00Z,1.1623852252960205,1.1631964445114136,1.1623852252960205,1.1631964445114136
2026-09-10T15:00:00Z,1.1631964445114136,1.1634671688079834,1.1627906560897827,1.1627906560897827
2026-09-10T15:30:00Z,1.1627906560897827,1.1633317470550537,1.1627906560897827,1.163061261177063
2026-09-10T16:00:00Z,1.163061261177063,1.1631964445114136,1.1627906560897827,1.1629259586334229
2026-09-10T16:30:00Z,1.1629259586334229,1.1629259586334229,1.16225004196167,1.16225004196167
2026-09-10T17:00:00Z,1.16225004196167,1.1626555919647217,1.1619800329208374,1.162520408630371
2026-09-10T17:30:00Z,1.162520408630371,1.162520408630371,1.16225004196167,1.16225004196167
2026-09-10T18:00:00Z,1.16225004196167,1.16225004196167,1.1615750789642334,1.1619800329208374
2026-09-10T18:30:00Z,1.1617100238800049,1.1619800329208374,1.1615750789642334,1.1615750789642334
2026-09-10T19:00:00Z,1.1617100238800049,1.1617100238800049,1.16130530834198,1.1615750789642334
2026-09-10T19:30:00Z,1.1615750789642334,1.1615750789642334,1.16130530834198,1.161440134048462
2026-09-10T20:00:00Z,1.16130530834198,1.16130530834198,1.1609008312225342,1.1609008312225342
2026-09-10T20:30:00Z,1.1610356569290161,1.1615750789642334,1.1610356569290161,1.1615750789642334
2026-09-10T21:00:00Z,1.1615750789642334,1.1618449687957764,1.1610356569290161,1.161170482635498
2026-09-10T21:30:00Z,1.1609008312225342,1.1619800329208374,1.1607661247253418,1.16130530834198
2026-09-10T22:00:00Z,1.1610356569290161,1.161440134048462,1.1610356569290161,1.16130530834198
2026-09-10T22:30:00Z,1.161170482635498,1.161440134048462,1.161170482635498,1.161440134048462
2026-09-10T23:00:00Z,1.16130530834198,1.161440134048462,1.161170482635498,1.161170482635498
2026-09-10T23:30:00Z,1.161170482635498,1.161440134048462,1.161170482635498,1.161440134048462
2026-09-11T00:00:00Z,1.161440134048462,1.1617100238800049,1.161440134048462,1.1615750789642334
2026-09-11T00:30:00Z,1.1617100238800049,1.1618449687957764,1.1615750789642334,1.1618449687957764
2026-09-11T01:00:00Z,1.1618449687957764,1.1621150970458984,1.1618449687957764,1.1619800329208374
2026-09-11T01:30:00Z,1.1618449687957764,1.1619800329208374,1.161440134048462,1.1615750789642334
2026-09-11T02:00:00Z,1.1615750789642334,1.1615750789642334,1.1609008312225342,1.1609008312225342
2026-09-11T02:30:00Z,1.1609008312225342,1.161170482635498,1.1609008312225342,1.1610356569290161
2026-09-11T03:00:00Z,1.1610356569290161,1.161170482635498,1.160496711730957,1.160496711730957
2026-09-11T03:30:00Z,1.160496711730957,1.1606314182281494,1.1603620052337646,1.160496711730957
2026-09-11T04:00:00Z,1.160496711730957,1.161170482635498,1.1603620052337646,1.161170482635498
2026-09-11T04:30:00Z,1.161170482635498,1.161170482635498,1.1607661247253418,1.1607661247253418
2026-09-11T05:00:00Z,1.1607661247253418,1.161440134048462,1.1607661247253418,1.16130530834198
2026-09-11T05:30:00Z,1.161440134048462,1.1617100238800049,1.16130530834198,1.16130530834198
2026-09-11T06:00:00Z,1.16130530834198,1.1617100238800049,1.16130530834198,1.1615750789642334
2026-09-11T06:30:00Z,1.161440134048462,1.1615750789642334,1.16130530834198,1.16130530834198
2026-09-11T07:00:00Z,1.161440134048462,1.161440134048462,1.1610356569290161,1.1610356569290161
2026-09-11T07:30:00Z,1.1610356569290161,1.161170482635498,1.160496711730957,1.1607661247253418
2026-09-11T08:00:00Z,1.1609008312225342,1.161170482635498,1.1606314182281494,1.1606314182281494
2026-09-11T08:30:00Z,1.1606314182281494,1.1607661247253418,1.1602274179458618,1.1602274179458618
2026-09-11T09:00:00Z,1.1603620052337646,1.160496711730957,1.1599582433700562,1.1603620052337646
2026-09-11T09:30:00Z,1.1603620052337646,1.1603620052337646,1.1599582433700562,1.1599582433700562
2026-09-11T10:00:00Z,1.1599582433700562,1.160092830657959,1.1595547199249268,1.1595547199249268
2026-09-11T10:30:00Z,1.1595547199249268,1.15968918800354,1.1594202518463135,1.1595547199249268
2026-09-11T11:00:00Z,1.1595547199249268,1.15968918800354,1.1595547199249268,1.15968918800354
2026-09-11T11:30:00Z,1.15968918800354,1.1598236560821533,1.1594202518463135,1.1594202518463135
2026-09-11T12:00:00Z,1.1595547199249268,1.1599582433700562,1.1594202518463135,1.1599582433700562
2026-09-11T12:30:00Z,1.1582117080688477,1.1606314182281494,1.1574074029922485,1.160496711730957
2026-09-11T13:00:00Z,1.1606314182281494,1.161170482635498,1.1603620052337646,1.1610356569290161
2026-09-11T13:30:00Z,1.1609008312225342,1.1615750789642334,1.160496711730957,1.1615750789642334
2026-09-11T14:00:00Z,1.16130530834198,1.1618449687957764,1.161170482635498,1.161170482635498
2026-09-11T14:30:00Z,1.161170482635498,1.1618449687957764,1.1610356569290161,1.1618449687957764
2026-09-11T15:00:00Z,1.1617100238800049,1.1618449687957764,1.1607661247253418,1.1607661247253418
2026-09-11T15:30:00Z,1.1607661247253418,1.1609008312225342,1.1603620052337646,1.1606314182281494
2026-09-11T16:00:00Z,1.1606314182281494,1.1610356569290161,1.1606314182281494,1.1609008312225342
2026-09-11T16:30:00Z,1.1609008312225342,1.1609008312225342,1.1602274179458618,1.1603620052337646
2026-09-11T17:00:00Z,1.1602274179458618,1.1603620052337646,1.1599582433700562,1.1602274179458618
2026-09-11T17:30:00Z,1.1602274179458618,1.1603620052337646,1.160092830657959,1.160092830657959
2026-09-11T18:00:00Z,1.160092830657959,1.1602274179458618,1.1599582433700562,1.1599582433700562
2026-09-11T18:30:00Z,1.1599582433700562,1.1599582433700562,1.1595547199249268,1.1599582433700562
2026-09-11T19:00:00Z,1.1598236560821533,1.160092830657959,1.15968918800354,1.1599582433700562
2026-09-11T19:30:00Z,1.1599582433700562,1.1599582433700562,1.1598236560821533,1.1599582433700562
2026-09-11T20:00:00Z,1.1599582433700562,1.1599582433700562,1.15968918800354,1.15968918800354
2026-09-11T20:30:00Z,1.15968918800354,1.160092830657959,1.1595547199249268,1.1599582433700562
2026-09-11T21:00:00Z,1.1602274179458618,1.1602274179458618,1.1602274179458618,1.1602274179458618
2026-09-13T23:00:00Z,1.1594202518463135,1.1595547199249268,1.1592857837677002,1.1594202518463135
2026-09-13T23:30:00Z,1.1594202518463135,1.15968918800354,1.1592857837677002,1.15968918800354
2026-09-14T00:00:00Z,1.15968918800354,1.1599582433700562,1.1588828563690186,1.1588828563690186
2026-09-14T00:30:00Z,1.1590172052383423,1.159151554107666,1.1588828563690186,1.159151554107666
2026-09-14T01:00:00Z,1.159151554107666,1.159151554107666,1.1587486267089844,1.159151554107666
2026-09-14T01:30:00Z,1.1590172052383423,1.1592857837677002,1.1588828563690186,1.1588828563690186
2026-09-14T02:00:00Z,1.1588828563690186,1.159151554107666,1.1588828563690186,1.1590172052383423
2026-09-14T02:30:00Z,1.1590172052383423,1.1590172052383423,1.1584800481796265,1.1584800481796265
2026-09-14T03:00:00Z,1.1584800481796265,1.1584800481796265,1.1576753854751587,1.1576753854751587
2026-09-14T03:30:00Z,1.1575413942337036,1.1575413942337036,1.157273530960083,1.1574074029922485
2026-09-14T04:00:00Z,1.1574074029922485,1.1574074029922485,1.1568717956542969,1.1568717956542969
2026-09-14T04:30:00Z,1.1568717956542969,1.1570056676864624,1.1566041707992554,1.1568717956542969
2026-09-14T05:00:00Z,1.1568717956542969,1.157139539718628,1.156738042831421,1.157139539718628
2026-09-14T05:30:00Z,1.157139539718628,1.1574074029922485,1.157139539718628,1.157273530960083
2026-09-14T06:00:00Z,1.157273530960083,1.157273530960083,1.1555349826812744,1.1559356451034546
2026-09-14T06:30:00Z,1.1558021306991577,1.156336784362793,1.155401587486267,1.1556684970855713
2026-09-14T07:00:00Z,1.1556684970855713,1.1560693979263306,1.1555349826812744,1.1558021306991577
2026-09-14T07:30:00Z,1.1556684970855713,1.1558021306991577,1.1547343730926514,1.1548677682876587
2026-09-14T08:00:00Z,1.1547343730926514,1.1547343730926514,1.1538017988204956,1.1539349555969238
2026-09-14T08:30:00Z,1.1538017988204956,1.1544678211212158,1.1538017988204956,1.1542012691497803
2026-09-14T09:00:00Z,1.154334545135498,1.1546010971069336,1.1539349555969238,1.1546010971069336
2026-09-14T09:30:00Z,1.1547343730926514,1.1547343730926514,1.1544678211212158,1.1544678211212158
2026-09-14T10:00:00Z,1.1544678211212158,1.1544678211212158,1.154068112373352,1.1544678211212158
2026-09-14T10:30:00Z,1.1544678211212158,1.1544678211212158,1.1542012691497803,1.154334545135498
2026-09-14T11:00:00Z,1.154334545135498,1.1552680730819702,1.154334545135498,1.1551345586776733
2026-09-14T11:30:00Z,1.1552680730819702,1.1552680730819702,1.1547343730926514,1.1551345586776733
2026-09-14T12:00:00Z,1.1551345586776733,1.1555349826812744,1.1544678211212158,1.1544678211212158
2026-09-14T12:30:00Z,1.154334545135498,1.154334545135498,1.15340256690979,1.1535356044769287
2026-09-14T13:00:00Z,1.1535356044769287,1.154068112373352,1.1532695293426514,1.1538017988204956
2026-09-14T13:30:00Z,1.1538017988204956,1.154068112373352,1.1527377367019653,1.1528706550598145
2026-09-14T14:00:00Z,1.1528706550598145,1.1539349555969238,1.1527377367019653,1.15340256690979
2026-09-14T14:30:00Z,1.1535356044769287,1.1546010971069336,1.1535356044769287,1.154068112373352
2026-09-14T15:00:00Z,1.154068112373352,1.1548677682876587,1.1539349555969238,1.1544678211212158
2026-09-14T15:30:00Z,1.1546010971069336,1.1552680730819702,1.154334545135498,1.1551345586776733
2026-09-14T16:00:00Z,1.1552680730819702,1.1556684970855713,1.1551345586776733,1.1555349826812744
2026-09-14T16:30:00Z,1.155401587486267,1.156738042831421,1.155401587486267,1.156336784362793
2026-09-14T17:00:00Z,1.1564704179763794,1.1564704179763794,1.1560693979263306,1.1560693979263306
2026-09-14T17:30:00Z,1.156203031539917,1.156203031539917,1.1558021306991577,1.1559356451034546
2026-09-14T18:00:00Z,1.1559356451034546,1.1560693979263306,1.1559356451034546,1.1560693979263306
2026-09-14T18:30:00Z,1.1560693979263306,1.156203031539917,1.1559356451034546,1.1559356451034546
2026-09-14T19:00:00Z,1.1560693979263306,1.1560693979263306,1.1556684970855713,1.1556684970855713
2026-09-14T19:30:00Z,1.1556684970855713,1.1556684970855713,1.1551345586776733,1.1551345586776733
2026-09-14T20:00:00Z,1.155001163482666,1.155001163482666,1.1548677682876587,1.155001163482666
2026-09-14T20:30:00Z,1.155001163482666,1.155401587486267,1.155001163482666,1.1551345586776733
2026-09-14T21:00:00Z,1.155001163482666,1.1558021306991577,1.1547343730926514,1.155401587486267
2026-09-14T21:30:00Z,1.155401587486267,1.1558021306991577,1.1551345586776733,1.155401587486267
2026-09-14T22:00:00Z,1.155401587486267,1.155401587486267,1.1552680730819702,1.1552680730819702
2026-09-14T22:30:00Z,1.1552680730819702,1.1555349826812744,1.1552680730819702,1.1555349826812744
2026-09-14T23:00:00Z,1.1555349826812744,1.1555349826812744,1.1552680730819702,1.155401587486267
2026-09-14T23:30:00Z,1.155401587486267,1.155401587486267,1.155001163482666,1.1551345586776733
2026-09-15T00:00:00Z,1.1551345586776733,1.1551345586776733,1.1547343730926514,1.1547343730926514
2026-09-15T00:30:00Z,1.1547343730926514,1.1548677682876587,1.1546010971069336,1.1547343730926514
2026-09-15T01:00:00Z,1.1546010971069336,1.1547343730926514,1.1542012691497803,1.1542012691497803
2026-09-15T01:30:00Z,1.1542012691497803,1.154334545135498,1.154068112373352,1.1542012691497803
2026-09-15T02:00:00Z,1.1542012691497803,1.154334545135498,1.154068112373352,1.154068112373352
2026-09-15T02:30:00Z,1.1539349555969238,1.1544678211212158,1.1539349555969238,1.154334545135498
2026-09-15T03:00:00Z,1.1544678211212158,1.1544678211212158,1.1542012691497803,1.1542012691497803
2026-09-15T03:30:00Z,1.1542012691497803,1.1542012691497803,1.154068112373352,1.154068112373352
2026-09-15T04:00:00Z,1.154068112373352,1.154068112373352,1.1538017988204956,1.1539349555969238
2026-09-15T04:30:00Z,1.1539349555969238,1.1542012691497803,1.1539349555969238,1.154068112373352
2026-09-15T05:00:00Z,1.154068112373352,1.154068112373352,1.1538017988204956,1.1539349555969238
2026-09-15T05:30:00Z,1.1539349555969238,1.154068112373352,1.1536686420440674,1.1538017988204956
2026-09-15T06:00:00Z,1.1538017988204956,1.1538017988204956,1.1531364917755127,1.1532695293426514
2026-09-15T06:30:00Z,1.1531364917755127,1.1538017988204956,1.1530035734176636,1.1538017988204956
2026-09-15T07:00:00Z,1.1538017988204956,1.1542012691497803,1.1536686420440674,1.1542012691497803
2026-09-15T07:30:00Z,1.1542012691497803,1.154334545135498,1.1539349555969238,1.1542012691497803
2026-09-15T08:00:00Z,1.1544678211212158,1.1544678211212158,1.1539349555969238,1.154068112373352
2026-09-15T08:30:00Z,1.154068112373352,1.154334545135498,1.1536686420440674,1.1536686420440674
2026-09-15T09:00:00Z,1.1538017988204956,1.1539349555969238,1.1535356044769287,1.1539349555969238
2026-09-15T09:30:00Z,1.1539349555969238,1.1542012691497803,1.1536686420440674,1.154068112373352
2026-09-15T10:00:00Z,1.1542012691497803,1.154334545135498,1.1539349555969238,1.1542012691497803
2026-09-15T10:30:00Z,1.1542012691497803,1.154334545135498,1.1538017988204956,1.1538017988204956
2026-09-15T11:00:00Z,1.1538017988204956,1.1544678211212158,1.1538017988204956,1.1544678211212158
2026-09-15T11:30:00Z,1.1544678211212158,1.1546010971069336,1.1542012691497803,1.1544678211212158
2026-09-15T12:00:00Z,1.154334545135498,1.1544678211212158,1.1542012691497803,1.1544678211212158
2026-09-15T12:30:00Z,1.1544678211212158,1.1552680730819702,1.1544678211212158,1.155001163482666
2026-09-15T13:00:00Z,1.155001163482666,1.1551345586776733,1.1546010971069336,1.1547343730926514
2026-09-15T13:30:00Z,1.1544678211212158,1.155401587486267,1.1542012691497803,1.1552680730819702
2026-09-15T14:00:00Z,1.1552680730819702,1.1552680730819702,1.1548677682876587,1.1551345586776733
2026-09-15T14:30:00Z,1.1552680730819702,1.155401587486267,1.1544678211212158,1.1546010971069336
2026-09-15T15:00:00Z,1.1546010971069336,1.1548677682876587,1.154334545135498,1.1548677682876587
2026-09-15T15:30:00Z,1.1547343730926514,1.1547343730926514,1.1542012691497803,1.1544678211212158
2026-09-15T16:00:00Z,1.1544678211212158,1.1546010971069336,1.1542012691497803,1.1544678211212158
2026-09-15T16:30:00Z,1.154334545135498,1.1546010971069336,1.154334545135498,1.1546010971069336
2026-09-15T17:00:00Z,1.1547343730926514,1.1547343730926514,1.154068112373352,1.154068112373352
2026-09-15T17:30:00Z,1.154068112373352,1.154334545135498,1.154068112373352,1.154068112373352
2026-09-15T18:00:00Z,1.154068112373352,1.1547343730926514,1.1539349555969238,1.1546010971069336
2026-09-15T18:30:00Z,1.1544678211212158,1.1547343730926514,1.154334545135498,1.1546010971069336
2026-09-15T19:00:00Z,1.1546010971069336,1.1546010971069336,1.154334545135498,1.1544678211212158
2026-09-15T19:30:00Z,1.1544678211212158,1.1546010971069336,1.1544678211212158,1.1544678211212158
2026-09-15T20:00:00Z,1.1544678211212158,1.1544678211212158,1.1542012691497803,1.1542012691497803
2026-09-15T20:30:00Z,1.154334545135498,1.1546010971069336,1.154334545135498,1.1546010971069336
2026-09-15T21:00:00Z,1.1539349555969238,1.1551345586776733,1.1536686420440674,1.1546010971069336
2026-09-15T21:30:00Z,1.154334545135498,1.1544678211212158,1.154068112373352,1.154334545135498
2026-09-15T22:00:00Z,1.1546010971069336,1.1548677682876587,1.1544678211212158,1.1546010971069336
2026-09-15T22:30:00Z,1.1544678211212158,1.1546010971069336,1.154334545135498,1.154334545135498
2026-09-15T23:00:00Z,1.1542012691497803,1.1542012691497803,1.154068112373352,1.154068112373352
2026-09-15T23:30:00Z,1.154068112373352,1.1542012691497803,1.1538017988204956,1.1539349555969238
2026-09-16T00:00:00Z,1.154068112373352,1.1542012691497803,1.1539349555969238,1.154068112373352
2026-09-16T00:30:00Z,1.154068112373352,1.154068112373352,1.1536686420440674,1.1539349555969238
2026-09-16T01:00:00Z,1.1539349555969238,1.1539349555969238,1.1536686420440674,1.1536686420440674
2026-09-16T01:30:00Z,1.1536686420440674,1.1538017988204956,1.1535356044769287,1.1536686420440674
2026-09-16T02:00:00Z,1.1535356044769287,1.1542012691497803,1.1535356044769287,1.154068112373352
2026-09-16T02:30:00Z,1.154334545135498,1.1546010971069336,1.154334545135498,1.1546010971069336
2026-09-16T03:00:00Z,1.1546010971069336,1.1547343730926514,1.1544678211212158,1.1546010971069336
2026-09-16T03:30:00Z,1.1546010971069336,1.1546010971069336,1.154334545135498,1.1544678211212158
2026-09-16T04:00:00Z,1.1544678211212158,1.1547343730926514,1.1544678211212158,1.1547343730926514
2026-09-16T04:30:00Z,1.1547343730926514,1.155001163482666,1.1547343730926514,1.1547343730926514
2026-09-16T05:00:00Z,1.1548677682876587,1.1551345586776733,1.1547343730926514,1.155001163482666
2026-09-16T05:30:00Z,1.155001163482666,1.155401587486267,1.1548677682876587,1.1552680730819702
2026-09-16T06:00:00Z,1.1552680730819702,1.155401587486267,1.155001163482666,1.1551345586776733
2026-09-16T06:30:00Z,1.1551345586776733,1.1551345586776733,1.1547343730926514,1.1551345586776733
2026-09-16T07:00:00Z,1.1551345586776733,1.155401587486267,1.155001163482666,1.155401587486267
2026-09-16T07:30:00Z,1.1556684970855713,1.1559356451034546,1.1551345586776733,1.1551345586776733
2026-09-16T08:00:00Z,1.1551345586776733,1.1551345586776733,1.1548677682876587,1.155001163482666
2026-09-16T08:30:00Z,1.1548677682876587,1.155001163482666,1.1542012691497803,1.154334545135498
2026-09-16T09:00:00Z,1.154334545135498,1.1547343730926514,1.1542012691497803,1.1544678211212158
2026-09-16T09:30:00Z,1.1544678211212158,1.1544678211212158,1.1542012691497803,1.1542012691497803
2026-09-16T10:00:00Z,1.154334545135498,1.154334545135498,1.1539349555969238,1.1539349555969238
2026-09-16T10:30:00Z,1.1539349555969238,1.154068112373352,1.1538017988204956,1.1539349555969238
2026-09-16T11:00:00Z,1.154068112373352,1.154334545135498,1.1535356044769287,1.154334545135498
2026-09-16T11:30:00Z,1.154068112373352,1.154334545135498,1.1538017988204956,1.1538017988204956
2026-09-16T12:00:00Z,1.1539349555969238,1.154068112373352,1.15340256690979,1.15340256690979
2026-09-16T12:30:00Z,1.1538017988204956,1.1542012691497803,1.1536686420440674,1.1538017988204956
2026-09-16T13:00:00Z,1.1539349555969238,1.154068112373352,1.1535356044769287,1.1539349555969238
2026-09-16T13:30:00Z,1.1538017988204956,1.1542012691497803,1.1535356044769287,1.1535356044769287
2026-09-16T14:00:00Z,1.1536686420440674,1.154068112373352,1.15340256690979,1.154068112373352
2026-09-16T14:30:00Z,1.154068112373352,1.154334545135498,1.1539349555969238,1.1542012691497803
2026-09-16T15:00:00Z,1.154334545135498,1.1546010971069336,1.154068112373352,1.154068112373352
2026-09-16T15:30:00Z,1.1539349555969238,1.1542012691497803,1.1538017988204956,1.154068112373352
2026-09-16T16:00:00Z,1.154068112373352,1.1542012691497803,1.1538017988204956,1.1539349555969238
2026-09-16T16:30:00Z,1.1539349555969238,1.154068112373352,1.1538017988204956,1.1538017988204956
2026-09-16T17:00:00Z,1.1538017988204956,1.1538017988204956,1.15340256690979,1.1535356044769287
2026-09-16T17:30:00Z,1.1536686420440674,1.1542012691497803,1.1535356044769287,1.1542012691497803
2026-09-16T18:00:00Z,1.1532695293426514,1.1532695293426514,1.1500862836837769,1.15035080909729
2026-09-16T18:30:00Z,1.1499539613723755,1.1499539613723755,1.147315263748169,1.147315263748169
2026-09-16T19:00:00Z,1.1479737758636475,1.148369312286377,1.1466574668884277,1.1469204425811768
2026-09-16T19:30:00Z,1.1471836566925049,1.1478420495986938,1.1471836566925049,1.1475785970687866
2026-09-16T20:00:00Z,1.1475785970687866,1.1475785970687866,1.1465259790420532,1.1466574668884277
2026-09-16T20:30:00Z,1.1466574668884277,1.1470520496368408,1.1466574668884277,1.1466574668884277
2026-09-16T21:00:00Z,1.1469204425811768,1.147446870803833,1.1461317539215088,1.147315263748169
2026-09-16T21:30:00Z,1.1471836566925049,1.147315263748169,1.1465259790420532,1.1465259790420532
2026-09-16T22:00:00Z,1.1466574668884277,1.1471836566925049,1.1465259790420532,1.1470520496368408
2026-09-16T22:30:00Z,1.1470520496368408,1.1471836566925049,1.1469204425811768,1.1470520496368408
2026-09-16T23:00:00Z,1.1469204425811768,1.1471836566925049,1.1469204425811768,1.1470520496368408
2026-09-16T23:30:00Z,1.1470520496368408,1.147315263748169,1.1470520496368408,1.1471836566925049
2026-09-17T00:00:00Z,1.1470520496368408,1.1475785970687866,1.1470520496368408,1.1470520496368408
2026-09-17T00:30:00Z,1.1470520496368408,1.1471836566925049,1.1462632417678833,1.1462632417678833
2026-09-17T01:00:00Z,1.1462632417678833,1.1466574668884277,1.1461317539215088,1.1465259790420532
2026-09-17T01:30:00Z,1.1466574668884277,1.1467890739440918,1.1461317539215088,1.1461317539215088
2026-09-17T02:00:00Z,1.1462632417678833,1.1465259790420532,1.1462632417678833,1.1462632417678833
2026-09-17T02:30:00Z,1.1462632417678833,1.1463946104049683,1.1460003852844238,1.1461317539215088
2026-09-17T03:00:00Z,1.1462632417678833,1.1463946104049683,1.1460003852844238,1.1461317539215088
2026-09-17T03:30:00Z,1.1462632417678833,1.1463946104049683,1.1461317539215088,1.1463946104049683
2026-09-17T04:00:00Z,1.1462632417678833,1.1466574668884277,1.1462632417678833,1.1465259790420532
2026-09-17T04:30:00Z,1.1465259790420532,1.1470520496368408,1.1465259790420532,1.1469204425811768
2026-09-17T05:00:00Z,1.1470520496368408,1.1470520496368408,1.1466574668884277,1.1467890739440918
2026-09-17T05:30:00Z,1.1467890739440918,1.1469204425811768,1.1466574668884277,1.1469204425811768
2026-09-17T06:00:00Z,1.1469204425811768,1.1479737758636475,1.1469204425811768,1.1479737758636475
2026-09-17T06:30:00Z,1.1481056213378906,1.1486331224441528,1.1478420495986938,1.148369312286377
2026-09-17T07:00:00Z,1.148369312286377,1.148369312286377,1.1479737758636475,1.148369312286377
2026-09-17T07:30:00Z,1.148369312286377,1.148369312286377,1.147315263748169,1.1477103233337402
2026-09-17T08:00:00Z,1.1477103233337402,1.1477103233337402,1.1470520496368408,1.147315263748169
2026-09-17T08:30:00Z,1.147446870803833,1.1477103233337402,1.147315263748169,1.1477103233337402
2026-09-17T09:00:00Z,1.1477103233337402,1.1481056213378906,1.1475785970687866,1.1478420495986938
2026-09-17T09:30:00Z,1.1477103233337402,1.1479737758636475,1.1475785970687866,1.1475785970687866
2026-09-17T10:00:00Z,1.1475785970687866,1.148369312286377,1.1475785970687866,1.148369312286377
2026-09-17T10:30:00Z,1.1482374668121338,1.1482374668121338,1.1478420495986938,1.1481056213378906
2026-09-17T11:00:00Z,1.1482374668121338,1.1482374668121338,1.147315263748169,1.147446870803833
2026-09-17T11:30:00Z,1.147446870803833,1.1477103233337402,1.1471836566925049,1.1477103233337402
2026-09-17T12:00:00Z,1.1475785970687866,1.1499539613723755,1.1475785970687866,1.1499539613723755
2026-09-17T12:30:00Z,1.1496896743774414,1.1496896743774414,1.1487650871276855,1.1494252681732178
2026-09-17T13:00:00Z,1.1495574712753296,1.1495574712753296,1.1488970518112183,1.1491611003875732
2026-09-17T13:30:00Z,1.1492931842803955,1.1494252681732178,1.1488970518112183,1.1492931842803955
2026-09-17T14:00:00Z,1.1491611003875732,1.1500862836837769,1.1491611003875732,1.1494252681732178
2026-09-17T14:30:00Z,1.1495574712753296,1.1496896743774414,1.1488970518112183,1.1488970518112183
2026-09-17T15:00:00Z,1.1488970518112183,1.1490291357040405,1.1482374668121338,1.148369312286377
2026-09-17T15:30:00Z,1.1482374668121338,1.1482374668121338,1.1478420495986938,1.1482374668121338
2026-09-17T16:00:00Z,1.1482374668121338,1.1482374668121338,1.1478420495986938,1.1481056213378906
2026-09-17T16:30:00Z,1.1481056213378906,1.1481056213378906,1.1478420495986938,1.1479737758636475
2026-09-17T17:00:00Z,1.1479737758636475,1.1481056213378906,1.1477103233337402,1.1479737758636475
2026-09-17T17:30:00Z,1.1479737758636475,1.1481056213378906,1.1478420495986938,1.1479737758636475
2026-09-17T18:00:00Z,1.1481056213378906,1.1481056213378906,1.1477103233337402,1.1478420495986938
2026-09-17T18:30:00Z,1.1477103233337402,1.1479737758636475,1.1477103233337402,1.1478420495986938
2026-09-17T19:00:00Z,1.1478420495986938,1.1482374668121338,1.1478420495986938,1.1481056213378906
2026-09-17T19:30:00Z,1.1482374668121338,1.148369312286377,1.1482374668121338,1.1482374668121338
2026-09-17T20:00:00Z,1.1482374668121338,1.1482374668121338,1.1477103233337402,1.1479737758636475
2026-09-17T20:30:00Z,1.1481056213378906,1.1481056213378906,1.1478420495986938,1.1479737758636475
2026-09-17T21:00:00Z,1.148369312286377,1.1485011577606201,1.1478420495986938,1.1478420495986938
2026-09-17T21:30:00Z,1.1481056213378906,1.1482374668121338,1.1478420495986938,1.1481056213378906
2026-09-17T22:00:00Z,1.1481056213378906,1.1481056213378906,1.1478420495986938,1.1479737758636475
2026-09-17T22:30:00Z,1.1479737758636475,1.1481056213378906,1.1479737758636475,1.1481056213378906
2026-09-17T23:00:00Z,1.1481056213378906,1.1482374668121338,1.1479737758636475,1.1479737758636475
2026-09-17T23:30:00Z,1.1479737758636475,1.1481056213378906,1.1478420495986938,1.1478420495986938
2026-09-18T00:00:00Z,1.1478420495986938,1.148369312286377,1.1478420495986938,1.1482374668121338
2026-09-18T00:30:00Z,1.1482374668121338,1.148369312286377,1.1481056213378906,1.148369312286377
2026-09-18T01:00:00Z,1.148369312286377,1.1485011577606201,1.1482374668121338,1.1482374668121338
2026-09-18T01:30:00Z,1.1482374668121338,1.1486331224441528,1.1481056213378906,1.1486331224441528
2026-09-18T02:00:00Z,1.1485011577606201,1.1485011577606201,1.1482374668121338,1.1485011577606201
2026-09-18T02:30:00Z,1.1485011577606201,1.1485011577606201,1.1481056213378906,1.1481056213378906
2026-09-18T03:00:00Z,1.148369312286377,1.1487650871276855,1.1482374668121338,1.1487650871276855
2026-09-18T03:30:00Z,1.1487650871276855,1.1491611003875732,1.1486331224441528,1.1491611003875732
2026-09-18T04:00:00Z,1.1494252681732178,1.1495574712753296,1.1492931842803955,1.1492931842803955
2026-09-18T04:30:00Z,1.1494252681732178,1.1494252681732178,1.1490291357040405,1.1490291357040405
2026-09-18T05:00:00Z,1.1490291357040405,1.1490291357040405,1.1485011577606201,1.1485011577606201
2026-09-18T05:30:00Z,1.1485011577606201,1.1485011577606201,1.1482374668121338,1.1482374668121338
2026-09-18T06:00:00Z,1.1482374668121338,1.1486331224441528,1.1482374668121338,1.1486331224441528
2026-09-18T06:30:00Z,1.1486331224441528,1.1487650871276855,1.148369312286377,1.1486331224441528
2026-09-18T07:00:00Z,1.1486331224441528,1.1488970518112183,1.1482374668121338,1.1482374668121338
2026-09-18T07:30:00Z,1.1485011577606201,1.1490291357040405,1.1482374668121338,1.1488970518112183
2026-09-18T08:00:00Z,1.1487650871276855,1.1494252681732178,1.1486331224441528,1.1486331224441528
2026-09-18T08:30:00Z,1.1486331224441528,1.1486331224441528,1.1481056213378906,1.1486331224441528
2026-09-18T09:00:00Z,1.1485011577606201,1.1486331224441528,1.1485011577606201,1.1485011577606201
2026-09-18T09:30:00Z,1.1485011577606201,1.1490291357040405,1.1485011577606201,1.1486331224441528
2026-09-18T10:00:00Z,1.1487650871276855,1.1487650871276855,1.1486331224441528,1.1486331224441528
2026-09-18T10:30:00Z,1.1486331224441528,1.1486331224441528,1.147446870803833,1.1475785970687866
2026-09-18T11:00:00Z,1.1477103233337402,1.1479737758636475,1.1467890739440918,1.1467890739440918
2026-09-18T11:30:00Z,1.1467890739440918,1.1467890739440918,1.1461317539215088,1.1463946104049683
2026-09-18T12:00:00Z,1.1463946104049683,1.1465259790420532,1.1458691358566284,1.1461317539215088
2026-09-18T12:30:00Z,1.1461317539215088,1.147315263748169,1.1461317539215088,1.1471836566925049
2026-09-18T13:00:00Z,1.1471836566925049,1.1471836566925049,1.1466574668884277,1.1470520496368408
2026-09-18T13:30:00Z,1.1470520496368408,1.1470520496368408,1.1462632417678833,1.1462632417678833
2026-09-18T14:00:00Z,1.1462632417678833,1.1467890739440918,1.1462632417678833,1.1466574668884277
2026-09-18T14:30:00Z,1.1465259790420532,1.1467890739440918,1.1463946104049683,1.1465259790420532
2026-09-18T15:00:00Z,1.1465259790420532,1.1471836566925049,1.1462632417678833,1.1470520496368408
2026-09-18T15:30:00Z,1.1471836566925049,1.1471836566925049,1.1463946104049683,1.1467890739440918
2026-09-18T16:00:00Z,1.1466574668884277,1.147446870803833,1.1466574668884277,1.147446870803833
2026-09-18T16:30:00Z,1.1475785970687866,1.1478420495986938,1.1475785970687866,1.1477103233337402
2026-09-18T17:00:00Z,1.1477103233337402,1.1488970518112183,1.1477103233337402,1.1487650871276855
2026-09-18T17:30:00Z,1.1486331224441528,1.1487650871276855,1.148369312286377,1.148369312286377
2026-09-18T18:00:00Z,1.148369312286377,1.1486331224441528,1.148369312286377,1.1485011577606201
2026-09-18T18:30:00Z,1.1485011577606201,1.1486331224441528,1.148369312286377,1.1486331224441528
2026-09-18T19:00:00Z,1.1487650871276855,1.1492931842803955,1.1486331224441528,1.1491611003875732
2026-09-18T19:30:00Z,1.1491611003875732,1.1491611003875732,1.1488970518112183,1.1488970518112183
2026-09-18T20:00:00Z,1.1490291357040405,1.1491611003875732,1.1490291357040405,1.1491611003875732
2026-09-18T20:30:00Z,1.1491611003875732,1.1491611003875732,1.1488970518112183,1.1490291357040405
2026-09-18T21:00:00Z,1.1488970518112183,1.1488970518112183,1.1488970518112183,1.1488970518112183
2026-09-20T23:00:00Z,1.148369312286377,1.148369312286377,1.1482374668121338,1.148369312286377
2026-09-20T23:30:00Z,1.148369312286377,1.148369312286377,1.1481056213378906,1.1481056213378906
2026-09-21T00:00:00Z,1.1482374668121338,1.1485011577606201,1.1481056213378906,1.1485011577606201
2026-09-21T00:30:00Z,1.1485011577606201,1.1487650871276855,1.1485011577606201,1.1485011577606201
2026-09-21T01:00:00Z,1.1485011577606201,1.1488970518112183,1.148369312286377,1.1487650871276855
2026-09-21T01:30:00Z,1.1487650871276855,1.1488970518112183,1.1486331224441528,1.1486331224441528
2026-09-21T02:00:00Z,1.1486331224441528,1.1486331224441528,1.148369312286377,1.1485011577606201
2026-09-21T02:30:00Z,1.1485011577606201,1.1485011577606201,1.1479737758636475,1.1479737758636475
2026-09-21T03:00:00Z,1.1481056213378906,1.1481056213378906,1.1478420495986938,1.1478420495986938
2026-09-21T03:30:00Z,1.1478420495986938,1.1481056213378906,1.1478420495986938,1.1478420495986938
2026-09-21T04:00:00Z,1.1478420495986938,1.1481056213378906,1.1478420495986938,1.1478420495986938
2026-09-21T04:30:00Z,1.1478420495986938,1.1479737758636475,1.1477103233337402,1.1478420495986938
2026-09-21T05:00:00Z,1.1478420495986938,1.1481056213378906,1.1478420495986938,1.1478420495986938
2026-09-21T05:30:00Z,1.1478420495986938,1.1478420495986938,1.1475785970687866,1.1477103233337402
2026-09-21T06:00:00Z,1.1477103233337402,1.1478420495986938,1.147446870803833,1.1478420495986938
2026-09-21T06:30:00Z,1.1478420495986938,1.1482374668121338,1.1477103233337402,1.1478420495986938
2026-09-21T07:00:00Z,1.1477103233337402,1.1479737758636475,1.147446870803833,1.1479737758636475
2026-09-21T07:30:00Z,1.1478420495986938,1.1482374668121338,1.1478420495986938,1.1479737758636475
2026-09-21T08:00:00Z,1.1479737758636475,1.148369312286377,1.1478420495986938,1.148369312286377
2026-09-21T08:30:00Z,1.148369312286377,1.1488970518112183,1.148369312286377,1.148369312286377
2026-09-21T09:00:00Z,1.148369312286377,1.148369312286377,1.1481056213378906,1.1481056213378906
2026-09-21T09:30:00Z,1.1481056213378906,1.148369312286377,1.1481056213378906,1.148369312286377
2026-09-21T10:00:00Z,1.1482374668121338,1.1485011577606201,1.1482374668121338,1.1485011577606201
2026-09-21T10:30:00Z,1.148369312286377,1.1487650871276855,1.148369312286377,1.148369312286377
2026-09-21T11:00:00Z,1.148369312286377,1.1487650871276855,1.148369312286377,1.1487650871276855
2026-09-21T11:30:00Z,1.1487650871276855,1.1494252681732178,1.1486331224441528,1.1492931842803955
2026-09-21T12:00:00Z,1.1492931842803955,1.1498217582702637,1.1490291357040405,1.1490291357040405
2026-09-21T12:30:00Z,1.1491611003875732,1.1491611003875732,1.1487650871276855,1.1488970518112183
2026-09-21T13:00:00Z,1.1490291357040405,1.1490291357040405,1.148369312286377,1.1485011577606201
2026-09-21T13:30:00Z,1.148369312286377,1.148369312286377,1.1475785970687866,1.1475785970687866
2026-09-21T14:00:00Z,1.1475785970687866,1.1475785970687866,1.1470520496368408,1.147446870803833
2026-09-21T14:30:00Z,1.1475785970687866,1.1478420495986938,1.147315263748169,1.1475785970687866
2026-09-21T15:00:00Z,1.1475785970687866,1.1475785970687866,1.1471836566925049,1.147315263748169
2026-09-21T15:30:00Z,1.147315263748169,1.147315263748169,1.1470520496368408,1.1470520496368408
2026-09-21T16:00:00Z,1.1470520496368408,1.1475785970687866,1.1470520496368408,1.147315263748169
2026-09-21T16:30:00Z,1.147315263748169,1.147446870803833,1.1471836566925049,1.1471836566925049
2026-09-21T17:00:00Z,1.147315263748169,1.147315263748169,1.1471836566925049,1.147315263748169
2026-09-21T17:30:00Z,1.147315263748169,1.147315263748169,1.1469204425811768,1.1469204425811768
2026-09-21T18:00:00Z,1.1469204425811768,1.1470520496368408,1.1469204425811768,1.1469204425811768
2026-09-21T18:30:00Z,1.1469204425811768,1.1469204425811768,1.1465259790420532,1.1467890739440918
2026-09-21T19:00:00Z,1.1467890739440918,1.1471836566925049,1.1467890739440918,1.1471836566925049
2026-09-21T19:30:00Z,1.1471836566925049,1.1471836566925049,1.1467890739440918,1.1467890739440918
2026-09-21T20:00:00Z,1.1467890739440918,1.1467890739440918,1.1466574668884277,1.1467890739440918
2026-09-21T20:30:00Z,1.1467890739440918,1.1469204425811768,1.1467890739440918,1.1467890739440918
2026-09-21T21:00:00Z,1.1471836566925049,1.147446870803833,1.1467890739440918,1.1467890739440918
2026-09-21T21:30:00Z,1.1467890739440918,1.1471836566925049,1.1466574668884277,1.1470520496368408
2026-09-21T22:00:00Z,1.1469204425811768,1.1469204425811768,1.1466574668884277,1.1467890739440918
2026-09-21T22:30:00Z,1.1467890739440918,1.1469204425811768,1.1467890739440918,1.1467890739440918
2026-09-21T23:00:00Z,1.1467890739440918,1.1467890739440918,1.1466574668884277,1.1466574668884277
2026-09-21T23:30:00Z,1.1466574668884277,1.1467890739440918,1.1466574668884277,1.1467890739440918
2026-09-22T00:00:00Z,1.1466574668884277,1.1471836566925049,1.1466574668884277,1.1471836566925049
2026-09-22T00:30:00Z,1.1471836566925049,1.147446870803833,1.1471836566925049,1.147315263748169
2026-09-22T01:00:00Z,1.147446870803833,1.147446870803833,1.1469204425811768,1.1469204425811768
2026-09-22T01:30:00Z,1.1469204425811768,1.1470520496368408,1.1466574668884277,1.1467890739440918
2026-09-22T02:00:00Z,1.1467890739440918,1.147446870803833,1.1466574668884277,1.147446870803833
2026-09-22T02:30:00Z,1.147446870803833,1.147446870803833,1.1471836566925049,1.147315263748169
2026-09-22T03:00:00Z,1.147315263748169,1.1477103233337402,1.1471836566925049,1.1477103233337402
2026-09-22T03:30:00Z,1.1477103233337402,1.1478420495986938,1.1477103233337402,1.1477103233337402
2026-09-22T04:00:00Z,1.1477103233337402,1.1479737758636475,1.1475785970687866,1.1478420495986938
2026-09-22T04:30:00Z,1.1478420495986938,1.1481056213378906,1.1478420495986938,1.1481056213378906
2026-09-22T05:00:00Z,1.1481056213378906,1.1481056213378906,1.1478420495986938,1.1478420495986938
2026-09-22T05:30:00Z,1.1478420495986938,1.1478420495986938,1.147446870803833,1.147446870803833
2026-09-22T06:00:00Z,1.147446870803833,1.147446870803833,1.1462632417678833,1.1463946104049683
2026-09-22T06:30:00Z,1.1465259790420532,1.1467890739440918,1.1463946104049683,1.1467890739440918
2026-09-22T07:00:00Z,1.1466574668884277,1.1467890739440918,1.1463946104049683,1.1463946104049683
2026-09-22T07:30:00Z,1.1463946104049683,1.1463946104049683,1.145213007926941,1.145213007926941
2026-09-22T08:00:00Z,1.1449507474899292,1.1449507474899292,1.1439030170440674,1.1439030170440674
2026-09-22T08:30:00Z,1.1440337896347046,1.1467890739440918,1.1437721252441406,1.1461317539215088
2026-09-22T09:00:00Z,1.1460003852844238,1.1461317539215088,1.145081877708435,1.1460003852844238
2026-09-22T09:30:00Z,1.1460003852844238,1.1469204425811768,1.1458691358566284,1.1469204425811768
2026-09-22T10:00:00Z,1.1469204425811768,1.147315263748169,1.1463946104049683,1.1465259790420532
2026-09-22T10:30:00Z,1.1466574668884277,1.1471836566925049,1.1465259790420532,1.1470520496368408
2026-09-22T11:00:00Z,1.1469204425811768,1.1470520496368408,1.1463946104049683,1.1463946104049683
2026-09-22T11:30:00Z,1.1465259790420532,1.1467890739440918,1.1462632417678833,1.1465259790420532
2026-09-22T12:00:00Z,1.1466574668884277,1.1469204425811768,1.1466574668884277,1.1467890739440918
2026-09-22T12:30:00Z,1.1469204425811768,1.1469204425811768,1.1458691358566284,1.1460003852844238
2026-09-22T13:00:00Z,1.1460003852844238,1.1462632417678833,1.1456066370010376,1.1456066370010376
2026-09-22T13:30:00Z,1.1456066370010376,1.1462632417678833,1.1456066370010376,1.145737886428833
2026-09-22T14:00:00Z,1.145737886428833,1.145737886428833,1.145081877708435,1.1453442573547363
2026-09-22T14:30:00Z,1.1453442573547363,1.1454753875732422,1.1442956924438477,1.1445575952529907
2026-09-22T15:00:00Z,1.1445575952529907,1.144688606262207,1.144164800643921,1.144426703453064
2026-09-22T15:30:00Z,1.144426703453064,1.144426703453064,1.143379807472229,1.1435105800628662
2026-09-22T16:00:00Z,1.1435105800628662,1.1437721252441406,1.1432491540908813,1.1436413526535034
2026-09-22T16:30:00Z,1.1436413526535034,1.144164800643921,1.1435105800628662,1.1440337896347046
2026-09-22T17:00:00Z,1.1439030170440674,1.1440337896347046,1.143379807472229,1.1435105800628662
2026-09-22T17:30:00Z,1.1437721252441406,1.144426703453064,1.1436413526535034,1.1442956924438477
2026-09-22T18:00:00Z,1.1442956924438477,1.1445575952529907,1.144164800643921,1.1445575952529907
2026-09-22T18:30:00Z,1.1445575952529907,1.144688606262207,1.144426703453064,1.1445575952529907
2026-09-22T19:00:00Z,1.1445575952529907,1.1449507474899292,1.1445575952529907,1.1449507474899292
2026-09-22T19:30:00Z,1.145081877708435,1.145737886428833,1.145081877708435,1.145081877708435
2026-09-22T20:00:00Z,1.145081877708435,1.1454753875732422,1.145081877708435,1.145081877708435
2026-09-22T20:30:00Z,1.145213007926941,1.1454753875732422,1.145081877708435,1.145081877708435
2026-09-22T21:00:00Z,1.144819736480713,1.1454753875732422,1.144819736480713,1.145213007926941
2026-09-22T21:30:00Z,1.145081877708435,1.1454753875732422,1.1449507474899292,1.145213007926941
2026-09-22T22:00:00Z,1.145213007926941,1.145213007926941,1.145081877708435,1.145081877708435
2026-09-22T22:30:00Z,1.145081877708435,1.145081877708435,1.1449507474899292,1.1449507474899292
2026-09-22T23:00:00Z,1.145081877708435,1.145081877708435,1.1449507474899292,1.145081877708435
2026-09-22T23:30:00Z,1.1449507474899292,1.145213007926941,1.1449507474899292,1.145081877708435
2026-09-23T00:00:00Z,1.145081877708435,1.145213007926941,1.144819736480713,1.1449507474899292
2026-09-23T00:30:00Z,1.145081877708435,1.145213007926941,1.1449507474899292,1.1449507474899292
2026-09-23T01:00:00Z,1.1449507474899292,1.1449507474899292,1.144164800643921,1.144164800643921
2026-09-23T01:30:00Z,1.144164800643921,1.1445575952529907,1.144164800643921,1.144164800643921
2026-09-23T02:00:00Z,1.144164800643921,1.144164800643921,1.1437721252441406,1.1439030170440674
2026-09-23T02:30:00Z,1.1439030170440674,1.1440337896347046,1.1436413526535034,1.1437721252441406
2026-09-23T03:00:00Z,1.1436413526535034,1.1437721252441406,1.143379807472229,1.1436413526535034
2026-09-23T03:30:00Z,1.1436413526535034,1.1436413526535034,1.1431183815002441,1.1431183815002441
2026-09-23T04:00:00Z,1.142987847328186,1.143379807472229,1.1428571939468384,1.1432491540908813
2026-09-23T04:30:00Z,1.1432491540908813,1.1432491540908813,1.142987847328186,1.142987847328186
2026-09-23T05:00:00Z,1.142987847328186,1.1432491540908813,1.142987847328186,1.1431183815002441
2026-09-23T05:30:00Z,1.1431183815002441,1.1431183815002441,1.1427265405654907,1.1428571939468384
2026-09-23T06:00:00Z,1.1428571939468384,1.1431183815002441,1.1425960063934326,1.1427265405654907
2026-09-23T06:30:00Z,1.1427265405654907,1.1431183815002441,1.1427265405654907,1.1427265405654907
2026-09-23T07:00:00Z,1.1427265405654907,1.1428571939468384,1.1424654722213745,1.1427265405654907
2026-09-23T07:30:00Z,1.1428571939468384,1.1428571939468384,1.1420739889144897,1.1420739889144897
2026-09-23T08:00:00Z,1.1422044038772583,1.1422044038772583,1.141422152519226,1.1422044038772583
2026-09-23T08:30:00Z,1.1422044038772583,1.1425960063934326,1.1422044038772583,1.1422044038772583
2026-09-23T09:00:00Z,1.1420739889144897,1.1422044038772583,1.1415525674819946,1.1416828632354736
2026-09-23T09:30:00Z,1.1416828632354736,1.1418131589889526,1.1411616802215576,1.1411616802215576
2026-09-23T10:00:00Z,1.1411616802215576,1.1416828632354736,1.1410315036773682,1.141291856765747
2026-09-23T10:30:00Z,1.141291856765747,1.1419435739517212,1.1411616802215576,1.1419435739517212
2026-09-23T11:00:00Z,1.1419435739517212,1.1423349380493164,1.141422152519226,1.141422152519226
2026-09-23T11:30:00Z,1.141422152519226,1.1415525674819946,1.1407711505889893,1.1415525674819946
2026-09-23T12:00:00Z,1.141422152519226,1.1415525674819946,1.1406410932540894,1.1406410932540894
2026-09-23T12:30:00Z,1.1406410932540894,1.1411616802215576,1.140380859375,1.1411616802215576
2026-09-23T13:00:00Z,1.1411616802215576,1.1416828632354736,1.140380859375,1.1416828632354736
2026-09-23T13:30:00Z,1.1419435739517212,1.1419435739517212,1.1394712924957275,1.1401208639144897
2026-09-23T14:00:00Z,1.1401208639144897,1.1406410932540894,1.1388224363327026,1.1388224363327026
2026-09-23T14:30:00Z,1.1388224363327026,1.1407711505889893,1.1388224363327026,1.140380859375
2026-09-23T15:00:00Z,1.1405109167099,1.1405109167099,1.1396011114120483,1.1396011114120483
2026-09-23T15:30:00Z,1.1394712924957275,1.1397310495376587,1.1390818357467651,1.1397310495376587
2026-09-23T16:00:00Z,1.1396011114120483,1.1398608684539795,1.1394712924957275,1.1394712924957275
2026-09-23T16:30:00Z,1.1394712924957275,1.1394712924957275,1.138044834136963,1.1381744146347046
2026-09-23T17:00:00Z,1.138044834136963,1.138044834136963,1.1373976469039917,1.1377859115600586
2026-09-23T17:30:00Z,1.1377859115600586,1.1396011114120483,1.1375269889831543,1.1396011114120483
2026-09-23T18:00:00Z,1.1394712924957275,1.1396011114120483,1.1384334564208984,1.1384334564208984
2026-09-23T18:30:00Z,1.1384334564208984,1.1389521360397339,1.1384334564208984,1.1389521360397339
2026-09-23T19:00:00Z,1.1389521360397339,1.139211654663086,1.1385631561279297,1.1389521360397339
2026-09-23T19:30:00Z,1.1389521360397339,1.1390818357467651,1.1388224363327026,1.1388224363327026
2026-09-23T20:00:00Z,1.1388224363327026,1.1390818357467651,1.1386927366256714,1.1388224363327026
2026-09-23T20:30:00Z,1.1388224363327026,1.1388224363327026,1.1384334564208984,1.1386927366256714
2026-09-23T21:00:00Z,1.1383039951324463,1.1388224363327026,1.1381744146347046,1.1388224363327026
2026-09-23T21:30:00Z,1.1386927366256714,1.139211654663086,1.1385631561279297,1.1386927366256714
2026-09-23T22:00:00Z,1.1386927366256714,1.1389521360397339,1.1386927366256714,1.1388224363327026
2026-09-23T22:30:00Z,1.1388224363327026,1.1388224363327026,1.1386927366256714,1.1388224363327026
2026-09-23T23:00:00Z,1.1388224363327026,1.1388224363327026,1.1384334564208984,1.1384334564208984
2026-09-23T23:30:00Z,1.1384334564208984,1.1385631561279297,1.1383039951324463,1.1384334564208984
2026-09-24T00:00:00Z,1.1385631561279297,1.1386927366256714,1.138044834136963,1.1383039951324463
2026-09-24T00:30:00Z,1.1381744146347046,1.1383039951324463,1.1375269889831543,1.1379153728485107
2026-09-24T01:00:00Z,1.1379153728485107,1.1385631561279297,1.1379153728485107,1.1381744146347046
2026-09-24T01:30:00Z,1.1381744146347046,1.1384334564208984,1.1379153728485107,1.1379153728485107
2026-09-24T02:00:00Z,1.1379153728485107,1.1379153728485107,1.137268304824829,1.1379153728485107
2026-09-24T02:30:00Z,1.1379153728485107,1.1386927366256714,1.1379153728485107,1.1386927366256714
2026-09-24T03:00:00Z,1.1388224363327026,1.1389521360397339,1.1383039951324463,1.1383039951324463
2026-09-24T03:30:00Z,1.1383039951324463,1.1383039951324463,1.138044834136963,1.138044834136963
2026-09-24T04:00:00Z,1.138044834136963,1.1383039951324463,1.1379153728485107,1.1383039951324463
2026-09-24T04:30:00Z,1.1384334564208984,1.1388224363327026,1.1383039951324463,1.1388224363327026
2026-09-24T05:00:00Z,1.1386927366256714,1.1389521360397339,1.1385631561279297,1.1388224363327026
2026-09-24T05:30:00Z,1.1388224363327026,1.1388224363327026,1.1379153728485107,1.1379153728485107
2026-09-24T06:00:00Z,1.138044834136963,1.139211654663086,1.138044834136963,1.139211654663086
2026-09-24T06:30:00Z,1.139211654663086,1.1393414735794067,1.1386927366256714,1.1388224363327026
2026-09-24T07:00:00Z,1.1389521360397339,1.1394712924957275,1.1386927366256714,1.1394712924957275
2026-09-24T07:30:00Z,1.1394712924957275,1.1401208639144897,1.139211654663086,1.1397310495376587
2026-09-24T08:00:00Z,1.1396011114120483,1.1401208639144897,1.1390818357467651,1.1390818357467651
2026-09-24T08:30:00Z,1.1390818357467651,1.1394712924957275,1.1383039951324463,1.1385631561279297
2026-09-24T09:00:00Z,1.1384334564208984,1.1384334564208984,1.1376564502716064,1.1377859115600586
2026-09-24T09:30:00Z,1.1379153728485107,1.138044834136963,1.1375269889831543,1.1376564502716064
2026-09-24T10:00:00Z,1.1376564502716064,1.1379153728485107,1.1364928483963013,1.1368803977966309
2026-09-24T10:30:00Z,1.1367511749267578,1.1376564502716064,1.1367511749267578,1.1376564502716064
2026-09-24T11:00:00Z,1.1376564502716064,1.1379153728485107,1.1375269889831543,1.1379153728485107
2026-09-24T11:30:00Z,1.1379153728485107,1.1379153728485107,1.1370097398757935,1.1371389627456665
2026-09-24T12:00:00Z,1.1371389627456665,1.1373976469039917,1.1367511749267578,1.1371389627456665
2026-09-24T12:30:00Z,1.1371389627456665,1.1377859115600586,1.1366219520568848,1.1377859115600586
2026-09-24T13:00:00Z,1.1377859115600586,1.138044834136963,1.1363636255264282,1.1363636255264282
2026-09-24T13:30:00Z,1.1363636255264282,1.1376564502716064,1.1363636255264282,1.1376564502716064
2026-09-24T14:00:00Z,1.1375269889831543,1.1381744146347046,1.1375269889831543,1.1376564502716064
2026-09-24T14:30:00Z,1.1375269889831543,1.138044834136963,1.1375269889831543,1.1376564502716064
2026-09-24T15:00:00Z,1.1377859115600586,1.1377859115600586,1.1367511749267578,1.1370097398757935
2026-09-24T15:30:00Z,1.1370097398757935,1.1376564502716064,1.1368803977966309,1.1375269889831543
2026-09-24T16:00:00Z,1.1376564502716064,1.1393414735794067,1.137268304824829,1.1386927366256714
2026-09-24T16:30:00Z,1.1386927366256714,1.1389521360397339,1.1381744146347046,1.1383039951324463
2026-09-24T17:00:00Z,1.1381744146347046,1.1385631561279297,1.1375269889831543,1.1375269889831543
2026-09-24T17:30:00Z,1.1375269889831543,1.1376564502716064,1.1368803977966309,1.1370097398757935
2026-09-24T18:00:00Z,1.1371389627456665,1.1376564502716064,1.1363636255264282,1.1376564502716064
2026-09-24T18:30:00Z,1.1376564502716064,1.1377859115600586,1.137268304824829,1.1377859115600586
2026-09-24T19:00:00Z,1.1376564502716064,1.1379153728485107,1.1375269889831543,1.1377859115600586
2026-09-24T19:30:00Z,1.1376564502716064,1.1381744146347046,1.1376564502716064,1.138044834136963
2026-09-24T20:00:00Z,1.138044834136963,1.138044834136963,1.1375269889831543,1.1375269889831543
2026-09-24T20:30:00Z,1.1375269889831543,1.1384334564208984,1.1373976469039917,1.1383039951324463
2026-09-24T21:00:00Z,1.1386927366256714,1.1386927366256714,1.1379153728485107,1.1381744146347046
2026-09-24T21:30:00Z,1.1381744146347046,1.1381744146347046,1.1376564502716064,1.1381744146347046
2026-09-24T22:00:00Z,1.1381744146347046,1.1383039951324463,1.1379153728485107,1.138044834136963
2026-09-24T22:30:00Z,1.138044834136963,1.1381744146347046,1.1379153728485107,1.1381744146347046
2026-09-24T23:00:00Z,1.138044834136963,1.1381744146347046,1.1379153728485107,1.138044834136963
2026-09-24T23:30:00Z,1.138044834136963,1.1381744146347046,1.1376564502716064,1.1376564502716064
2026-09-25T00:00:00Z,1.1376564502716064,1.1379153728485107,1.1375269889831543,1.1376564502716064
2026-09-25T00:30:00Z,1.1375269889831543,1.1379153728485107,1.1373976469039917,1.1379153728485107
2026-09-25T01:00:00Z,1.1377859115600586,1.1385631561279297,1.1377859115600586,1.138044834136963
2026-09-25T01:30:00Z,1.138044834136963,1.138044834136963,1.1377859115600586,1.1377859115600586
2026-09-25T02:00:00Z,1.1379153728485107,1.1381744146347046,1.1377859115600586,1.138044834136963
2026-09-25T02:30:00Z,1.138044834136963,1.138044834136963,1.1375269889831543,1.1375269889831543
2026-09-25T03:00:00Z,1.1375269889831543,1.1375269889831543,1.137268304824829,1.137268304824829
2026-09-25T03:30:00Z,1.137268304824829,1.137268304824829,1.1371389627456665,1.137268304824829
2026-09-25T04:00:00Z,1.137268304824829,1.1373976469039917,1.1371389627456665,1.137268304824829
2026-09-25T04:30:00Z,1.137268304824829,1.1373976469039917,1.137268304824829,1.1373976469039917
2026-09-25T05:00:00Z,1.1373976469039917,1.1377859115600586,1.137268304824829,1.1375269889831543
2026-09-25T05:30:00Z,1.1375269889831543,1.1379153728485107,1.1375269889831543,1.1377859115600586
2026-09-25T06:00:00Z,1.1379153728485107,1.1389521360397339,1.1379153728485107,1.1388224363327026
2026-09-25T06:30:00Z,1.1388224363327026,1.1393414735794067,1.1384334564208984,1.1389521360397339
2026-09-25T07:00:00Z,1.1389521360397339,1.1389521360397339,1.1381744146347046,1.1383039951324463
2026-09-25T07:30:00Z,1.1384334564208984,1.1393414735794067,1.1384334564208984,1.1393414735794067
2026-09-25T08:00:00Z,1.1393414735794067,1.1397310495376587,1.1390818357467651,1.1393414735794067
2026-09-25T08:30:00Z,1.139211654663086,1.1396011114120483,1.1390818357467651,1.1394712924957275
2026-09-25T09:00:00Z,1.1394712924957275,1.1397310495376587,1.139211654663086,1.139211654663086
2026-09-25T09:30:00Z,1.139211654663086,1.1394712924957275,1.1390818357467651,1.1394712924957275
2026-09-25T10:00:00Z,1.1394712924957275,1.1402509212493896,1.1394712924957275,1.1401208639144897
2026-09-25T10:30:00Z,1.1401208639144897,1.1401208639144897,1.1398608684539795,1.1401208639144897
2026-09-25T11:00:00Z,1.1401208639144897,1.1411616802215576,1.1401208639144897,1.1409013271331787
2026-09-25T11:30:00Z,1.1410315036773682,1.1410315036773682,1.1405109167099,1.1406410932540894
2026-09-25T12:00:00Z,1.1405109167099,1.1410315036773682,1.140380859375,1.1410315036773682
2026-09-25T12:30:00Z,1.1409013271331787,1.1409013271331787,1.1402509212493896,1.1405109167099
2026-09-25T13:00:00Z,1.1405109167099,1.1410315036773682,1.1401208639144897,1.1401208639144897
2026-09-25T13:30:00Z,1.1401208639144897,1.1406410932540894,1.1401208639144897,1.1405109167099
2026-09-25T14:00:00Z,1.1405109167099,1.1406410932540894,1.1399909257888794,1.1402509212493896
2026-09-25T14:30:00Z,1.1401208639144897,1.1406410932540894,1.1401208639144897,1.140380859375
2026-09-25T15:00:00Z,1.1405109167099,1.1406410932540894,1.1398608684539795,1.1399909257888794
2026-09-25T15:30:00Z,1.1401208639144897,1.1402509212493896,1.1389521360397339,1.1399909257888794
2026-09-25T16:00:00Z,1.140380859375,1.141291856765747,1.1397310495376587,1.1399909257888794
2026-09-25T16:30:00Z,1.1402509212493896,1.1402509212493896,1.1394712924957275,1.1396011114120483
2026-09-25T17:00:00Z,1.1396011114120483,1.1397310495376587,1.139211654663086,1.139211654663086
2026-09-25T17:30:00Z,1.1393414735794067,1.1396011114120483,1.1390818357467651,1.1393414735794067
2026-09-25T18:00:00Z,1.1394712924957275,1.1398608684539795,1.1393414735794067,1.1397310495376587
2026-09-25T18:30:00Z,1.1398608684539795,1.140380859375,1.1398608684539795,1.1402509212493896
2026-09-25T19:00:00Z,1.140380859375,1.140380859375,1.1399909257888794,1.1401208639144897
2026-09-25T19:30:00Z,1.1401208639144897,1.140380859375,1.1398608684539795,1.1398608684539795
2026-09-25T20:00:00Z,1.1398608684539795,1.1399909257888794,1.1396011114120483,1.1396011114120483
2026-09-25T20:30:00Z,1.1396011114120483,1.1398608684539795,1.1394712924957275,1.1394712924957275
2026-09-25T21:00:00Z,1.139211654663086,1.139211654663086,1.139211654663086,1.139211654663086
2026-09-27T23:00:00Z,1.138044834136963,1.1383039951324463,1.1379153728485107,1.1381744146347046
2026-09-27T23:30:00Z,1.1383039951324463,1.1383039951324463,1.1376564502716064,1.1381744146347046
2026-09-28T00:00:00Z,1.1381744146347046,1.1386927366256714,1.1381744146347046,1.1383039951324463
2026-09-28T00:30:00Z,1.1383039951324463,1.1389521360397339,1.1381744146347046,1.1388224363327026
2026-09-28T01:00:00Z,1.1388224363327026,1.1390818357467651,1.1386927366256714,1.1389521360397339
2026-09-28T01:30:00Z,1.1389521360397339,1.139211654663086,1.1388224363327026,1.139211654663086
2026-09-28T02:00:00Z,1.139211654663086,1.1393414735794067,1.1390818357467651,1.139211654663086
2026-09-28T02:30:00Z,1.139211654663086,1.1393414735794067,1.1390818357467651,1.139211654663086
2026-09-28T03:00:00Z,1.139211654663086,1.1394712924957275,1.1390818357467651,1.139211654663086
2026-09-28T03:30:00Z,1.139211654663086,1.139211654663086,1.1388224363327026,1.1389521360397339
2026-09-28T04:00:00Z,1.1389521360397339,1.139211654663086,1.1389521360397339,1.1390818357467651
2026-09-28T04:30:00Z,1.139211654663086,1.1393414735794067,1.1389521360397339,1.1389521360397339
2026-09-28T05:00:00Z,1.1389521360397339,1.1390818357467651,1.1388224363327026,1.1389521360397339
2026-09-28T05:30:00Z,1.1389521360397339,1.139211654663086,1.1383039951324463,1.1385631561279297
2026-09-28T06:00:00Z,1.1384334564208984,1.1384334564208984,1.1379153728485107,1.1381744146347046
2026-09-28T06:30:00Z,1.1381744146347046,1.1384334564208984,1.1379153728485107,1.138044834136963
2026-09-28T07:00:00Z,1.1377859115600586,1.138044834136963,1.1375269889831543,1.1379153728485107
2026-09-28T07:30:00Z,1.1379153728485107,1.1388224363327026,1.1377859115600586,1.1385631561279297
2026-09-28T08:00:00Z,1.1389521360397339,1.139211654663086,1.1381744146347046,1.1381744146347046
2026-09-28T08:30:00Z,1.1381744146347046,1.1384334564208984,1.1377859115600586,1.1377859115600586
2026-09-28T09:00:00Z,1.1379153728485107,1.1381744146347046,1.1377859115600586,1.1381744146347046
2026-09-28T09:30:00Z,1.138044834136963,1.1381744146347046,1.1376564502716064,1.1377859115600586
2026-09-28T10:00:00Z,1.1377859115600586,1.1377859115600586,1.1370097398757935,1.1375269889831543
2026-09-28T10:30:00Z,1.1375269889831543,1.1377859115600586,1.1373976469039917,1.1376564502716064
2026-09-28T11:00:00Z,1.1376564502716064,1.1377859115600586,1.137268304824829,1.1377859115600586
2026-09-28T11:30:00Z,1.1377859115600586,1.138044834136963,1.1373976469039917,1.1377859115600586
2026-09-28T12:00:00Z,1.1377859115600586,1.1383039951324463,1.1376564502716064,1.1377859115600586
2026-09-28T12:30:00Z,1.1376564502716064,1.1377859115600586,1.1370097398757935,1.1373976469039917
2026-09-28T13:00:00Z,1.1371389627456665,1.1371389627456665,1.1364928483963013,1.1368803977966309
2026-09-28T13:30:00Z,1.1367511749267578,1.137268304824829,1.1361054182052612,1.1366219520568848
2026-09-28T14:00:00Z,1.1366219520568848,1.137268304824829,1.1364928483963013,1.1370097398757935
2026-09-28T14:30:00Z,1.1371389627456665,1.1371389627456665,1.1358473300933838,1.1367511749267578
2026-09-28T15:00:00Z,1.1367511749267578,1.1373976469039917,1.1364928483963013,1.137268304824829
2026-09-28T15:30:00Z,1.137268304824829,1.1373976469039917,1.1367511749267578,1.1370097398757935
2026-09-28T16:00:00Z,1.1368803977966309,1.1390818357467651,1.1367511749267578,1.1386927366256714
2026-09-28T16:30:00Z,1.1384334564208984,1.1384334564208984,1.1375269889831543,1.1375269889831543
2026-09-28T17:00:00Z,1.1375269889831543,1.1386927366256714,1.137268304824829,1.1379153728485107
2026-09-28T17:30:00Z,1.1379153728485107,1.138044834136963,1.1376564502716064,1.138044834136963
2026-09-28T18:00:00Z,1.138044834136963,1.138044834136963,1.1377859115600586,1.1377859115600586
2026-09-28T18:30:00Z,1.1376564502716064,1.1377859115600586,1.1371389627456665,1.1371389627456665
2026-09-28T19:00:00Z,1.1371389627456665,1.137268304824829,1.1368803977966309,1.137268304824829
2026-09-28T19:30:00Z,1.137268304824829,1.137268304824829,1.1370097398757935,1.1370097398757935
2026-09-28T20:00:00Z,1.1371389627456665,1.1373976469039917,1.1370097398757935,1.137268304824829
2026-09-28T20:30:00Z,1.1373976469039917,1.1375269889831543,1.137268304824829,1.137268304824829
2026-09-28T21:00:00Z,1.1367511749267578,1.1373976469039917,1.1367511749267578,1.1371389627456665
2026-09-28T21:30:00Z,1.137268304824829,1.1373976469039917,1.1371389627456665,1.1373976469039917
2026-09-28T22:00:00Z,1.1375269889831543,1.1377859115600586,1.1375269889831543,1.1376564502716064
2026-09-28T22:30:00Z,1.1376564502716064,1.1376564502716064,1.1373976469039917,1.1373976469039917
2026-09-28T23:00:00Z,1.1375269889831543,1.1375269889831543,1.1373976469039917,1.1373976469039917
2026-09-28T23:30:00Z,1.1375269889831543,1.1375269889831543,1.1373976469039917,1.1373976469039917
2026-09-29T00:00:00Z,1.137268304824829,1.137268304824829,1.1366219520568848,1.1366219520568848
2026-09-29T00:30:00Z,1.1367511749267578,1.1370097398757935,1.1367511749267578,1.1370097398757935
2026-09-29T01:00:00Z,1.1368803977966309,1.1371389627456665,1.1368803977966309,1.1371389627456665
2026-09-29T01:30:00Z,1.1371389627456665,1.137268304824829,1.1368803977966309,1.1370097398757935
2026-09-29T02:00:00Z,1.1370097398757935,1.1375269889831543,1.1370097398757935,1.1371389627456665
2026-09-29T02:30:00Z,1.137268304824829,1.1373976469039917,1.1371389627456665,1.1371389627456665
2026-09-29T03:00:00Z,1.1371389627456665,1.1371389627456665,1.1368803977966309,1.1370097398757935
2026-09-29T03:30:00Z,1.1368803977966309,1.1368803977966309,1.1362345218658447,1.1363636255264282
2026-09-29T04:00:00Z,1.1363636255264282,1.1366219520568848,1.1363636255264282,1.1366219520568848
2026-09-29T04:30:00Z,1.1366219520568848,1.1367511749267578,1.1362345218658447,1.1363636255264282
2026-09-29T05:00:00Z,1.1363636255264282,1.1364928483963013,1.1362345218658447,1.1363636255264282
2026-09-29T05:30:00Z,1.1362345218658447,1.1362345218658447,1.1358473300933838,1.1359764337539673
2026-09-29T06:00:00Z,1.1361054182052612,1.1368803977966309,1.1361054182052612,1.1367511749267578
2026-09-29T06:30:00Z,1.1367511749267578,1.1368803977966309,1.1363636255264282,1.1363636255264282
2026-09-29T07:00:00Z,1.1364928483963013,1.1366219520568848,1.1358473300933838,1.1358473300933838
2026-09-29T07:30:00Z,1.1358473300933838,1.1358473300933838,1.1346874237060547,1.1353315114974976
2026-09-29T08:00:00Z,1.1353315114974976,1.135589361190796,1.1349449157714844,1.1350737810134888
2026-09-29T08:30:00Z,1.1349449157714844,1.1350737810134888,1.1346874237060547,1.1350737810134888
2026-09-29T09:00:00Z,1.1350737810134888,1.1350737810134888,1.1337867975234985,1.1337867975234985
2026-09-29T09:30:00Z,1.1337867975234985,1.1340440511703491,1.1336582899093628,1.1337867975234985
2026-09-29T10:00:00Z,1.1337867975234985,1.134429931640625,1.1337867975234985,1.134429931640625
2026-09-29T10:30:00Z,1.1345586776733398,1.1353315114974976,1.1343011856079102,1.1353315114974976
2026-09-29T11:00:00Z,1.1352026462554932,1.1352026462554932,1.1348161697387695,1.1349449157714844
2026-09-29T11:30:00Z,1.1350737810134888,1.1357183456420898,1.1349449157714844,1.1354604959487915
2026-09-29T12:00:00Z,1.135589361190796,1.1361054182052612,1.1353315114974976,1.135589361190796
2026-09-29T12:30:00Z,1.1354604959487915,1.1354604959487915,1.1346874237060547,1.1346874237060547
2026-09-29T13:00:00Z,1.1349449157714844,1.1349449157714844,1.1346874237060547,1.1346874237060547
2026-09-29T13:30:00Z,1.1346874237060547,1.1348161697387695,1.1343011856079102,1.1343011856079102
2026-09-29T14:00:00Z,1.134429931640625,1.1348161697387695,1.1343011856079102,1.1348161697387695
2026-09-29T14:30:00Z,1.1349449157714844,1.1349449157714844,1.1341726779937744,1.1343011856079102
2026-09-29T15:00:00Z,1.1343011856079102,1.1343011856079102,1.133144497871399,1.1332728862762451
2026-09-29T15:30:00Z,1.1334012746810913,1.1339154243469238,1.1334012746810913,1.1339154243469238
2026-09-29T16:00:00Z,1.1339154243469238,1.1339154243469238,1.133144497871399,1.1334012746810913
2026-09-29T16:30:00Z,1.1332728862762451,1.1334012746810913,1.131733775138855,1.131861925125122
2026-09-29T17:00:00Z,1.131733775138855,1.1319899559020996,1.131733775138855,1.1319899559020996
2026-09-29T17:30:00Z,1.1319899559020996,1.1322463750839233,1.131733775138855,1.131861925125122
2026-09-29T18:00:00Z,1.1326310634613037,1.1341726779937744,1.1326310634613037,1.1341726779937744
2026-09-29T18:30:00Z,1.1339154243469238,1.1345586776733398,1.1337867975234985,1.134429931640625
2026-09-29T19:00:00Z,1.134429931640625,1.1345586776733398,1.1341726779937744,1.134429931640625
2026-09-29T19:30:00Z,1.134429931640625,1.1345586776733398,1.1339154243469238,1.1341726779937744
2026-09-29T20:00:00Z,1.1341726779937744,1.1343011856079102,1.1337867975234985,1.1337867975234985
2026-09-29T20:30:00Z,1.1339154243469238,1.1345586776733398,1.1339154243469238,1.134429931640625
2026-09-29T21:00:00Z,1.1343011856079102,1.1348161697387695,1.1341726779937744,1.1345586776733398
2026-09-29T21:30:00Z,1.1346874237060547,1.1348161697387695,1.1343011856079102,1.1345586776733398
2026-09-29T22:00:00Z,1.1345586776733398,1.1346874237060547,1.1343011856079102,1.134429931640625
2026-09-29T22:30:00Z,1.1343011856079102,1.1343011856079102,1.1341726779937744,1.1341726779937744
2026-09-29T23:00:00Z,1.1341726779937744,1.134429931640625,1.1340440511703491,1.134429931640625
2026-09-29T23:30:00Z,1.1343011856079102,1.134429931640625,1.1341726779937744,1.134429931640625
2026-09-30T00:00:00Z,1.134429931640625,1.134429931640625,1.1340440511703491,1.1343011856079102
2026-09-30T00:30:00Z,1.1341726779937744,1.134429931640625,1.1339154243469238,1.1343011856079102
2026-09-30T01:00:00Z,1.1343011856079102,1.134429931640625,1.1339154243469238,1.134429931640625
2026-09-30T01:30:00Z,1.134429931640625,1.1345586776733398,1.1337867975234985,1.1339154243469238
2026-09-30T02:00:00Z,1.1337867975234985,1.1343011856079102,1.1337867975234985,1.1343011856079102
2026-09-30T02:30:00Z,1.1341726779937744,1.1345586776733398,1.1340440511703491,1.1343011856079102
2026-09-30T03:00:00Z,1.1343011856079102,1.1343011856079102,1.1341726779937744,1.1343011856079102
2026-09-30T03:30:00Z,1.1343011856079102,1.1343011856079102,1.133529782295227,1.133529782295227
2026-09-30T04:00:00Z,1.133529782295227,1.1336582899093628,1.1334012746810913,1.1334012746810913
2026-09-30T04:30:00Z,1.1334012746810913,1.133529782295227,1.1332728862762451,1.133529782295227
2026-09-30T05:00:00Z,1.133529782295227,1.1339154243469238,1.133529782295227,1.1339154243469238
2026-09-30T05:30:00Z,1.1339154243469238,1.1348161697387695,1.1339154243469238,1.1348161697387695
2026-09-30T06:00:00Z,1.1349449157714844,1.1359764337539673,1.1349449157714844,1.1358473300933838
2026-09-30T06:30:00Z,1.135589361190796,1.1357183456420898,1.1349449157714844,1.1353315114974976
2026-09-30T07:00:00Z,1.1353315114974976,1.1359764337539673,1.1353315114974976,1.1357183456420898
2026-09-30T07:30:00Z,1.1357183456420898,1.1357183456420898,1.1345586776733398,1.1349449157714844
2026-09-30T08:00:00Z,1.1349449157714844,1.135589361190796,1.1349449157714844,1.1353315114974976
2026-09-30T08:30:00Z,1.1354604959487915,1.1362345218658447,1.1354604959487915,1.1362345218658447
2026-09-30T09:00:00Z,1.1359764337539673,1.1363636255264282,1.1354604959487915,1.1358473300933838
2026-09-30T09:30:00Z,1.1358473300933838,1.1362345218658447,1.1357183456420898,1.1361054182052612
2026-09-30T10:00:00Z,1.1363636255264282,1.1366219520568848,1.1361054182052612,1.1361054182052612
2026-09-30T10:30:00Z,1.1361054182052612,1.1363636255264282,1.1357183456420898,1.1363636255264282
2026-09-30T11:00:00Z,1.1362345218658447,1.1362345218658447,1.1357183456420898,1.1359764337539673
2026-09-30T11:30:00Z,1.1361054182052612,1.1361054182052612,1.1352026462554932,1.1353315114974976
2026-09-30T12:00:00Z,1.1353315114974976,1.1364928483963013,1.1353315114974976,1.1363636255264282
2026-09-30T12:30:00Z,1.1364928483963013,1.1381744146347046,1.1364928483963013,1.1366219520568848
2026-09-30T13:00:00Z,1.1368803977966309,1.1370097398757935,1.1362345218658447,1.1364928483963013
2026-09-30T13:30:00Z,1.1366219520568848,1.1367511749267578,1.1358473300933838,1.1359764337539673
2026-09-30T14:00:00Z,1.1358473300933838,1.1367511749267578,1.1357183456420898,1.1358473300933838
2026-09-30T14:30:00Z,1.1359764337539673,1.1361054182052612,1.1349449157714844,1.1361054182052612
2026-09-30T15:00:00Z,1.1363636255264282,1.1363636255264282,1.1354604959487915,1.1358473300933838
2026-09-30T15:30:00Z,1.1362345218658447,1.1362345218658447,1.1346874237060547,1.1346874237060547
2026-09-30T16:00:00Z,1.1348161697387695,1.1348161697387695,1.1336582899093628,1.1340440511703491
2026-09-30T16:30:00Z,1.1340440511703491,1.1341726779937744,1.1337867975234985,1.1341726779937744
2026-09-30T17:00:00Z,1.1343011856079102,1.134429931640625,1.1340440511703491,1.1343011856079102
2026-09-30T17:30:00Z,1.1343011856079102,1.1343011856079102,1.1339154243469238,1.1339154243469238
2026-09-30T18:00:00Z,1.1337867975234985,1.1340440511703491,1.1336582899093628,1.1336582899093628
2026-09-30T18:30:00Z,1.1336582899093628,1.1336582899093628,1.1334012746810913,1.133529782295227
2026-09-30T19:00:00Z,1.1334012746810913,1.133529782295227,1.133144497871399,1.1334012746810913
2026-09-30T19:30:00Z,1.1334012746810913,1.1334012746810913,1.1326310634613037,1.13275945186615
2026-09-30T20:00:00Z,1.1330161094665527,1.1332728862762451,1.1326310634613037,1.1332728862762451
2026-09-30T20:30:00Z,1.1332728862762451,1.1334012746810913,1.1330161094665527,1.1332728862762451
2026-09-30T21:00:00Z,1.1334012746810913,1.1340440511703491,1.133144497871399,1.1340440511703491
2026-09-30T21:30:00Z,1.1340440511703491,1.1340440511703491,1.1332728862762451,1.1334012746810913
2026-09-30T22:00:00Z,1.1334012746810913,1.1336582899093628,1.1332728862762451,1.133529782295227
2026-09-30T22:30:00Z,1.1334012746810913,1.133529782295227,1.1334012746810913,1.1334012746810913
2026-09-30T23:00:00Z,1.1334012746810913,1.133529782295227,1.1332728862762451,1.133529782295227
2026-09-30T23:30:00Z,1.133529782295227,1.133529782295227,1.1328877210617065,1.1330161094665527
2026-10-01T00:00:00Z,1.1330161094665527,1.133529782295227,1.1330161094665527,1.133529782295227
2026-10-01T00:30:00Z,1.133529782295227,1.1339154243469238,1.1334012746810913,1.1336582899093628
2026-10-01T01:00:00Z,1.1336582899093628,1.1340440511703491,1.133529782295227,1.1339154243469238
2026-10-01T01:30:00Z,1.1339154243469238,1.1339154243469238,1.133144497871399,1.133144497871399
2026-10-01T02:00:00Z,1.1330161094665527,1.1330161094665527,1.132502794265747,1.13275945186615
2026-10-01T02:30:00Z,1.13275945186615,1.1330161094665527,1.13275945186615,1.1328877210617065
2026-10-01T03:00:00Z,1.1328877210617065,1.1328877210617065,1.132502794265747,1.1326310634613037
2026-10-01T03:30:00Z,1.132502794265747,1.1332728862762451,1.132502794265747,1.1332728862762451
2026-10-01T04:00:00Z,1.133144497871399,1.1334012746810913,1.13237464427948,1.13237464427948
2026-10-01T04:30:00Z,1.132502794265747,1.1326310634613037,1.1322463750839233,1.1322463750839233
2026-10-01T05:00:00Z,1.1322463750839233,1.1322463750839233,1.131861925125122,1.1322463750839233
2026-10-01T05:30:00Z,1.1322463750839233,1.13237464427948,1.1321182250976562,1.1321182250976562
2026-10-01T06:00:00Z,1.132502794265747,1.1328877210617065,1.1322463750839233,1.1322463750839233
2026-10-01T06:30:00Z,1.1322463750839233,1.13237464427948,1.1310937404632568,1.1321182250976562
2026-10-01T07:00:00Z,1.1319899559020996,1.1322463750839233,1.1309658288955688,1.1309658288955688
2026-10-01T07:30:00Z,1.1309658288955688,1.1314777135849,1.1303266286849976,1.1307101249694824
2026-10-01T08:00:00Z,1.1307101249694824,1.1307101249694824,1.1298158168792725,1.130454421043396
2026-10-01T08:30:00Z,1.130454421043396,1.130454421043396,1.1291780471801758,1.129433035850525
2026-10-01T09:00:00Z,1.129433035850525,1.1303266286849976,1.1291780471801758,1.1299434900283813
2026-10-01T09:30:00Z,1.1299434900283813,1.1299434900283813,1.1273956298828125,1.1273956298828125
2026-10-01T10:00:00Z,1.1271415948867798,1.1291780471801758,1.1270145177841187,1.1291780471801758
2026-10-01T10:30:00Z,1.1293054819107056,1.1300712823867798,1.1293054819107056,1.1298158168792725
2026-10-01T11:00:00Z,1.1295605897903442,1.1298158168792725,1.128413438796997,1.1285407543182373
2026-10-01T11:30:00Z,1.128668189048767,1.1313496828079224,1.1285407543182373,1.1308379173278809
2026-10-01T12:00:00Z,1.1308379173278809,1.1309658288955688,1.129433035850525,1.1295605897903442
2026-10-01T12:30:00Z,1.1295605897903442,1.1300712823867798,1.1289230585098267,1.1289230585098267
2026-10-01T13:00:00Z,1.1289230585098267,1.1290504932403564,1.128668189048767,1.1290504932403564
2026-10-01T13:30:00Z,1.1289230585098267,1.1299434900283813,1.1285407543182373,1.1299434900283813
2026-10-01T14:00:00Z,1.1296881437301636,1.1296881437301636,1.1287955045700073,1.1287955045700073
2026-10-01T14:30:00Z,1.128668189048767,1.1289230585098267,1.1265066862106323,1.126887559890747
2026-10-01T15:00:00Z,1.1267606019973755,1.1267606019973755,1.1256190538406372,1.1256190538406372
2026-10-01T15:30:00Z,1.1246063709259033,1.1247328519821167,1.1223344802856445,1.1234692335128784
2026-10-01T16:00:00Z,1.123721718788147,1.1247328519821167,1.123721718788147,1.12447988986969
2026-10-01T16:30:00Z,1.1241008043289185,1.1242270469665527,1.121956706047058,1.1222084760665894
2026-10-01T17:00:00Z,1.1222084760665894,1.1233429908752441,1.121956706047058,1.1230907440185547
2026-10-01T17:30:00Z,1.1242270469665527,1.1242270469665527,1.12271249294281,1.1228384971618652
2026-10-01T18:00:00Z,1.12271249294281,1.1235954761505127,1.1224603652954102,1.1233429908752441
2026-10-01T18:30:00Z,1.1233429908752441,1.1242270469665527,1.1232168674468994,1.1238480806350708
2026-10-01T19:00:00Z,1.1238480806350708,1.12447988986969,1.123721718788147,1.12447988986969
2026-10-01T19:30:00Z,1.12447988986969,1.1247328519821167,1.1243535280227661,1.1243535280227661
2026-10-01T20:00:00Z,1.1247328519821167,1.124985933303833,1.12447988986969,1.1248594522476196
2026-10-01T20:30:00Z,1.1248594522476196,1.124985933303833,1.12447988986969,1.1246063709259033
2026-10-01T21:00:00Z,1.1246063709259033,1.124985933303833,1.1242270469665527,1.124985933303833
2026-10-01T21:30:00Z,1.124985933303833,1.124985933303833,1.123974323272705,1.12447988986969
2026-10-01T22:00:00Z,1.12447988986969,1.1247328519821167,1.12447988986969,1.1246063709259033
2026-10-01T22:30:00Z,1.1246063709259033,1.1247328519821167,1.1246063709259033,1.1247328519821167
2026-10-01T23:00:00Z,1.1247328519821167,1.1248594522476196,1.1246063709259033,1.1247328519821167
2026-10-01T23:30:00Z,1.1248594522476196,1.125112533569336,1.1247328519821167,1.125112533569336
2026-10-02T00:00:00Z,1.1252391338348389,1.1252391338348389,1.1242270469665527,1.1242270469665527
2026-10-02T00:30:00Z,1.1241008043289185,1.1241008043289185,1.123721718788147,1.123721718788147
2026-10-02T01:00:00Z,1.1238480806350708,1.1238480806350708,1.123721718788147,1.123721718788147
2026-10-02T01:30:00Z,1.123721718788147,1.1238480806350708,1.1234692335128784,1.1238480806350708
2026-10-02T02:00:00Z,1.123974323272705,1.12447988986969,1.123974323272705,1.12447988986969
2026-10-02T02:30:00Z,1.12447988986969,1.1247328519821167,1.12447988986969,1.1247328519821167
2026-10-02T03:00:00Z,1.1247328519821167,1.1253657341003418,1.1247328519821167,1.1253657341003418
2026-10-02T03:30:00Z,1.1253657341003418,1.1257457733154297,1.1253657341003418,1.1254924535751343
2026-10-02T04:00:00Z,1.1254924535751343,1.1257457733154297,1.1254924535751343,1.1256190538406372
2026-10-02T04:30:00Z,1.1257457733154297,1.1258726119995117,1.1254924535751343,1.1254924535751343
2026-10-02T05:00:00Z,1.1254924535751343,1.1256190538406372,1.1252391338348389,1.1252391338348389
2026-10-02T05:30:00Z,1.1252391338348389,1.1254924535751343,1.1248594522476196,1.1248594522476196
2026-10-02T06:00:00Z,1.124985933303833,1.1262530088424683,1.124985933303833,1.1262530088424683
2026-10-02T06:30:00Z,1.1261261701583862,1.1265066862106323,1.1258726119995117,1.1262530088424683
2026-10-02T07:00:00Z,1.1261261701583862,1.126887559890747,1.1257457733154297,1.1267606019973755
2026-10-02T07:30:00Z,1.1265066862106323,1.1267606019973755,1.1258726119995117,1.1265066862106323
2026-10-02T08:00:00Z,1.1263798475265503,1.1271415948867798,1.1257457733154297,1.1257457733154297
2026-10-02T08:30:00Z,1.1258726119995117,1.1258726119995117,1.124985933303833,1.1254924535751343
2026-10-02T09:00:00Z,1.1254924535751343,1.1254924535751343,1.124985933303833,1.1253657341003418
2026-10-02T09:30:00Z,1.1254924535751343,1.1254924535751343,1.124985933303833,1.1253657341003418
2026-10-02T10:00:00Z,1.1253657341003418,1.1253657341003418,1.1232168674468994,1.1241008043289185
2026-10-02T10:30:00Z,1.1241008043289185,1.1242270469665527,1.1235954761505127,1.123974323272705
2026-10-02T11:00:00Z,1.1238480806350708,1.1243535280227661,1.1230907440185547,1.1241008043289185
2026-10-02T11:30:00Z,1.1241008043289185,1.12447988986969,1.1235954761505127,1.1235954761505127
2026-10-02T12:00:00Z,1.123721718788147,1.123721718788147,1.1224603652954102,1.1232168674468994
2026-10-02T12:30:00Z,1.1257457733154297,1.126633644104004,1.1241008043289185,1.126633644104004
2026-10-02T13:00:00Z,1.1265066862106323,1.126633644104004,1.1247328519821167,1.1253657341003418
2026-10-02T13:30:00Z,1.1254924535751343,1.1277772188186646,1.124985933303833,1.1277772188186646
2026-10-02T14:00:00Z,1.1277772188186646,1.1287955045700073,1.1275228261947632,1.1282861232757568
2026-10-02T14:30:00Z,1.1285407543182373,1.1287955045700073,1.1275228261947632,1.1282861232757568
2026-10-02T15:00:00Z,1.1281588077545166,1.1281588077545166,1.1258726119995117,1.1262530088424683
2026-10-02T15:30:00Z,1.1263798475265503,1.1267606019973755,1.1257457733154297,1.1261261701583862
2026-10-02T16:00:00Z,1.1261261701583862,1.1261261701583862,1.1253657341003418,1.1254924535751343
2026-10-02T16:30:00Z,1.1254924535751343,1.1263798475265503,1.1253657341003418,1.1259993314743042
2026-10-02T17:00:00Z,1.1258726119995117,1.1262530088424683,1.1256190538406372,1.1256190538406372
2026-10-02T17:30:00Z,1.1254924535751343,1.1259993314743042,1.1254924535751343,1.1257457733154297
2026-10-02T18:00:00Z,1.1258726119995117,1.1259993314743042,1.1253657341003418,1.1254924535751343
2026-10-02T18:30:00Z,1.1256190538406372,1.1256190538406372,1.1252391338348389,1.1253657341003418
2026-10-02T19:00:00Z,1.1256190538406372,1.1262530088424683,1.1253657341003418,1.1262530088424683
2026-10-02T19:30:00Z,1.1262530088424683,1.1263798475265503,1.1258726119995117,1.1261261701583862
2026-10-02T20:00:00Z,1.1262530088424683,1.1262530088424683,1.1254924535751343,1.1256190538406372
2026-10-02T20:30:00Z,1.1257457733154297,1.1258726119995117,1.1253657341003418,1.1256190538406372
2026-10-02T21:00:00Z,1.1256190538406372,1.1257457733154297,1.1256190538406372,1.1257457733154297
2026-10-04T23:00:00Z,1.1262530088424683,1.1262530088424683,1.1257457733154297,1.1258726119995117
2026-10-04T23:30:00Z,1.1259993314743042,1.1259993314743042,1.1254924535751343,1.1257457733154297
2026-10-05T00:00:00Z,1.1257457733154297,1.1258726119995117,1.1248594522476196,1.124985933303833
2026-10-05T00:30:00Z,1.125112533569336,1.125112533569336,1.12447988986969,1.1246063709259033
2026-10-05T01:00:00Z,1.12447988986969,1.1246063709259033,1.123721718788147,1.123974323272705
2026-10-05T01:30:00Z,1.123974323272705,1.123974323272705,1.1232168674468994,1.1233429908752441
2026-10-05T02:00:00Z,1.1234692335128784,1.1234692335128784,1.1213276386260986,1.1213276386260986
2026-10-05T02:30:00Z,1.1215791702270508,1.1215791702270508,1.1173185110092163,1.1173185110092163
2026-10-05T03:00:00Z,1.118067979812622,1.118943691253662,1.1168192625045776,1.1188185214996338
2026-10-05T03:30:00Z,1.1188185214996338,1.1188185214996338,1.1169440746307373,1.1169440746307373
2026-10-05T04:00:00Z,1.1168192625045776,1.1174432039260864,1.1165698766708374,1.1168192625045776
2026-10-05T04:30:00Z,1.1170687675476074,1.1185681819915771,1.1170687675476074,1.1185681819915771
2026-10-05T05:00:00Z,1.1186933517456055,1.11906898021698,1.11831796169281,1.118943691253662
2026-10-05T05:30:00Z,1.118943691253662,1.1195701360702515,1.118943691253662,1.1195701360702515
2026-10-05T06:00:00Z,1.1196954250335693,1.1200717687606812,1.118943691253662,1.11906898021698
2026-10-05T06:30:00Z,1.118943691253662,1.119444727897644,1.1174432039260864,1.119444727897644
2026-10-05T07:00:00Z,1.1193194389343262,1.1196954250335693,1.1188185214996338,1.1191942691802979
2026-10-05T07:30:00Z,1.119444727897644,1.1209505796432495,1.119444727897644,1.1204482316970825
2026-10-05T08:00:00Z,1.1200717687606812,1.1209505796432495,1.1200717687606812,1.1206992864608765
2026-10-05T08:30:00Z,1.1205737590789795,1.1218308210372925,1.1205737590789795,1.1213276386260986
2026-10-05T09:00:00Z,1.1214534044265747,1.1223344802856445,1.1213276386260986,1.1223344802856445
2026-10-05T09:30:00Z,1.1222084760665894,1.1223344802856445,1.120824933052063,1.121076226234436
2026-10-05T10:00:00Z,1.1209505796432495,1.1212018728256226,1.1204482316970825,1.120824933052063
2026-10-05T10:30:00Z,1.1209505796432495,1.1209505796432495,1.1203227043151855,1.1203227043151855
2026-10-05T11:00:00Z,1.1204482316970825,1.1215791702270508,1.1199462413787842,1.1215791702270508
2026-10-05T11:30:00Z,1.1218308210372925,1.1218308210372925,1.1206992864608765,1.120824933052063
2026-10-05T12:00:00Z,1.1209505796432495,1.1212018728256226,1.1203227043151855,1.1212018728256226
2026-10-05T12:30:00Z,1.1214534044265747,1.1215791702270508,1.1206992864608765,1.1213276386260986
2026-10-05T13:00:00Z,1.1214534044265747,1.1215791702270508,1.1204482316970825,1.1204482316970825
2026-10-05T13:30:00Z,1.1204482316970825,1.1204482316970825,1.1191942691802979,1.1193194389343262
2026-10-05T14:00:00Z,1.119444727897644,1.1199462413787842,1.11906898021698,1.1195701360702515
2026-10-05T14:30:00Z,1.1196954250335693,1.121076226234436,1.1195701360702515,1.1209505796432495
2026-10-05T15:00:00Z,1.1213276386260986,1.1218308210372925,1.1213276386260986,1.1215791702270508
2026-10-05T15:30:00Z,1.1217050552368164,1.1217050552368164,1.1212018728256226,1.1214534044265747
2026-10-05T16:00:00Z,1.1213276386260986,1.1213276386260986,1.1204482316970825,1.1205737590789795
2026-10-05T16:30:00Z,1.1205737590789795,1.120824933052063,1.1204482316970825,1.1205737590789795
2026-10-05T17:00:00Z,1.1205737590789795,1.120824933052063,1.1200717687606812,1.120824933052063
2026-10-05T17:30:00Z,1.120824933052063,1.1213276386260986,1.120824933052063,1.1213276386260986
2026-10-05T18:00:00Z,1.1214534044265747,1.1218308210372925,1.1213276386260986,1.1218308210372925
2026-10-05T18:30:00Z,1.1217050552368164,1.1218308210372925,1.1215791702270508,1.1218308210372925
2026-10-05T19:00:00Z,1.1217050552368164,1.1222084760665894,1.1217050552368164,1.1222084760665894
2026-10-05T19:30:00Z,1.1220825910568237,1.1223344802856445,1.1220825910568237,1.1222084760665894
2026-10-05T20:00:00Z,1.1223344802856445,1.1223344802856445,1.1220825910568237,1.1220825910568237
2026-10-05T20:30:00Z,1.1220825910568237,1.12271249294281,1.1220825910568237,1.12271249294281
2026-10-05T21:00:00Z,1.1234692335128784,1.1234692335128784,1.1223344802856445,1.1223344802856445
2026-10-05T21:30:00Z,1.1222084760665894,1.1228384971618652,1.1222084760665894,1.1223344802856445
2026-10-05T22:00:00Z,1.12271249294281,1.12271249294281,1.1223344802856445,1.1224603652954102
2026-10-05T22:30:00Z,1.1224603652954102,1.1225864887237549,1.1223344802856445,1.1223344802856445
2026-10-05T23:00:00Z,1.1223344802856445,1.1223344802856445,1.1220825910568237,1.1223344802856445
2026-10-05T23:30:00Z,1.1223344802856445,1.1224603652954102,1.121956706047058,1.121956706047058
2026-10-06T00:00:00Z,1.1220825910568237,1.1220825910568237,1.1217050552368164,1.1218308210372925
2026-10-06T00:30:00Z,1.1218308210372925,1.1224603652954102,1.1218308210372925,1.1224603652954102
2026-10-06T01:00:00Z,1.1230907440185547,1.1232168674468994,1.1228384971618652,1.1232168674468994
2026-10-06T01:30:00Z,1.1232168674468994,1.1233429908752441,1.1220825910568237,1.1223344802856445
2026-10-06T02:00:00Z,1.1222084760665894,1.1222084760665894,1.1218308210372925,1.121956706047058
2026-10-06T02:30:00Z,1.1218308210372925,1.1218308210372925,1.1215791702270508,1.1217050552368164
2026-10-06T03:00:00Z,1.1217050552368164,1.1224603652954102,1.1215791702270508,1.1224603652954102
2026-10-06T03:30:00Z,1.1223344802856445,1.1228384971618652,1.1222084760665894,1.1224603652954102
2026-10-06T04:00:00Z,1.1224603652954102,1.1225864887237549,1.1220825910568237,1.1222084760665894
2026-10-06T04:30:00Z,1.1223344802856445,1.1224603652954102,1.121956706047058,1.121956706047058
2026-10-06T05:00:00Z,1.1220825910568237,1.1222084760665894,1.1217050552368164,1.121956706047058
2026-10-06T05:30:00Z,1.121956706047058,1.121956706047058,1.1215791702270508,1.1217050552368164
2026-10-06T06:00:00Z,1.1214534044265747,1.1215791702270508,1.1206992864608765,1.121076226234436
2026-10-06T06:30:00Z,1.1209505796432495,1.1214534044265747,1.1209505796432495,1.1213276386260986
2026-10-06T07:00:00Z,1.1212018728256226,1.1224603652954102,1.1206992864608765,1.1218308210372925
2026-10-06T07:30:00Z,1.1218308210372925,1.12447988986969,1.1214534044265747,1.12447988986969
2026-10-06T08:00:00Z,1.1242270469665527,1.1243535280227661,1.12296462059021,1.1233429908752441
2026-10-06T08:30:00Z,1.1234692335128784,1.1248594522476196,1.1234692335128784,1.12447988986969
2026-10-06T09:00:00Z,1.1247328519821167,1.1248594522476196,1.1238480806350708,1.1243535280227661
2026-10-06T09:30:00Z,1.1243535280227661,1.1248594522476196,1.1243535280227661,1.12447988986969
2026-10-06T10:00:00Z,1.1247328519821167,1.125112533569336,1.12447988986969,1.1247328519821167
2026-10-06T10:30:00Z,1.1248594522476196,1.1248594522476196,1.12447988986969,1.1246063709259033
2026-10-06T11:00:00Z,1.1246063709259033,1.126887559890747,1.12447988986969,1.126633644104004
2026-10-06T11:30:00Z,1.126633644104004,1.1275228261947632,1.1262530088424683,1.1270145177841187
2026-10-06T12:00:00Z,1.127268671989441,1.1279042959213257,1.126633644104004,1.126633644104004
2026-10-06T12:30:00Z,1.126633644104004,1.1267606019973755,1.1261261701583862,1.1261261701583862
2026-10-06T13:00:00Z,1.1262530088424683,1.126887559890747,1.1254924535751343,1.1257457733154297
2026-10-06T13:30:00Z,1.1257457733154297,1.1258726119995117,1.125112533569336,1.1253657341003418
2026-10-06T14:00:00Z,1.1253657341003418,1.1259993314743042,1.125112533569336,1.1253657341003418
2026-10-06T14:30:00Z,1.125112533569336,1.1261261701583862,1.1248594522476196,1.1261261701583862
2026-10-06T15:00:00Z,1.1259993314743042,1.126887559890747,1.1258726119995117,1.1267606019973755
2026-10-06T15:30:00Z,1.126633644104004,1.127268671989441,1.1263798475265503,1.1265066862106323
2026-10-06T16:00:00Z,1.1265066862106323,1.126633644104004,1.1259993314743042,1.1259993314743042
2026-10-06T16:30:00Z,1.1259993314743042,1.1261261701583862,1.1257457733154297,1.1259993314743042
2026-10-06T17:00:00Z,1.1259993314743042,1.1262530088424683,1.1258726119995117,1.1261261701583862
2026-10-06T17:30:00Z,1.1261261701583862,1.1267606019973755,1.1261261701583862,1.1267606019973755
2026-10-06T18:00:00Z,1.1267606019973755,1.1267606019973755,1.1262530088424683,1.1262530088424683
2026-10-06T18:30:00Z,1.1262530088424683,1.1263798475265503,1.1259993314743042,1.1263798475265503
2026-10-06T19:00:00Z,1.1265066862106323,1.1265066862106323,1.1262530088424683,1.1263798475265503
2026-10-06T19:30:00Z,1.1263798475265503,1.1263798475265503,1.1259993314743042,1.1262530088424683
2026-10-06T20:00:00Z,1.1262530088424683,1.1263798475265503,1.1262530088424683,1.1263798475265503
2026-10-06T20:30:00Z,1.1262530088424683,1.1263798475265503,1.1259993314743042,1.1263798475265503
2026-10-06T21:00:00Z,1.126887559890747,1.126887559890747,1.1258726119995117,1.1261261701583862
2026-10-06T21:30:00Z,1.1257457733154297,1.126887559890747,1.1257457733154297,1.1261261701583862
2026-10-06T22:00:00Z,1.1265066862106323,1.1265066862106323,1.1262530088424683,1.1263798475265503
2026-10-06T22:30:00Z,1.1263798475265503,1.1263798475265503,1.1261261701583862,1.1261261701583862
2026-10-06T23:00:00Z,1.1261261701583862,1.1261261701583862,1.1258726119995117,1.1259993314743042
2026-10-06T23:30:00Z,1.1258726119995117,1.1258726119995117,1.1254924535751343,1.1256190538406372
2026-10-07T00:00:00Z,1.1256190538406372,1.1257457733154297,1.1253657341003418,1.1253657341003418
2026-10-07T00:30:00Z,1.1253657341003418,1.1254924535751343,1.125112533569336,1.1252391338348389
2026-10-07T01:00:00Z,1.125112533569336,1.125112533569336,1.1246063709259033,1.1247328519821167
2026-10-07T01:30:00Z,1.1247328519821167,1.1247328519821167,1.1242270469665527,1.1242270469665527
2026-10-07T02:00:00Z,1.1242270469665527,1.1242270469665527,1.123721718788147,1.123974323272705
2026-10-07T02:30:00Z,1.1238480806350708,1.123974323272705,1.123721718788147,1.1238480806350708
2026-10-07T03:00:00Z,1.1238480806350708,1.1241008043289185,1.1238480806350708,1.1241008043289185
2026-10-07T03:30:00Z,1.1241008043289185,1.1242270469665527,1.1241008043289185,1.1241008043289185
2026-10-07T04:00:00Z,1.1241008043289185,1.1241008043289185,1.1232168674468994,1.1232168674468994
2026-10-07T04:30:00Z,1.1233429908752441,1.123721718788147,1.1233429908752441,1.1235954761505127
2026-10-07T05:00:00Z,1.1235954761505127,1.123721718788147,1.1232168674468994,1.1232168674468994
2026-10-07T05:30:00Z,1.1230907440185547,1.1235954761505127,1.1230907440185547,1.1233429908752441
2026-10-07T06:00:00Z,1.1232168674468994,1.1232168674468994,1.1225864887237549,1.12271249294281
2026-10-07T06:30:00Z,1.1228384971618652,1.1234692335128784,1.12271249294281,1.1232168674468994
2026-10-07T07:00:00Z,1.12296462059021,1.1232168674468994,1.1217050552368164,1.121956706047058
2026-10-07T07:30:00Z,1.1218308210372925,1.1218308210372925,1.1186933517456055,1.1193194389343262
2026-10-07T08:00:00Z,1.119444727897644,1.1199462413787842,1.1185681819915771,1.119444727897644
2026-10-07T08:30:00Z,1.1191942691802979,1.1203227043151855,1.1191942691802979,1.1200717687606812
2026-10-07T09:00:00Z,1.1200717687606812,1.1206992864608765,1.119444727897644,1.119444727897644
2026-10-07T09:30:00Z,1.1191942691802979,1.1199462413787842,1.11906898021698,1.1199462413787842
2026-10-07T10:00:00Z,1.1199462413787842,1.1199462413787842,1.11906898021698,1.1193194389343262
2026-10-07T10:30:00Z,1.1193194389343262,1.1198208332061768,1.118943691253662,1.1193194389343262
2026-10-07T11:00:00Z,1.1193194389343262,1.119444727897644,1.1186933517456055,1.1191942691802979
2026-10-07T11:30:00Z,1.1188185214996338,1.118943691253662,1.1179429292678833,1.1185681819915771
2026-10-07T12:00:00Z,1.118943691253662,1.118943691253662,1.1168192625045776,1.1170687675476074
2026-10-07T12:30:00Z,1.1169440746307373,1.1176930665969849,1.1169440746307373,1.1175681352615356
2026-10-07T13:00:00Z,1.118067979812622,1.1186933517456055,1.1179429292678833,1.1181930303573608
2026-10-07T13:30:00Z,1.1181930303573608,1.118943691253662,1.1179429292678833,1.118943691253662
2026-10-07T14:00:00Z,1.11906898021698,1.1191942691802979,1.118067979812622,1.1188185214996338
2026-10-07T14:30:00Z,1.1188185214996338,1.1196954250335693,1.1188185214996338,1.1196954250335693
2026-10-07T15:00:00Z,1.1196954250335693,1.1205737590789795,1.11906898021698,1.11906898021698
2026-10-07T15:30:00Z,1.118943691253662,1.1191942691802979,1.1185681819915771,1.11906898021698
2026-10-07T16:00:00Z,1.118943691253662,1.1200717687606812,1.118943691253662,1.1198208332061768
2026-10-07T16:30:00Z,1.1195701360702515,1.1196954250335693,1.1191942691802979,1.1195701360702515
2026-10-07T17:00:00Z,1.119444727897644,1.1203227043151855,1.119444727897644,1.1198208332061768
2026-10-07T17:30:00Z,1.1198208332061768,1.1203227043151855,1.1196954250335693,1.1203227043151855
2026-10-07T18:00:00Z,1.1203227043151855,1.1205737590789795,1.1200717687606812,1.1201971769332886
2026-10-07T18:30:00Z,1.1201971769332886,1.1203227043151855,1.1199462413787842,1.1201971769332886
2026-10-07T19:00:00Z,1.1201971769332886,1.1203227043151855,1.1199462413787842,1.1201971769332886
2026-10-07T19:30:00Z,1.1201971769332886,1.1201971769332886,1.1198208332061768,1.1199462413787842
2026-10-07T20:00:00Z,1.1199462413787842,1.1199462413787842,1.1196954250335693,1.1199462413787842
2026-10-07T20:30:00Z,1.1199462413787842,1.1200717687606812,1.1198208332061768,1.1200717687606812
2026-10-07T21:00:00Z,1.1186933517456055,1.1201971769332886,1.1186933517456055,1.1196954250335693
2026-10-07T21:30:00Z,1.1196954250335693,1.1200717687606812,1.1195701360702515,1.1199462413787842
2026-10-07T22:00:00Z,1.1199462413787842,1.1205737590789795,1.1199462413787842,1.1205737590789795
2026-10-07T22:30:00Z,1.1205737590789795,1.1205737590789795,1.1203227043151855,1.1204482316970825
2026-10-07T23:00:00Z,1.1204482316970825,1.1205737590789795,1.1203227043151855,1.1204482316970825
2026-10-07T23:30:00Z,1.1204482316970825,1.1206992864608765,1.1203227043151855,1.1203227043151855
2026-10-08T00:00:00Z,1.1203227043151855,1.1205737590789795,1.1198208332061768,1.1201971769332886
2026-10-08T00:30:00Z,1.1203227043151855,1.1205737590789795,1.1200717687606812,1.1201971769332886
2026-10-08T01:00:00Z,1.1201971769332886,1.1204482316970825,1.1200717687606812,1.1203227043151855
2026-10-08T01:30:00Z,1.1201971769332886,1.1212018728256226,1.1200717687606812,1.121076226234436
2026-10-08T02:00:00Z,1.1212018728256226,1.1215791702270508,1.121076226234436,1.1213276386260986
2026-10-08T02:30:00Z,1.1212018728256226,1.1212018728256226,1.1205737590789795,1.1205737590789795
2026-10-08T03:00:00Z,1.1205737590789795,1.1205737590789795,1.1201971769332886,1.1203227043151855
2026-10-08T03:30:00Z,1.1203227043151855,1.120824933052063,1.1203227043151855,1.120824933052063
2026-10-08T04:00:00Z,1.120824933052063,1.120824933052063,1.1205737590789795,1.1206992864608765
2026-10-08T04:30:00Z,1.1206992864608765,1.1209505796432495,1.1205737590789795,1.120824933052063
2026-10-08T05:00:00Z,1.1206992864608765,1.121076226234436,1.1206992864608765,1.120824933052063
2026-10-08T05:30:00Z,1.120824933052063,1.120824933052063,1.1195701360702515,1.1196954250335693
2026-10-08T06:00:00Z,1.1198208332061768,1.1205737590789795,1.119444727897644,1.1201971769332886
2026-10-08T06:30:00Z,1.1201971769332886,1.1205737590789795,1.119444727897644,1.119444727897644
2026-10-08T07:00:00Z,1.11906898021698,1.1199462413787842,1.1185681819915771,1.1199462413787842
2026-10-08T07:30:00Z,1.1199462413787842,1.1199462413787842,1.119444727897644,1.1198208332061768
2026-10-08T08:00:00Z,1.1196954250335693,1.1201971769332886,1.1195701360702515,1.1200717687606812
2026-10-08T08:30:00Z,1.1203227043151855,1.1203227043151855,1.118943691253662,1.1193194389343262
2026-10-08T09:00:00Z,1.119444727897644,1.119444727897644,1.1185681819915771,1.1191942691802979
2026-10-08T09:30:00Z,1.11906898021698,1.1195701360702515,1.11831796169281,1.1184431314468384
2026-10-08T10:00:00Z,1.1184431314468384,1.1185681819915771,1.1181930303573608,1.1184431314468384
2026-10-08T10:30:00Z,1.1184431314468384,1.118943691253662,1.118067979812622,1.1186933517456055
2026-10-08T11:00:00Z,1.1184431314468384,1.1184431314468384,1.117817997932434,1.118067979812622
2026-10-08T11:30:00Z,1.118067979812622,1.1185681819915771,1.1175681352615356,1.118067979812622
2026-10-08T12:00:00Z,1.1181930303573608,1.1201971769332886,1.1181930303573608,1.1201971769332886
2026-10-08T12:30:00Z,1.1196954250335693,1.1199462413787842,1.1185681819915771,1.1185681819915771
2026-10-08T13:00:00Z,1.1186933517456055,1.1196954250335693,1.11831796169281,1.119444727897644
2026-10-08T13:30:00Z,1.119444727897644,1.1203227043151855,1.119444727897644,1.1199462413787842
2026-10-08T14:00:00Z,1.1199462413787842,1.121956706047058,1.1196954250335693,1.121956706047058
2026-10-08T14:30:00Z,1.1220825910568237,1.1228384971618652,1.1212018728256226,1.1212018728256226
2026-10-08T15:00:00Z,1.121076226234436,1.1213276386260986,1.1200717687606812,1.1203227043151855
2026-10-08T15:30:00Z,1.1201971769332886,1.1201971769332886,1.1193194389343262,1.119444727897644
2026-10-08T16:00:00Z,1.119444727897644,1.1205737590789795,1.1188185214996338,1.119444727897644
2026-10-08T16:30:00Z,1.1191942691802979,1.1200717687606812,1.11906898021698,1.1198208332061768
2026-10-08T17:00:00Z,1.1199462413787842,1.1220825910568237,1.1199462413787842,1.1218308210372925
2026-10-08T17:30:00Z,1.1218308210372925,1.121956706047058,1.121076226234436,1.1214534044265747
2026-10-08T18:00:00Z,1.1214534044265747,1.1214534044265747,1.1204482316970825,1.1206992864608765
2026-10-08T18:30:00Z,1.1205737590789795,1.1214534044265747,1.1205737590789795,1.1212018728256226
2026-10-08T19:00:00Z,1.1213276386260986,1.1215791702270508,1.1213276386260986,1.1213276386260986
2026-10-08T19:30:00Z,1.1212018728256226,1.1217050552368164,1.1212018728256226,1.1217050552368164
2026-10-08T20:00:00Z,1.1217050552368164,1.1220825910568237,1.1215791702270508,1.1215791702270508
2026-10-08T20:30:00Z,1.1213276386260986,1.1217050552368164,1.1213276386260986,1.1214534044265747
2026-10-08T21:00:00Z,1.1214534044265747,1.121956706047058,1.1212018728256226,1.121956706047058
2026-10-08T21:30:00Z,1.1217050552368164,1.121956706047058,1.1214534044265747,1.1218308210372925
2026-10-08T22:00:00Z,1.1215791702270508,1.121956706047058,1.1213276386260986,1.1218308210372925
2026-10-08T22:30:00Z,1.1218308210372925,1.1218308210372925,1.1215791702270508,1.1215791702270508
2026-10-08T23:00:00Z,1.1215791702270508,1.1215791702270508,1.1214534044265747,1.1215791702270508
2026-10-08T23:30:00Z,1.1214534044265747,1.1215791702270508,1.1213276386260986,1.1215791702270508
2026-10-09T00:00:00Z,1.1217050552368164,1.1220825910568237,1.1214534044265747,1.121956706047058
2026-10-09T00:30:00Z,1.121956706047058,1.1222084760665894,1.1217050552368164,1.1222084760665894
2026-10-09T01:00:00Z,1.1222084760665894,1.12271249294281,1.1222084760665894,1.12271249294281
2026-10-09T01:30:00Z,1.1228384971618652,1.1232168674468994,1.1228384971618652,1.12296462059021
2026-10-09T02:00:00Z,1.12296462059021,1.1230907440185547,1.1224603652954102,1.1228384971618652
2026-10-09T02:30:00Z,1.1228384971618652,1.1232168674468994,1.1228384971618652,1.1230907440185547
2026-10-09T03:00:00Z,1.1230907440185547,1.1230907440185547,1.12271249294281,1.1228384971618652
2026-10-09T03:30:00Z,1.12271249294281,1.12296462059021,1.12271249294281,1.12296462059021
2026-10-09T04:00:00Z,1.12296462059021,1.1230907440185547,1.1228384971618652,1.1228384971618652
2026-10-09T04:30:00Z,1.1228384971618652,1.1233429908752441,1.1228384971618652,1.1232168674468994
2026-10-09T05:00:00Z,1.1234692335128784,1.123721718788147,1.1233429908752441,1.123721718788147
2026-10-09T05:30:00Z,1.1238480806350708,1.1246063709259033,1.1234692335128784,1.1234692335128784
2026-10-09T06:00:00Z,1.1234692335128784,1.1234692335128784,1.1228384971618652,1.12296462059021
2026-10-09T06:30:00Z,1.12296462059021,1.1230907440185547,1.1225864887237549,1.1228384971618652
2026-10-09T07:00:00Z,1.1230907440185547,1.1235954761505127,1.12271249294281,1.1234692335128784
2026-10-09T07:30:00Z,1.1234692335128784,1.1234692335128784,1.12296462059021,1.1234692335128784
2026-10-09T08:00:00Z,1.1234692335128784,1.1234692335128784,1.12271249294281,1.1232168674468994
2026-10-09T08:30:00Z,1.1232168674468994,1.1232168674468994,1.1220825910568237,1.1220825910568237
2026-10-09T09:00:00Z,1.1224603652954102,1.1225864887237549,1.1222084760665894,1.1223344802856445
2026-10-09T09:30:00Z,1.1223344802856445,1.1225864887237549,1.121956706047058,1.121956706047058
2026-10-09T10:00:00Z,1.1220825910568237,1.1223344802856445,1.1215791702270508,1.1218308210372925
2026-10-09T10:30:00Z,1.1218308210372925,1.1218308210372925,1.121076226234436,1.121076226234436
2026-10-09T11:00:00Z,1.121076226234436,1.1215791702270508,1.1209505796432495,1.1215791702270508
2026-10-09T11:30:00Z,1.1217050552368164,1.1218308210372925,1.121076226234436,1.1212018728256226
2026-10-09T12:00:00Z,1.1213276386260986,1.1214534044265747,1.1204482316970825,1.1206992864608765
2026-10-09T12:30:00Z,1.1206992864608765,1.120824933052063,1.1195701360702515,1.1200717687606812
2026-10-09T13:00:00Z,1.1201971769332886,1.1203227043151855,1.1196954250335693,1.1200717687606812
2026-10-09T13:30:00Z,1.1201971769332886,1.1201971769332886,1.1193194389343262,1.1196954250335693
2026-10-09T14:00:00Z,1.1195701360702515,1.1199462413787842,1.1193194389343262,1.1199462413787842
2026-10-09T14:30:00Z,1.1200717687606812,1.1204482316970825,1.1199462413787842,1.1199462413787842
2026-10-09T15:00:00Z,1.1199462413787842,1.1201971769332886,1.1195701360702515,1.1199462413787842
2026-10-09T15:30:00Z,1.1198208332061768,1.1199462413787842,1.1193194389343262,1.1195701360702515
2026-10-09T16:00:00Z,1.1195701360702515,1.1196954250335693,1.1191942691802979,1.1193194389343262
2026-10-09T16:30:00Z,1.1193194389343262,1.119444727897644,1.1191942691802979,1.1193194389343262
2026-10-09T17:00:00Z,1.119444727897644,1.1200717687606812,1.1193194389343262,1.1195701360702515
2026-10-09T17:30:00Z,1.1195701360702515,1.1199462413787842,1.119444727897644,1.1199462413787842
2026-10-09T18:00:00Z,1.1200717687606812,1.1203227043151855,1.1200717687606812,1.1200717687606812
2026-10-09T18:30:00Z,1.1200717687606812,1.1206992864608765,1.1200717687606812,1.1205737590789795
2026-10-09T19:00:00Z,1.1205737590789795,1.1206992864608765,1.1203227043151855,1.1204482316970825
2026-10-09T19:30:00Z,1.1204482316970825,1.1204482316970825,1.1204482316970825,1.1204482316970825
