timestamp,open,high,low,close
2026-08-10T23:00:00Z,1.3509862422943115,1.3509862422943115,1.3507307767868042,1.3508949279785156
2026-08-10T23:30:00Z,1.3508037328720093,1.3511687517166138,1.3507307767868042,1.3511687517166138
2026-08-11T00:00:00Z,1.3511687517166138,1.351387858390808,1.3511322736740112,1.351387858390808
2026-08-11T00:30:00Z,1.3513513803482056,1.3515340089797974,1.3512052297592163,1.3512052297592163
2026-08-11T01:00:00Z,1.3509862422943115,1.3514060974121094,1.350694179534912,1.3512600660324097
2026-08-11T01:30:00Z,1.3513696193695068,1.3515887260437012,1.3511322736740112,1.3511505126953125
2026-08-11T02:00:00Z,1.3510956764221191,1.3511687517166138,1.350712537765503,1.3507307767868042
2026-08-11T02:30:00Z,1.3507307767868042,1.350858449935913,1.3503295183181763,1.3504753112792969
2026-08-11T03:00:00Z,1.3505666255950928,1.3512235879898071,1.3505666255950928,1.3512235879898071
2026-08-11T03:30:00Z,1.3512965440750122,1.3513330221176147,1.3510043621063232,1.351022720336914
2026-08-11T04:00:00Z,1.3511322736740112,1.351314902305603,1.3510956764221191,1.351314902305603
2026-08-11T04:30:00Z,1.3512418270111084,1.3512965440750122,1.350785493850708,1.3511322736740112
2026-08-11T05:00:00Z,1.35111403465271,1.3511322736740112,1.3508037328720093,1.350858449935913
2026-08-11T05:30:00Z,1.3509132862091064,1.3514426946640015,1.3508949279785156,1.3512600660324097
2026-08-11T06:00:00Z,1.3514243364334106,1.3515704870224,1.350511908531189,1.3507307767868042
2026-08-11T06:30:00Z,1.3508037328720093,1.3508766889572144,1.3503295183181763,1.3504570722579956
2026-08-11T07:00:00Z,1.350712537765503,1.350858449935913,1.3499467372894287,1.350201964378357
2026-08-11T07:30:00Z,1.3501471281051636,1.3502565622329712,1.349545955657959,1.3496551513671875
2026-08-11T08:00:00Z,1.3497462272644043,1.35023832321167,1.3496733903884888,1.3501836061477661
2026-08-11T08:30:00Z,1.35023832321167,1.3508766889572144,1.35023832321167,1.3504024744033813
2026-08-11T09:00:00Z,1.3504570722579956,1.3504570722579956,1.3499648571014404,1.3500559329986572
2026-08-11T09:30:00Z,1.3501653671264648,1.350548267364502,1.3500559329986572,1.3504389524459839
2026-08-11T10:00:00Z,1.3504207134246826,1.350511908531189,1.3498555421829224,1.350074291229248
2026-08-11T10:30:00Z,1.3500925302505493,1.350311279296875,1.3497462272644043,1.3498190641403198
2026-08-11T11:00:00Z,1.3497644662857056,1.3504389524459839,1.3497644662857056,1.3501471281051636
2026-08-11T11:30:00Z,1.350074291229248,1.350074291229248,1.3494184017181396,1.3494548797607422
2026-08-11T12:00:00Z,1.3494912385940552,1.3500378131866455,1.3493638038635254,1.3496733903884888
2026-08-11T12:30:00Z,1.349727988243103,1.3501107692718506,1.349727988243103,1.3500378131866455
2026-08-11T13:00:00Z,1.3502200841903687,1.3504207134246826,1.3499102592468262,1.3502200841903687
2026-08-11T13:30:00Z,1.350074291229248,1.3506760597229004,1.3497827053070068,1.3502748012542725
2026-08-11T14:00:00Z,1.3500378131866455,1.3506031036376953,1.3499284982681274,1.3502200841903687
2026-08-11T14:30:00Z,1.3503295183181763,1.3509496450424194,1.3503295183181763,1.3508949279785156
2026-08-11T15:00:00Z,1.3509680032730103,1.351022720336914,1.350311279296875,1.3509862422943115
2026-08-11T15:30:00Z,1.3508403301239014,1.3512600660324097,1.3504389524459839,1.3512600660324097
2026-08-11T16:00:00Z,1.3513330221176147,1.3513513803482056,1.350621223449707,1.350712537765503
2026-08-11T16:30:00Z,1.3506031036376953,1.3507307767868042,1.3504753112792969,1.3506395816802979
2026-08-11T17:00:00Z,1.3506395816802979,1.3506395816802979,1.349800944328308,1.3499102592468262
2026-08-11T17:30:00Z,1.3499102592468262,1.3504570722579956,1.3498190641403198,1.3502565622329712
2026-08-11T18:00:00Z,1.3501836061477661,1.3501836061477661,1.3497098684310913,1.3498190641403198
2026-08-11T18:30:00Z,1.349727988243103,1.3504024744033813,1.349727988243103,1.3503295183181763
2026-08-11T19:00:00Z,1.3504389524459839,1.3506395816802979,1.3503295183181763,1.3506395816802979
2026-08-11T19:30:00Z,1.3506031036376953,1.350858449935913,1.350548267364502,1.350858449935913
2026-08-11T20:00:00Z,1.350858449935913,1.3509680032730103,1.3505666255950928,1.3505666255950928
2026-08-11T20:30:00Z,1.3505666255950928,1.3508403301239014,1.3504753112792969,1.3508403301239014
2026-08-11T21:00:00Z,1.350785493850708,1.3508037328720093,1.3503477573394775,1.350621223449707
2026-08-11T21:30:00Z,1.350785493850708,1.350785493850708,1.3502929210662842,1.3507307767868042
2026-08-11T22:00:00Z,1.350785493850708,1.3511322736740112,1.3507671356201172,1.3510409593582153
2026-08-11T22:30:00Z,1.3510956764221191,1.3511322736740112,1.3509314060211182,1.3511322736740112
2026-08-11T23:00:00Z,1.3510043621063232,1.35111403465271,1.3509496450424194,1.3509496450424194
2026-08-11T23:30:00Z,1.3508949279785156,1.3509862422943115,1.3508037328720093,1.3509680032730103
2026-08-12T00:00:00Z,1.350858449935913,1.3511687517166138,1.350858449935913,1.35111403465271
2026-08-12T00:30:00Z,1.3510775566101074,1.3511505126953125,1.350712537765503,1.350785493850708
2026-08-12T01:00:00Z,1.350785493850708,1.350785493850708,1.3502565622329712,1.3504389524459839
2026-08-12T01:30:00Z,1.3506031036376953,1.3509680032730103,1.3504570722579956,1.3506395816802979
2026-08-12T02:00:00Z,1.3506578207015991,1.3506578207015991,1.35023832321167,1.3504936695098877
2026-08-12T02:30:00Z,1.350548267364502,1.350785493850708,1.350548267364502,1.350694179534912
2026-08-12T03:00:00Z,1.3507671356201172,1.3508219718933105,1.350621223449707,1.3507307767868042
2026-08-12T03:30:00Z,1.350785493850708,1.3508037328720093,1.3505666255950928,1.3506031036376953
2026-08-12T04:00:00Z,1.3505666255950928,1.3507307767868042,1.3503295183181763,1.3505300283432007
2026-08-12T04:30:00Z,1.3505300283432007,1.350785493850708,1.350511908531189,1.3507490158081055
2026-08-12T05:00:00Z,1.350712537765503,1.3507307767868042,1.3503295183181763,1.3503841161727905
2026-08-12T05:30:00Z,1.350511908531189,1.3506395816802979,1.3503841161727905,1.3506395816802979
2026-08-12T06:00:00Z,1.350712537765503,1.3507307767868042,1.3504936695098877,1.3505300283432007
2026-08-12T06:30:00Z,1.3503658771514893,1.350858449935913,1.3503658771514893,1.350858449935913
2026-08-12T07:00:00Z,1.3509862422943115,1.351186990737915,1.3508766889572144,1.35111403465271
2026-08-12T07:30:00Z,1.3510956764221191,1.3510956764221191,1.3508037328720093,1.3508037328720093
2026-08-12T08:00:00Z,1.3508766889572144,1.3511322736740112,1.3507490158081055,1.3510591983795166
2026-08-12T08:30:00Z,1.3510409593582153,1.351278305053711,1.3509680032730103,1.3510591983795166
2026-08-12T09:00:00Z,1.3512235879898071,1.3528504371643066,1.3511322736740112,1.351862907409668
2026-08-12T09:30:00Z,1.3519359827041626,1.3519724607467651,1.351186990737915,1.3513513803482056
2026-08-12T10:00:00Z,1.3513696193695068,1.3521736860275269,1.3513696193695068,1.3521188497543335
2026-08-12T10:30:00Z,1.3521369695663452,1.3522467613220215,1.3515887260437012,1.3516801595687866
2026-08-12T11:00:00Z,1.3514060974121094,1.3519724607467651,1.3514060974121094,1.3519359827041626
2026-08-12T11:30:00Z,1.3520456552505493,1.3528504371643066,1.3519177436828613,1.3527406454086304
2026-08-12T12:00:00Z,1.3527222871780396,1.3528504371643066,1.3520456552505493,1.3524296283721924
2026-08-12T12:30:00Z,1.3510043621063232,1.3540594577789307,1.3510043621063232,1.3534363508224487
2026-08-12T13:00:00Z,1.3538944721221924,1.3540594577789307,1.3524478673934937,1.3529785871505737
2026-08-12T13:30:00Z,1.3531250953674316,1.353143334388733,1.351807951927185,1.352630853652954
2026-08-12T14:00:00Z,1.352685809135437,1.3529419898986816,1.3517898321151733,1.3517898321151733
2026-08-12T14:30:00Z,1.3518993854522705,1.3518993854522705,1.3505300283432007,1.3509496450424194
2026-08-12T15:00:00Z,1.3508037328720093,1.3509680032730103,1.35023832321167,1.3507307767868042
2026-08-12T15:30:00Z,1.3507671356201172,1.3511687517166138,1.3503477573394775,1.3510043621063232
2026-08-12T16:00:00Z,1.3509680032730103,1.3510775566101074,1.3503658771514893,1.3503658771514893
2026-08-12T16:30:00Z,1.3503658771514893,1.3503658771514893,1.3496005535125732,1.3497644662857056
2026-08-12T17:00:00Z,1.3498190641403198,1.3501653671264648,1.3495640754699707,1.3496370315551758
2026-08-12T17:30:00Z,1.349727988243103,1.3497827053070068,1.3492544889450073,1.3493638038635254
2026-08-12T18:00:00Z,1.3492727279663086,1.3497644662857056,1.3490906953811646,1.3495640754699707
2026-08-12T18:30:00Z,1.349582314491272,1.349582314491272,1.3488359451293945,1.3488359451293945
2026-08-12T19:00:00Z,1.3488723039627075,1.349400281906128,1.3488540649414062,1.349127173423767
2026-08-12T19:30:00Z,1.3490906953811646,1.349199891090393,1.348945140838623,1.349199891090393
2026-08-12T20:00:00Z,1.349199891090393,1.3493092060089111,1.3490543365478516,1.3491816520690918
2026-08-12T20:30:00Z,1.3491452932357788,1.3496551513671875,1.3491452932357788,1.3496370315551758
2026-08-12T21:00:00Z,1.3494548797607422,1.3501288890838623,1.3491089344024658,1.3494548797607422
2026-08-12T21:30:00Z,1.3494731187820435,1.3497462272644043,1.3492181301116943,1.3496005535125732
2026-08-12T22:00:00Z,1.3493092060089111,1.3494184017181396,1.349199891090393,1.349400281906128
2026-08-12T22:30:00Z,1.3494548797607422,1.3497644662857056,1.349400281906128,1.3496187925338745
2026-08-12T23:00:00Z,1.3496551513671875,1.3498555421829224,1.3496187925338745,1.3497462272644043
2026-08-12T23:30:00Z,1.349727988243103,1.3499467372894287,1.349545955657959,1.3497827053070068
2026-08-13T00:00:00Z,1.3497644662857056,1.3500195741653442,1.3497644662857056,1.3498555421829224
2026-08-13T00:30:00Z,1.349892020225525,1.3501107692718506,1.3495277166366577,1.3497644662857056
2026-08-13T01:00:00Z,1.3498190641403198,1.3499284982681274,1.3496551513671875,1.349892020225525
2026-08-13T01:30:00Z,1.3498555421829224,1.3499830961227417,1.3491816520690918,1.3492727279663086
2026-08-13T02:00:00Z,1.3492909669876099,1.3493092060089111,1.34890878200531,1.34890878200531
2026-08-13T02:30:00Z,1.3488540649414062,1.3489633798599243,1.348726749420166,1.3488905429840088
2026-08-13T03:00:00Z,1.3488905429840088,1.34916353225708,1.3487086296081543,1.3489269018173218
2026-08-13T03:30:00Z,1.348945140838623,1.34916353225708,1.34890878200531,1.3490725755691528
2026-08-13T04:00:00Z,1.3490543365478516,1.3490725755691528,1.3487632274627686,1.3488540649414062
2026-08-13T04:30:00Z,1.3488540649414062,1.3497098684310913,1.3488540649414062,1.3497098684310913
2026-08-13T05:00:00Z,1.3496005535125732,1.3497644662857056,1.3494731187820435,1.3497098684310913
2026-08-13T05:30:00Z,1.3496733903884888,1.34969162940979,1.3492544889450073,1.349545955657959
2026-08-13T06:00:00Z,1.3496370315551758,1.34969162940979,1.34865403175354,1.34865403175354
2026-08-13T06:30:00Z,1.3484721183776855,1.3484721183776855,1.347563624382019,1.3482903242111206
2026-08-13T07:00:00Z,1.3482176065444946,1.3484539985656738,1.3476181030273438,1.3484176397323608
2026-08-13T07:30:00Z,1.3484539985656738,1.3487449884414673,1.348126769065857,1.3483631610870361
2026-08-13T08:00:00Z,1.3483085632324219,1.3483085632324219,1.3478542566299438,1.3479995727539062
2026-08-13T08:30:00Z,1.3479633331298828,1.3483266830444336,1.3479268550872803,1.3479268550872803
2026-08-13T09:00:00Z,1.3478178977966309,1.3487632274627686,1.3475998640060425,1.3487632274627686
2026-08-13T09:30:00Z,1.3487632274627686,1.349127173423767,1.348726749420166,1.349127173423767
2026-08-13T10:00:00Z,1.3492181301116943,1.3498555421829224,1.3492181301116943,1.3498190641403198
2026-08-13T10:30:00Z,1.349892020225525,1.3501288890838623,1.348945140838623,1.3490906953811646
2026-08-13T11:00:00Z,1.3490543365478516,1.3494912385940552,1.3488359451293945,1.3494548797607422
2026-08-13T11:30:00Z,1.349582314491272,1.3496551513671875,1.3491452932357788,1.3492363691329956
2026-08-13T12:00:00Z,1.3492363691329956,1.3492909669876099,1.3488178253173828,1.3488905429840088
2026-08-13T12:30:00Z,1.3492181301116943,1.3509314060211182,1.348508596420288,1.3509314060211182
2026-08-13T13:00:00Z,1.350858449935913,1.3510591983795166,1.3502565622329712,1.3502565622329712
2026-08-13T13:30:00Z,1.3503477573394775,1.3503477573394775,1.349800944328308,1.3499648571014404
2026-08-13T14:00:00Z,1.3501471281051636,1.3512235879898071,1.3499102592468262,1.350712537765503
2026-08-13T14:30:00Z,1.3502748012542725,1.3509132862091064,1.3499467372894287,1.3507671356201172
2026-08-13T15:00:00Z,1.3507490158081055,1.3509314060211182,1.3496733903884888,1.3496733903884888
2026-08-13T15:30:00Z,1.349800944328308,1.349892020225525,1.349545955657959,1.3495640754699707
2026-08-13T16:00:00Z,1.3496370315551758,1.3496370315551758,1.348435878753662,1.348581314086914
2026-08-13T16:30:00Z,1.3485267162322998,1.348726749420166,1.3483449220657349,1.348581314086914
2026-08-13T17:00:00Z,1.348690390586853,1.348945140838623,1.3482176065444946,1.348235845565796
2026-08-13T17:30:00Z,1.34816312789917,1.3485267162322998,1.3480178117752075,1.3482722043991089
2026-08-13T18:00:00Z,1.3482722043991089,1.3486722707748413,1.3480722904205322,1.3485630750656128
2026-08-13T18:30:00Z,1.3486357927322388,1.3487813472747803,1.3483994007110596,1.348435878753662
2026-08-13T19:00:00Z,1.348508596420288,1.3487995862960815,1.3483631610870361,1.3487632274627686
2026-08-13T19:30:00Z,1.3487449884414673,1.3488359451293945,1.348435878753662,1.348726749420166
2026-08-13T20:00:00Z,1.3487449884414673,1.3487813472747803,1.3484539985656738,1.348690390586853
2026-08-13T20:30:00Z,1.34865403175354,1.3488359451293945,1.3484176397323608,1.348690390586853
2026-08-13T21:00:00Z,1.3491816520690918,1.3491816520690918,1.3484176397323608,1.3487632274627686
2026-08-13T21:30:00Z,1.3488540649414062,1.3490543365478516,1.3485448360443115,1.3485995531082153
2026-08-13T22:00:00Z,1.348690390586853,1.3488723039627075,1.348581314086914,1.3487632274627686
2026-08-13T22:30:00Z,1.3488178253173828,1.34890878200531,1.3487086296081543,1.3488723039627075
2026-08-13T23:00:00Z,1.3489269018173218,1.3490543365478516,1.3488359451293945,1.3488723039627075
2026-08-13T23:30:00Z,1.3489269018173218,1.349127173423767,1.3488540649414062,1.3490725755691528
2026-08-14T00:00:00Z,1.3490360975265503,1.3495094776153564,1.3490360975265503,1.3495094776153564
2026-08-14T00:30:00Z,1.3494548797607422,1.3498737812042236,1.3494184017181396,1.3498737812042236
2026-08-14T01:00:00Z,1.349800944328308,1.349800944328308,1.3490725755691528,1.3492181301116943
2026-08-14T01:30:00Z,1.3490543365478516,1.3496005535125732,1.3489997386932373,1.3489997386932373
2026-08-14T02:00:00Z,1.349127173423767,1.3493638038635254,1.3489997386932373,1.3492544889450073
2026-08-14T02:30:00Z,1.349199891090393,1.3494548797607422,1.3489633798599243,1.348981499671936
2026-08-14T03:00:00Z,1.3489997386932373,1.3497462272644043,1.34890878200531,1.349727988243103
2026-08-14T03:30:00Z,1.34969162940979,1.3497827053070068,1.349400281906128,1.3495640754699707
2026-08-14T04:00:00Z,1.3495094776153564,1.3498555421829224,1.3495094776153564,1.3495640754699707
2026-08-14T04:30:00Z,1.3495640754699707,1.3499467372894287,1.3495640754699707,1.349800944328308
2026-08-14T05:00:00Z,1.3497644662857056,1.3500559329986572,1.3497462272644043,1.3500559329986572
2026-08-14T05:30:00Z,1.3499830961227417,1.3500925302505493,1.3499284982681274,1.350001335144043
2026-08-14T06:00:00Z,1.35023832321167,1.350311279296875,1.3499102592468262,1.350001335144043
2026-08-14T06:30:00Z,1.3500559329986572,1.3504570722579956,1.3500378131866455,1.3504389524459839
2026-08-14T07:00:00Z,1.3504389524459839,1.3508949279785156,1.3504207134246826,1.3504936695098877
2026-08-14T07:30:00Z,1.3504936695098877,1.3513696193695068,1.350311279296875,1.351314902305603
2026-08-14T08:00:00Z,1.3515887260437012,1.3522651195526123,1.3515522480010986,1.3522651195526123
2026-08-14T08:30:00Z,1.3523198366165161,1.3526674509048462,1.3519543409347534,1.3523746728897095
2026-08-14T09:00:00Z,1.352338194847107,1.352539300918579,1.3521369695663452,1.352338194847107
2026-08-14T09:30:00Z,1.3523198366165161,1.3524662256240845,1.3520456552505493,1.3524662256240845
2026-08-14T10:00:00Z,1.3524113893508911,1.3528321981430054,1.3524113893508911,1.3527406454086304
2026-08-14T10:30:00Z,1.3527590036392212,1.3529785871505737,1.3527222871780396,1.3528138399124146
2026-08-14T11:00:00Z,1.3529053926467896,1.3536561727523804,1.3527954816818237,1.3535462617874146
2026-08-14T11:30:00Z,1.3536012172698975,1.3542428016662598,1.3535646200180054,1.3535828590393066
2026-08-14T12:00:00Z,1.3535280227661133,1.3543529510498047,1.3535280227661133,1.3541878461837769
2026-08-14T12:30:00Z,1.354976773262024,1.354976773262024,1.3535462617874146,1.3540594577789307
2026-08-14T13:00:00Z,1.3538029193878174,1.3544628620147705,1.3535646200180054,1.3544628620147705
2026-08-14T13:30:00Z,1.3543529510498047,1.356042504310608,1.3543529510498047,1.3553624153137207
2026-08-14T14:00:00Z,1.3557300567626953,1.3561527729034424,1.3551421165466309,1.3561527729034424
2026-08-14T14:30:00Z,1.3558586835861206,1.3558586835861206,1.3546648025512695,1.354830026626587
2026-08-14T15:00:00Z,1.3549033403396606,1.355233907699585,1.3541511297225952,1.3547565937042236
2026-08-14T15:30:00Z,1.3550502061843872,1.3557300567626953,1.354921817779541,1.3554543256759644
2026-08-14T16:00:00Z,1.3555645942687988,1.3556932210922241,1.3549401760101318,1.354958415031433
2026-08-14T16:30:00Z,1.3548849821090698,1.3552889823913574,1.3538762331008911,1.353931188583374
2026-08-14T17:00:00Z,1.3539679050445557,1.3539679050445557,1.3527954816818237,1.353051781654358
2026-08-14T17:30:00Z,1.353033423423767,1.353271484375,1.3529419898986816,1.353234887123108
2026-08-14T18:00:00Z,1.353234887123108,1.3535096645355225,1.353051781654358,1.3535096645355225
2026-08-14T18:30:00Z,1.3535462617874146,1.3536195755004883,1.3533265590667725,1.3533265590667725
2026-08-14T19:00:00Z,1.353363037109375,1.3537662029266357,1.3533265590667725,1.3537296056747437
2026-08-14T19:30:00Z,1.3536561727523804,1.3536561727523804,1.353363037109375,1.353363037109375
2026-08-14T20:00:00Z,1.353417992591858,1.3536745309829712,1.353417992591858,1.3536745309829712
2026-08-14T20:30:00Z,1.3536561727523804,1.3536561727523804,1.3533447980880737,1.3535462617874146
2026-08-14T21:00:00Z,1.3535828590393066,1.3535828590393066,1.3535828590393066,1.3535828590393066
2026-08-16T23:00:00Z,1.3543529510498047,1.3545364141464233,1.3543345928192139,1.3544446229934692
2026-08-16T23:30:00Z,1.3544812202453613,1.3547749519348145,1.3543529510498047,1.3546831607818604
2026-08-17T00:00:00Z,1.3548849821090698,1.355399250984192,1.3548849821090698,1.3553440570831299
2026-08-17T00:30:00Z,1.3554543256759644,1.3556381464004517,1.3552889823913574,1.3556381464004517
2026-08-17T01:00:00Z,1.3555645942687988,1.3556565046310425,1.3552706241607666,1.3554543256759644
2026-08-17T01:30:00Z,1.3553624153137207,1.3556565046310425,1.3551421165466309,1.3555830717086792
2026-08-17T02:00:00Z,1.355546236038208,1.3556196689605713,1.3552889823913574,1.3555830717086792
2026-08-17T02:30:00Z,1.3555278778076172,1.3555278778076172,1.3550502061843872,1.3550502061843872
2026-08-17T03:00:00Z,1.3550318479537964,1.3551236391067505,1.354866623878479,1.354976773262024
2026-08-17T03:30:00Z,1.354976773262024,1.355233907699585,1.354719877243042,1.355233907699585
2026-08-17T04:00:00Z,1.3551421165466309,1.3556565046310425,1.3551421165466309,1.3555094003677368
2026-08-17T04:30:00Z,1.3555278778076172,1.3555645942687988,1.3551604747772217,1.3551604747772217
2026-08-17T05:00:00Z,1.355233907699585,1.3555278778076172,1.3550318479537964,1.3554911613464355
2026-08-17T05:30:00Z,1.3555278778076172,1.3558770418167114,1.3553440570831299,1.3554176092147827
2026-08-17T06:00:00Z,1.355546236038208,1.3556748628616333,1.3551236391067505,1.3556381464004517
2026-08-17T06:30:00Z,1.3555278778076172,1.3559874296188354,1.3551971912384033,1.3558770418167114
2026-08-17T07:00:00Z,1.3557851314544678,1.356594443321228,1.3556196689605713,1.356594443321228
2026-08-17T07:30:00Z,1.3566128015518188,1.3571467399597168,1.3562264442443848,1.3562999963760376
2026-08-17T08:00:00Z,1.3562448024749756,1.3571099042892456,1.35609769821167,1.3571099042892456
2026-08-17T08:30:00Z,1.3571099042892456,1.3571099042892456,1.3550318479537964,1.3554359674453735
2026-08-17T09:00:00Z,1.3554176092147827,1.3558402061462402,1.3552522659301758,1.3558402061462402
2026-08-17T09:30:00Z,1.3558586835861206,1.356208086013794,1.355821967124939,1.355913758277893
2026-08-17T10:00:00Z,1.355766773223877,1.35637366771698,1.3556013107299805,1.35637366771698
2026-08-17T10:30:00Z,1.3562631607055664,1.3563368320465088,1.3555830717086792,1.3556748628616333
2026-08-17T11:00:00Z,1.355711579322815,1.3560792207717896,1.3553073406219482,1.3559322357177734
2026-08-17T11:30:00Z,1.3558402061462402,1.3558770418167114,1.3553073406219482,1.3556932210922241
2026-08-17T12:00:00Z,1.3556748628616333,1.356208086013794,1.3555645942687988,1.3556013107299805
2026-08-17T12:30:00Z,1.3556196689605713,1.3561345338821411,1.3553258180618286,1.3561345338821411
2026-08-17T13:00:00Z,1.3562264442443848,1.356594443321228,1.3561160564422607,1.3562264442443848
2026-08-17T13:30:00Z,1.3563183546066284,1.3564472198486328,1.355233907699585,1.356042504310608
2026-08-17T14:00:00Z,1.3560609817504883,1.3569073677062988,1.355968952178955,1.3561345338821411
2026-08-17T14:30:00Z,1.3561160564422607,1.3561160564422607,1.3552155494689941,1.3552706241607666
2026-08-17T15:00:00Z,1.3553440570831299,1.3556932210922241,1.3551236391067505,1.3556748628616333
2026-08-17T15:30:00Z,1.355821967124939,1.3562448024749756,1.3552155494689941,1.3562448024749756
2026-08-17T16:00:00Z,1.3562448024749756,1.3563368320465088,1.3558402061462402,1.3561527729034424
2026-08-17T16:30:00Z,1.3561527729034424,1.3564472198486328,1.3558955192565918,1.3559322357177734
2026-08-17T17:00:00Z,1.355968952178955,1.356024146080017,1.3553073406219482,1.3555094003677368
2026-08-17T17:30:00Z,1.355546236038208,1.355546236038208,1.3545180559158325,1.3545180559158325
2026-08-17T18:00:00Z,1.3544628620147705,1.3545364141464233,1.3539128303527832,1.3540412187576294
2026-08-17T18:30:00Z,1.353931188583374,1.3539495468139648,1.3537296056747437,1.3538211584091187
2026-08-17T19:00:00Z,1.3538211584091187,1.3543345928192139,1.3537296056747437,1.354316234588623
2026-08-17T19:30:00Z,1.3542977571487427,1.3545180559158325,1.3542062044143677,1.3543895483016968
2026-08-17T20:00:00Z,1.3545180559158325,1.3545180559158325,1.3541878461837769,1.3544628620147705
2026-08-17T20:30:00Z,1.3544262647628784,1.3544628620147705,1.3540961742401123,1.3543895483016968
2026-08-17T21:00:00Z,1.3549401760101318,1.3552522659301758,1.3541878461837769,1.3544812202453613
2026-08-17T21:30:00Z,1.3546464443206787,1.3546831607818604,1.3541878461837769,1.3541878461837769
2026-08-17T22:00:00Z,1.3544996976852417,1.3545546531677246,1.354316234588623,1.3545546531677246
2026-08-17T22:30:00Z,1.3545180559158325,1.3545180559158325,1.354316234588623,1.3544079065322876
2026-08-17T23:00:00Z,1.3544262647628784,1.3548115491867065,1.3544262647628784,1.3548115491867065
2026-08-17T23:30:00Z,1.354830026626587,1.3552155494689941,1.3547749519348145,1.3550686836242676
2026-08-18T00:00:00Z,1.3551052808761597,1.3554359674453735,1.3548483848571777,1.3548483848571777
2026-08-18T00:30:00Z,1.3547382354736328,1.3550870418548584,1.3545730113983154,1.3550870418548584
2026-08-18T01:00:00Z,1.3549952507019043,1.3553440570831299,1.354719877243042,1.3549033403396606
2026-08-18T01:30:00Z,1.3549033403396606,1.355233907699585,1.3546464443206787,1.3546648025512695
2026-08-18T02:00:00Z,1.3546464443206787,1.3546831607818604,1.354224443435669,1.3542795181274414
2026-08-18T02:30:00Z,1.3540412187576294,1.3546648025512695,1.3540412187576294,1.3546648025512695
2026-08-18T03:00:00Z,1.3545730113983154,1.3545730113983154,1.3537662029266357,1.3538578748703003
2026-08-18T03:30:00Z,1.3538211584091187,1.3538578748703003,1.3534730672836304,1.3535646200180054
2026-08-18T04:00:00Z,1.3536561727523804,1.3538029193878174,1.353143334388733,1.353692889213562
2026-08-18T04:30:00Z,1.3536561727523804,1.3538578748703003,1.3534547090530396,1.3535646200180054
2026-08-18T05:00:00Z,1.3535280227661133,1.3538578748703003,1.3533997535705566,1.3538211584091187
2026-08-18T05:30:00Z,1.3538762331008911,1.353931188583374,1.3536012172698975,1.3536561727523804
2026-08-18T06:00:00Z,1.353692889213562,1.353692889213562,1.3523198366165161,1.3533265590667725
2026-08-18T06:30:00Z,1.3531250953674316,1.3532531261444092,1.3523015975952148,1.3527040481567383
2026-08-18T07:00:00Z,1.3527954816818237,1.3528504371643066,1.3520822525024414,1.3525760173797607
2026-08-18T07:30:00Z,1.352685809135437,1.353051781654358,1.3524478673934937,1.3529419898986816
2026-08-18T08:00:00Z,1.3527590036392212,1.3528321981430054,1.3524296283721924,1.3528321981430054
2026-08-18T08:30:00Z,1.352868676185608,1.353417992591858,1.3527772426605225,1.3532898426055908
2026-08-18T09:00:00Z,1.3531616926193237,1.353271484375,1.3527590036392212,1.353234887123108
2026-08-18T09:30:00Z,1.3533265590667725,1.3533813953399658,1.3528138399124146,1.353234887123108
2026-08-18T10:00:00Z,1.3531982898712158,1.3531982898712158,1.35255765914917,1.3529237508773804
2026-08-18T10:30:00Z,1.3529237508773804,1.3530701398849487,1.3524844646453857,1.3527406454086304
2026-08-18T11:00:00Z,1.352630853652954,1.3527772426605225,1.3521004915237427,1.3521004915237427
2026-08-18T11:30:00Z,1.3522467613220215,1.3527772426605225,1.3521919250488281,1.3527772426605225
2026-08-18T12:00:00Z,1.3527222871780396,1.3532166481018066,1.352539300918579,1.3527222871780396
2026-08-18T12:30:00Z,1.3527954816818237,1.3533997535705566,1.3524844646453857,1.3532166481018066
2026-08-18T13:00:00Z,1.353363037109375,1.3538029193878174,1.353363037109375,1.353417992591858
2026-08-18T13:30:00Z,1.353234887123108,1.3543713092803955,1.353234887123108,1.354132890701294
2026-08-18T14:00:00Z,1.3542428016662598,1.3549033403396606,1.354132890701294,1.3543345928192139
2026-08-18T14:30:00Z,1.3543345928192139,1.3550870418548584,1.3540594577789307,1.3543345928192139
2026-08-18T15:00:00Z,1.3542977571487427,1.3548115491867065,1.3537662029266357,1.3540045022964478
2026-08-18T15:30:00Z,1.3538211584091187,1.3543345928192139,1.353692889213562,1.354316234588623
2026-08-18T16:00:00Z,1.3544628620147705,1.3547013998031616,1.3542062044143677,1.3542611598968506
2026-08-18T16:30:00Z,1.3543529510498047,1.3544996976852417,1.3541145324707031,1.3541145324707031
2026-08-18T17:00:00Z,1.3541145324707031,1.3541145324707031,1.3534730672836304,1.3536195755004883
2026-08-18T17:30:00Z,1.353363037109375,1.3536195755004883,1.353234887123108,1.3535280227661133
2026-08-18T18:00:00Z,1.3534363508224487,1.3538395166397095,1.3533265590667725,1.3537662029266357
2026-08-18T18:30:00Z,1.3537112474441528,1.3537112474441528,1.3532898426055908,1.3534547090530396
2026-08-18T19:00:00Z,1.3534363508224487,1.353692889213562,1.3533082008361816,1.3535828590393066
2026-08-18T19:30:00Z,1.353637933731079,1.353986144065857,1.353234887123108,1.3532898426055908
2026-08-18T20:00:00Z,1.3532166481018066,1.3532166481018066,1.3529237508773804,1.3530151844024658
2026-08-18T20:30:00Z,1.353051781654358,1.3532898426055908,1.353033423423767,1.3532898426055908
2026-08-18T21:00:00Z,1.3538029193878174,1.3538395166397095,1.3530701398849487,1.3535828590393066
2026-08-18T21:30:00Z,1.353417992591858,1.3537112474441528,1.353033423423767,1.3535646200180054
2026-08-18T22:00:00Z,1.353179931640625,1.3534547090530396,1.3531067371368408,1.3531067371368408
2026-08-18T22:30:00Z,1.3531616926193237,1.3534730672836304,1.3530701398849487,1.3534363508224487
2026-08-18T23:00:00Z,1.3534730672836304,1.3536561727523804,1.3533265590667725,1.3533265590667725
2026-08-18T23:30:00Z,1.3533997535705566,1.353637933731079,1.353234887123108,1.353637933731079
2026-08-19T00:00:00Z,1.353637933731079,1.354169487953186,1.353637933731079,1.3538578748703003
2026-08-19T00:30:00Z,1.3538578748703003,1.3538578748703003,1.3529419898986816,1.3530151844024658
2026-08-19T01:00:00Z,1.352960228919983,1.353051781654358,1.3523930311203003,1.3528138399124146
2026-08-19T01:30:00Z,1.352960228919983,1.3531067371368408,1.3527406454086304,1.353051781654358
2026-08-19T02:00:00Z,1.3531250953674316,1.3540045022964478,1.3530884981155396,1.353692889213562
2026-08-19T02:30:00Z,1.3538029193878174,1.354316234588623,1.3536195755004883,1.3540228605270386
2026-08-19T03:00:00Z,1.3540228605270386,1.3541511297225952,1.3538211584091187,1.3540778160095215
2026-08-19T03:30:00Z,1.354132890701294,1.3541511297225952,1.3537662029266357,1.3537662029266357
2026-08-19T04:00:00Z,1.3538395166397095,1.3540412187576294,1.3537296056747437,1.3539128303527832
2026-08-19T04:30:00Z,1.3539679050445557,1.3542428016662598,1.3537112474441528,1.3542062044143677
2026-08-19T05:00:00Z,1.3542977571487427,1.3543345928192139,1.3540045022964478,1.354224443435669
2026-08-19T05:30:00Z,1.354224443435669,1.3545180559158325,1.354169487953186,1.3544262647628784
2026-08-19T06:00:00Z,1.3543529510498047,1.3556932210922241,1.3543529510498047,1.3554176092147827
2026-08-19T06:30:00Z,1.3554359674453735,1.3554359674453735,1.3550502061843872,1.3551421165466309
2026-08-19T07:00:00Z,1.3552155494689941,1.3555830717086792,1.354609727859497,1.3550318479537964
2026-08-19T07:30:00Z,1.3550502061843872,1.3556565046310425,1.3550502061843872,1.3556565046310425
2026-08-19T08:00:00Z,1.3555645942687988,1.3565576076507568,1.3555645942687988,1.3556565046310425
2026-08-19T08:30:00Z,1.3556013107299805,1.3562816381454468,1.3553440570831299,1.3553624153137207
2026-08-19T09:00:00Z,1.3551788330078125,1.355766773223877,1.3550686836242676,1.355546236038208
2026-08-19T09:30:00Z,1.3555645942687988,1.3559322357177734,1.3552706241607666,1.3558586835861206
2026-08-19T10:00:00Z,1.3558034896850586,1.3563368320465088,1.3556565046310425,1.3563368320465088
2026-08-19T10:30:00Z,1.3564103841781616,1.3564839363098145,1.3556196689605713,1.3556748628616333
2026-08-19T11:00:00Z,1.3558586835861206,1.356042504310608,1.3552706241607666,1.3554359674453735
2026-08-19T11:30:00Z,1.3555278778076172,1.355546236038208,1.354866623878479,1.3553624153137207
2026-08-19T12:00:00Z,1.3554543256759644,1.3563920259475708,1.3553440570831299,1.3561160564422607
2026-08-19T12:30:00Z,1.3561160564422607,1.3602110147476196,1.3561160564422607,1.359619379043579
2026-08-19T13:00:00Z,1.360063076019287,1.362230896949768,1.3599891662597656,1.362230896949768
2026-08-19T13:30:00Z,1.3621937036514282,1.362342119216919,1.3610997200012207,1.3618227243423462
2026-08-19T14:00:00Z,1.3618412017822266,1.362323522567749,1.3614147901535034,1.362323522567749
2026-08-19T14:30:00Z,1.3623050451278687,1.3629363775253296,1.3608219623565674,1.360877513885498
2026-08-19T15:00:00Z,1.3610256910324097,1.3613591194152832,1.360377550125122,1.3607479333877563
2026-08-19T15:30:00Z,1.360951542854309,1.3611738681793213,1.3602850437164307,1.3606739044189453
2026-08-19T16:00:00Z,1.3607664108276367,1.3611923456192017,1.360544204711914,1.3608589172363281
2026-08-19T16:30:00Z,1.3608219623565674,1.3615260124206543,1.3608219623565674,1.36106276512146
2026-08-19T17:00:00Z,1.3612664937973022,1.3616372346878052,1.3596748113632202,1.3598597049713135
2026-08-19T17:30:00Z,1.359841227531433,1.3599151372909546,1.3591018915176392,1.3591573238372803
2026-08-19T18:00:00Z,1.359342098236084,1.360377550125122,1.3590834140777588,1.3592311143875122
2026-08-19T18:30:00Z,1.3592866659164429,1.360951542854309,1.3592866659164429,1.3607664108276367
2026-08-19T19:00:00Z,1.3609329462051392,1.3611923456192017,1.3604146242141724,1.361136794090271
2026-08-19T19:30:00Z,1.3610256910324097,1.3611738681793213,1.360451579093933,1.3608219623565674
2026-08-19T20:00:00Z,1.3607293367385864,1.3610072135925293,1.3602850437164307,1.3602850437164307
2026-08-19T20:30:00Z,1.3603407144546509,1.3608219623565674,1.360322117805481,1.3605812788009644
2026-08-19T21:00:00Z,1.360784888267517,1.3610997200012207,1.3604886531829834,1.3608589172363281
2026-08-19T21:30:00Z,1.3609886169433594,1.3610256910324097,1.3603591918945312,1.3608033657073975
2026-08-19T22:00:00Z,1.3608219623565674,1.3610256910324097,1.360618233680725,1.360784888267517
2026-08-19T22:30:00Z,1.3608589172363281,1.3608589172363281,1.360470175743103,1.3605256080627441
2026-08-19T23:00:00Z,1.3602666854858398,1.360710859298706,1.3602296113967896,1.3602666854858398
2026-08-19T23:30:00Z,1.3602850437164307,1.3602850437164307,1.3599151372909546,1.3600815534591675
2026-08-20T00:00:00Z,1.3602850437164307,1.3607293367385864,1.3600261211395264,1.3601555824279785
2026-08-20T00:30:00Z,1.3603036403656006,1.3605072498321533,1.359841227531433,1.3600261211395264
2026-08-20T01:00:00Z,1.360007643699646,1.3606553077697754,1.359489917755127,1.3606367111206055
2026-08-20T01:30:00Z,1.3606922626495361,1.3608219623565674,1.3603591918945312,1.3608219623565674
2026-08-20T02:00:00Z,1.3607479333877563,1.3614332675933838,1.3603407144546509,1.360544204711914
2026-08-20T02:30:00Z,1.3605812788009644,1.3607664108276367,1.360377550125122,1.360544204711914
2026-08-20T03:00:00Z,1.3606553077697754,1.3613406419754028,1.3605997562408447,1.3611183166503906
2026-08-20T03:30:00Z,1.3612850904464722,1.3614704608917236,1.3610256910324097,1.3614332675933838
2026-08-20T04:00:00Z,1.3613591194152832,1.3616372346878052,1.3612295389175415,1.3613035678863525
2026-08-20T04:30:00Z,1.3612295389175415,1.361396312713623,1.3607479333877563,1.3607664108276367
2026-08-20T05:00:00Z,1.3608405590057373,1.3610072135925293,1.3605072498321533,1.3605072498321533
2026-08-20T05:30:00Z,1.3606739044189453,1.360710859298706,1.360063076019287,1.3605256080627441
2026-08-20T06:00:00Z,1.360544204711914,1.3612850904464722,1.360377550125122,1.3607664108276367
2026-08-20T06:30:00Z,1.360784888267517,1.3617855310440063,1.360710859298706,1.3617855310440063
2026-08-20T07:00:00Z,1.3614332675933838,1.3614704608917236,1.360951542854309,1.3612664937973022
2026-08-20T07:30:00Z,1.3615630865097046,1.3631035089492798,1.3615630865097046,1.3625277280807495
2026-08-20T08:00:00Z,1.362453579902649,1.3636425733566284,1.362453579902649,1.3633822202682495
2026-08-20T08:30:00Z,1.3630106449127197,1.363754153251648,1.3630106449127197,1.3636053800582886
2026-08-20T09:00:00Z,1.3636425733566284,1.364517092704773,1.3632893562316895,1.3644241094589233
2026-08-20T09:30:00Z,1.364386796951294,1.36481511592865,1.3639960289001465,1.36481511592865
2026-08-20T10:00:00Z,1.3644241094589233,1.3659149408340454,1.3644241094589233,1.3656538724899292
2026-08-20T10:30:00Z,1.3655606508255005,1.3657097816467285,1.364126205444336,1.364498496055603
2026-08-20T11:00:00Z,1.364386796951294,1.364386796951294,1.3633079528808594,1.3635681867599487
2026-08-20T11:30:00Z,1.3636797666549683,1.3642005920410156,1.36306631565094,1.3632335662841797
2026-08-20T12:00:00Z,1.3632521629333496,1.3640518188476562,1.3623050451278687,1.3636053800582886
2026-08-20T12:30:00Z,1.3635867834091187,1.3645356893539429,1.3626576662063599,1.3642750978469849
2026-08-20T13:00:00Z,1.3647218942642212,1.3652063608169556,1.363977313041687,1.364237904548645
2026-08-20T13:30:00Z,1.3642750978469849,1.3642750978469849,1.3634194135665894,1.3634381294250488
2026-08-20T14:00:00Z,1.3636797666549683,1.3639029264450073,1.3628991842269897,1.363512396812439
2026-08-20T14:30:00Z,1.3635309934616089,1.3636611700057983,1.3630849123001099,1.3632335662841797
2026-08-20T15:00:00Z,1.3633265495300293,1.3647406101226807,1.3630292415618896,1.364237904548645
2026-08-20T15:30:00Z,1.3643310070037842,1.3643310070037842,1.3629363775253296,1.363735556602478
2026-08-20T16:00:00Z,1.3636053800582886,1.3636611700057983,1.3628062009811401,1.3628062009811401
2026-08-20T16:30:00Z,1.3627134561538696,1.3633822202682495,1.3625091314315796,1.3630849123001099
2026-08-20T17:00:00Z,1.3631221055984497,1.36314058303833,1.3625091314315796,1.36273193359375
2026-08-20T17:30:00Z,1.3625277280807495,1.3628062009811401,1.362416386604309,1.3628062009811401
2026-08-20T18:00:00Z,1.36282479763031,1.36282479763031,1.362119436264038,1.3623793125152588
2026-08-20T18:30:00Z,1.362434983253479,1.36282479763031,1.3623607158660889,1.3628062009811401
2026-08-20T19:00:00Z,1.36273193359375,1.3630292415618896,1.3626576662063599,1.3628805875778198
2026-08-20T19:30:00Z,1.3630106449127197,1.3631035089492798,1.3628062009811401,1.36286199092865
2026-08-20T20:00:00Z,1.3630106449127197,1.3630849123001099,1.36282479763031,1.3629549741744995
2026-08-20T20:30:00Z,1.3629734516143799,1.3633265495300293,1.3629177808761597,1.3630849123001099
2026-08-20T21:00:00Z,1.3631035089492798,1.3633451461791992,1.3626762628555298,1.36304771900177
2026-08-20T21:30:00Z,1.3631964921951294,1.3633637428283691,1.3629734516143799,1.3631035089492798
2026-08-20T22:00:00Z,1.3632335662841797,1.3636983633041382,1.3632335662841797,1.3635495901107788
2026-08-20T22:30:00Z,1.3635309934616089,1.363735556602478,1.3634194135665894,1.3636053800582886
2026-08-20T23:00:00Z,1.363716959953308,1.3641633987426758,1.363716959953308,1.364126205444336
2026-08-20T23:30:00Z,1.3641633987426758,1.364386796951294,1.3638099431991577,1.3643310070037842
2026-08-21T00:00:00Z,1.3643680810928345,1.3647218942642212,1.3639402389526367,1.3642191886901855
2026-08-21T00:30:00Z,1.3642005920410156,1.3643680810928345,1.3638285398483276,1.3638285398483276
2026-08-21T01:00:00Z,1.3639215230941772,1.3646661043167114,1.363735556602478,1.3646661043167114
2026-08-21T01:30:00Z,1.3647032976150513,1.3650014400482178,1.3643310070037842,1.364517092704773
2026-08-21T02:00:00Z,1.3645730018615723,1.3650572299957275,1.3641448020935059,1.3648709058761597
2026-08-21T02:30:00Z,1.365094542503357,1.365541934967041,1.364908218383789,1.364908218383789
2026-08-21T03:00:00Z,1.3648709058761597,1.3651504516601562,1.3646661043167114,1.3646661043167114
2026-08-21T03:30:00Z,1.364628791809082,1.3646661043167114,1.364386796951294,1.3645915985107422
2026-08-21T04:00:00Z,1.364517092704773,1.3646475076675415,1.3642191886901855,1.3642191886901855
2026-08-21T04:30:00Z,1.3642750978469849,1.3644053936004639,1.363977313041687,1.364386796951294
2026-08-21T05:00:00Z,1.364237904548645,1.3644053936004639,1.3642005920410156,1.364256501197815
2026-08-21T05:30:00Z,1.3642191886901855,1.3652995824813843,1.3641448020935059,1.3652622699737549
2026-08-21T06:00:00Z,1.3650386333465576,1.3650386333465576,1.3642191886901855,1.364517092704773
2026-08-21T06:30:00Z,1.364517092704773,1.3650572299957275,1.3644611835479736,1.3650014400482178
2026-08-21T07:00:00Z,1.365075945854187,1.3652622699737549,1.3644611835479736,1.3650014400482178
2026-08-21T07:30:00Z,1.3650572299957275,1.3653181791305542,1.3639215230941772,1.3641633987426758
2026-08-21T08:00:00Z,1.3642750978469849,1.3647592067718506,1.3635867834091187,1.3646661043167114
2026-08-21T08:30:00Z,1.3648523092269897,1.3665496110916138,1.3648337125778198,1.3665496110916138
2026-08-21T09:00:00Z,1.3663815259933472,1.3675401210784912,1.3660082817077637,1.3661761283874512
2026-08-21T09:30:00Z,1.366045594215393,1.3663629293441772,1.365541934967041,1.365541934967041
2026-08-21T10:00:00Z,1.365392804145813,1.3666056394577026,1.365392804145813,1.366437554359436
2026-08-21T10:30:00Z,1.3663629293441772,1.3664562702178955,1.3647032976150513,1.3649827241897583
2026-08-21T11:00:00Z,1.364926815032959,1.3663254976272583,1.3647964000701904,1.3663254976272583
2026-08-21T11:30:00Z,1.3659895658493042,1.366045594215393,1.3651691675186157,1.3657656908035278
2026-08-21T12:00:00Z,1.3658403158187866,1.3660082817077637,1.3653367757797241,1.3653740882873535
2026-08-21T12:30:00Z,1.3650572299957275,1.3650572299957275,1.3636425733566284,1.364386796951294
2026-08-21T13:00:00Z,1.364610195159912,1.364610195159912,1.363512396812439,1.3636983633041382
2026-08-21T13:30:00Z,1.3636797666549683,1.364628791809082,1.363512396812439,1.364498496055603
2026-08-21T14:00:00Z,1.3641448020935059,1.3644053936004639,1.363493800163269,1.363512396812439
2026-08-21T14:30:00Z,1.3631778955459595,1.3631778955459595,1.3619153499603271,1.362453579902649
2026-08-21T15:00:00Z,1.3625277280807495,1.36314058303833,1.3623607158660889,1.36304771900177
2026-08-21T15:30:00Z,1.3631592988967896,1.364237904548645,1.3631592988967896,1.364237904548645
2026-08-21T16:00:00Z,1.3643122911453247,1.3644241094589233,1.363716959953308,1.3641821146011353
2026-08-21T16:30:00Z,1.3642750978469849,1.3644611835479736,1.364089012145996,1.3642750978469849
2026-08-21T17:00:00Z,1.3641821146011353,1.3646475076675415,1.3640331029891968,1.3646475076675415
2026-08-21T17:30:00Z,1.3644241094589233,1.364945411682129,1.3644241094589233,1.3648896217346191
2026-08-21T18:00:00Z,1.3649827241897583,1.3654487133026123,1.3649641275405884,1.3652063608169556
2026-08-21T18:30:00Z,1.365094542503357,1.3652808666229248,1.364945411682129,1.3652063608169556
2026-08-21T19:00:00Z,1.3652622699737549,1.3652622699737549,1.3647592067718506,1.3648523092269897
2026-08-21T19:30:00Z,1.3648337125778198,1.365075945854187,1.3646475076675415,1.3647592067718506
2026-08-21T20:00:00Z,1.3646661043167114,1.364908218383789,1.3645356893539429,1.3645356893539429
2026-08-21T20:30:00Z,1.3645730018615723,1.364628791809082,1.3642005920410156,1.364628791809082
2026-08-21T21:00:00Z,1.3647964000701904,1.3647964000701904,1.3647964000701904,1.3647964000701904
2026-08-23T23:00:00Z,1.364349603652954,1.3646475076675415,1.364349603652954,1.364610195159912
2026-08-23T23:30:00Z,1.364628791809082,1.3654487133026123,1.3645915985107422,1.3654487133026123
2026-08-24T00:00:00Z,1.3654673099517822,1.3656351566314697,1.365187644958496,1.365187644958496
2026-08-24T00:30:00Z,1.3651691675186157,1.365541934967041,1.3650014400482178,1.365541934967041
2026-08-24T01:00:00Z,1.3655791282653809,1.3655791282653809,1.3644053936004639,1.3644053936004639
2026-08-24T01:30:00Z,1.3642936944961548,1.3648709058761597,1.364256501197815,1.3648709058761597
2026-08-24T02:00:00Z,1.3648337125778198,1.3652249574661255,1.3647218942642212,1.3650572299957275
2026-08-24T02:30:00Z,1.3650014400482178,1.3650572299957275,1.3646661043167114,1.3650014400482178
2026-08-24T03:00:00Z,1.3650572299957275,1.3650572299957275,1.3646661043167114,1.36481511592865
2026-08-24T03:30:00Z,1.36481511592865,1.3648709058761597,1.3644241094589233,1.3645915985107422
2026-08-24T04:00:00Z,1.3645730018615723,1.3647406101226807,1.364256501197815,1.3647406101226807
2026-08-24T04:30:00Z,1.3646661043167114,1.3647406101226807,1.3645356893539429,1.3647406101226807
2026-08-24T05:00:00Z,1.3647406101226807,1.3647406101226807,1.3643680810928345,1.364386796951294
2026-08-24T05:30:00Z,1.364386796951294,1.3644425868988037,1.3640146255493164,1.3644425868988037
2026-08-24T06:00:00Z,1.364517092704773,1.364517092704773,1.3640146255493164,1.3640331029891968
2026-08-24T06:30:00Z,1.3641074895858765,1.3646661043167114,1.3639215230941772,1.3644053936004639
2026-08-24T07:00:00Z,1.3647592067718506,1.364926815032959,1.3642191886901855,1.364498496055603
2026-08-24T07:30:00Z,1.3644611835479736,1.3648896217346191,1.3633451461791992,1.363493800163269
2026-08-24T08:00:00Z,1.3633637428283691,1.3637727499008179,1.3626948595046997,1.36273193359375
2026-08-24T08:30:00Z,1.3628062009811401,1.3633822202682495,1.362416386604309,1.362416386604309
2026-08-24T09:00:00Z,1.3623793125152588,1.3629734516143799,1.3623793125152588,1.3629734516143799
2026-08-24T09:30:00Z,1.3631592988967896,1.3634381294250488,1.3627134561538696,1.3633637428283691
2026-08-24T10:00:00Z,1.3634566068649292,1.3635867834091187,1.36314058303833,1.3634194135665894
2026-08-24T10:30:00Z,1.3633265495300293,1.3633265495300293,1.3626205921173096,1.3626205921173096
2026-08-24T11:00:00Z,1.3626948595046997,1.36314058303833,1.3624906539916992,1.3631035089492798
2026-08-24T11:30:00Z,1.3631221055984497,1.3641074895858765,1.3630849123001099,1.3638843297958374
2026-08-24T12:00:00Z,1.3638471364974976,1.364479899406433,1.3633265495300293,1.364479899406433
2026-08-24T12:30:00Z,1.364479899406433,1.3645730018615723,1.3638657331466675,1.364256501197815
2026-08-24T13:00:00Z,1.364479899406433,1.3649827241897583,1.3644053936004639,1.3644425868988037
2026-08-24T13:30:00Z,1.3644241094589233,1.3647032976150513,1.3639029264450073,1.3640518188476562
2026-08-24T14:00:00Z,1.3640331029891968,1.3643122911453247,1.363716959953308,1.3642191886901855
2026-08-24T14:30:00Z,1.364237904548645,1.364256501197815,1.3634566068649292,1.3635309934616089
2026-08-24T15:00:00Z,1.3634752035140991,1.3644053936004639,1.3634194135665894,1.3644053936004639
2026-08-24T15:30:00Z,1.3642750978469849,1.3642750978469849,1.3629734516143799,1.3629920482635498
2026-08-24T16:00:00Z,1.3630106449127197,1.3636425733566284,1.3630106449127197,1.3634566068649292
2026-08-24T16:30:00Z,1.3635867834091187,1.363754153251648,1.36304771900177,1.363493800163269
2026-08-24T17:00:00Z,1.3635495901107788,1.3635681867599487,1.36273193359375,1.3628991842269897
2026-08-24T17:30:00Z,1.3629177808761597,1.3631221055984497,1.3625648021697998,1.3629177808761597
2026-08-24T18:00:00Z,1.36284339427948,1.363512396812439,1.3625648021697998,1.3634008169174194
2026-08-24T18:30:00Z,1.363493800163269,1.363493800163269,1.3628991842269897,1.3631964921951294
2026-08-24T19:00:00Z,1.3630849123001099,1.3631221055984497,1.3626576662063599,1.3626576662063599
2026-08-24T19:30:00Z,1.3625833988189697,1.3630849123001099,1.3625833988189697,1.3628062009811401
2026-08-24T20:00:00Z,1.36282479763031,1.3631592988967896,1.36282479763031,1.3630849123001099
2026-08-24T20:30:00Z,1.36306631565094,1.3631592988967896,1.3629920482635498,1.36314058303833
2026-08-24T21:00:00Z,1.3639402389526367,1.363958716392517,1.3630106449127197,1.3633637428283691
2026-08-24T21:30:00Z,1.3633822202682495,1.3638099431991577,1.3631221055984497,1.3634381294250488
2026-08-24T22:00:00Z,1.3633265495300293,1.3633822202682495,1.3632707595825195,1.3632707595825195
2026-08-24T22:30:00Z,1.3633265495300293,1.363493800163269,1.3633079528808594,1.3634194135665894
2026-08-24T23:00:00Z,1.3635681867599487,1.3636053800582886,1.3634194135665894,1.363512396812439
2026-08-24T23:30:00Z,1.363512396812439,1.3638657331466675,1.3633822202682495,1.3637913465499878
2026-08-25T00:00:00Z,1.3639029264450073,1.3640704154968262,1.3637727499008179,1.3639215230941772
2026-08-25T00:30:00Z,1.3638657331466675,1.3640518188476562,1.3636983633041382,1.363977313041687
2026-08-25T01:00:00Z,1.3638285398483276,1.363958716392517,1.3634194135665894,1.3636611700057983
2026-08-25T01:30:00Z,1.363716959953308,1.3638099431991577,1.3632149696350098,1.3632707595825195
2026-08-25T02:00:00Z,1.3632149696350098,1.3635867834091187,1.3631035089492798,1.3635681867599487
2026-08-25T02:30:00Z,1.3634752035140991,1.3636425733566284,1.3631035089492798,1.3631221055984497
2026-08-25T03:00:00Z,1.3632335662841797,1.3633451461791992,1.3630106449127197,1.3630106449127197
2026-08-25T03:30:00Z,1.3629363775253296,1.3631221055984497,1.36286199092865,1.3629363775253296
2026-08-25T04:00:00Z,1.3629177808761597,1.3629177808761597,1.362453579902649,1.3625463247299194
2026-08-25T04:30:00Z,1.3625833988189697,1.3627877235412598,1.3625463247299194,1.3627134561538696
2026-08-25T05:00:00Z,1.3626205921173096,1.3629363775253296,1.3626019954681396,1.3627691268920898
2026-08-25T05:30:00Z,1.36284339427948,1.36284339427948,1.3622864484786987,1.362323522567749
2026-08-25T06:00:00Z,1.3623793125152588,1.36275053024292,1.3623050451278687,1.36275053024292
2026-08-25T06:30:00Z,1.3626948595046997,1.36284339427948,1.362434983253479,1.36282479763031
2026-08-25T07:00:00Z,1.3629363775253296,1.3644611835479736,1.3629363775253296,1.3638657331466675
2026-08-25T07:30:00Z,1.3638099431991577,1.3640331029891968,1.363716959953308,1.3638843297958374
2026-08-25T08:00:00Z,1.3638657331466675,1.363958716392517,1.3630106449127197,1.3635681867599487
2026-08-25T08:30:00Z,1.3633451461791992,1.364237904548645,1.3633451461791992,1.3641633987426758
2026-08-25T09:00:00Z,1.364349603652954,1.364945411682129,1.3641821146011353,1.3641821146011353
2026-08-25T09:30:00Z,1.364256501197815,1.3648709058761597,1.3641821146011353,1.3644053936004639
2026-08-25T10:00:00Z,1.3643122911453247,1.3643122911453247,1.363493800163269,1.363493800163269
2026-08-25T10:30:00Z,1.3635309934616089,1.363977313041687,1.3632149696350098,1.3634194135665894
2026-08-25T11:00:00Z,1.3633637428283691,1.3633822202682495,1.3628805875778198,1.3629363775253296
2026-08-25T11:30:00Z,1.3629363775253296,1.363716959953308,1.3628805875778198,1.3632521629333496
2026-08-25T12:00:00Z,1.3633079528808594,1.3636797666549683,1.3631778955459595,1.3634008169174194
2026-08-25T12:30:00Z,1.3633822202682495,1.3636425733566284,1.36273193359375,1.3636425733566284
2026-08-25T13:00:00Z,1.3636053800582886,1.3651691675186157,1.3635309934616089,1.3644053936004639
2026-08-25T13:30:00Z,1.3644053936004639,1.364628791809082,1.363958716392517,1.364237904548645
2026-08-25T14:00:00Z,1.3642005920410156,1.3643310070037842,1.3630106449127197,1.3635309934616089
2026-08-25T14:30:00Z,1.3631592988967896,1.3643310070037842,1.36314058303833,1.3634381294250488
2026-08-25T15:00:00Z,1.3634381294250488,1.3636425733566284,1.3631221055984497,1.3636425733566284
2026-08-25T15:30:00Z,1.3635309934616089,1.3639402389526367,1.3632149696350098,1.3639215230941772
2026-08-25T16:00:00Z,1.3640704154968262,1.3641074895858765,1.3632893562316895,1.3636239767074585
2026-08-25T16:30:00Z,1.3638285398483276,1.3639402389526367,1.3633079528808594,1.3634194135665894
2026-08-25T17:00:00Z,1.3634381294250488,1.363958716392517,1.3634381294250488,1.3639029264450073
2026-08-25T17:30:00Z,1.3638099431991577,1.364479899406433,1.3638099431991577,1.3644241094589233
2026-08-25T18:00:00Z,1.3644611835479736,1.3647032976150513,1.3642936944961548,1.3645356893539429
2026-08-25T18:30:00Z,1.364517092704773,1.3645915985107422,1.3643310070037842,1.3645356893539429
2026-08-25T19:00:00Z,1.3646475076675415,1.3652249574661255,1.364479899406433,1.3647964000701904
2026-08-25T19:30:00Z,1.3647406101226807,1.365392804145813,1.3644425868988037,1.3653181791305542
2026-08-25T20:00:00Z,1.3653367757797241,1.3655232191085815,1.3650572299957275,1.3652622699737549
2026-08-25T20:30:00Z,1.3653367757797241,1.3653367757797241,1.3647964000701904,1.3647964000701904
2026-08-25T21:00:00Z,1.3639402389526367,1.3652249574661255,1.363493800163269,1.3650572299957275
2026-08-25T21:30:00Z,1.3648709058761597,1.3651691675186157,1.364498496055603,1.3646847009658813
2026-08-25T22:00:00Z,1.364628791809082,1.3650014400482178,1.364628791809082,1.364945411682129
2026-08-25T22:30:00Z,1.364945411682129,1.3650572299957275,1.3648523092269897,1.3650014400482178
2026-08-25T23:00:00Z,1.3650199174880981,1.3650199174880981,1.3647592067718506,1.3647592067718506
2026-08-25T23:30:00Z,1.3647406101226807,1.3647964000701904,1.364517092704773,1.3647032976150513
2026-08-26T00:00:00Z,1.364610195159912,1.364908218383789,1.364498496055603,1.3646847009658813
2026-08-26T00:30:00Z,1.3647218942642212,1.3648896217346191,1.364517092704773,1.364628791809082
2026-08-26T01:00:00Z,1.3646661043167114,1.3647406101226807,1.3644611835479736,1.3645356893539429
2026-08-26T01:30:00Z,1.364628791809082,1.3647964000701904,1.3644611835479736,1.364498496055603
2026-08-26T02:00:00Z,1.364479899406433,1.3647032976150513,1.3642191886901855,1.3642191886901855
2026-08-26T02:30:00Z,1.3642936944961548,1.3644611835479736,1.3640146255493164,1.3641074895858765
2026-08-26T03:00:00Z,1.3640146255493164,1.3641448020935059,1.3639029264450073,1.363958716392517
2026-08-26T03:30:00Z,1.3638657331466675,1.3639402389526367,1.3636611700057983,1.363735556602478
2026-08-26T04:00:00Z,1.3637727499008179,1.3637727499008179,1.3634194135665894,1.3636611700057983
2026-08-26T04:30:00Z,1.3636425733566284,1.3637727499008179,1.3632335662841797,1.3633637428283691
2026-08-26T05:00:00Z,1.3633451461791992,1.3634566068649292,1.36314058303833,1.3633079528808594
2026-08-26T05:30:00Z,1.3633451461791992,1.363716959953308,1.3633451461791992,1.3635495901107788
2026-08-26T06:00:00Z,1.3635309934616089,1.3635309934616089,1.3630106449127197,1.36314058303833
2026-08-26T06:30:00Z,1.3629363775253296,1.3633451461791992,1.3625648021697998,1.3633451461791992
2026-08-26T07:00:00Z,1.3633451461791992,1.364089012145996,1.3633451461791992,1.3636425733566284
2026-08-26T07:30:00Z,1.3635495901107788,1.3638099431991577,1.3631035089492798,1.3631778955459595
2026-08-26T08:00:00Z,1.3630849123001099,1.363716959953308,1.3630849123001099,1.363493800163269
2026-08-26T08:30:00Z,1.3634566068649292,1.3634566068649292,1.3626948595046997,1.36282479763031
2026-08-26T09:00:00Z,1.3629363775253296,1.3629363775253296,1.3623977899551392,1.3626019954681396
2026-08-26T09:30:00Z,1.3625833988189697,1.3630106449127197,1.3625833988189697,1.3628062009811401
2026-08-26T10:00:00Z,1.3626762628555298,1.3626762628555298,1.3618227243423462,1.3618227243423462
2026-08-26T10:30:00Z,1.3618782758712769,1.3622864484786987,1.3618782758712769,1.3620452880859375
2026-08-26T11:00:00Z,1.362119436264038,1.3625648021697998,1.362119436264038,1.3625648021697998
2026-08-26T11:30:00Z,1.362453579902649,1.36304771900177,1.362453579902649,1.3630106449127197
2026-08-26T12:00:00Z,1.3629920482635498,1.363512396812439,1.36284339427948,1.3628805875778198
2026-08-26T12:30:00Z,1.3635867834091187,1.3635867834091187,1.360951542854309,1.36104416847229
2026-08-26T13:00:00Z,1.3606922626495361,1.360877513885498,1.3604332208633423,1.3607293367385864
2026-08-26T13:30:00Z,1.3607479333877563,1.3607479333877563,1.3602666854858398,1.360322117805481
2026-08-26T14:00:00Z,1.3602666854858398,1.3602666854858398,1.3585665225982666,1.3588802814483643
2026-08-26T14:30:00Z,1.3586586713790894,1.3595823049545288,1.3585665225982666,1.3589726686477661
2026-08-26T15:00:00Z,1.3588248491287231,1.3595454692840576,1.3587509393692017,1.3590649366378784
2026-08-26T15:30:00Z,1.3591573238372803,1.359841227531433,1.3590649366378784,1.3594344854354858
2026-08-26T16:00:00Z,1.3594529628753662,1.3596748113632202,1.3592681884765625,1.3595638275146484
2026-08-26T16:30:00Z,1.359489917755127,1.359489917755127,1.358917236328125,1.3591758012771606
2026-08-26T17:00:00Z,1.3591203689575195,1.3594714403152466,1.358991026878357,1.3594344854354858
2026-08-26T17:30:00Z,1.3594344854354858,1.359619379043579,1.3592866659164429,1.3594160079956055
2026-08-26T18:00:00Z,1.3594529628753662,1.35963773727417,1.3592866659164429,1.359342098236084
2026-08-26T18:30:00Z,1.3593051433563232,1.3593051433563232,1.3590834140777588,1.3592127561569214
2026-08-26T19:00:00Z,1.3592311143875122,1.359397530555725,1.3590649366378784,1.3592681884765625
2026-08-26T19:30:00Z,1.3593605756759644,1.3594529628753662,1.359194278717041,1.359342098236084
2026-08-26T20:00:00Z,1.3594529628753662,1.3595638275146484,1.3593236207962036,1.3594529628753662
2026-08-26T20:30:00Z,1.3593790531158447,1.3598041534423828,1.3593790531158447,1.3598041534423828
2026-08-26T21:00:00Z,1.359619379043579,1.359619379043579,1.3590279817581177,1.3593790531158447
2026-08-26T21:30:00Z,1.3594344854354858,1.3596562147140503,1.3592681884765625,1.3595268726348877
2026-08-26T22:00:00Z,1.3594160079956055,1.3596748113632202,1.3593605756759644,1.3595638275146484
2026-08-26T22:30:00Z,1.3596932888031006,1.3596932888031006,1.3594160079956055,1.3595268726348877
2026-08-26T23:00:00Z,1.3595083951950073,1.3598041534423828,1.3595083951950073,1.3596932888031006
2026-08-26T23:30:00Z,1.3596562147140503,1.3598041534423828,1.3595638275146484,1.359619379043579
2026-08-27T00:00:00Z,1.3596562147140503,1.3596562147140503,1.3592497110366821,1.3595083951950073
2026-08-27T00:30:00Z,1.3595268726348877,1.3595823049545288,1.3590279817581177,1.3592127561569214
2026-08-27T01:00:00Z,1.3592681884765625,1.3594529628753662,1.3590279817581177,1.3592127561569214
2026-08-27T01:30:00Z,1.3592681884765625,1.3593236207962036,1.3589726686477661,1.3592681884765625
2026-08-27T02:00:00Z,1.3593236207962036,1.359489917755127,1.3589726686477661,1.3590095043182373
2026-08-27T02:30:00Z,1.3589541912078857,1.3592311143875122,1.358917236328125,1.3591388463974
2026-08-27T03:00:00Z,1.3591388463974,1.3592681884765625,1.3590095043182373,1.3590649366378784
2026-08-27T03:30:00Z,1.358991026878357,1.3591018915176392,1.3587509393692017,1.3587509393692017
2026-08-27T04:00:00Z,1.3587695360183716,1.3591018915176392,1.3587695360183716,1.3590095043182373
2026-08-27T04:30:00Z,1.3589541912078857,1.3589541912078857,1.35869562625885,1.3587509393692017
2026-08-27T05:00:00Z,1.3587695360183716,1.3590465784072876,1.3586033582687378,1.3590465784072876
2026-08-27T05:30:00Z,1.3590649366378784,1.3591388463974,1.3586771488189697,1.3588433265686035
2026-08-27T06:00:00Z,1.3588987588882446,1.3591573238372803,1.3586771488189697,1.358991026878357
2026-08-27T06:30:00Z,1.358991026878357,1.3590279817581177,1.3586586713790894,1.3589357137680054
2026-08-27T07:00:00Z,1.3590834140777588,1.35963773727417,1.3587325811386108,1.3587325811386108
2026-08-27T07:30:00Z,1.3586771488189697,1.359194278717041,1.3586771488189697,1.3587509393692017
2026-08-27T08:00:00Z,1.3587509393692017,1.3594160079956055,1.3585480451583862,1.3585480451583862
2026-08-27T08:30:00Z,1.3585665225982666,1.3585848808288574,1.3580683469772339,1.3581420183181763
2026-08-27T09:00:00Z,1.357994556427002,1.3580683469772339,1.3574045896530151,1.3579391241073608
2026-08-27T09:30:00Z,1.3580129146575928,1.3581420183181763,1.3572388887405396,1.3576257228851318
2026-08-27T10:00:00Z,1.357533574104309,1.3581604957580566,1.3571282625198364,1.3580683469772339
2026-08-27T10:30:00Z,1.3581604957580566,1.3581604957580566,1.3574599027633667,1.3576626777648926
2026-08-27T11:00:00Z,1.3575152158737183,1.3582342863082886,1.3573862314224243,1.358105182647705
2026-08-27T11:30:00Z,1.3581604957580566,1.3581604957580566,1.3571099042892456,1.3578654527664185
2026-08-27T12:00:00Z,1.3578286170959473,1.3582895994186401,1.3577548265457153,1.3581236600875854
2026-08-27T12:30:00Z,1.3581973314285278,1.3581973314285278,1.3574415445327759,1.3574415445327759
2026-08-27T13:00:00Z,1.3573862314224243,1.3601741790771484,1.3573862314224243,1.360007643699646
2026-08-27T13:30:00Z,1.3599151372909546,1.3600445985794067,1.3590095043182373,1.359342098236084
2026-08-27T14:00:00Z,1.359342098236084,1.3595823049545288,1.3583449125289917,1.3583449125289917
2026-08-27T14:30:00Z,1.358437180519104,1.3590465784072876,1.3580498695373535,1.3581788539886475
2026-08-27T15:00:00Z,1.3582526445388794,1.3588802814483643,1.3582158088684082,1.3587141036987305
2026-08-27T15:30:00Z,1.3588618040084839,1.3598780632019043,1.3587325811386108,1.3598226308822632
2026-08-27T16:00:00Z,1.3598226308822632,1.3599522113800049,1.3594344854354858,1.3599522113800049
2026-08-27T16:30:00Z,1.3599522113800049,1.3601185083389282,1.3592127561569214,1.3592866659164429
2026-08-27T17:00:00Z,1.359397530555725,1.35963773727417,1.3591018915176392,1.3591758012771606
2026-08-27T17:30:00Z,1.359194278717041,1.3592497110366821,1.3588248491287231,1.3588802814483643
2026-08-27T18:00:00Z,1.3588802814483643,1.3588987588882446,1.358437180519104,1.3584556579589844
2026-08-27T18:30:00Z,1.3584741353988647,1.3589541912078857,1.3583265542984009,1.358917236328125
2026-08-27T19:00:00Z,1.358917236328125,1.358991026878357,1.35869562625885,1.3587695360183716
2026-08-27T19:30:00Z,1.3587325811386108,1.3588987588882446,1.3585110902786255,1.3588987588882446
2026-08-27T20:00:00Z,1.3588064908981323,1.3592681884765625,1.3588064908981323,1.3590465784072876
2026-08-27T20:30:00Z,1.3590649366378784,1.359342098236084,1.3590465784072876,1.3592866659164429
2026-08-27T21:00:00Z,1.3592497110366821,1.3596748113632202,1.3589357137680054,1.3596748113632202
2026-08-27T21:30:00Z,1.359619379043579,1.3599705696105957,1.3590279817581177,1.3593051433563232
2026-08-27T22:00:00Z,1.3593790531158447,1.3596007823944092,1.359194278717041,1.3593605756759644
2026-08-27T22:30:00Z,1.3593790531158447,1.359619379043579,1.3593790531158447,1.359619379043579
2026-08-27T23:00:00Z,1.359619379043579,1.359785795211792,1.3595454692840576,1.35963773727417
2026-08-27T23:30:00Z,1.3595823049545288,1.3598041534423828,1.3595454692840576,1.3596748113632202
2026-08-28T00:00:00Z,1.3596562147140503,1.359767198562622,1.3593790531158447,1.3595083951950073
2026-08-28T00:30:00Z,1.3595268726348877,1.3596932888031006,1.3594160079956055,1.359619379043579
2026-08-28T01:00:00Z,1.359619379043579,1.3597487211227417,1.3594529628753662,1.3594529628753662
2026-08-28T01:30:00Z,1.3594160079956055,1.359619379043579,1.3590649366378784,1.3590834140777588
2026-08-28T02:00:00Z,1.3590279817581177,1.3592866659164429,1.3588064908981323,1.3591018915176392
2026-08-28T02:30:00Z,1.3590279817581177,1.359342098236084,1.3589357137680054,1.359342098236084
2026-08-28T03:00:00Z,1.359397530555725,1.3594529628753662,1.3592497110366821,1.3593790531158447
2026-08-28T03:30:00Z,1.3593605756759644,1.3593790531158447,1.358917236328125,1.3589357137680054
2026-08-28T04:00:00Z,1.3589726686477661,1.3589726686477661,1.3588248491287231,1.3588802814483643
2026-08-28T04:30:00Z,1.3588433265686035,1.3588987588882446,1.3587695360183716,1.3588433265686035
2026-08-28T05:00:00Z,1.3588618040084839,1.3588802814483643,1.3587325811386108,1.3587695360183716
2026-08-28T05:30:00Z,1.3587509393692017,1.3590834140777588,1.3587325811386108,1.3590095043182373
2026-08-28T06:00:00Z,1.3588618040084839,1.3593790531158447,1.3588618040084839,1.3593790531158447
2026-08-28T06:30:00Z,1.3593790531158447,1.3593790531158447,1.3590279817581177,1.359342098236084
2026-08-28T07:00:00Z,1.3592866659164429,1.3592866659164429,1.358105182647705,1.3581604957580566
2026-08-28T07:30:00Z,1.3581236600875854,1.3590465784072876,1.3581236600875854,1.3588987588882446
2026-08-28T08:00:00Z,1.3586771488189697,1.3591018915176392,1.3584003448486328,1.3585295677185059
2026-08-28T08:30:00Z,1.3585110902786255,1.35869562625885,1.3583818674087524,1.3586403131484985
2026-08-28T09:00:00Z,1.3587509393692017,1.3587509393692017,1.3582711219787598,1.358363389968872
2026-08-28T09:30:00Z,1.3583818674087524,1.3586218357086182,1.3581236600875854,1.3581788539886475
2026-08-28T10:00:00Z,1.358105182647705,1.3587695360183716,1.3580683469772339,1.3586586713790894
2026-08-28T10:30:00Z,1.35869562625885,1.3591758012771606,1.35869562625885,1.3591388463974
2026-08-28T11:00:00Z,1.3591573238372803,1.3591573238372803,1.3585480451583862,1.3585848808288574
2026-08-28T11:30:00Z,1.3586586713790894,1.3587695360183716,1.3584741353988647,1.3584926128387451
2026-08-28T12:00:00Z,1.3585480451583862,1.3585665225982666,1.3581973314285278,1.3582342863082886
2026-08-28T12:30:00Z,1.3580129146575928,1.3584187030792236,1.3574045896530151,1.3584187030792236
2026-08-28T13:00:00Z,1.3584556579589844,1.3585480451583862,1.3575890064239502,1.3578838109970093
2026-08-28T13:30:00Z,1.3579391241073608,1.3585295677185059,1.3574045896530151,1.3585295677185059
2026-08-28T14:00:00Z,1.3573493957519531,1.3583080768585205,1.3531616926193237,1.3532166481018066
2026-08-28T14:30:00Z,1.353931188583374,1.3576442003250122,1.353931188583374,1.3574045896530151
2026-08-28T15:00:00Z,1.3572388887405396,1.3573862314224243,1.355546236038208,1.3558402061462402
2026-08-28T15:30:00Z,1.3559505939483643,1.356208086013794,1.3552889823913574,1.3552889823913574
2026-08-28T16:00:00Z,1.3552706241607666,1.3552706241607666,1.3534730672836304,1.353747844696045
2026-08-28T16:30:00Z,1.3537662029266357,1.3542795181274414,1.3535646200180054,1.3537112474441528
2026-08-28T17:00:00Z,1.3536012172698975,1.353692889213562,1.3529969453811646,1.3535646200180054
2026-08-28T17:30:00Z,1.353417992591858,1.353417992591858,1.3527406454086304,1.3529785871505737
2026-08-28T18:00:00Z,1.3530151844024658,1.3531067371368408,1.3527406454086304,1.3530701398849487
2026-08-28T18:30:00Z,1.3529785871505737,1.3530884981155396,1.3527040481567383,1.3529785871505737
2026-08-28T19:00:00Z,1.3530701398849487,1.3537662029266357,1.353051781654358,1.3537662029266357
2026-08-28T19:30:00Z,1.353692889213562,1.3540594577789307,1.3536012172698975,1.3538578748703003
2026-08-28T20:00:00Z,1.3537662029266357,1.3538944721221924,1.3534914255142212,1.3534914255142212
2026-08-28T20:30:00Z,1.3535280227661133,1.3535828590393066,1.353051781654358,1.353417992591858
2026-08-28T21:00:00Z,1.353747844696045,1.353747844696045,1.353747844696045,1.353747844696045
2026-08-30T23:00:00Z,1.3537112474441528,1.3538944721221924,1.3536561727523804,1.3538029193878174
2026-08-30T23:30:00Z,1.3537662029266357,1.3541145324707031,1.3537662029266357,1.3540594577789307
2026-08-31T00:00:00Z,1.354132890701294,1.3542795181274414,1.3535096645355225,1.3535096645355225
2026-08-31T00:30:00Z,1.3535646200180054,1.3547565937042236,1.3535646200180054,1.3545730113983154
2026-08-31T01:00:00Z,1.3543345928192139,1.3544446229934692,1.3538578748703003,1.354316234588623
2026-08-31T01:30:00Z,1.3544079065322876,1.3547565937042236,1.3541878461837769,1.3543895483016968
2026-08-31T02:00:00Z,1.3544079065322876,1.3545913696289062,1.3542795181274414,1.3545364141464233
2026-08-31T02:30:00Z,1.3545364141464233,1.3545913696289062,1.3539679050445557,1.3544628620147705
2026-08-31T03:00:00Z,1.3545364141464233,1.3547565937042236,1.3544996976852417,1.3545730113983154
2026-08-31T03:30:00Z,1.3545546531677246,1.3545546531677246,1.3542428016662598,1.3544628620147705
2026-08-31T04:00:00Z,1.3545546531677246,1.3546648025512695,1.3542428016662598,1.3542977571487427
2026-08-31T04:30:00Z,1.354316234588623,1.3545180559158325,1.3542428016662598,1.3545180559158325
2026-08-31T05:00:00Z,1.3544628620147705,1.354719877243042,1.354224443435669,1.354719877243042
2026-08-31T05:30:00Z,1.3546464443206787,1.3547382354736328,1.354316234588623,1.3547382354736328
2026-08-31T06:00:00Z,1.354628086090088,1.3548849821090698,1.3544262647628784,1.3545546531677246
2026-08-31T06:30:00Z,1.3545546531677246,1.3548115491867065,1.353986144065857,1.3544262647628784
2026-08-31T07:00:00Z,1.3544079065322876,1.3548483848571777,1.3538029193878174,1.354609727859497
2026-08-31T07:30:00Z,1.3544996976852417,1.3547749519348145,1.3542977571487427,1.3546464443206787
2026-08-31T08:00:00Z,1.3550136089324951,1.3555094003677368,1.3544628620147705,1.3546464443206787
2026-08-31T08:30:00Z,1.3546831607818604,1.3548483848571777,1.3539679050445557,1.3540778160095215
2026-08-31T09:00:00Z,1.354169487953186,1.3545546531677246,1.354169487953186,1.3543895483016968
2026-08-31T09:30:00Z,1.3544812202453613,1.3544812202453613,1.3540594577789307,1.3543345928192139
2026-08-31T10:00:00Z,1.3542977571487427,1.354628086090088,1.3542795181274414,1.3544262647628784
2026-08-31T10:30:00Z,1.3544079065322876,1.3544079065322876,1.353692889213562,1.3540228605270386
2026-08-31T11:00:00Z,1.3540412187576294,1.354609727859497,1.3537845611572266,1.354609727859497
2026-08-31T11:30:00Z,1.3545364141464233,1.3545364141464233,1.3538578748703003,1.3538762331008911
2026-08-31T12:00:00Z,1.353986144065857,1.354628086090088,1.3538944721221924,1.3544812202453613
2026-08-31T12:30:00Z,1.354224443435669,1.3544262647628784,1.3536745309829712,1.3539128303527832
2026-08-31T13:00:00Z,1.353986144065857,1.354830026626587,1.3539679050445557,1.3547931909561157
2026-08-31T13:30:00Z,1.354719877243042,1.3547749519348145,1.3541145324707031,1.3544262647628784
2026-08-31T14:00:00Z,1.3538395166397095,1.3545546531677246,1.3536745309829712,1.3542428016662598
2026-08-31T14:30:00Z,1.3547013998031616,1.3564472198486328,1.3541145324707031,1.3554911613464355
2026-08-31T15:00:00Z,1.3556932210922241,1.3558402061462402,1.3546648025512695,1.3550870418548584
2026-08-31T15:30:00Z,1.3553073406219482,1.3555278778076172,1.3549033403396606,1.354921817779541
2026-08-31T16:00:00Z,1.354921817779541,1.3552889823913574,1.3549033403396606,1.3550870418548584
2026-08-31T16:30:00Z,1.3550870418548584,1.3550870418548584,1.3547013998031616,1.3549033403396606
2026-08-31T17:00:00Z,1.354921817779541,1.3551971912384033,1.3546831607818604,1.354976773262024
2026-08-31T17:30:00Z,1.354976773262024,1.3553624153137207,1.3548849821090698,1.3550502061843872
2026-08-31T18:00:00Z,1.3550136089324951,1.3551971912384033,1.354976773262024,1.3549952507019043
2026-08-31T18:30:00Z,1.3547931909561157,1.3551788330078125,1.354719877243042,1.3549952507019043
2026-08-31T19:00:00Z,1.3549033403396606,1.3550318479537964,1.3548115491867065,1.354921817779541
2026-08-31T19:30:00Z,1.3550136089324951,1.3551971912384033,1.354628086090088,1.354958415031433
2026-08-31T20:00:00Z,1.3551052808761597,1.3551971912384033,1.3546648025512695,1.3547931909561157
2026-08-31T20:30:00Z,1.3546648025512695,1.3550502061843872,1.3546648025512695,1.3550502061843872
2026-08-31T21:00:00Z,1.354976773262024,1.3551604747772217,1.3547565937042236,1.354921817779541
2026-08-31T21:30:00Z,1.3552522659301758,1.3553624153137207,1.3550686836242676,1.3553073406219482
2026-08-31T22:00:00Z,1.3551604747772217,1.3552155494689941,1.3548483848571777,1.3548849821090698
2026-08-31T22:30:00Z,1.354921817779541,1.354921817779541,1.3545913696289062,1.3546831607818604
2026-08-31T23:00:00Z,1.3545730113983154,1.354719877243042,1.3544446229934692,1.3545546531677246
2026-08-31T23:30:00Z,1.3546648025512695,1.354958415031433,1.354609727859497,1.3548849821090698
2026-09-01T00:00:00Z,1.3547382354736328,1.3559322357177734,1.3547382354736328,1.3559322357177734
2026-09-01T00:30:00Z,1.355821967124939,1.3559505939483643,1.3552706241607666,1.3552706241607666
2026-09-01T01:00:00Z,1.3552706241607666,1.3553258180618286,1.3544262647628784,1.3544446229934692
2026-09-01T01:30:00Z,1.3544628620147705,1.3549401760101318,1.354316234588623,1.354628086090088
2026-09-01T02:00:00Z,1.3545913696289062,1.354628086090088,1.3541878461837769,1.354609727859497
2026-09-01T02:30:00Z,1.3545913696289062,1.3546648025512695,1.3542062044143677,1.3546648025512695
2026-09-01T03:00:00Z,1.3545364141464233,1.3546648025512695,1.3541511297225952,1.3542795181274414
2026-09-01T03:30:00Z,1.354316234588623,1.3544628620147705,1.3541511297225952,1.3541511297225952
2026-09-01T04:00:00Z,1.3541145324707031,1.3542795181274414,1.3539495468139648,1.3539495468139648
2026-09-01T04:30:00Z,1.353931188583374,1.3543529510498047,1.3538578748703003,1.3543529510498047
2026-09-01T05:00:00Z,1.3542977571487427,1.3547382354736328,1.3542977571487427,1.3546831607818604
2026-09-01T05:30:00Z,1.3547382354736328,1.3549401760101318,1.354628086090088,1.3547565937042236
2026-09-01T06:00:00Z,1.3545364141464233,1.3547013998031616,1.353637933731079,1.353637933731079
2026-09-01T06:30:00Z,1.353637933731079,1.3543345928192139,1.353637933731079,1.3541511297225952
2026-09-01T07:00:00Z,1.354169487953186,1.3542611598968506,1.3535280227661133,1.3535462617874146
2026-09-01T07:30:00Z,1.3534363508224487,1.3537662029266357,1.353234887123108,1.3536745309829712
2026-09-01T08:00:00Z,1.3535462617874146,1.3537296056747437,1.3530151844024658,1.3535462617874146
2026-09-01T08:30:00Z,1.3531616926193237,1.3542062044143677,1.3531616926193237,1.3542062044143677
2026-09-01T09:00:00Z,1.3541878461837769,1.3546648025512695,1.3540228605270386,1.3544812202453613
2026-09-01T09:30:00Z,1.3544262647628784,1.354830026626587,1.3540045022964478,1.3540045022964478
2026-09-01T10:00:00Z,1.3540594577789307,1.3543895483016968,1.3539128303527832,1.3541878461837769
2026-09-01T10:30:00Z,1.354169487953186,1.354169487953186,1.3534363508224487,1.3535646200180054
2026-09-01T11:00:00Z,1.3532898426055908,1.3537662029266357,1.3530884981155396,1.3537662029266357
2026-09-01T11:30:00Z,1.3539495468139648,1.3539495468139648,1.3534914255142212,1.3536012172698975
2026-09-01T12:00:00Z,1.3534914255142212,1.3536012172698975,1.3529785871505737,1.353363037109375
2026-09-01T12:30:00Z,1.3534363508224487,1.3534914255142212,1.353051781654358,1.3530701398849487
2026-09-01T13:00:00Z,1.3528138399124146,1.3535462617874146,1.352649211883545,1.3535462617874146
2026-09-01T13:30:00Z,1.3537662029266357,1.3545546531677246,1.353692889213562,1.3545546531677246
2026-09-01T14:00:00Z,1.3543713092803955,1.3552155494689941,1.3542795181274414,1.3542795181274414
2026-09-01T14:30:00Z,1.3542062044143677,1.3544996976852417,1.3537845611572266,1.3537845611572266
2026-09-01T15:00:00Z,1.3540045022964478,1.3540045022964478,1.352594256401062,1.3529419898986816
2026-09-01T15:30:00Z,1.3528321981430054,1.352960228919983,1.3524478673934937,1.3527772426605225
2026-09-01T16:00:00Z,1.3528321981430054,1.3528321981430054,1.3522101640701294,1.3523930311203003
2026-09-01T16:30:00Z,1.352338194847107,1.3527222871780396,1.3515522480010986,1.3515522480010986
2026-09-01T17:00:00Z,1.351515769958496,1.351990818977356,1.3514792919158936,1.351990818977356
2026-09-01T17:30:00Z,1.3521004915237427,1.3521369695663452,1.3512418270111084,1.351387858390808
2026-09-01T18:00:00Z,1.3514243364334106,1.3516618013381958,1.3510956764221191,1.3510956764221191
2026-09-01T18:30:00Z,1.351022720336914,1.3514426946640015,1.350712537765503,1.3514426946640015
2026-09-01T19:00:00Z,1.3514609336853027,1.3516253232955933,1.351314902305603,1.351387858390808
2026-09-01T19:30:00Z,1.3514792919158936,1.3514792919158936,1.3510409593582153,1.3512052297592163
2026-09-01T20:00:00Z,1.3510409593582153,1.351278305053711,1.3510043621063232,1.351278305053711
2026-09-01T20:30:00Z,1.3512052297592163,1.3517532348632812,1.3512052297592163,1.3516618013381958
2026-09-01T21:00:00Z,1.3513696193695068,1.3520456552505493,1.3510956764221191,1.3516618013381958
2026-09-01T21:30:00Z,1.3516253232955933,1.3518993854522705,1.3513513803482056,1.3516618013381958
2026-09-01T22:00:00Z,1.3518993854522705,1.351990818977356,1.3515522480010986,1.351643681526184
2026-09-01T22:30:00Z,1.351643681526184,1.3517167568206787,1.3514609336853027,1.3515704870224
2026-09-01T23:00:00Z,1.351515769958496,1.351607084274292,1.3514609336853027,1.351515769958496
2026-09-01T23:30:00Z,1.3515340089797974,1.351698398590088,1.351387858390808,1.351387858390808
2026-09-02T00:00:00Z,1.3513330221176147,1.3515340089797974,1.3509496450424194,1.351022720336914
2026-09-02T00:30:00Z,1.351022720336914,1.3512600660324097,1.3507671356201172,1.3507671356201172
2026-09-02T01:00:00Z,1.3508403301239014,1.3508403301239014,1.3504753112792969,1.3508219718933105
2026-09-02T01:30:00Z,1.3505666255950928,1.3507671356201172,1.3503295183181763,1.350548267364502
2026-09-02T02:00:00Z,1.3502200841903687,1.3508037328720093,1.3501653671264648,1.350621223449707
2026-09-02T02:30:00Z,1.3506031036376953,1.350858449935913,1.3505300283432007,1.3507307767868042
2026-09-02T03:00:00Z,1.3507490158081055,1.3508037328720093,1.3504024744033813,1.3504024744033813
2026-09-02T03:30:00Z,1.3504570722579956,1.3504570722579956,1.3501653671264648,1.350311279296875
2026-09-02T04:00:00Z,1.350311279296875,1.350311279296875,1.3498737812042236,1.3499102592468262
2026-09-02T04:30:00Z,1.349892020225525,1.3499648571014404,1.3497098684310913,1.3497098684310913
2026-09-02T05:00:00Z,1.3497098684310913,1.3502748012542725,1.3495277166366577,1.3502748012542725
2026-09-02T05:30:00Z,1.3504024744033813,1.350511908531189,1.350074291229248,1.350311279296875
2026-09-02T06:00:00Z,1.3501288890838623,1.3508403301239014,1.3501288890838623,1.3504570722579956
2026-09-02T06:30:00Z,1.3504570722579956,1.350621223449707,1.3493820428848267,1.3493820428848267
2026-09-02T07:00:00Z,1.3496187925338745,1.350712537765503,1.3492181301116943,1.3504389524459839
2026-09-02T07:30:00Z,1.3504570722579956,1.3512418270111084,1.3504570722579956,1.3511505126953125
2026-09-02T08:00:00Z,1.3511687517166138,1.3514426946640015,1.3510775566101074,1.3510956764221191
2026-09-02T08:30:00Z,1.3510043621063232,1.3513330221176147,1.350201964378357,1.350201964378357
2026-09-02T09:00:00Z,1.3501107692718506,1.3506760597229004,1.3499467372894287,1.3501107692718506
2026-09-02T09:30:00Z,1.349837303161621,1.3499102592468262,1.348690390586853,1.3487086296081543
2026-09-02T10:00:00Z,1.3488359451293945,1.3488359451293945,1.348126769065857,1.3482722043991089
2026-09-02T10:30:00Z,1.3483085632324219,1.3484539985656738,1.3478360176086426,1.348435878753662
2026-09-02T11:00:00Z,1.348435878753662,1.3488723039627075,1.3483449220657349,1.3483994007110596
2026-09-02T11:30:00Z,1.3481813669204712,1.3491452932357788,1.3481813669204712,1.348508596420288
2026-09-02T12:00:00Z,1.348508596420288,1.3488723039627075,1.3479633331298828,1.34816312789917
2026-09-02T12:30:00Z,1.3479995727539062,1.3483266830444336,1.347563624382019,1.347563624382019
2026-09-02T13:00:00Z,1.3476543426513672,1.3505300283432007,1.3475998640060425,1.3499284982681274
2026-09-02T13:30:00Z,1.3501471281051636,1.3512600660324097,1.3494184017181396,1.3512600660324097
2026-09-02T14:00:00Z,1.3512600660324097,1.3512600660324097,1.3499830961227417,1.3503841161727905
2026-09-02T14:30:00Z,1.3502565622329712,1.350712537765503,1.3498190641403198,1.3505300283432007
2026-09-02T15:00:00Z,1.3504570722579956,1.3510591983795166,1.350001335144043,1.3505300283432007
2026-09-02T15:30:00Z,1.3506760597229004,1.3506760597229004,1.349545955657959,1.3501107692718506
2026-09-02T16:00:00Z,1.3503477573394775,1.3503841161727905,1.3496733903884888,1.3496733903884888
2026-09-02T16:30:00Z,1.349727988243103,1.3499284982681274,1.3495094776153564,1.3495094776153564
2026-09-02T17:00:00Z,1.3495094776153564,1.3496370315551758,1.348581314086914,1.3490360975265503
2026-09-02T17:30:00Z,1.3489997386932373,1.3492363691329956,1.3485995531082153,1.3488540649414062
2026-09-02T18:00:00Z,1.348726749420166,1.3490360975265503,1.3485995531082153,1.348690390586853
2026-09-02T18:30:00Z,1.348726749420166,1.3489269018173218,1.3485995531082153,1.348617672920227
2026-09-02T19:00:00Z,1.34865403175354,1.3488178253173828,1.3484721183776855,1.3485995531082153
2026-09-02T19:30:00Z,1.348581314086914,1.3488723039627075,1.3483085632324219,1.3488723039627075
2026-09-02T20:00:00Z,1.3489269018173218,1.349127173423767,1.3488359451293945,1.3488905429840088
2026-09-02T20:30:00Z,1.3488178253173828,1.349017858505249,1.348508596420288,1.3487632274627686
2026-09-02T21:00:00Z,1.34916353225708,1.349199891090393,1.3485995531082153,1.3490543365478516
2026-09-02T21:30:00Z,1.3487449884414673,1.3489633798599243,1.3484176397323608,1.3484539985656738
2026-09-02T22:00:00Z,1.348508596420288,1.348508596420288,1.3481813669204712,1.3483266830444336
2026-09-02T22:30:00Z,1.3483085632324219,1.348508596420288,1.3483085632324219,1.3483994007110596
2026-09-02T23:00:00Z,1.3484176397323608,1.3484176397323608,1.3481813669204712,1.3481813669204712
2026-09-02T23:30:00Z,1.3481813669204712,1.3483266830444336,1.348090410232544,1.3483266830444336
2026-09-03T00:00:00Z,1.348126769065857,1.34865403175354,1.348126769065857,1.3486357927322388
2026-09-03T00:30:00Z,1.348581314086914,1.3490360975265503,1.3484176397323608,1.3488359451293945
2026-09-03T01:00:00Z,1.3488359451293945,1.348981499671936,1.3485630750656128,1.348981499671936
2026-09-03T01:30:00Z,1.348981499671936,1.349127173423767,1.348126769065857,1.3482176065444946
2026-09-03T02:00:00Z,1.348235845565796,1.3487449884414673,1.34816312789917,1.3487086296081543
2026-09-03T02:30:00Z,1.3486722707748413,1.3492544889450073,1.3486722707748413,1.348945140838623
2026-09-03T03:00:00Z,1.3489997386932373,1.3496187925338745,1.348945140838623,1.3495094776153564
2026-09-03T03:30:00Z,1.349545955657959,1.3496005535125732,1.3493273258209229,1.3495094776153564
2026-09-03T04:00:00Z,1.349545955657959,1.3496370315551758,1.349400281906128,1.3496370315551758
2026-09-03T04:30:00Z,1.3496187925338745,1.349837303161621,1.3493273258209229,1.3494184017181396
2026-09-03T05:00:00Z,1.3494548797607422,1.3497098684310913,1.3491089344024658,1.349582314491272
2026-09-03T05:30:00Z,1.3495277166366577,1.3496551513671875,1.3490725755691528,1.349199891090393
2026-09-03T06:00:00Z,1.3491089344024658,1.3492181301116943,1.3483994007110596,1.348617672920227
2026-09-03T06:30:00Z,1.3488359451293945,1.3498737812042236,1.3488359451293945,1.3492727279663086
2026-09-03T07:00:00Z,1.349436640739441,1.35023832321167,1.3493455648422241,1.3494184017181396
2026-09-03T07:30:00Z,1.349545955657959,1.3504570722579956,1.3492363691329956,1.3503295183181763
2026-09-03T08:00:00Z,1.3501836061477661,1.3507307767868042,1.3498190641403198,1.3501288890838623
2026-09-03T08:30:00Z,1.3499102592468262,1.3504389524459839,1.3497098684310913,1.3500378131866455
2026-09-03T09:00:00Z,1.3502929210662842,1.3502929210662842,1.349436640739441,1.3495094776153564
2026-09-03T09:30:00Z,1.3494731187820435,1.349837303161621,1.3490543365478516,1.3498190641403198
2026-09-03T10:00:00Z,1.3498190641403198,1.349892020225525,1.349017858505249,1.3492727279663086
2026-09-03T10:30:00Z,1.349199891090393,1.3494912385940552,1.348508596420288,1.3494912385940552
2026-09-03T11:00:00Z,1.3492727279663086,1.3499284982681274,1.349127173423767,1.3492727279663086
2026-09-03T11:30:00Z,1.3492181301116943,1.3496005535125732,1.3489997386932373,1.3495277166366577
2026-09-03T12:00:00Z,1.3493273258209229,1.3498190641403198,1.349017858505249,1.3492181301116943
2026-09-03T12:30:00Z,1.3501471281051636,1.352155327796936,1.350001335144043,1.3518993854522705
2026-09-03T13:00:00Z,1.3517714738845825,1.3519359827041626,1.3509496450424194,1.3510956764221191
2026-09-03T13:30:00Z,1.3508219718933105,1.3518445491790771,1.3504024744033813,1.3518445491790771
2026-09-03T14:00:00Z,1.351186990737915,1.351643681526184,1.3507307767868042,1.3511505126953125
2026-09-03T14:30:00Z,1.3512052297592163,1.3520822525024414,1.3501288890838623,1.351807951927185
2026-09-03T15:00:00Z,1.351990818977356,1.3540045022964478,1.351990818977356,1.3537112474441528
2026-09-03T15:30:00Z,1.3539128303527832,1.3540778160095215,1.3527954816818237,1.3533265590667725
2026-09-03T16:00:00Z,1.3533447980880737,1.3545546531677246,1.3532166481018066,1.3545546531677246
2026-09-03T16:30:00Z,1.3548115491867065,1.354830026626587,1.354316234588623,1.3545364141464233
2026-09-03T17:00:00Z,1.3545364141464233,1.3546464443206787,1.354132890701294,1.354609727859497
2026-09-03T17:30:00Z,1.354628086090088,1.354628086090088,1.353986144065857,1.3540045022964478
2026-09-03T18:00:00Z,1.3540778160095215,1.3544079065322876,1.353931188583374,1.3541511297225952
2026-09-03T18:30:00Z,1.3540594577789307,1.3540594577789307,1.3538578748703003,1.3539128303527832
2026-09-03T19:00:00Z,1.3539128303527832,1.3540045022964478,1.3523746728897095,1.3523746728897095
2026-09-03T19:30:00Z,1.3524662256240845,1.352868676185608,1.3523746728897095,1.352630853652954
2026-09-03T20:00:00Z,1.3525760173797607,1.3529785871505737,1.3525211811065674,1.352685809135437
2026-09-03T20:30:00Z,1.3527040481567383,1.3527406454086304,1.3524296283721924,1.3525028228759766
2026-09-03T21:00:00Z,1.3533082008361816,1.3533082008361816,1.352649211883545,1.3527772426605225
2026-09-03T21:30:00Z,1.3527590036392212,1.353051781654358,1.35255765914917,1.35255765914917
2026-09-03T22:00:00Z,1.352649211883545,1.352649211883545,1.3523565530776978,1.3524113893508911
2026-09-03T22:30:00Z,1.3524296283721924,1.3525028228759766,1.3523930311203003,1.3524296283721924
2026-09-03T23:00:00Z,1.3524662256240845,1.3527590036392212,1.3524296283721924,1.3527040481567383
2026-09-03T23:30:00Z,1.3528138399124146,1.3529237508773804,1.352649211883545,1.3529053926467896
2026-09-04T00:00:00Z,1.3529237508773804,1.3530701398849487,1.352594256401062,1.3526124954223633
2026-09-04T00:30:00Z,1.352630853652954,1.3533813953399658,1.352594256401062,1.353051781654358
2026-09-04T01:00:00Z,1.3530884981155396,1.3534547090530396,1.3529237508773804,1.3532531261444092
2026-09-04T01:30:00Z,1.3533082008361816,1.3535280227661133,1.353179931640625,1.3535280227661133
2026-09-04T02:00:00Z,1.3534914255142212,1.3537662029266357,1.353051781654358,1.3531250953674316
2026-09-04T02:30:00Z,1.353143334388733,1.353417992591858,1.3531067371368408,1.3531982898712158
2026-09-04T03:00:00Z,1.3531982898712158,1.3535280227661133,1.3531067371368408,1.3531067371368408
2026-09-04T03:30:00Z,1.3529419898986816,1.3531067371368408,1.3527040481567383,1.3529969453811646
2026-09-04T04:00:00Z,1.3530151844024658,1.3532898426055908,1.3530151844024658,1.3531250953674316
2026-09-04T04:30:00Z,1.3531982898712158,1.3533082008361816,1.3530884981155396,1.3532166481018066
2026-09-04T05:00:00Z,1.3531982898712158,1.3533447980880737,1.3530701398849487,1.3532898426055908
2026-09-04T05:30:00Z,1.3533447980880737,1.3536012172698975,1.3532898426055908,1.3535646200180054
2026-09-04T06:00:00Z,1.3536195755004883,1.3544262647628784,1.3536195755004883,1.3544079065322876
2026-09-04T06:30:00Z,1.354224443435669,1.3545364141464233,1.3540961742401123,1.354169487953186
2026-09-04T07:00:00Z,1.3544079065322876,1.3547013998031616,1.3542611598968506,1.3547013998031616
2026-09-04T07:30:00Z,1.3547931909561157,1.3547931909561157,1.3533997535705566,1.3534547090530396
2026-09-04T08:00:00Z,1.3535646200180054,1.3543529510498047,1.3533997535705566,1.3543529510498047
2026-09-04T08:30:00Z,1.3539679050445557,1.3539679050445557,1.3531067371368408,1.3533447980880737
2026-09-04T09:00:00Z,1.353143334388733,1.3532531261444092,1.3526124954223633,1.3527040481567383
2026-09-04T09:30:00Z,1.352649211883545,1.3527590036392212,1.3523198366165161,1.3523565530776978
2026-09-04T10:00:00Z,1.3523746728897095,1.3528138399124146,1.3523198366165161,1.352649211883545
2026-09-04T10:30:00Z,1.3526124954223633,1.3535280227661133,1.3526124954223633,1.353234887123108
2026-09-04T11:00:00Z,1.353271484375,1.3539128303527832,1.353234887123108,1.353692889213562
2026-09-04T11:30:00Z,1.3535828590393066,1.3537112474441528,1.3533082008361816,1.3533082008361816
2026-09-04T12:00:00Z,1.3534914255142212,1.3536195755004883,1.3528321981430054,1.3533813953399658
2026-09-04T12:30:00Z,1.349436640739441,1.3504570722579956,1.3489633798599243,1.3504570722579956
2026-09-04T13:00:00Z,1.3499648571014404,1.3515340089797974,1.349582314491272,1.3514609336853027
2026-09-04T13:30:00Z,1.3516253232955933,1.3524296283721924,1.3504753112792969,1.350694179534912
2026-09-04T14:00:00Z,1.3506578207015991,1.3514060974121094,1.3506578207015991,1.3512418270111084
2026-09-04T14:30:00Z,1.3511687517166138,1.3523198366165161,1.3511687517166138,1.3514974117279053
2026-09-04T15:00:00Z,1.3514243364334106,1.3523930311203003,1.3511322736740112,1.3521188497543335
2026-09-04T15:30:00Z,1.352338194847107,1.3525211811065674,1.3520456552505493,1.3521004915237427
2026-09-04T16:00:00Z,1.3522284030914307,1.3524296283721924,1.3518811464309692,1.3518811464309692
2026-09-04T16:30:00Z,1.351990818977356,1.3522651195526123,1.3518445491790771,1.3519177436828613
2026-09-04T17:00:00Z,1.3517714738845825,1.3517714738845825,1.3513330221176147,1.3514792919158936
2026-09-04T17:30:00Z,1.3516253232955933,1.351643681526184,1.3512235879898071,1.3513696193695068
2026-09-04T18:00:00Z,1.3514609336853027,1.3514609336853027,1.351186990737915,1.351314902305603
2026-09-04T18:30:00Z,1.3513513803482056,1.3514243364334106,1.3511687517166138,1.3514243364334106
2026-09-04T19:00:00Z,1.3514060974121094,1.3519177436828613,1.3514060974121094,1.3519177436828613
2026-09-04T19:30:00Z,1.3519177436828613,1.3522101640701294,1.3518811464309692,1.3519543409347534
2026-09-04T20:00:00Z,1.3518445491790771,1.351990818977356,1.3515340089797974,1.3517714738845825
2026-09-04T20:30:00Z,1.3517167568206787,1.3517714738845825,1.3514974117279053,1.351698398590088
2026-09-04T21:00:00Z,1.351698398590088,1.351698398590088,1.351698398590088,1.351698398590088
2026-09-06T23:00:00Z,1.3517167568206787,1.3519359827041626,1.3517167568206787,1.3518993854522705
2026-09-06T23:30:00Z,1.3518263101577759,1.352027416229248,1.3517167568206787,1.3517714738845825
2026-09-07T00:00:00Z,1.351807951927185,1.3521369695663452,1.3516253232955933,1.3520638942718506
2026-09-07T00:30:00Z,1.3520456552505493,1.3522467613220215,1.3519177436828613,1.3520638942718506
2026-09-07T01:00:00Z,1.3520090579986572,1.3520090579986572,1.3513696193695068,1.3517348766326904
2026-09-07T01:30:00Z,1.3517167568206787,1.3517167568206787,1.3512235879898071,1.3512235879898071
2026-09-07T02:00:00Z,1.351278305053711,1.351278305053711,1.3507307767868042,1.3508949279785156
2026-09-07T02:30:00Z,1.3510043621063232,1.351022720336914,1.3506578207015991,1.3507490158081055
2026-09-07T03:00:00Z,1.3507490158081055,1.3512965440750122,1.3507307767868042,1.3512965440750122
2026-09-07T03:30:00Z,1.3512235879898071,1.3512235879898071,1.3508219718933105,1.35111403465271
2026-09-07T04:00:00Z,1.3511505126953125,1.3511505126953125,1.3509680032730103,1.3510409593582153
2026-09-07T04:30:00Z,1.351022720336914,1.3512418270111084,1.3508949279785156,1.3512418270111084
2026-09-07T05:00:00Z,1.3512052297592163,1.351314902305603,1.351022720336914,1.3512600660324097
2026-09-07T05:30:00Z,1.351314902305603,1.3519359827041626,1.3512052297592163,1.3519177436828613
2026-09-07T06:00:00Z,1.3518445491790771,1.352649211883545,1.351515769958496,1.352594256401062
2026-09-07T06:30:00Z,1.352649211883545,1.3531250953674316,1.352649211883545,1.352685809135437
2026-09-07T07:00:00Z,1.352685809135437,1.3528138399124146,1.3522833585739136,1.3525211811065674
2026-09-07T07:30:00Z,1.3526124954223633,1.3533082008361816,1.3523198366165161,1.3533082008361816
2026-09-07T08:00:00Z,1.3532531261444092,1.3544996976852417,1.3531250953674316,1.3541145324707031
2026-09-07T08:30:00Z,1.354316234588623,1.3543895483016968,1.353271484375,1.3535828590393066
2026-09-07T09:00:00Z,1.3535280227661133,1.3540412187576294,1.3533265590667725,1.3540412187576294
2026-09-07T09:30:00Z,1.353931188583374,1.3543345928192139,1.3534914255142212,1.3536561727523804
2026-09-07T10:00:00Z,1.3536561727523804,1.3539128303527832,1.353417992591858,1.3536012172698975
2026-09-07T10:30:00Z,1.3536195755004883,1.3541145324707031,1.3535280227661133,1.353931188583374
2026-09-07T11:00:00Z,1.3539495468139648,1.3540228605270386,1.3536012172698975,1.3536745309829712
2026-09-07T11:30:00Z,1.3536195755004883,1.3537662029266357,1.3533265590667725,1.3533265590667725
2026-09-07T12:00:00Z,1.3533265590667725,1.3535646200180054,1.352960228919983,1.3535646200180054
2026-09-07T12:30:00Z,1.3535828590393066,1.3539128303527832,1.3534363508224487,1.3537845611572266
2026-09-07T13:00:00Z,1.3538578748703003,1.353986144065857,1.353637933731079,1.3537112474441528
2026-09-07T13:30:00Z,1.353637933731079,1.3540228605270386,1.3536012172698975,1.3538762331008911
2026-09-07T14:00:00Z,1.3538578748703003,1.354316234588623,1.3537112474441528,1.3540045022964478
2026-09-07T14:30:00Z,1.3539495468139648,1.354628086090088,1.3538762331008911,1.354628086090088
2026-09-07T15:00:00Z,1.354628086090088,1.3547565937042236,1.3542062044143677,1.3543895483016968
2026-09-07T15:30:00Z,1.3543895483016968,1.3544628620147705,1.3540045022964478,1.3540228605270386
2026-09-07T16:00:00Z,1.3540412187576294,1.3544079065322876,1.3538944721221924,1.3543345928192139
2026-09-07T16:30:00Z,1.3544079065322876,1.3548115491867065,1.3543895483016968,1.3547382354736328
2026-09-07T17:00:00Z,1.354609727859497,1.354628086090088,1.3542795181274414,1.3543345928192139
2026-09-07T17:30:00Z,1.3543345928192139,1.3543895483016968,1.354224443435669,1.3542977571487427
2026-09-07T18:00:00Z,1.354316234588623,1.3543345928192139,1.3540961742401123,1.3541145324707031
2026-09-07T18:30:00Z,1.354132890701294,1.3542611598968506,1.3541145324707031,1.3541878461837769
2026-09-07T19:00:00Z,1.354224443435669,1.354224443435669,1.3540412187576294,1.3540778160095215
2026-09-07T19:30:00Z,1.3540228605270386,1.3540778160095215,1.3539495468139648,1.3540412187576294
2026-09-07T20:00:00Z,1.3540228605270386,1.3541511297225952,1.3540228605270386,1.3541511297225952
2026-09-07T20:30:00Z,1.3540961742401123,1.354169487953186,1.3540961742401123,1.354132890701294
2026-09-07T21:00:00Z,1.354628086090088,1.354628086090088,1.353931188583374,1.3540778160095215
2026-09-07T21:30:00Z,1.3542611598968506,1.3544079065322876,1.3540594577789307,1.3543345928192139
2026-09-07T22:00:00Z,1.3542977571487427,1.3544262647628784,1.3542062044143677,1.3544262647628784
2026-09-07T22:30:00Z,1.3543345928192139,1.3543345928192139,1.354169487953186,1.354316234588623
2026-09-07T23:00:00Z,1.3543529510498047,1.3547931909561157,1.3543529510498047,1.354609727859497
2026-09-07T23:30:00Z,1.354830026626587,1.3549401760101318,1.354609727859497,1.3547382354736328
2026-09-08T00:00:00Z,1.3546648025512695,1.354921817779541,1.3542062044143677,1.3545180559158325
2026-09-08T00:30:00Z,1.3545364141464233,1.3545546531677246,1.3542795181274414,1.3543345928192139
2026-09-08T01:00:00Z,1.3543529510498047,1.3550136089324951,1.3541878461837769,1.3547565937042236
2026-09-08T01:30:00Z,1.3547382354736328,1.3548115491867065,1.3544262647628784,1.3548115491867065
2026-09-08T02:00:00Z,1.354866623878479,1.354921817779541,1.3540961742401123,1.3540961742401123
2026-09-08T02:30:00Z,1.3540961742401123,1.3540961742401123,1.3535096645355225,1.3535280227661133
2026-09-08T03:00:00Z,1.353417992591858,1.3538944721221924,1.353417992591858,1.3538395166397095
2026-09-08T03:30:00Z,1.3538578748703003,1.3540228605270386,1.3536745309829712,1.3538395166397095
2026-09-08T04:00:00Z,1.3538944721221924,1.3538944721221924,1.3536745309829712,1.3537296056747437
2026-09-08T04:30:00Z,1.3537662029266357,1.3540412187576294,1.353637933731079,1.3540228605270386
2026-09-08T05:00:00Z,1.3540045022964478,1.3542062044143677,1.3538395166397095,1.3538395166397095
2026-09-08T05:30:00Z,1.3537662029266357,1.3544079065322876,1.3537662029266357,1.3544079065322876
2026-09-08T06:00:00Z,1.3544628620147705,1.3553258180618286,1.3536012172698975,1.3538395166397095
2026-09-08T06:30:00Z,1.353986144065857,1.3542428016662598,1.3535646200180054,1.3537845611572266
2026-09-08T07:00:00Z,1.3536012172698975,1.3541145324707031,1.3533997535705566,1.3536195755004883
2026-09-08T07:30:00Z,1.353637933731079,1.3537845611572266,1.3527954816818237,1.353143334388733
2026-09-08T08:00:00Z,1.3531982898712158,1.3535096645355225,1.3523930311203003,1.353033423423767
2026-09-08T08:30:00Z,1.353051781654358,1.353234887123108,1.3525028228759766,1.3525211811065674
2026-09-08T09:00:00Z,1.3524662256240845,1.3529237508773804,1.3524113893508911,1.3525028228759766
2026-09-08T09:30:00Z,1.352630853652954,1.3533265590667725,1.352630853652954,1.353143334388733
2026-09-08T10:00:00Z,1.3528870344161987,1.3536012172698975,1.352594256401062,1.3529053926467896
2026-09-08T10:30:00Z,1.3528870344161987,1.3529237508773804,1.3522651195526123,1.3529053926467896
2026-09-08T11:00:00Z,1.3528321981430054,1.353637933731079,1.3523198366165161,1.3535280227661133
2026-09-08T11:30:00Z,1.3535828590393066,1.3545364141464233,1.3534730672836304,1.3545364141464233
2026-09-08T12:00:00Z,1.3543345928192139,1.3551788330078125,1.3543345928192139,1.3551788330078125
2026-09-08T12:30:00Z,1.3551236391067505,1.3556013107299805,1.354866623878479,1.355399250984192
2026-09-08T13:00:00Z,1.355380892753601,1.3561527729034424,1.3553073406219482,1.3554176092147827
2026-09-08T13:30:00Z,1.3555094003677368,1.3555830717086792,1.354866623878479,1.3551052808761597
2026-09-08T14:00:00Z,1.3553073406219482,1.3554359674453735,1.3542977571487427,1.3553073406219482
2026-09-08T14:30:00Z,1.355399250984192,1.3556565046310425,1.354921817779541,1.355233907699585
2026-09-08T15:00:00Z,1.3551971912384033,1.3554176092147827,1.3546831607818604,1.354830026626587
2026-09-08T15:30:00Z,1.3547013998031616,1.3548483848571777,1.3540594577789307,1.354224443435669
2026-09-08T16:00:00Z,1.3541145324707031,1.354169487953186,1.3533813953399658,1.3535096645355225
2026-09-08T16:30:00Z,1.3536012172698975,1.3536561727523804,1.3531250953674316,1.3535646200180054
2026-09-08T17:00:00Z,1.3538211584091187,1.3539495468139648,1.353692889213562,1.3538211584091187
2026-09-08T17:30:00Z,1.3538029193878174,1.3542062044143677,1.353692889213562,1.3542062044143677
2026-09-08T18:00:00Z,1.3542062044143677,1.3544812202453613,1.3540045022964478,1.3544079065322876
2026-09-08T18:30:00Z,1.3544996976852417,1.3550870418548584,1.3540961742401123,1.3544812202453613
2026-09-08T19:00:00Z,1.3547013998031616,1.3547749519348145,1.3542062044143677,1.3542428016662598
2026-09-08T19:30:00Z,1.3542611598968506,1.3543713092803955,1.3538578748703003,1.3540412187576294
2026-09-08T20:00:00Z,1.3540045022964478,1.3541878461837769,1.3536745309829712,1.3540045022964478
2026-09-08T20:30:00Z,1.3538029193878174,1.3542062044143677,1.3538029193878174,1.3540594577789307
2026-09-08T21:00:00Z,1.3535280227661133,1.3539495468139648,1.3534730672836304,1.3535828590393066
2026-09-08T21:30:00Z,1.3536745309829712,1.3538211584091187,1.3535828590393066,1.3537112474441528
2026-09-08T22:00:00Z,1.3539495468139648,1.3542062044143677,1.3539495468139648,1.3542062044143677
2026-09-08T22:30:00Z,1.354224443435669,1.354224443435669,1.3540594577789307,1.354132890701294
2026-09-08T23:00:00Z,1.3540961742401123,1.3542611598968506,1.3540778160095215,1.354224443435669
2026-09-08T23:30:00Z,1.3542062044143677,1.3544262647628784,1.3540961742401123,1.3543713092803955
2026-09-09T00:00:00Z,1.3544996976852417,1.3547931909561157,1.3544996976852417,1.3546831607818604
2026-09-09T00:30:00Z,1.3546648025512695,1.354830026626587,1.3544079065322876,1.354830026626587
2026-09-09T01:00:00Z,1.3547565937042236,1.3547931909561157,1.3543529510498047,1.3543713092803955
2026-09-09T01:30:00Z,1.354316234588623,1.3547382354736328,1.3542428016662598,1.3547382354736328
2026-09-09T02:00:00Z,1.3546464443206787,1.3546464443206787,1.354169487953186,1.354224443435669
2026-09-09T02:30:00Z,1.3541878461837769,1.3547565937042236,1.3541878461837769,1.3547565937042236
2026-09-09T03:00:00Z,1.3546831607818604,1.354719877243042,1.3544996976852417,1.354609727859497
2026-09-09T03:30:00Z,1.3544996976852417,1.3549033403396606,1.3544996976852417,1.3545180559158325
2026-09-09T04:00:00Z,1.3545364141464233,1.3549401760101318,1.3545180559158325,1.3549033403396606
2026-09-09T04:30:00Z,1.354866623878479,1.3550870418548584,1.354719877243042,1.3550502061843872
2026-09-09T05:00:00Z,1.3551052808761597,1.3555278778076172,1.3550136089324951,1.3555278778076172
2026-09-09T05:30:00Z,1.355380892753601,1.355380892753601,1.3549033403396606,1.3552889823913574
2026-09-09T06:00:00Z,1.3553258180618286,1.3563551902770996,1.3553258180618286,1.355913758277893
2026-09-09T06:30:00Z,1.355913758277893,1.356208086013794,1.3556748628616333,1.355968952178955
2026-09-09T07:00:00Z,1.3560609817504883,1.3567968606948853,1.3560056686401367,1.3561896085739136
2026-09-09T07:30:00Z,1.3562264442443848,1.3564839363098145,1.355766773223877,1.3558770418167114
2026-09-09T08:00:00Z,1.355913758277893,1.355913758277893,1.3545730113983154,1.3546648025512695
2026-09-09T08:30:00Z,1.3546464443206787,1.354830026626587,1.3542977571487427,1.3543345928192139
2026-09-09T09:00:00Z,1.354316234588623,1.354866623878479,1.3541511297225952,1.3547749519348145
2026-09-09T09:30:00Z,1.3547382354736328,1.3547382354736328,1.3533265590667725,1.3533265590667725
2026-09-09T10:00:00Z,1.353417992591858,1.3537296056747437,1.3531250953674316,1.3537112474441528
2026-09-09T10:30:00Z,1.3535280227661133,1.3542428016662598,1.3534547090530396,1.3535096645355225
2026-09-09T11:00:00Z,1.3537112474441528,1.3561896085739136,1.3536745309829712,1.3561896085739136
2026-09-09T11:30:00Z,1.35609769821167,1.3563920259475708,1.3556381464004517,1.35609769821167
2026-09-09T12:00:00Z,1.3563368320465088,1.3565576076507568,1.3556196689605713,1.3556748628616333
2026-09-09T12:30:00Z,1.3556196689605713,1.3556565046310425,1.354866623878479,1.3550136089324951
2026-09-09T13:00:00Z,1.3551604747772217,1.3557300567626953,1.354958415031433,1.3553258180618286
2026-09-09T13:30:00Z,1.355399250984192,1.3561345338821411,1.3553073406219482,1.355821967124939
2026-09-09T14:00:00Z,1.3557851314544678,1.3563183546066284,1.3557851314544678,1.3562999963760376
2026-09-09T14:30:00Z,1.3562264442443848,1.3563183546066284,1.355913758277893,1.3562999963760376
2026-09-09T15:00:00Z,1.3562816381454468,1.3562816381454468,1.3536195755004883,1.3544996976852417
2026-09-09T15:30:00Z,1.3544262647628784,1.3551971912384033,1.3543529510498047,1.3547013998031616
2026-09-09T16:00:00Z,1.3547749519348145,1.3555094003677368,1.354609727859497,1.3546648025512695
2026-09-09T16:30:00Z,1.3547931909561157,1.3556013107299805,1.3547931909561157,1.3551971912384033
2026-09-09T17:00:00Z,1.3552706241607666,1.3560609817504883,1.355233907699585,1.356024146080017
2026-09-09T17:30:00Z,1.3559874296188354,1.356042504310608,1.3556932210922241,1.3559505939483643
2026-09-09T18:00:00Z,1.3560056686401367,1.3560056686401367,1.3554359674453735,1.3555278778076172
2026-09-09T18:30:00Z,1.3554911613464355,1.3554911613464355,1.3545546531677246,1.3546464443206787
2026-09-09T19:00:00Z,1.354628086090088,1.354628086090088,1.3542428016662598,1.3543713092803955
2026-09-09T19:30:00Z,1.354316234588623,1.3547749519348145,1.3542977571487427,1.354609727859497
2026-09-09T20:00:00Z,1.3545730113983154,1.3545913696289062,1.3541511297225952,1.3545180559158325
2026-09-09T20:30:00Z,1.354628086090088,1.3548483848571777,1.3545730113983154,1.3548483848571777
2026-09-09T21:00:00Z,1.3557300567626953,1.3559874296188354,1.354628086090088,1.3550502061843872
2026-09-09T21:30:00Z,1.3548483848571777,1.3551421165466309,1.354609727859497,1.3548115491867065
2026-09-09T22:00:00Z,1.3549952507019043,1.3552706241607666,1.354609727859497,1.3551788330078125
2026-09-09T22:30:00Z,1.3551971912384033,1.3552522659301758,1.3550502061843872,1.3552522659301758
2026-09-09T23:00:00Z,1.3552706241607666,1.3553624153137207,1.3551604747772217,1.3552706241607666
2026-09-09T23:30:00Z,1.3552889823913574,1.3553258180618286,1.3549401760101318,1.3549401760101318
2026-09-10T00:00:00Z,1.3549401760101318,1.3549401760101318,1.3545730113983154,1.3545730113983154
2026-09-10T00:30:00Z,1.3545913696289062,1.354976773262024,1.3545364141464233,1.3546464443206787
2026-09-10T01:00:00Z,1.3547013998031616,1.3551421165466309,1.354609727859497,1.3548483848571777
2026-09-10T01:30:00Z,1.3547565937042236,1.355821967124939,1.3547565937042236,1.355821967124939
2026-09-10T02:00:00Z,1.355821967124939,1.3560056686401367,1.3554726839065552,1.3555278778076172
2026-09-10T02:30:00Z,1.3554176092147827,1.3559322357177734,1.3552889823913574,1.3559322357177734
2026-09-10T03:00:00Z,1.356024146080017,1.356024146080017,1.3555094003677368,1.3555830717086792
2026-09-10T03:30:00Z,1.3555645942687988,1.3557482957839966,1.3554726839065552,1.3557482957839966
2026-09-10T04:00:00Z,1.3556932210922241,1.3557482957839966,1.3555094003677368,1.3555645942687988
2026-09-10T04:30:00Z,1.3556196689605713,1.3556932210922241,1.3553073406219482,1.355399250984192
2026-09-10T05:00:00Z,1.3555278778076172,1.355546236038208,1.3553073406219482,1.3554911613464355
2026-09-10T05:30:00Z,1.3555278778076172,1.3558586835861206,1.3553258180618286,1.3558586835861206
2026-09-10T06:00:00Z,1.3558034896850586,1.355913758277893,1.3556013107299805,1.3556932210922241
2026-09-10T06:30:00Z,1.3556932210922241,1.355821967124939,1.3554911613464355,1.355766773223877
2026-09-10T07:00:00Z,1.3556932210922241,1.3556932210922241,1.3551604747772217,1.3553073406219482
2026-09-10T07:30:00Z,1.3555094003677368,1.3556748628616333,1.3553073406219482,1.355399250984192
2026-09-10T08:00:00Z,1.355399250984192,1.355399250984192,1.354719877243042,1.3549033403396606
2026-09-10T08:30:00Z,1.354976773262024,1.355711579322815,1.3547382354736328,1.355711579322815
2026-09-10T09:00:00Z,1.3556932210922241,1.355766773223877,1.3550870418548584,1.3550870418548584
2026-09-10T09:30:00Z,1.354958415031433,1.3549952507019043,1.3542977571487427,1.3549033403396606
2026-09-10T10:00:00Z,1.354921817779541,1.3553440570831299,1.3542977571487427,1.3543345928192139
2026-09-10T10:30:00Z,1.354224443435669,1.354224443435669,1.353747844696045,1.3539679050445557
2026-09-10T11:00:00Z,1.3538944721221924,1.3539679050445557,1.3530884981155396,1.3532166481018066
2026-09-10T11:30:00Z,1.3531982898712158,1.3536195755004883,1.3527772426605225,1.3529785871505737
2026-09-10T12:00:00Z,1.3530151844024658,1.3530151844024658,1.351607084274292,1.352338194847107
2026-09-10T12:30:00Z,1.3520822525024414,1.3520822525024414,1.3493455648422241,1.3508403301239014
2026-09-10T13:00:00Z,1.3510591983795166,1.3511687517166138,1.3498737812042236,1.3502565622329712
2026-09-10T13:30:00Z,1.3503841161727905,1.3520090579986572,1.3500195741653442,1.3517532348632812
2026-09-10T14:00:00Z,1.3517714738845825,1.3523198366165161,1.3514426946640015,1.3519177436828613
2026-09-10T14:30:00Z,1.3517898321151733,1.3529237508773804,1.3517898321151733,1.3529237508773804
2026-09-10T15:00:00Z,1.3529237508773804,1.353363037109375,1.3527222871780396,1.3527954816818237
2026-09-10T15:30:00Z,1.3528138399124146,1.3533265590667725,1.3527406454086304,1.353143334388733
2026-09-10T16:00:00Z,1.3531982898712158,1.3532166481018066,1.352594256401062,1.3530151844024658
2026-09-10T16:30:00Z,1.3531067371368408,1.3531067371368408,1.3522833585739136,1.3524478673934937
2026-09-10T17:00:00Z,1.3523565530776978,1.353033423423767,1.3520822525024414,1.3529785871505737
2026-09-10T17:30:00Z,1.3529785871505737,1.3530151844024658,1.3520822525024414,1.3520822525024414
2026-09-10T18:00:00Z,1.3520822525024414,1.3521188497543335,1.3512235879898071,1.3515887260437012
2026-09-10T18:30:00Z,1.3513696193695068,1.3516253232955933,1.35111403465271,1.3513330221176147
2026-09-10T19:00:00Z,1.351314902305603,1.351314902305603,1.3508219718933105,1.3511322736740112
2026-09-10T19:30:00Z,1.3512235879898071,1.3512235879898071,1.3509314060211182,1.3510043621063232
2026-09-10T20:00:00Z,1.3509680032730103,1.3509862422943115,1.3504936695098877,1.3505666255950928
2026-09-10T20:30:00Z,1.350694179534912,1.3512418270111084,1.350694179534912,1.3512418270111084
2026-09-10T21:00:00Z,1.3519543409347534,1.3519724607467651,1.3504936695098877,1.351022720336914
2026-09-10T21:30:00Z,1.35111403465271,1.3515704870224,1.3502748012542725,1.3512418270111084
2026-09-10T22:00:00Z,1.3510775566101074,1.3513330221176147,1.3510775566101074,1.3511322736740112
2026-09-10T22:30:00Z,1.351186990737915,1.351314902305603,1.3510409593582153,1.3512600660324097
2026-09-10T23:00:00Z,1.3511687517166138,1.351314902305603,1.3509132862091064,1.3509132862091064
2026-09-10T23:30:00Z,1.3509496450424194,1.3510775566101074,1.3509496450424194,1.3510409593582153
2026-09-11T00:00:00Z,1.3510956764221191,1.3515340089797974,1.3510956764221191,1.351387858390808
2026-09-11T00:30:00Z,1.3513696193695068,1.3515887260437012,1.3513696193695068,1.3515887260437012
2026-09-11T01:00:00Z,1.3515887260437012,1.351643681526184,1.351314902305603,1.3513696193695068
2026-09-11T01:30:00Z,1.351278305053711,1.3514426946640015,1.350785493850708,1.3508766889572144
2026-09-11T02:00:00Z,1.3508949279785156,1.3508949279785156,1.350311279296875,1.350311279296875
2026-09-11T02:30:00Z,1.3502565622329712,1.3505666255950928,1.3501107692718506,1.3504753112792969
2026-09-11T03:00:00Z,1.3504753112792969,1.3504936695098877,1.349800944328308,1.3498555421829224
2026-09-11T03:30:00Z,1.3498737812042236,1.3501107692718506,1.349582314491272,1.3500195741653442
2026-09-11T04:00:00Z,1.3499648571014404,1.350694179534912,1.3499467372894287,1.3506031036376953
2026-09-11T04:30:00Z,1.3506031036376953,1.3506578207015991,1.3503477573394775,1.3503658771514893
2026-09-11T05:00:00Z,1.3502748012542725,1.3509680032730103,1.3502565622329712,1.350785493850708
2026-09-11T05:30:00Z,1.3509132862091064,1.3514609336853027,1.3509132862091064,1.3511322736740112
2026-09-11T06:00:00Z,1.351643681526184,1.352649211883545,1.3514609336853027,1.3524662256240845
2026-09-11T06:30:00Z,1.3524296283721924,1.352630853652954,1.3519724607467651,1.3525028228759766
2026-09-11T07:00:00Z,1.3526124954223633,1.3526124954223633,1.351862907409668,1.3521919250488281
2026-09-11T07:30:00Z,1.3519724607467651,1.3521188497543335,1.3514609336853027,1.3516253232955933
2026-09-11T08:00:00Z,1.351643681526184,1.3517348766326904,1.3509862422943115,1.351022720336914
2026-09-11T08:30:00Z,1.3510591983795166,1.3511505126953125,1.3505666255950928,1.3506395816802979
2026-09-11T09:00:00Z,1.3506760597229004,1.3512600660324097,1.3499467372894287,1.3509496450424194
2026-09-11T09:30:00Z,1.3509132862091064,1.3509680032730103,1.3503841161727905,1.3508403301239014
2026-09-11T10:00:00Z,1.3509862422943115,1.3512600660324097,1.3505300283432007,1.350548267364502
2026-09-11T10:30:00Z,1.350621223449707,1.350621223449707,1.3502565622329712,1.3505300283432007
2026-09-11T11:00:00Z,1.3506760597229004,1.3510956764221191,1.3505300283432007,1.350694179534912
2026-09-11T11:30:00Z,1.3507671356201172,1.3508219718933105,1.3502929210662842,1.3502929210662842
2026-09-11T12:00:00Z,1.350584864616394,1.3516253232955933,1.350584864616394,1.3516253232955933
2026-09-11T12:30:00Z,1.3496005535125732,1.3522284030914307,1.3483812808990479,1.3522284030914307
2026-09-11T13:00:00Z,1.352539300918579,1.3528504371643066,1.3515704870224,1.3523198366165161
2026-09-11T13:30:00Z,1.3522101640701294,1.3533813953399658,1.3517532348632812,1.3533813953399658
2026-09-11T14:00:00Z,1.3528138399124146,1.3533447980880737,1.352539300918579,1.35255765914917
2026-09-11T14:30:00Z,1.3523015975952148,1.353051781654358,1.3522467613220215,1.3529969453811646
2026-09-11T15:00:00Z,1.3529419898986816,1.3531616926193237,1.3523746728897095,1.3524478673934937
2026-09-11T15:30:00Z,1.3522833585739136,1.3523015975952148,1.3518811464309692,1.3520822525024414
2026-09-11T16:00:00Z,1.3522284030914307,1.3526124954223633,1.3521736860275269,1.3523565530776978
2026-09-11T16:30:00Z,1.3523565530776978,1.3524844646453857,1.3521004915237427,1.3523930311203003
2026-09-11T17:00:00Z,1.3523015975952148,1.3524844646453857,1.3517898321151733,1.3522284030914307
2026-09-11T17:30:00Z,1.3523930311203003,1.352685809135437,1.352338194847107,1.3523746728897095
2026-09-11T18:00:00Z,1.3523565530776978,1.3528138399124146,1.3523198366165161,1.3526124954223633
2026-09-11T18:30:00Z,1.3525211811065674,1.3525211811065674,1.3519724607467651,1.3525028228759766
2026-09-11T19:00:00Z,1.3523930311203003,1.3528321981430054,1.3523930311203003,1.3526674509048462
2026-09-11T19:30:00Z,1.352685809135437,1.3527954816818237,1.3524662256240845,1.3527040481567383
2026-09-11T20:00:00Z,1.3527954816818237,1.3529053926467896,1.352594256401062,1.3527222871780396
2026-09-11T20:30:00Z,1.352649211883545,1.352868676185608,1.3523565530776978,1.352868676185608
2026-09-11T21:00:00Z,1.3528870344161987,1.3528870344161987,1.3528870344161987,1.3528870344161987
2026-09-13T23:00:00Z,1.3523198366165161,1.3525028228759766,1.3521004915237427,1.3522101640701294
2026-09-13T23:30:00Z,1.3522467613220215,1.352649211883545,1.3520638942718506,1.352594256401062
2026-09-14T00:00:00Z,1.3524296283721924,1.3527954816818237,1.3518263101577759,1.3518263101577759
2026-09-14T00:30:00Z,1.3517714738845825,1.3519724607467651,1.3516253232955933,1.3518811464309692
2026-09-14T01:00:00Z,1.351862907409668,1.3519177436828613,1.3513696193695068,1.3516801595687866
2026-09-14T01:30:00Z,1.351643681526184,1.3519177436828613,1.3513513803482056,1.3517532348632812
2026-09-14T02:00:00Z,1.3517167568206787,1.3519724607467651,1.3516618013381958,1.3516801595687866
2026-09-14T02:30:00Z,1.3517348766326904,1.3517348766326904,1.351278305053711,1.3512965440750122
2026-09-14T03:00:00Z,1.3511687517166138,1.3511687517166138,1.3506760597229004,1.3508949279785156
2026-09-14T03:30:00Z,1.3506760597229004,1.3506760597229004,1.3503841161727905,1.3506031036376953
2026-09-14T04:00:00Z,1.350584864616394,1.350712537765503,1.3503841161727905,1.3503841161727905
2026-09-14T04:30:00Z,1.3503477573394775,1.3506031036376953,1.3502565622329712,1.3504207134246826
2026-09-14T05:00:00Z,1.3504024744033813,1.3505300283432007,1.3501471281051636,1.3504024744033813
2026-09-14T05:30:00Z,1.3504389524459839,1.3506395816802979,1.3503658771514893,1.350621223449707
2026-09-14T06:00:00Z,1.350548267364502,1.350548267364502,1.3487632274627686,1.3493092060089111
2026-09-14T06:30:00Z,1.3492727279663086,1.3500925302505493,1.348981499671936,1.3491452932357788
2026-09-14T07:00:00Z,1.3490360975265503,1.3499102592468262,1.3488905429840088,1.3493273258209229
2026-09-14T07:30:00Z,1.3491452932357788,1.3495640754699707,1.34890878200531,1.3492363691329956
2026-09-14T08:00:00Z,1.349127173423767,1.349127173423767,1.34816312789917,1.3481813669204712
2026-09-14T08:30:00Z,1.3480178117752075,1.3484539985656738,1.3480178117752075,1.3484176397323608
2026-09-14T09:00:00Z,1.3485267162322998,1.348690390586853,1.347472906112671,1.3484176397323608
2026-09-14T09:30:00Z,1.3483994007110596,1.349127173423767,1.3479995727539062,1.3488178253173828
2026-09-14T10:00:00Z,1.3485448360443115,1.3485448360443115,1.3479087352752686,1.3483994007110596
2026-09-14T10:30:00Z,1.3484176397323608,1.3488723039627075,1.3483631610870361,1.348617672920227
2026-09-14T11:00:00Z,1.3486722707748413,1.3492909669876099,1.3486722707748413,1.3492544889450073
2026-09-14T11:30:00Z,1.3491089344024658,1.3496551513671875,1.3487449884414673,1.3490906953811646
2026-09-14T12:00:00Z,1.349199891090393,1.349545955657959,1.3487086296081543,1.3488178253173828
2026-09-14T12:30:00Z,1.3488178253173828,1.3488359451293945,1.3468376398086548,1.3468557596206665
2026-09-14T13:00:00Z,1.3469102382659912,1.3477089405059814,1.3465293645858765,1.3476543426513672
2026-09-14T13:30:00Z,1.347490906715393,1.3477634191513062,1.3468012809753418,1.3468376398086548
2026-09-14T14:00:00Z,1.3469645977020264,1.3481813669204712,1.3465837240219116,1.3472912311553955
2026-09-14T14:30:00Z,1.3474183082580566,1.3478723764419556,1.3472731113433838,1.3474546670913696
2026-09-14T15:00:00Z,1.3476543426513672,1.3486722707748413,1.3474183082580566,1.348126769065857
2026-09-14T15:30:00Z,1.3482539653778076,1.3493638038635254,1.348054051399231,1.3492909669876099
2026-09-14T16:00:00Z,1.3493820428848267,1.3496551513671875,1.3491452932357788,1.3494548797607422
2026-09-14T16:30:00Z,1.3495094776153564,1.3509132862091064,1.3493820428848267,1.3506031036376953
2026-09-14T17:00:00Z,1.350712537765503,1.3508949279785156,1.3504936695098877,1.3507671356201172
2026-09-14T17:30:00Z,1.350858449935913,1.3509862422943115,1.350548267364502,1.3508403301239014
2026-09-14T18:00:00Z,1.3508037328720093,1.3512052297592163,1.350694179534912,1.3509680032730103
2026-09-14T18:30:00Z,1.3510409593582153,1.3514060974121094,1.3510409593582153,1.35111403465271
2026-09-14T19:00:00Z,1.351186990737915,1.3512235879898071,1.3506760597229004,1.350712537765503
2026-09-14T19:30:00Z,1.3506395816802979,1.3506578207015991,1.3500559329986572,1.3500559329986572
2026-09-14T20:00:00Z,1.3499102592468262,1.3499284982681274,1.3496733903884888,1.349837303161621
2026-09-14T20:30:00Z,1.3498737812042236,1.3502200841903687,1.3497462272644043,1.3501107692718506
2026-09-14T21:00:00Z,1.3504570722579956,1.3510409593582153,1.3498190641403198,1.3498190641403198
2026-09-14T21:30:00Z,1.350201964378357,1.350548267364502,1.349727988243103,1.3499284982681274
2026-09-14T22:00:00Z,1.3500559329986572,1.3502565622329712,1.349837303161621,1.3500925302505493
2026-09-14T22:30:00Z,1.3502929210662842,1.3505300283432007,1.3502200841903687,1.3505300283432007
2026-09-14T23:00:00Z,1.3504024744033813,1.3504936695098877,1.3501653671264648,1.3502565622329712
2026-09-14T23:30:00Z,1.3502200841903687,1.3502200841903687,1.3499102592468262,1.3501653671264648
2026-09-15T00:00:00Z,1.3500378131866455,1.3500559329986572,1.34969162940979,1.34969162940979
2026-09-15T00:30:00Z,1.3497827053070068,1.3498190641403198,1.349545955657959,1.3496187925338745
2026-09-15T01:00:00Z,1.3494548797607422,1.3496551513671875,1.3488723039627075,1.34890878200531
2026-09-15T01:30:00Z,1.34890878200531,1.3489633798599243,1.3486357927322388,1.3486722707748413
2026-09-15T02:00:00Z,1.3487813472747803,1.34890878200531,1.3485630750656128,1.348617672920227
2026-09-15T02:30:00Z,1.348581314086914,1.348981499671936,1.3484176397323608,1.3489269018173218
2026-09-15T03:00:00Z,1.3489997386932373,1.3490360975265503,1.34865403175354,1.3487995862960815
2026-09-15T03:30:00Z,1.3487995862960815,1.3488905429840088,1.348617672920227,1.3486357927322388
2026-09-15T04:00:00Z,1.348617672920227,1.34865403175354,1.3483631610870361,1.3484176397323608
2026-09-15T04:30:00Z,1.3484176397323608,1.348726749420166,1.3483994007110596,1.348435878753662
2026-09-15T05:00:00Z,1.3485267162322998,1.34865403175354,1.3482903242111206,1.3484903573989868
2026-09-15T05:30:00Z,1.3483994007110596,1.348617672920227,1.348199486732483,1.3482539653778076
2026-09-15T06:00:00Z,1.348126769065857,1.3481448888778687,1.3472731113433838,1.3472731113433838
2026-09-15T06:30:00Z,1.3471460342407227,1.3471460342407227,1.3464930057525635,1.346982717514038
2026-09-15T07:00:00Z,1.3470735549926758,1.3477451801300049,1.346692442893982,1.3475998640060425
2026-09-15T07:30:00Z,1.3474546670913696,1.3479268550872803,1.3470553159713745,1.3479087352752686
2026-09-15T08:00:00Z,1.3479995727539062,1.3479995727539062,1.3470009565353394,1.3477997779846191
2026-09-15T08:30:00Z,1.3477451801300049,1.3479450941085815,1.3474546670913696,1.3474546670913696
2026-09-15T09:00:00Z,1.347563624382019,1.347563624382019,1.3468738794326782,1.347490906715393
2026-09-15T09:30:00Z,1.3473820686340332,1.34816312789917,1.347218632698059,1.3479450941085815
2026-09-15T10:00:00Z,1.3479633331298828,1.3479633331298828,1.347563624382019,1.3476543426513672
2026-09-15T10:30:00Z,1.3478178977966309,1.3479087352752686,1.3475091457366943,1.347563624382019
2026-09-15T11:00:00Z,1.347527265548706,1.3488723039627075,1.347527265548706,1.3488723039627075
2026-09-15T11:30:00Z,1.3488540649414062,1.3489633798599243,1.3482539653778076,1.3484903573989868
2026-09-15T12:00:00Z,1.3483631610870361,1.34865403175354,1.348126769065857,1.348235845565796
2026-09-15T12:30:00Z,1.3482539653778076,1.3488540649414062,1.3482539653778076,1.3483266830444336
2026-09-15T13:00:00Z,1.3483449220657349,1.3487086296081543,1.3481448888778687,1.3483994007110596
2026-09-15T13:30:00Z,1.348235845565796,1.3496551513671875,1.3480359315872192,1.3493820428848267
2026-09-15T14:00:00Z,1.3492727279663086,1.349436640739441,1.3487813472747803,1.3491816520690918
2026-09-15T14:30:00Z,1.3492909669876099,1.349545955657959,1.3488359451293945,1.3488359451293945
2026-09-15T15:00:00Z,1.3488723039627075,1.3490725755691528,1.3483449220657349,1.348581314086914
2026-09-15T15:30:00Z,1.3484721183776855,1.3484721183776855,1.347472906112671,1.3478904962539673
2026-09-15T16:00:00Z,1.3477815389633179,1.3479087352752686,1.3470735549926758,1.3473094701766968
2026-09-15T16:30:00Z,1.3473094701766968,1.34816312789917,1.3473094701766968,1.34816312789917
2026-09-15T17:00:00Z,1.3482722043991089,1.3482722043991089,1.3475091457366943,1.3476543426513672
2026-09-15T17:30:00Z,1.3476907014846802,1.3479450941085815,1.347472906112671,1.3475091457366943
2026-09-15T18:00:00Z,1.3475455045700073,1.3481813669204712,1.3473094701766968,1.3481813669204712
2026-09-15T18:30:00Z,1.3479995727539062,1.348126769065857,1.3476181030273438,1.348090410232544
2026-09-15T19:00:00Z,1.348090410232544,1.348090410232544,1.3476725816726685,1.3476907014846802
2026-09-15T19:30:00Z,1.3477451801300049,1.3479087352752686,1.3474183082580566,1.3474183082580566
2026-09-15T20:00:00Z,1.3474183082580566,1.3475091457366943,1.347182273864746,1.3472912311553955
2026-09-15T20:30:00Z,1.3473275899887085,1.3478178977966309,1.3472912311553955,1.3478178977966309
2026-09-15T21:00:00Z,1.3483812808990479,1.3483812808990479,1.3465293645858765,1.3470189571380615
2026-09-15T21:30:00Z,1.3472912311553955,1.3475998640060425,1.3471097946166992,1.3473820686340332
2026-09-15T22:00:00Z,1.3478904962539673,1.3479995727539062,1.3474364280700684,1.3477815389633179
2026-09-15T22:30:00Z,1.3478360176086426,1.3479268550872803,1.3476181030273438,1.3476543426513672
2026-09-15T23:00:00Z,1.3475998640060425,1.3475998640060425,1.3472368717193604,1.3473094701766968
2026-09-15T23:30:00Z,1.3473094701766968,1.347363829612732,1.3470009565353394,1.3471097946166992
2026-09-16T00:00:00Z,1.3471097946166992,1.347363829612732,1.3467469215393066,1.347127914428711
2026-09-16T00:30:00Z,1.347164273262024,1.3472005128860474,1.3467469215393066,1.3470189571380615
2026-09-16T01:00:00Z,1.346928358078003,1.3471097946166992,1.346728801727295,1.3469102382659912
2026-09-16T01:30:00Z,1.3469102382659912,1.3470189571380615,1.3465837240219116,1.3465837240219116
2026-09-16T02:00:00Z,1.346728801727295,1.347527265548706,1.346692442893982,1.3474183082580566
2026-09-16T02:30:00Z,1.3475998640060425,1.347981333732605,1.3475998640060425,1.3479633331298828
2026-09-16T03:00:00Z,1.3480722904205322,1.3482539653778076,1.3479450941085815,1.3480359315872192
2026-09-16T03:30:00Z,1.348054051399231,1.3480722904205322,1.3478178977966309,1.3480359315872192
2026-09-16T04:00:00Z,1.3480722904205322,1.3483449220657349,1.348054051399231,1.3483085632324219
2026-09-16T04:30:00Z,1.3483994007110596,1.348617672920227,1.3483631610870361,1.3484903573989868
2026-09-16T05:00:00Z,1.348508596420288,1.34890878200531,1.3483994007110596,1.3487995862960815
2026-09-16T05:30:00Z,1.3487813472747803,1.3495277166366577,1.348690390586853,1.3492363691329956
2026-09-16T06:00:00Z,1.3491089344024658,1.3491089344024658,1.3479268550872803,1.347981333732605
2026-09-16T06:30:00Z,1.3479995727539062,1.348090410232544,1.3476725816726685,1.348090410232544
2026-09-16T07:00:00Z,1.347981333732605,1.3482539653778076,1.3477451801300049,1.348054051399231
2026-09-16T07:30:00Z,1.3484539985656738,1.3484539985656738,1.347182273864746,1.347218632698059
2026-09-16T08:00:00Z,1.3471460342407227,1.347400188446045,1.3467469215393066,1.3472548723220825
2026-09-16T08:30:00Z,1.3470371961593628,1.3472005128860474,1.3470189571380615,1.347164273262024
2026-09-16T09:00:00Z,1.3470553159713745,1.3472005128860474,1.346819519996643,1.3470189571380615
2026-09-16T09:30:00Z,1.3470735549926758,1.3473820686340332,1.3468012809753418,1.3468012809753418
2026-09-16T10:00:00Z,1.3468738794326782,1.3470735549926758,1.3466562032699585,1.346819519996643
2026-09-16T10:30:00Z,1.3467469215393066,1.3471460342407227,1.346728801727295,1.3470189571380615
2026-09-16T11:00:00Z,1.347218632698059,1.347218632698059,1.3460942506790161,1.3465656042099
2026-09-16T11:30:00Z,1.3463480472564697,1.3465473651885986,1.345569133758545,1.3456414937973022
2026-09-16T12:00:00Z,1.3456414937973022,1.345750093460083,1.3448632955551147,1.3448632955551147
2026-09-16T12:30:00Z,1.345496654510498,1.3460400104522705,1.3452250957489014,1.3456957340240479
2026-09-16T13:00:00Z,1.3458044528961182,1.3461124897003174,1.3455146551132202,1.3456776142120361
2026-09-16T13:30:00Z,1.3456052541732788,1.3460761308670044,1.3450260162353516,1.3450260162353516
2026-09-16T14:00:00Z,1.3450441360473633,1.345587134361267,1.3446824550628662,1.3454604148864746
2026-09-16T14:30:00Z,1.345532774925232,1.3462392091751099,1.3452974557876587,1.345442295074463
2026-09-16T15:00:00Z,1.3454241752624512,1.3458406925201416,1.344881296157837,1.344881296157837
2026-09-16T15:30:00Z,1.3447548151016235,1.3450441360473633,1.3445558547973633,1.344573974609375
2026-09-16T16:00:00Z,1.3444474935531616,1.3450984954833984,1.3443390130996704,1.3448994159698486
2026-09-16T16:30:00Z,1.3448632955551147,1.3450080156326294,1.3446282148361206,1.3446282148361206
2026-09-16T17:00:00Z,1.3445558547973633,1.3445558547973633,1.344031810760498,1.344212532043457
2026-09-16T17:30:00Z,1.3442305326461792,1.3450803756713867,1.3442305326461792,1.3450803756713867
2026-09-16T18:00:00Z,1.3439956903457642,1.3439956903457642,1.3408420085906982,1.3411297798156738
2026-09-16T18:30:00Z,1.3407881259918213,1.3407881259918213,1.3382223844528198,1.3382223844528198
2026-09-16T19:00:00Z,1.33865225315094,1.3391542434692383,1.3374526500701904,1.337846279144287
2026-09-16T19:30:00Z,1.338114857673645,1.3389928340911865,1.338043212890625,1.3387060165405273
2026-09-16T20:00:00Z,1.3387060165405273,1.3389031887054443,1.3375600576400757,1.3377211093902588
2026-09-16T20:30:00Z,1.3377031087875366,1.3382940292358398,1.3377031087875366,1.338043212890625
2026-09-16T21:00:00Z,1.3380969762802124,1.3384552001953125,1.3378105163574219,1.338114857673645
2026-09-16T21:30:00Z,1.338043212890625,1.3384730815887451,1.337828516960144,1.3379179239273071
2026-09-16T22:00:00Z,1.337846279144287,1.3381685018539429,1.337524175643921,1.338043212890625
2026-09-16T22:30:00Z,1.3380253314971924,1.3384909629821777,1.3379895687103271,1.3380969762802124
2026-09-16T23:00:00Z,1.3379179239273071,1.338401436805725,1.3379179239273071,1.3382760286331177
2026-09-16T23:30:00Z,1.3382940292358398,1.3386164903640747,1.3382223844528198,1.3382223844528198
2026-09-17T00:00:00Z,1.338329792022705,1.3387418985366821,1.3380969762802124,1.3381506204605103
2026-09-17T00:30:00Z,1.3381328582763672,1.338258147239685,1.3372559547424316,1.3372738361358643
2026-09-17T01:00:00Z,1.3372559547424316,1.3379000425338745,1.337148666381836,1.3376315832138062
2026-09-17T01:30:00Z,1.3377211093902588,1.3378641605377197,1.3370771408081055,1.3371307849884033
2026-09-17T02:00:00Z,1.3373990058898926,1.3377031087875366,1.3373453617095947,1.33738112449646
2026-09-17T02:30:00Z,1.3374348878860474,1.337524175643921,1.3369877338409424,1.3371307849884033
2026-09-17T03:00:00Z,1.3371665477752686,1.3374885320663452,1.3370413780212402,1.3371307849884033
2026-09-17T03:30:00Z,1.3371665477752686,1.3375064134597778,1.337148666381836,1.3373990058898926
2026-09-17T04:00:00Z,1.337363362312317,1.337846279144287,1.337363362312317,1.3377389907836914
2026-09-17T04:30:00Z,1.3377211093902588,1.3381685018539429,1.3377211093902588,1.3381685018539429
2026-09-17T05:00:00Z,1.3381685018539429,1.3383656740188599,1.337882161140442,1.3381685018539429
2026-09-17T05:30:00Z,1.338240146636963,1.3383476734161377,1.3381506204605103,1.338186502456665
2026-09-17T06:00:00Z,1.3381506204605103,1.3393335342407227,1.3381328582763672,1.3392976522445679
2026-09-17T06:30:00Z,1.3393514156341553,1.3401951789855957,1.339064598083496,1.3399077653884888
2026-09-17T07:00:00Z,1.339818000793457,1.339818000793457,1.3391003608703613,1.3394052982330322
2026-09-17T07:30:00Z,1.3394052982330322,1.3394052982330322,1.3386881351470947,1.3389211893081665
2026-09-17T08:00:00Z,1.3388851881027222,1.3388851881027222,1.3380074501037598,1.3382223844528198
2026-09-17T08:30:00Z,1.338329792022705,1.3395847082138062,1.3382940292358398,1.3394949436187744
2026-09-17T09:00:00Z,1.3396027088165283,1.339925765991211,1.3393694162368774,1.339566707611084
2026-09-17T09:30:00Z,1.3394591808319092,1.3398001194000244,1.3393514156341553,1.3394231796264648
2026-09-17T10:00:00Z,1.3394949436187744,1.3404645919799805,1.3394949436187744,1.3404465913772583
2026-09-17T10:30:00Z,1.3404287099838257,1.3406083583831787,1.3400874137878418,1.3405184745788574
2026-09-17T11:00:00Z,1.339172124862671,1.339172124862671,1.3350778818130493,1.3366124629974365
2026-09-17T11:30:00Z,1.336523175239563,1.3372201919555664,1.3363802433013916,1.3370234966278076
2026-09-17T12:00:00Z,1.3370592594146729,1.3395488262176514,1.3370592594146729,1.3394770622253418
2026-09-17T12:30:00Z,1.3393694162368774,1.3393694162368774,1.338114857673645,1.3387060165405273
2026-09-17T13:00:00Z,1.3388315439224243,1.3388315439224243,1.337363362312317,1.3377211093902588
2026-09-17T13:30:00Z,1.337685227394104,1.3380253314971924,1.3372023105621338,1.3374168872833252
2026-09-17T14:00:00Z,1.3374168872833252,1.338043212890625,1.3363981246948242,1.3363981246948242
2026-09-17T14:30:00Z,1.336594581604004,1.336594581604004,1.3352560997009277,1.3353452682495117
2026-09-17T15:00:00Z,1.3354700803756714,1.3360053300857544,1.3350956439971924,1.3351491689682007
2026-09-17T15:30:00Z,1.3350778818130493,1.3350778818130493,1.333760142326355,1.3345789909362793
2026-09-17T16:00:00Z,1.334507703781128,1.3348283767700195,1.3339736461639404,1.3348283767700195
2026-09-17T16:30:00Z,1.3348817825317383,1.3351491689682007,1.334614634513855,1.334935188293457
2026-09-17T17:00:00Z,1.3348461389541626,1.335309624671936,1.3346501588821411,1.3351134061813354
2026-09-17T17:30:00Z,1.3352025747299194,1.3352738618850708,1.3346680402755737,1.3348817825317383
2026-09-17T18:00:00Z,1.335024356842041,1.3355236053466797,1.334935188293457,1.335309624671936
2026-09-17T18:30:00Z,1.3352917432785034,1.3356127738952637,1.335131287574768,1.335309624671936
2026-09-17T19:00:00Z,1.33539879322052,1.3357375860214233,1.3353809118270874,1.3357198238372803
2026-09-17T19:30:00Z,1.335755467414856,1.3359695672988892,1.335755467414856,1.3358268737792969
2026-09-17T20:00:00Z,1.3358982801437378,1.3358982801437378,1.3353630304336548,1.335594892501831
2026-09-17T20:30:00Z,1.3356306552886963,1.3358982801437378,1.335577130317688,1.3358447551727295
2026-09-17T21:00:00Z,1.3352025747299194,1.336112380027771,1.3351670503616333,1.3357198238372803
2026-09-17T21:30:00Z,1.335416555404663,1.3363088369369507,1.335416555404663,1.3356841802597046
2026-09-17T22:00:00Z,1.3356306552886963,1.3360588550567627,1.3356306552886963,1.3359339237213135
2026-09-17T22:30:00Z,1.3359695672988892,1.3360767364501953,1.3359161615371704,1.3359874486923218
2026-09-17T23:00:00Z,1.3359695672988892,1.336023211479187,1.3358982801437378,1.3359339237213135
2026-09-17T23:30:00Z,1.335951805114746,1.336023211479187,1.3356306552886963,1.3356306552886963
2026-09-18T00:00:00Z,1.335666298866272,1.3362016677856445,1.335666298866272,1.335951805114746
2026-09-18T00:30:00Z,1.3359339237213135,1.3362195491790771,1.3357733488082886,1.336112380027771
2026-09-18T01:00:00Z,1.3362374305725098,1.3363088369369507,1.3358268737792969,1.3358803987503052
2026-09-18T01:30:00Z,1.3359161615371704,1.3363088369369507,1.3357020616531372,1.3363088369369507
2026-09-18T02:00:00Z,1.3362195491790771,1.3362195491790771,1.3357912302017212,1.3359339237213135
2026-09-18T02:30:00Z,1.336023211479187,1.3360588550567627,1.3358089923858643,1.3359695672988892
2026-09-18T03:00:00Z,1.336112380027771,1.3367375135421753,1.336023211479187,1.3366482257843018
2026-09-18T03:30:00Z,1.3366303443908691,1.337327480316162,1.3366303443908691,1.3372559547424316
2026-09-18T04:00:00Z,1.3374526500701904,1.337595820426941,1.3372023105621338,1.3372023105621338
2026-09-18T04:30:00Z,1.3372738361358643,1.3372917175292969,1.3369699716567993,1.3369699716567993
2026-09-18T05:00:00Z,1.337095022201538,1.337095022201538,1.3365052938461304,1.3365052938461304
2026-09-18T05:30:00Z,1.3363802433013916,1.3363802433013916,1.3361481428146362,1.3362195491790771
2026-09-18T06:00:00Z,1.3365052938461304,1.3372738361358643,1.3364337682724,1.337238073348999
2026-09-18T06:30:00Z,1.337327480316162,1.337470531463623,1.3368983268737793,1.337095022201538
2026-09-18T07:00:00Z,1.337095022201538,1.3372917175292969,1.3364160060882568,1.3367018699645996
2026-09-18T07:30:00Z,1.3367018699645996,1.3371129035949707,1.3362016677856445,1.3367732763290405
2026-09-18T08:00:00Z,1.3367732763290405,1.3373095989227295,1.3367732763290405,1.3371307849884033
2026-09-18T08:30:00Z,1.3372559547424316,1.3372559547424316,1.3366124629974365,1.3371129035949707
2026-09-18T09:00:00Z,1.3371129035949707,1.337148666381836,1.3366124629974365,1.3366482257843018
2026-09-18T09:30:00Z,1.336683988571167,1.3372917175292969,1.3365768194198608,1.3371307849884033
2026-09-18T10:00:00Z,1.3370234966278076,1.3372023105621338,1.3367911577224731,1.3367911577224731
2026-09-18T10:30:00Z,1.336683988571167,1.336683988571167,1.3350956439971924,1.335416555404663
2026-09-18T11:00:00Z,1.3358089923858643,1.3364160060882568,1.3352917432785034,1.3352917432785034
2026-09-18T11:30:00Z,1.3352917432785034,1.335416555404663,1.3343474864959717,1.3347392082214355
2026-09-18T12:00:00Z,1.3347392082214355,1.3347392082214355,1.333653450012207,1.3337246179580688
2026-09-18T12:30:00Z,1.3337067365646362,1.335131287574768,1.3337067365646362,1.334935188293457
2026-09-18T13:00:00Z,1.334810495376587,1.3349530696868896,1.3343474864959717,1.3349530696868896
2026-09-18T13:30:00Z,1.335024356842041,1.335024356842041,1.334098219871521,1.3342229127883911
2026-09-18T14:00:00Z,1.3340091705322266,1.335006594657898,1.3340091705322266,1.335006594657898
2026-09-18T14:30:00Z,1.334917426109314,1.3364516496658325,1.334917426109314,1.336094617843628
2026-09-18T15:00:00Z,1.3358982801437378,1.3375064134597778,1.3357375860214233,1.3375064134597778
2026-09-18T15:30:00Z,1.3376315832138062,1.337667465209961,1.3368805646896362,1.337095022201538
2026-09-18T16:00:00Z,1.3371307849884033,1.3379895687103271,1.3369877338409424,1.3379536867141724
2026-09-18T16:30:00Z,1.3378641605377197,1.3385984897613525,1.3378641605377197,1.3382940292358398
2026-09-18T17:00:00Z,1.3384193181991577,1.339441180229187,1.3383656740188599,1.339261770248413
2026-09-18T17:30:00Z,1.3392258882522583,1.3394591808319092,1.3389211893081665,1.3389211893081665
2026-09-18T18:00:00Z,1.3390108346939087,1.3392258882522583,1.3388851881027222,1.3390285968780518
2026-09-18T18:30:00Z,1.339046597480774,1.3392976522445679,1.33879554271698,1.339046597480774
2026-09-18T19:00:00Z,1.3392438888549805,1.3397642374038696,1.339064598083496,1.339566707611084
2026-09-18T19:30:00Z,1.3395309448242188,1.339638590812683,1.3394231796264648,1.3394770622253418
2026-09-18T20:00:00Z,1.3395129442214966,1.3398540019989014,1.3394770622253418,1.3397642374038696
2026-09-18T20:30:00Z,1.3398001194000244,1.3398001194000244,1.3393694162368774,1.3394591808319092
2026-09-18T21:00:00Z,1.3393514156341553,1.3393514156341553,1.3393514156341553,1.3393514156341553
2026-09-20T23:00:00Z,1.3389748334884644,1.3391362428665161,1.3388315439224243,1.3391362428665161
2026-09-20T23:30:00Z,1.3391362428665161,1.3391542434692383,1.3388851881027222,1.3389031887054443
2026-09-21T00:00:00Z,1.3390285968780518,1.3391362428665161,1.3388315439224243,1.3391362428665161
2026-09-21T00:30:00Z,1.3391183614730835,1.3392438888549805,1.338849425315857,1.3389389514923096
2026-09-21T01:00:00Z,1.3388851881027222,1.339261770248413,1.3388851881027222,1.3391900062561035
2026-09-21T01:30:00Z,1.3391362428665161,1.3393335342407227,1.3389748334884644,1.3389748334884644
2026-09-21T02:00:00Z,1.3389748334884644,1.3390108346939087,1.3386701345443726,1.3386881351470947
2026-09-21T02:30:00Z,1.3386701345443726,1.3386881351470947,1.3382760286331177,1.338329792022705
2026-09-21T03:00:00Z,1.338329792022705,1.3387418985366821,1.338186502456665,1.3383835554122925
2026-09-21T03:30:00Z,1.338240146636963,1.3384909629821777,1.3382223844528198,1.338240146636963
2026-09-21T04:00:00Z,1.3382940292358398,1.338401436805725,1.337828516960144,1.337828516960144
2026-09-21T04:30:00Z,1.337685227394104,1.3380074501037598,1.3374348878860474,1.337846279144287
2026-09-21T05:00:00Z,1.3378105163574219,1.3379179239273071,1.3377211093902588,1.3377211093902588
2026-09-21T05:30:00Z,1.337685227394104,1.3378105163574219,1.337595820426941,1.3376137018203735
2026-09-21T06:00:00Z,1.3376494646072388,1.3379179239273071,1.337363362312317,1.3379179239273071
2026-09-21T06:30:00Z,1.3379179239273071,1.3383476734161377,1.3377389907836914,1.3377747535705566
2026-09-21T07:00:00Z,1.3377211093902588,1.3379358053207397,1.3369520902633667,1.3379179239273071
2026-09-21T07:30:00Z,1.3379179239273071,1.338240146636963,1.3376494646072388,1.3380612134933472
2026-09-21T08:00:00Z,1.338114857673645,1.33865225315094,1.3380612134933472,1.3385447263717651
2026-09-21T08:30:00Z,1.3385268449783325,1.3388851881027222,1.338258147239685,1.338311791419983
2026-09-21T09:00:00Z,1.3383476734161377,1.3387418985366821,1.3382760286331177,1.338401436805725
2026-09-21T09:30:00Z,1.3383656740188599,1.3386164903640747,1.3380969762802124,1.338329792022705
2026-09-21T10:00:00Z,1.3384193181991577,1.3385626077651978,1.338329792022705,1.3384909629821777
2026-09-21T10:30:00Z,1.3383476734161377,1.3385089635849,1.3380612134933472,1.3380612134933472
2026-09-21T11:00:00Z,1.3382043838500977,1.3389748334884644,1.3382043838500977,1.3389389514923096
2026-09-21T11:30:00Z,1.3389748334884644,1.3397642374038696,1.3388673067092896,1.3394231796264648
2026-09-21T12:00:00Z,1.3395129442214966,1.3400155305862427,1.3392976522445679,1.3392976522445679
2026-09-21T12:30:00Z,1.3393874168395996,1.3394231796264648,1.3389569520950317,1.339172124862671
2026-09-21T13:00:00Z,1.3392258882522583,1.3394591808319092,1.3391003608703613,1.3394052982330322
2026-09-21T13:30:00Z,1.339261770248413,1.339261770248413,1.3380612134933472,1.3380789756774902
2026-09-21T14:00:00Z,1.3380253314971924,1.3380253314971924,1.3370234966278076,1.337667465209961
2026-09-21T14:30:00Z,1.337828516960144,1.337828516960144,1.3372201919555664,1.3373990058898926
2026-09-21T15:00:00Z,1.3373990058898926,1.337524175643921,1.337148666381836,1.3372738361358643
2026-09-21T15:30:00Z,1.3372559547424316,1.3372559547424316,1.3367911577224731,1.3369877338409424
2026-09-21T16:00:00Z,1.337095022201538,1.337524175643921,1.3368805646896362,1.3372917175292969
2026-09-21T16:30:00Z,1.3372023105621338,1.3375064134597778,1.3369699716567993,1.3369699716567993
2026-09-21T17:00:00Z,1.3368269205093384,1.337327480316162,1.3368269205093384,1.3373095989227295
2026-09-21T17:30:00Z,1.3373453617095947,1.3373453617095947,1.3368269205093384,1.3370592594146729
2026-09-21T18:00:00Z,1.337005615234375,1.3373453617095947,1.3369877338409424,1.3371665477752686
2026-09-21T18:30:00Z,1.3371129035949707,1.3371129035949707,1.3365410566329956,1.3368090391159058
2026-09-21T19:00:00Z,1.3368805646896362,1.33738112449646,1.336844801902771,1.33738112449646
2026-09-21T19:30:00Z,1.3373453617095947,1.3374885320663452,1.3368805646896362,1.3368805646896362
2026-09-21T20:00:00Z,1.3367911577224731,1.3368983268737793,1.3367018699645996,1.3368983268737793
2026-09-21T20:30:00Z,1.3370592594146729,1.3371665477752686,1.336755394935608,1.3369340896606445
2026-09-21T21:00:00Z,1.3364875316619873,1.3374348878860474,1.3364696502685547,1.3368269205093384
2026-09-21T21:30:00Z,1.3368805646896362,1.3374348878860474,1.3365768194198608,1.3370234966278076
2026-09-21T22:00:00Z,1.336844801902771,1.3370234966278076,1.3367911577224731,1.337005615234375
2026-09-21T22:30:00Z,1.3369877338409424,1.3371129035949707,1.3369520902633667,1.337095022201538
2026-09-21T23:00:00Z,1.3370771408081055,1.3371307849884033,1.3368983268737793,1.3368983268737793
2026-09-21T23:30:00Z,1.3369699716567993,1.337095022201538,1.3367732763290405,1.336844801902771
2026-09-22T00:00:00Z,1.3368983268737793,1.3374168872833252,1.3368983268737793,1.3373095989227295
2026-09-22T00:30:00Z,1.3373095989227295,1.3376137018203735,1.3372201919555664,1.3374168872833252
2026-09-22T01:00:00Z,1.3375420570373535,1.3375420570373535,1.336844801902771,1.3370771408081055
2026-09-22T01:30:00Z,1.3369877338409424,1.3370771408081055,1.3363088369369507,1.3365410566329956
2026-09-22T02:00:00Z,1.3364696502685547,1.3374348878860474,1.3364696502685547,1.3374348878860474
2026-09-22T02:30:00Z,1.337363362312317,1.3375779390335083,1.3372738361358643,1.3374885320663452
2026-09-22T03:00:00Z,1.3375064134597778,1.3380612134933472,1.3373990058898926,1.3380612134933472
2026-09-22T03:30:00Z,1.3379716873168945,1.3384371995925903,1.3379716873168945,1.3383835554122925
2026-09-22T04:00:00Z,1.3382940292358398,1.3385089635849,1.3381685018539429,1.3383476734161377
2026-09-22T04:30:00Z,1.3384193181991577,1.3387418985366821,1.3383656740188599,1.3387418985366821
2026-09-22T05:00:00Z,1.33872389793396,1.3387597799301147,1.3384552001953125,1.3386164903640747
2026-09-22T05:30:00Z,1.33858060836792,1.33858060836792,1.3380612134933472,1.338186502456665
2026-09-22T06:00:00Z,1.3380789756774902,1.3380789756774902,1.3369520902633667,1.3371844291687012
2026-09-22T06:30:00Z,1.3371844291687012,1.3373453617095947,1.3368090391159058,1.3373453617095947
2026-09-22T07:00:00Z,1.337327480316162,1.3373990058898926,1.3366303443908691,1.337148666381836
2026-09-22T07:30:00Z,1.337005615234375,1.337005615234375,1.3357733488082886,1.3357733488082886
2026-09-22T08:00:00Z,1.3354700803756714,1.335559368133545,1.333742380142212,1.333742380142212
2026-09-22T08:30:00Z,1.333866834640503,1.3363802433013916,1.332924485206604,1.3356841802597046
2026-09-22T09:00:00Z,1.335666298866272,1.336112380027771,1.334917426109314,1.335666298866272
2026-09-22T09:30:00Z,1.3357198238372803,1.3371129035949707,1.3357020616531372,1.3371129035949707
2026-09-22T10:00:00Z,1.3369877338409424,1.337327480316162,1.3365589380264282,1.3366482257843018
2026-09-22T10:30:00Z,1.3366303443908691,1.3369699716567993,1.3363981246948242,1.3365052938461304
2026-09-22T11:00:00Z,1.3366124629974365,1.3366124629974365,1.335594892501831,1.335594892501831
2026-09-22T11:30:00Z,1.3357912302017212,1.336290955543518,1.3355236053466797,1.336112380027771
2026-09-22T12:00:00Z,1.3362016677856445,1.3370771408081055,1.3362016677856445,1.3368983268737793
2026-09-22T12:30:00Z,1.3369340896606445,1.3370413780212402,1.3354878425598145,1.335594892501831
2026-09-22T13:00:00Z,1.335594892501831,1.336290955543518,1.3354878425598145,1.3354878425598145
2026-09-22T13:30:00Z,1.335594892501831,1.336594581604004,1.335594892501831,1.33604097366333
2026-09-22T14:00:00Z,1.3359161615371704,1.3363088369369507,1.335006594657898,1.3356127738952637
2026-09-22T14:30:00Z,1.335755467414856,1.3357733488082886,1.3344542980194092,1.3346501588821411
2026-09-22T15:00:00Z,1.3347035646438599,1.3347035646438599,1.3337956666946411,1.3342050313949585
2026-09-22T15:30:00Z,1.3342229127883911,1.3342229127883911,1.3324095010757446,1.3324095010757446
2026-09-22T16:00:00Z,1.3324273824691772,1.332675814628601,1.3323030471801758,1.3324450254440308
2026-09-22T16:30:00Z,1.3323739767074585,1.333191156387329,1.3322319984436035,1.333191156387329
2026-09-22T17:00:00Z,1.3329601287841797,1.333031177520752,1.3323917388916016,1.3327292203903198
2026-09-22T17:30:00Z,1.3326935768127441,1.3334755897521973,1.3326226472854614,1.3333154916763306
2026-09-22T18:00:00Z,1.333191156387329,1.3337956666946411,1.333031177520752,1.3336000442504883
2026-09-22T18:30:00Z,1.333653450012207,1.3338135480880737,1.3332977294921875,1.3334577083587646
2026-09-22T19:00:00Z,1.3334933519363403,1.3342405557632446,1.3334933519363403,1.3342405557632446
2026-09-22T19:30:00Z,1.3342584371566772,1.3349530696868896,1.3342584371566772,1.334329605102539
2026-09-22T20:00:00Z,1.3343831300735474,1.3346680402755737,1.3342050313949585,1.3344186544418335
2026-09-22T20:30:00Z,1.3344186544418335,1.3345433473587036,1.3341693878173828,1.334329605102539
2026-09-22T21:00:00Z,1.3347749710083008,1.3348817825317383,1.334098219871521,1.3341338634490967
2026-09-22T21:30:00Z,1.3342584371566772,1.3351134061813354,1.3341693878173828,1.334507703781128
2026-09-22T22:00:00Z,1.3344186544418335,1.3345967531204224,1.334115982055664,1.3345967531204224
2026-09-22T22:30:00Z,1.3345611095428467,1.3345611095428467,1.334294080734253,1.334329605102539
2026-09-22T23:00:00Z,1.3343117237091064,1.3344720602035522,1.3342050313949585,1.3344007730484009
2026-09-22T23:30:00Z,1.3344186544418335,1.3346322774887085,1.3342761993408203,1.334294080734253
2026-09-23T00:00:00Z,1.334294080734253,1.3344365358352661,1.3339736461639404,1.3341338634490967
2026-09-23T00:30:00Z,1.334115982055664,1.334115982055664,1.3337956666946411,1.3338490724563599
2026-09-23T01:00:00Z,1.3338135480880737,1.3338135480880737,1.3327292203903198,1.3327292203903198
2026-09-23T01:30:00Z,1.332675814628601,1.3332089185714722,1.332675814628601,1.332746982574463
2026-09-23T02:00:00Z,1.3328534364700317,1.3328534364700317,1.332356333732605,1.332746982574463
2026-09-23T02:30:00Z,1.3327292203903198,1.332746982574463,1.332338571548462,1.3324627876281738
2026-09-23T03:00:00Z,1.3324273824691772,1.3324450254440308,1.3318239450454712,1.3322142362594604
2026-09-23T03:30:00Z,1.3321077823638916,1.3322497606277466,1.3316289186477661,1.3316289186477661
2026-09-23T04:00:00Z,1.3316465616226196,1.3320368528366089,1.3315402269363403,1.33193039894104
2026-09-23T04:30:00Z,1.3318594694137573,1.331948161125183,1.3315579891204834,1.3316643238067627
2026-09-23T05:00:00Z,1.3316465616226196,1.3318061828613281,1.3315757513046265,1.3317174911499023
2026-09-23T05:30:00Z,1.3316643238067627,1.3316997289657593,1.3311679363250732,1.3313274383544922
2026-09-23T06:00:00Z,1.3313274383544922,1.3315047025680542,1.3309199810028076,1.3313097953796387
2026-09-23T06:30:00Z,1.331256628036499,1.3322319984436035,1.331256628036499,1.3317352533340454
2026-09-23T07:00:00Z,1.3318594694137573,1.3318594694137573,1.331026315689087,1.3312920331954956
2026-09-23T07:30:00Z,1.3314337730407715,1.3314337730407715,1.3301587104797363,1.330247163772583
2026-09-23T08:00:00Z,1.3302648067474365,1.3305658102035522,1.3294159173965454,1.3305658102035522
2026-09-23T08:30:00Z,1.3306188583374023,1.3309022188186646,1.3303179740905762,1.3303179740905762
2026-09-23T09:00:00Z,1.3301587104797363,1.3301764726638794,1.3290449380874634,1.3290449380874634
2026-09-23T09:30:00Z,1.3291332721710205,1.3293099403381348,1.3280917406082153,1.32821524143219
2026-09-23T10:00:00Z,1.3280565738677979,1.3288507461547852,1.3280211687088013,1.3281975984573364
2026-09-23T10:30:00Z,1.328179955482483,1.32908034324646,1.3278449773788452,1.3289920091629028
2026-09-23T11:00:00Z,1.329186201095581,1.3296281099319458,1.3285329341888428,1.3285682201385498
2026-09-23T11:30:00Z,1.3286211490631104,1.3286211490631104,1.327492356300354,1.3280211687088013
2026-09-23T12:00:00Z,1.3280742168426514,1.3280742168426514,1.327316164970398,1.327351450920105
2026-09-23T12:30:00Z,1.3271929025650024,1.327492356300354,1.326453447341919,1.327492356300354
2026-09-23T13:00:00Z,1.3276333808898926,1.3286211490631104,1.326611876487732,1.3286211490631104
2026-09-23T13:30:00Z,1.3288860321044922,1.3288860321044922,1.3253107070922852,1.326189637184143
2026-09-23T14:00:00Z,1.3263126611709595,1.326576590538025,1.324959635734558,1.324959635734558
2026-09-23T14:30:00Z,1.3252054452896118,1.3267878293991089,1.3250298500061035,1.3264182806015015
2026-09-23T15:00:00Z,1.3265414237976074,1.3265942335128784,1.3257501125335693,1.3257851600646973
2026-09-23T15:30:00Z,1.3257148265838623,1.3257148265838623,1.3248894214630127,1.3252229690551758
2026-09-23T16:00:00Z,1.3251702785491943,1.3253810405731201,1.3248015642166138,1.3249948024749756
2026-09-23T16:30:00Z,1.3249948024749756,1.325065016746521,1.3231889009475708,1.3233815431594849
2026-09-23T17:00:00Z,1.323346495628357,1.323766827583313,1.3224713802337646,1.3236092329025269
2026-09-23T17:30:00Z,1.323784351348877,1.3255040645599365,1.323276400566101,1.3252933025360107
2026-09-23T18:00:00Z,1.3253107070922852,1.325398564338684,1.3239597082138062,1.3239597082138062
2026-09-23T18:30:00Z,1.3239772319793701,1.3244155645370483,1.3239597082138062,1.324257731437683
2026-09-23T19:00:00Z,1.3243454694747925,1.3245558738708496,1.3239597082138062,1.324275255203247
2026-09-23T19:30:00Z,1.324275255203247,1.3245033025741577,1.3241699934005737,1.3242226839065552
2026-09-23T20:00:00Z,1.3241876363754272,1.3246787786483765,1.3241175413131714,1.3242051601409912
2026-09-23T20:30:00Z,1.3242402076721191,1.3242928981781006,1.3238195180892944,1.324082374572754
2026-09-23T21:00:00Z,1.3239597082138062,1.324643611907959,1.3239597082138062,1.3243980407714844
2026-09-23T21:30:00Z,1.3245735168457031,1.324959635734558,1.3242051601409912,1.3242928981781006
2026-09-23T22:00:00Z,1.3240649700164795,1.3243629932403564,1.3240649700164795,1.324310302734375
2026-09-23T22:30:00Z,1.324327826499939,1.3243805170059204,1.3241876363754272,1.3242402076721191
2026-09-23T23:00:00Z,1.3242051601409912,1.324327826499939,1.3238019943237305,1.3238195180892944
2026-09-23T23:30:00Z,1.3238544464111328,1.3241350650787354,1.323766827583313,1.3239071369171143
2026-09-24T00:00:00Z,1.3238896131515503,1.3240649700164795,1.3230663537979126,1.323346495628357
2026-09-24T00:30:00Z,1.323328971862793,1.323364019393921,1.3224189281463623,1.3227863311767578
2026-09-24T01:00:00Z,1.3229262828826904,1.3236618041992188,1.3229262828826904,1.3231713771820068
2026-09-24T01:30:00Z,1.3232413530349731,1.3237318992614746,1.323101282119751,1.3231889009475708
2026-09-24T02:00:00Z,1.323258876800537,1.323258876800537,1.322558879852295,1.3231538534164429
2026-09-24T02:30:00Z,1.323258876800537,1.324327826499939,1.323258876800537,1.324275255203247
2026-09-24T03:00:00Z,1.324310302734375,1.3245033025741577,1.3238544464111328,1.3238544464111328
2026-09-24T03:30:00Z,1.3238195180892944,1.3238720893859863,1.323556661605835,1.323574185371399
2026-09-24T04:00:00Z,1.323521614074707,1.3239597082138062,1.3233815431594849,1.3239597082138062
2026-09-24T04:30:00Z,1.3239245414733887,1.3245209455490112,1.3239071369171143,1.3242928981781006
2026-09-24T05:00:00Z,1.3242051601409912,1.3244681358337402,1.323994755744934,1.3241350650787354
2026-09-24T05:30:00Z,1.3241876363754272,1.3243805170059204,1.323364019393921,1.323364019393921
2026-09-24T06:00:00Z,1.323293924331665,1.324959635734558,1.323293924331665,1.3247489929199219
2026-09-24T06:30:00Z,1.324731469154358,1.324731469154358,1.324029803276062,1.324275255203247
2026-09-24T07:00:00Z,1.3245033025741577,1.3247138261795044,1.324047327041626,1.3247138261795044
2026-09-24T07:30:00Z,1.3248367309570312,1.3256269693374634,1.3242402076721191,1.3248367309570312
2026-09-24T08:00:00Z,1.3247840404510498,1.3255391120910645,1.3240649700164795,1.3240649700164795
2026-09-24T08:30:00Z,1.3238720893859863,1.3246086835861206,1.3231364488601685,1.323784351348877
2026-09-24T09:00:00Z,1.3237318992614746,1.3241175413131714,1.3229613304138184,1.323118805885315
2026-09-24T09:30:00Z,1.3232413530349731,1.323293924331665,1.3226463794708252,1.322873830795288
2026-09-24T10:00:00Z,1.322908878326416,1.3230137825012207,1.3215277194976807,1.3218945264816284
2026-09-24T10:30:00Z,1.321754813194275,1.3229262828826904,1.321754813194275,1.3229262828826904
2026-09-24T11:00:00Z,1.3229262828826904,1.3231889009475708,1.3224014043807983,1.3231364488601685
2026-09-24T11:30:00Z,1.323083758354187,1.323083758354187,1.3221741914749146,1.3221917152404785
2026-09-24T12:00:00Z,1.3222790956497192,1.3225239515304565,1.321754813194275,1.3222790956497192
2026-09-24T12:30:00Z,1.3221741914749146,1.323311448097229,1.3215800523757935,1.323311448097229
2026-09-24T13:00:00Z,1.3232413530349731,1.323364019393921,1.3218945264816284,1.3218945264816284
2026-09-24T13:30:00Z,1.3217896223068237,1.322383999824524,1.3217896223068237,1.3222440481185913
2026-09-24T14:00:00Z,1.3220343589782715,1.3226639032363892,1.3215975761413574,1.3216325044631958
2026-09-24T14:30:00Z,1.32144033908844,1.3219294548034668,1.3211959600448608,1.3218246698379517
2026-09-24T15:00:00Z,1.32185959815979,1.3220168352127075,1.3211086988449097,1.3217023611068726
2026-09-24T15:30:00Z,1.3217896223068237,1.3217896223068237,1.3210563659667969,1.3214752674102783
2026-09-24T16:00:00Z,1.3216849565505981,1.3239772319793701,1.3213355541229248,1.3236092329025269
2026-09-24T16:30:00Z,1.323591709136963,1.3238019943237305,1.3229438066482544,1.3230137825012207
2026-09-24T17:00:00Z,1.322873830795288,1.3234341144561768,1.3220866918563843,1.3221217393875122
2026-09-24T17:30:00Z,1.3221217393875122,1.3222790956497192,1.3211959600448608,1.3213355541229248
2026-09-24T18:00:00Z,1.321300745010376,1.3221042156219482,1.3205852508544922,1.3220518827438354
2026-09-24T18:30:00Z,1.3220692873001099,1.3221392631530762,1.3215277194976807,1.3218945264816284
2026-09-24T19:00:00Z,1.3217896223068237,1.3219120502471924,1.3212658166885376,1.3216150999069214
2026-09-24T19:30:00Z,1.3215277194976807,1.3220692873001099,1.3215277194976807,1.3220692873001099
2026-09-24T20:00:00Z,1.3220866918563843,1.3221042156219482,1.321283221244812,1.3213878870010376
2026-09-24T20:30:00Z,1.3213181495666504,1.3219819068908691,1.3212482929229736,1.3219120502471924
2026-09-24T21:00:00Z,1.3213355541229248,1.3220518827438354,1.3213355541229248,1.321719765663147
2026-09-24T21:30:00Z,1.3216674327850342,1.3221217393875122,1.3213878870010376,1.32144033908844
2026-09-24T22:00:00Z,1.3216674327850342,1.3219469785690308,1.3214927911758423,1.3216674327850342
2026-09-24T22:30:00Z,1.3216325044631958,1.3217023611068726,1.321562647819519,1.3217023611068726
2026-09-24T23:00:00Z,1.3216325044631958,1.3216849565505981,1.3214752674102783,1.3215800523757935
2026-09-24T23:30:00Z,1.3215800523757935,1.321754813194275,1.321038842201233,1.321038842201233
2026-09-25T00:00:00Z,1.3210737705230713,1.3213355541229248,1.3210214376449585,1.3212658166885376
2026-09-25T00:30:00Z,1.3212308883666992,1.3215975761413574,1.3210563659667969,1.3215975761413574
2026-09-25T01:00:00Z,1.3214752674102783,1.3223490715026855,1.3214752674102783,1.3218770027160645
2026-09-25T01:30:00Z,1.3218421936035156,1.3218945264816284,1.3213706016540527,1.3214927911758423
2026-09-25T02:00:00Z,1.321562647819519,1.3219294548034668,1.321545124053955,1.3218071460723877
2026-09-25T02:30:00Z,1.3217896223068237,1.3218071460723877,1.3213706016540527,1.3213878870010376
2026-09-25T03:00:00Z,1.3213706016540527,1.3213878870010376,1.3211784362792969,1.3211959600448608
2026-09-25T03:30:00Z,1.3211784362792969,1.3212658166885376,1.3210737705230713,1.3212482929229736
2026-09-25T04:00:00Z,1.3211959600448608,1.3213706016540527,1.321126103401184,1.3212482929229736
2026-09-25T04:30:00Z,1.3212482929229736,1.3214229345321655,1.3211959600448608,1.3213355541229248
2026-09-25T05:00:00Z,1.3213355541229248,1.3217023611068726,1.321300745010376,1.321562647819519
2026-09-25T05:30:00Z,1.3214752674102783,1.3220168352127075,1.3214752674102783,1.3217896223068237
2026-09-25T06:00:00Z,1.3218770027160645,1.3229262828826904,1.3217722177505493,1.3228213787078857
2026-09-25T06:30:00Z,1.3228389024734497,1.322873830795288,1.3222966194152832,1.3224713802337646
2026-09-25T07:00:00Z,1.3225064277648926,1.3225939273834229,1.3218071460723877,1.321999430656433
2026-09-25T07:30:00Z,1.3221566677093506,1.323083758354187,1.3221566677093506,1.323083758354187
2026-09-25T08:00:00Z,1.3231538534164429,1.3240649700164795,1.3229438066482544,1.3236618041992188
2026-09-25T08:30:00Z,1.323556661605835,1.3238720893859863,1.3231538534164429,1.3233989477157593
2026-09-25T09:00:00Z,1.323346495628357,1.3238896131515503,1.3231538534164429,1.3232413530349731
2026-09-25T09:30:00Z,1.323258876800537,1.3240998983383179,1.3232239484786987,1.3240998983383179
2026-09-25T10:00:00Z,1.3240998983383179,1.3249948024749756,1.3240998983383179,1.3244857788085938
2026-09-25T10:30:00Z,1.3245033025741577,1.3247665166854858,1.3242928981781006,1.3244857788085938
2026-09-25T11:00:00Z,1.3244332075119019,1.3257324695587158,1.3244332075119019,1.3254337310791016
2026-09-25T11:30:00Z,1.3253810405731201,1.325556755065918,1.324977159500122,1.3251702785491943
2026-09-25T12:00:00Z,1.3250473737716675,1.3257148265838623,1.3248192071914673,1.3257148265838623
2026-09-25T12:30:00Z,1.3255919218063354,1.3257676362991333,1.3252581357955933,1.3256094455718994
2026-09-25T13:00:00Z,1.3258028030395508,1.326277494430542,1.3251526355743408,1.3251878023147583
2026-09-25T13:30:00Z,1.324977159500122,1.3258379697799683,1.324977159500122,1.3253810405731201
2026-09-25T14:00:00Z,1.325398564338684,1.325398564338684,1.3242051601409912,1.324257731437683
2026-09-25T14:30:00Z,1.324082374572754,1.3250824213027954,1.324082374572754,1.3245558738708496
2026-09-25T15:00:00Z,1.3244857788085938,1.324643611907959,1.323346495628357,1.324012279510498
2026-09-25T15:30:00Z,1.324327826499939,1.3244332075119019,1.3229963779449463,1.3243805170059204
2026-09-25T16:00:00Z,1.3249419927597046,1.326189637184143,1.3247665166854858,1.325065016746521
2026-09-25T16:30:00Z,1.3252933025360107,1.3252933025360107,1.3239421844482422,1.3243629932403564
2026-09-25T17:00:00Z,1.324310302734375,1.3245735168457031,1.3241699934005737,1.3241699934005737
2026-09-25T17:30:00Z,1.3242226839065552,1.3246612548828125,1.324082374572754,1.3242226839065552
2026-09-25T18:00:00Z,1.324257731437683,1.3250473737716675,1.324257731437683,1.3247840404510498
2026-09-25T18:30:00Z,1.3249244689941406,1.3254337310791016,1.3248367309570312,1.3250824213027954
2026-09-25T19:00:00Z,1.3252404928207397,1.3254162073135376,1.3248894214630127,1.325117588043213
2026-09-25T19:30:00Z,1.3250824213027954,1.325468897819519,1.3249948024749756,1.3249948024749756
2026-09-25T20:00:00Z,1.324959635734558,1.325100064277649,1.3245209455490112,1.3245558738708496
2026-09-25T20:30:00Z,1.3245383501052856,1.3248367309570312,1.3244332075119019,1.3245209455490112
2026-09-25T21:00:00Z,1.324643611907959,1.324643611907959,1.324643611907959,1.324643611907959
2026-09-27T23:00:00Z,1.3226814270019531,1.3229438066482544,1.3225764036178589,1.3229438066482544
2026-09-27T23:30:00Z,1.3229963779449463,1.3229963779449463,1.3224364519119263,1.322891354560852
2026-09-28T00:00:00Z,1.3228563070297241,1.3237143754959106,1.3228563070297241,1.3232064247131348
2026-09-28T00:30:00Z,1.3232239484786987,1.3238370418548584,1.3230313062667847,1.3237494230270386
2026-09-28T01:00:00Z,1.3237318992614746,1.324047327041626,1.3233989477157593,1.324029803276062
2026-09-28T01:30:00Z,1.3239245414733887,1.3244155645370483,1.3238195180892944,1.3243629932403564
2026-09-28T02:00:00Z,1.324310302734375,1.324643611907959,1.3242928981781006,1.3243980407714844
2026-09-28T02:30:00Z,1.3242928981781006,1.3244507312774658,1.324257731437683,1.3243454694747925
2026-09-28T03:00:00Z,1.3244332075119019,1.3246963024139404,1.324327826499939,1.3245033025741577
2026-09-28T03:30:00Z,1.3245209455490112,1.3245735168457031,1.3241175413131714,1.324275255203247
2026-09-28T04:00:00Z,1.3241876363754272,1.3246963024139404,1.3241876363754272,1.3245558738708496
2026-09-28T04:30:00Z,1.324591040611267,1.3248015642166138,1.3243805170059204,1.3243980407714844
2026-09-28T05:00:00Z,1.3244155645370483,1.3245209455490112,1.3242226839065552,1.3245033025741577
2026-09-28T05:30:00Z,1.3244155645370483,1.3247489929199219,1.3236967325210571,1.3240998983383179
2026-09-28T06:00:00Z,1.323994755744934,1.323994755744934,1.323276400566101,1.3233989477157593
2026-09-28T06:30:00Z,1.3233989477157593,1.3243454694747925,1.323293924331665,1.3242051601409912
2026-09-28T07:00:00Z,1.324012279510498,1.324959635734558,1.3237143754959106,1.324959635734558
2026-09-28T07:30:00Z,1.3251352310180664,1.3266997337341309,1.3251352310180664,1.3264886140823364
2026-09-28T08:00:00Z,1.3266997337341309,1.327087163925171,1.3263126611709595,1.3263126611709595
2026-09-28T08:30:00Z,1.3262423276901245,1.327351450920105,1.326189637184143,1.3268934488296509
2026-09-28T09:00:00Z,1.3266997337341309,1.3267173767089844,1.326435923576355,1.326629400253296
2026-09-28T09:30:00Z,1.3264886140823364,1.3265942335128784,1.3257851600646973,1.3258379697799683
2026-09-28T10:00:00Z,1.3258379697799683,1.3258379697799683,1.32501220703125,1.325398564338684
2026-09-28T10:30:00Z,1.3255391120910645,1.3259786367416382,1.3253107070922852,1.3259786367416382
2026-09-28T11:00:00Z,1.3258203268051147,1.3265942335128784,1.325100064277649,1.3265942335128784
2026-09-28T11:30:00Z,1.326470971107483,1.326735019683838,1.3257851600646973,1.326277494430542
2026-09-28T12:00:00Z,1.3262423276901245,1.326735019683838,1.3258379697799683,1.3260489702224731
2026-09-28T12:30:00Z,1.3260489702224731,1.326189637184143,1.3251352310180664,1.3258379697799683
2026-09-28T13:00:00Z,1.3256269693374634,1.3256269693374634,1.3246086835861206,1.3253283500671387
2026-09-28T13:30:00Z,1.3254162073135376,1.326981544494629,1.3251878023147583,1.326470971107483
2026-09-28T14:00:00Z,1.326400637626648,1.3274219036102295,1.326400637626648,1.3266470432281494
2026-09-28T14:30:00Z,1.3267173767089844,1.3267173767089844,1.3246612548828125,1.3248894214630127
2026-09-28T15:00:00Z,1.3251526355743408,1.3256094455718994,1.3248542547225952,1.3256094455718994
2026-09-28T15:30:00Z,1.3255391120910645,1.3259258270263672,1.3252933025360107,1.3256269693374634
2026-09-28T16:00:00Z,1.325486421585083,1.3280211687088013,1.3253107070922852,1.327527642250061
2026-09-28T16:30:00Z,1.3273690938949585,1.3273690938949585,1.326136827468872,1.3265414237976074
2026-09-28T17:00:00Z,1.326470971107483,1.3275628089904785,1.326189637184143,1.326576590538025
2026-09-28T17:30:00Z,1.326611876487732,1.3269286155700684,1.326435923576355,1.3267173767089844
2026-09-28T18:00:00Z,1.3267173767089844,1.3268407583236694,1.326189637184143,1.326189637184143
2026-09-28T18:30:00Z,1.326207160949707,1.326259970664978,1.3257148265838623,1.326084017753601
2026-09-28T19:00:00Z,1.3260489702224731,1.3260489702224731,1.3255391120910645,1.3258906602859497
2026-09-28T19:30:00Z,1.3258379697799683,1.3259083032608032,1.3251702785491943,1.3251702785491943
2026-09-28T20:00:00Z,1.3252404928207397,1.325398564338684,1.3249948024749756,1.32501220703125
2026-09-28T20:30:00Z,1.325100064277649,1.3256973028182983,1.325100064277649,1.3256973028182983
2026-09-28T21:00:00Z,1.3260136842727661,1.326453447341919,1.3253635168075562,1.3256973028182983
2026-09-28T21:30:00Z,1.3255919218063354,1.3257324695587158,1.3255040645599365,1.3256797790527344
2026-09-28T22:00:00Z,1.325486421585083,1.3258730173110962,1.325486421585083,1.3257148265838623
2026-09-28T22:30:00Z,1.3257148265838623,1.3257148265838623,1.3253810405731201,1.325398564338684
2026-09-28T23:00:00Z,1.325468897819519,1.3255040645599365,1.3253458738327026,1.325468897819519
2026-09-28T23:30:00Z,1.3254162073135376,1.3256269693374634,1.3253283500671387,1.3254162073135376
2026-09-29T00:00:00Z,1.3252404928207397,1.3252756595611572,1.3244155645370483,1.3244507312774658
2026-09-29T00:30:00Z,1.3246086835861206,1.3249069452285767,1.3245209455490112,1.3247489929199219
2026-09-29T01:00:00Z,1.3246787786483765,1.3250473737716675,1.3246787786483765,1.3250298500061035
2026-09-29T01:30:00Z,1.324959635734558,1.325117588043213,1.324643611907959,1.3248894214630127
2026-09-29T02:00:00Z,1.3249244689941406,1.325556755065918,1.3248894214630127,1.3252054452896118
2026-09-29T02:30:00Z,1.3251878023147583,1.3255040645599365,1.3250298500061035,1.325065016746521
2026-09-29T03:00:00Z,1.3250824213027954,1.3251352310180664,1.3248192071914673,1.32501220703125
2026-09-29T03:30:00Z,1.3248717784881592,1.3248717784881592,1.323994755744934,1.324047327041626
2026-09-29T04:00:00Z,1.324029803276062,1.3242402076721191,1.3239597082138062,1.3240649700164795
2026-09-29T04:30:00Z,1.3242402076721191,1.324257731437683,1.3234516382217407,1.3236267566680908
2026-09-29T05:00:00Z,1.3237318992614746,1.3240998983383179,1.3236092329025269,1.3239071369171143
2026-09-29T05:30:00Z,1.3238019943237305,1.3238019943237305,1.323083758354187,1.323364019393921
2026-09-29T06:00:00Z,1.323591709136963,1.3244681358337402,1.3233815431594849,1.3238370418548584
2026-09-29T06:30:00Z,1.3237318992614746,1.3241876363754272,1.323574185371399,1.324012279510498
2026-09-29T07:00:00Z,1.3240649700164795,1.324275255203247,1.323591709136963,1.3239071369171143
2026-09-29T07:30:00Z,1.3238896131515503,1.3238896131515503,1.3227863311767578,1.323364019393921
2026-09-29T08:00:00Z,1.3234516382217407,1.3241175413131714,1.3229788541793823,1.323766827583313
2026-09-29T08:30:00Z,1.323574185371399,1.3236793279647827,1.3229963779449463,1.3236618041992188
2026-09-29T09:00:00Z,1.323784351348877,1.323784351348877,1.3226463794708252,1.3227163553237915
2026-09-29T09:30:00Z,1.3225939273834229,1.3229788541793823,1.3223140239715576,1.3223315477371216
2026-09-29T10:00:00Z,1.322383999824524,1.3232413530349731,1.3222615718841553,1.3232413530349731
2026-09-29T10:30:00Z,1.323311448097229,1.3238370418548584,1.323083758354187,1.3238370418548584
2026-09-29T11:00:00Z,1.3239597082138062,1.3241175413131714,1.323311448097229,1.3241175413131714
2026-09-29T11:30:00Z,1.3241876363754272,1.324591040611267,1.3239071369171143,1.324591040611267
2026-09-29T12:00:00Z,1.3246086835861206,1.3252404928207397,1.3238195180892944,1.3238896131515503
2026-09-29T12:30:00Z,1.323766827583313,1.3238370418548584,1.3224713802337646,1.3224713802337646
2026-09-29T13:00:00Z,1.3228038549423218,1.323258876800537,1.3225939273834229,1.3228213787078857
2026-09-29T13:30:00Z,1.3225939273834229,1.323311448097229,1.32185959815979,1.3225764036178589
2026-09-29T14:00:00Z,1.3227514028549194,1.3230488300323486,1.3223490715026855,1.3227163553237915
2026-09-29T14:30:00Z,1.3226114511489868,1.3226988315582275,1.3215975761413574,1.3215975761413574
2026-09-29T15:00:00Z,1.3214927911758423,1.3216325044631958,1.3203063011169434,1.3204632997512817
2026-09-29T15:30:00Z,1.3205852508544922,1.3212482929229736,1.3204457759857178,1.3211086988449097
2026-09-29T16:00:00Z,1.321126103401184,1.3214927911758423,1.3208295106887817,1.3214927911758423
2026-09-29T16:30:00Z,1.3214927911758423,1.3216674327850342,1.3206201791763306,1.3206201791763306
2026-09-29T17:00:00Z,1.3205678462982178,1.3211086988449097,1.3205678462982178,1.3210737705230713
2026-09-29T17:30:00Z,1.3210214376449585,1.3211959600448608,1.3205678462982178,1.3206201791763306
2026-09-29T18:00:00Z,1.321562647819519,1.3229613304138184,1.321562647819519,1.3228213787078857
2026-09-29T18:30:00Z,1.3226288557052612,1.3234516382217407,1.3224014043807983,1.3229262828826904
2026-09-29T19:00:00Z,1.322908878326416,1.3231364488601685,1.3225764036178589,1.3229262828826904
2026-09-29T19:30:00Z,1.3229262828826904,1.3231889009475708,1.3226814270019531,1.322908878326416
2026-09-29T20:00:00Z,1.3229262828826904,1.3231713771820068,1.3226114511489868,1.3226639032363892
2026-09-29T20:30:00Z,1.3227338790893555,1.3234164714813232,1.3227163553237915,1.3232064247131348
2026-09-29T21:00:00Z,1.3228563070297241,1.3234690427780151,1.3226288557052612,1.3229788541793823
2026-09-29T21:30:00Z,1.3229438066482544,1.323101282119751,1.3226288557052612,1.3228038549423218
2026-09-29T22:00:00Z,1.323083758354187,1.3231364488601685,1.3227688074111938,1.3227688074111938
2026-09-29T22:30:00Z,1.3226988315582275,1.3228389024734497,1.3226463794708252,1.3227338790893555
2026-09-29T23:00:00Z,1.3226288557052612,1.3229262828826904,1.322558879852295,1.3228563070297241
2026-09-29T23:30:00Z,1.3228389024734497,1.3230313062667847,1.3226814270019531,1.3230137825012207
2026-09-30T00:00:00Z,1.3229963779449463,1.3229963779449463,1.3225764036178589,1.3228213787078857
2026-09-30T00:30:00Z,1.3228213787078857,1.3231364488601685,1.3226463794708252,1.3229438066482544
2026-09-30T01:00:00Z,1.322908878326416,1.3232413530349731,1.322541356086731,1.3232413530349731
2026-09-30T01:30:00Z,1.3229613304138184,1.3232413530349731,1.3225939273834229,1.3227514028549194
2026-09-30T02:00:00Z,1.322908878326416,1.323118805885315,1.3226639032363892,1.3229262828826904
2026-09-30T02:30:00Z,1.322908878326416,1.3234516382217407,1.3228563070297241,1.3234516382217407
2026-09-30T03:00:00Z,1.323486566543579,1.323486566543579,1.3231538534164429,1.323311448097229
2026-09-30T03:30:00Z,1.323311448097229,1.323311448097229,1.3226288557052612,1.3226639032363892
2026-09-30T04:00:00Z,1.3226288557052612,1.3228213787078857,1.3225064277648926,1.3225064277648926
2026-09-30T04:30:00Z,1.3224364519119263,1.3227688074111938,1.3223490715026855,1.3227338790893555
2026-09-30T05:00:00Z,1.3228563070297241,1.3234341144561768,1.3227514028549194,1.3234164714813232
2026-09-30T05:30:00Z,1.3234690427780151,1.3247138261795044,1.3234690427780151,1.3246086835861206
2026-09-30T06:00:00Z,1.3253107070922852,1.326084017753601,1.3252229690551758,1.3259609937667847
2026-09-30T06:30:00Z,1.325644612312317,1.3260489702224731,1.3247665166854858,1.3255215883255005
2026-09-30T07:00:00Z,1.325468897819519,1.3278449773788452,1.325468897819519,1.3269462585449219
2026-09-30T07:30:00Z,1.3270519971847534,1.3270519971847534,1.3261544704437256,1.326559066772461
2026-09-30T08:00:00Z,1.3264886140823364,1.326981544494629,1.3256269693374634,1.326823115348816
2026-09-30T08:30:00Z,1.3270519971847534,1.3276333808898926,1.3266470432281494,1.3275980949401855
2026-09-30T09:00:00Z,1.3274219036102295,1.3279154300689697,1.3266997337341309,1.32722806930542
2026-09-30T09:30:00Z,1.3271929025650024,1.3282681703567505,1.3269110918045044,1.3280389308929443
2026-09-30T10:00:00Z,1.3281447887420654,1.3296457529067993,1.3281447887420654,1.3295927047729492
2026-09-30T10:30:00Z,1.3295574188232422,1.3300879001617432,1.32908034324646,1.329469084739685
2026-09-30T11:00:00Z,1.3289742469787598,1.329486608505249,1.3285505771636963,1.3292039632797241
2026-09-30T11:30:00Z,1.3292568922042847,1.3295927047729492,1.3286035060882568,1.3286035060882568
2026-09-30T12:00:00Z,1.328762412071228,1.3290096521377563,1.3284447193145752,1.3289920091629028
2026-09-30T12:30:00Z,1.3288682699203491,1.3310085535049438,1.3288507461547852,1.3288507461547852
2026-09-30T13:00:00Z,1.3288507461547852,1.329486608505249,1.3284093141555786,1.3293806314468384
2026-09-30T13:30:00Z,1.3293806314468384,1.329486608505249,1.3281975984573364,1.328250527381897
2026-09-30T14:00:00Z,1.3280565738677979,1.3293806314468384,1.327615737915039,1.3277391195297241
2026-09-30T14:30:00Z,1.3280917406082153,1.3288682699203491,1.3274571895599365,1.3285152912139893
2026-09-30T15:00:00Z,1.3284623622894287,1.3285682201385498,1.3269639015197754,1.327351450920105
2026-09-30T15:30:00Z,1.3276863098144531,1.3278449773788452,1.3265414237976074,1.3265414237976074
2026-09-30T16:00:00Z,1.3267173767089844,1.3267173767089844,1.3257324695587158,1.326400637626648
2026-09-30T16:30:00Z,1.3263479471206665,1.326559066772461,1.326136827468872,1.3264182806015015
2026-09-30T17:00:00Z,1.326576590538025,1.3269462585449219,1.32650625705719,1.3268934488296509
2026-09-30T17:30:00Z,1.3268407583236694,1.3269462585449219,1.3265414237976074,1.326629400253296
2026-09-30T18:00:00Z,1.3265239000320435,1.326735019683838,1.3262423276901245,1.3263654708862305
2026-09-30T18:30:00Z,1.3263479471206665,1.3263479471206665,1.3260136842727661,1.326330304145813
2026-09-30T19:00:00Z,1.3263126611709595,1.32650625705719,1.3259433507919312,1.3264886140823364
2026-09-30T19:30:00Z,1.326470971107483,1.3265414237976074,1.3256621360778809,1.3258379697799683
2026-09-30T20:00:00Z,1.326066493988037,1.326576590538025,1.3258379697799683,1.326576590538025
2026-09-30T20:30:00Z,1.326611876487732,1.3267173767089844,1.3262248039245605,1.326470971107483
2026-09-30T21:00:00Z,1.3264182806015015,1.3270167112350464,1.3263126611709595,1.3263126611709595
2026-09-30T21:30:00Z,1.3263126611709595,1.3271400928497314,1.326189637184143,1.326470971107483
2026-09-30T22:00:00Z,1.3263654708862305,1.3267173767089844,1.3263654708862305,1.32650625705719
2026-09-30T22:30:00Z,1.3265239000320435,1.3265414237976074,1.3263126611709595,1.3263479471206665
2026-09-30T23:00:00Z,1.3263654708862305,1.3265942335128784,1.326207160949707,1.326559066772461
2026-09-30T23:30:00Z,1.326559066772461,1.326629400253296,1.326277494430542,1.326470971107483
2026-10-01T00:00:00Z,1.3262951374053955,1.326576590538025,1.326207160949707,1.326576590538025
2026-10-01T00:30:00Z,1.3265239000320435,1.327263355255127,1.326383113861084,1.3269639015197754
2026-10-01T01:00:00Z,1.3269110918045044,1.3272985219955444,1.326735019683838,1.327122449874878
2026-10-01T01:30:00Z,1.3271400928497314,1.3271400928497314,1.3261016607284546,1.3261016607284546
2026-10-01T02:00:00Z,1.3260489702224731,1.326066493988037,1.325451374053955,1.325644612312317
2026-10-01T02:30:00Z,1.3256621360778809,1.3257676362991333,1.3255215883255005,1.325574278831482
2026-10-01T03:00:00Z,1.325556755065918,1.3256094455718994,1.325100064277649,1.325117588043213
2026-10-01T03:30:00Z,1.3251702785491943,1.3258906602859497,1.3250298500061035,1.3258554935455322
2026-10-01T04:00:00Z,1.3258730173110962,1.326066493988037,1.3250473737716675,1.3250824213027954
2026-10-01T04:30:00Z,1.3251352310180664,1.3253458738327026,1.3250298500061035,1.3250824213027954
2026-10-01T05:00:00Z,1.325100064277649,1.3251702785491943,1.324591040611267,1.3247840404510498
2026-10-01T05:30:00Z,1.324731469154358,1.325100064277649,1.3245558738708496,1.3245558738708496
2026-10-01T06:00:00Z,1.325065016746521,1.3258028030395508,1.325065016746521,1.3252581357955933
2026-10-01T06:30:00Z,1.3252933025360107,1.3264886140823364,1.324959635734558,1.326470971107483
2026-10-01T07:00:00Z,1.3260136842727661,1.326629400253296,1.324082374572754,1.324082374572754
2026-10-01T07:30:00Z,1.324012279510498,1.3243629932403564,1.3227163553237915,1.3234341144561768
2026-10-01T08:00:00Z,1.3236967325210571,1.323994755744934,1.3224713802337646,1.3226463794708252
2026-10-01T08:30:00Z,1.3224889039993286,1.322541356086731,1.321143627166748,1.321143627166748
2026-10-01T09:00:00Z,1.3211784362792969,1.3225764036178589,1.3210563659667969,1.3224713802337646
2026-10-01T09:30:00Z,1.3224539756774902,1.3224539756774902,1.3200448751449585,1.3200448751449585
2026-10-01T10:00:00Z,1.320062279701233,1.3219294548034668,1.3194527626037598,1.3219294548034668
2026-10-01T10:30:00Z,1.3221917152404785,1.3226288557052612,1.321562647819519,1.3226288557052612
2026-10-01T11:00:00Z,1.3224189281463623,1.3228563070297241,1.3212658166885376,1.3215101957321167
2026-10-01T11:30:00Z,1.321737289428711,1.3249069452285767,1.321737289428711,1.3241350650787354
2026-10-01T12:00:00Z,1.324257731437683,1.3244507312774658,1.3230313062667847,1.3231889009475708
2026-10-01T12:30:00Z,1.323311448097229,1.3237143754959106,1.3228563070297241,1.3229963779449463
2026-10-01T13:00:00Z,1.3230137825012207,1.3230137825012207,1.3218770027160645,1.3222966194152832
2026-10-01T13:30:00Z,1.322209119796753,1.323591709136963,1.3221042156219482,1.323539137840271
2026-10-01T14:00:00Z,1.3231713771820068,1.3231713771820068,1.3221217393875122,1.3222966194152832
2026-10-01T14:30:00Z,1.3222790956497192,1.3230137825012207,1.321126103401184,1.3211610317230225
2026-10-01T15:00:00Z,1.3211086988449097,1.3214927911758423,1.320062279701233,1.3211784362792969
2026-10-01T15:30:00Z,1.3204981088638306,1.3204981088638306,1.3185827732086182,1.3194701671600342
2026-10-01T16:00:00Z,1.3195745944976807,1.3204805850982666,1.3195048570632935,1.3201494216918945
2026-10-01T16:30:00Z,1.3199055194854736,1.3200798034667969,1.3184088468551636,1.318617582321167
2026-10-01T17:00:00Z,1.3185306787490845,1.3198881149291992,1.318252444267273,1.3195570707321167
2026-10-01T17:30:00Z,1.3207073211669922,1.3207073211669922,1.3183915615081787,1.3185653686523438
2026-10-01T18:00:00Z,1.3183915615081787,1.319087266921997,1.3181308507919312,1.3186522722244263
2026-10-01T18:30:00Z,1.318721890449524,1.3195397853851318,1.31851327419281,1.3190698623657227
2026-10-01T19:00:00Z,1.319087266921997,1.3197661638259888,1.3188611268997192,1.3197661638259888
2026-10-01T19:30:00Z,1.3198705911636353,1.3199751377105713,1.3194701671600342,1.3194701671600342
2026-10-01T20:00:00Z,1.319818377494812,1.3202366828918457,1.319591999053955,1.3200798034667969
2026-10-01T20:30:00Z,1.3200448751449585,1.320166826248169,1.319278597831726,1.3196616172790527
2026-10-01T21:00:00Z,1.3201320171356201,1.3201494216918945,1.3193308115005493,1.3198881149291992
2026-10-01T21:30:00Z,1.3199926614761353,1.3202017545700073,1.3193482160568237,1.3193482160568237
2026-10-01T22:00:00Z,1.3194527626037598,1.3196965456008911,1.319278597831726,1.319400429725647
2026-10-01T22:30:00Z,1.319400429725647,1.3197487592697144,1.319383144378662,1.3196790218353271
2026-10-01T23:00:00Z,1.3195745944976807,1.3198881149291992,1.3195745944976807,1.319713830947876
2026-10-01T23:30:00Z,1.3198009729385376,1.3198705911636353,1.3195745944976807,1.3197835683822632
2026-10-02T00:00:00Z,1.3198009729385376,1.3198009729385376,1.3190698623657227,1.319104552268982
2026-10-02T00:30:00Z,1.3190523386001587,1.3192263841629028,1.31851327419281,1.31851327419281
2026-10-02T01:00:00Z,1.3185480833053589,1.3188261985778809,1.3183915615081787,1.3183915615081787
2026-10-02T01:30:00Z,1.3184088468551636,1.3188958168029785,1.318235158920288,1.3188958168029785
2026-10-02T02:00:00Z,1.3190349340438843,1.3198881149291992,1.3190349340438843,1.3197312355041504
2026-10-02T02:30:00Z,1.3197312355041504,1.3202017545700073,1.3197312355041504,1.3200448751449585
2026-10-02T03:00:00Z,1.3199926614761353,1.3207422494888306,1.3199926614761353,1.3207422494888306
2026-10-02T03:30:00Z,1.3207770586013794,1.3210039138793945,1.3206549882888794,1.3208295106887817
2026-10-02T04:00:00Z,1.3208295106887817,1.3211959600448608,1.3208295106887817,1.321143627166748
2026-10-02T04:30:00Z,1.321143627166748,1.3212482929229736,1.320916771888733,1.3210039138793945
2026-10-02T05:00:00Z,1.3210737705230713,1.3211784362792969,1.3207597732543945,1.3207597732543945
2026-10-02T05:30:00Z,1.3208295106887817,1.3211959600448608,1.3206027746200562,1.3207073211669922
2026-10-02T06:00:00Z,1.3207422494888306,1.3218246698379517,1.3207422494888306,1.3218246698379517
2026-10-02T06:30:00Z,1.3218071460723877,1.3219469785690308,1.32144033908844,1.32144033908844
2026-10-02T07:00:00Z,1.3213706016540527,1.3214927911758423,1.3207945823669434,1.3211784362792969
2026-10-02T07:30:00Z,1.3210737705230713,1.3218246698379517,1.3209865093231201,1.3215975761413574
2026-10-02T08:00:00Z,1.3214229345321655,1.3220343589782715,1.3209691047668457,1.3209691047668457
2026-10-02T08:30:00Z,1.3210737705230713,1.3211959600448608,1.3203760385513306,1.3208295106887817
2026-10-02T09:00:00Z,1.3208470344543457,1.3214752674102783,1.3202714920043945,1.3211959600448608
2026-10-02T09:30:00Z,1.3211959600448608,1.3211959600448608,1.3205852508544922,1.3211086988449097
2026-10-02T10:00:00Z,1.3211959600448608,1.3213706016540527,1.320027470588684,1.3209691047668457
2026-10-02T10:30:00Z,1.3210563659667969,1.3211784362792969,1.3206549882888794,1.3208643198013306
2026-10-02T11:00:00Z,1.3207597732543945,1.3211610317230225,1.3203411102294922,1.3210214376449585
2026-10-02T11:30:00Z,1.3209865093231201,1.3213706016540527,1.320515513420105,1.3206549882888794
2026-10-02T12:00:00Z,1.3207597732543945,1.3207597732543945,1.3197312355041504,1.3204805850982666
2026-10-02T12:30:00Z,1.3237143754959106,1.3237494230270386,1.3219469785690308,1.323539137840271
2026-10-02T13:00:00Z,1.323346495628357,1.323504090309143,1.321300745010376,1.3226463794708252
2026-10-02T13:30:00Z,1.3228038549423218,1.3245209455490112,1.3221917152404785,1.3245209455490112
2026-10-02T14:00:00Z,1.3247138261795044,1.3247138261795044,1.323574185371399,1.3245735168457031
2026-10-02T14:30:00Z,1.3249244689941406,1.3255919218063354,1.3246086835861206,1.324977159500122
2026-10-02T15:00:00Z,1.3249069452285767,1.3249069452285767,1.322541356086731,1.3230137825012207
2026-10-02T15:30:00Z,1.3229613304138184,1.323521614074707,1.3224889039993286,1.3229262828826904
2026-10-02T16:00:00Z,1.3230663537979126,1.3234690427780151,1.3226114511489868,1.3226288557052612
2026-10-02T16:30:00Z,1.3226463794708252,1.323346495628357,1.3224539756774902,1.323276400566101
2026-10-02T17:00:00Z,1.3232064247131348,1.3237494230270386,1.3230663537979126,1.3231889009475708
2026-10-02T17:30:00Z,1.3232413530349731,1.3239772319793701,1.3232413530349731,1.3236267566680908
2026-10-02T18:00:00Z,1.3238896131515503,1.3241175413131714,1.3234341144561768,1.3236092329025269
2026-10-02T18:30:00Z,1.3236442804336548,1.3239245414733887,1.3234690427780151,1.3238195180892944
2026-10-02T19:00:00Z,1.324029803276062,1.3248894214630127,1.3238019943237305,1.324731469154358
2026-10-02T19:30:00Z,1.3247840404510498,1.3249244689941406,1.3243454694747925,1.3246086835861206
2026-10-02T20:00:00Z,1.3248015642166138,1.3248015642166138,1.3242402076721191,1.324327826499939
2026-10-02T20:30:00Z,1.324327826499939,1.3244857788085938,1.3238195180892944,1.324012279510498
2026-10-02T21:00:00Z,1.324047327041626,1.324047327041626,1.324047327041626,1.324047327041626
2026-10-04T23:00:00Z,1.3247138261795044,1.3247138261795044,1.3243980407714844,1.3244857788085938
2026-10-04T23:30:00Z,1.3244857788085938,1.3245033025741577,1.3238896131515503,1.324257731437683
2026-10-05T00:00:00Z,1.3242402076721191,1.3243980407714844,1.3238720893859863,1.3239421844482422
2026-10-05T00:30:00Z,1.3240649700164795,1.3241699934005737,1.323784351348877,1.3239421844482422
2026-10-05T01:00:00Z,1.323766827583313,1.3239421844482422,1.323258876800537,1.3236092329025269
2026-10-05T01:30:00Z,1.3236267566680908,1.3237494230270386,1.3234341144561768,1.3237494230270386
2026-10-05T02:00:00Z,1.3237318992614746,1.3237318992614746,1.321999430656433,1.3220518827438354
2026-10-05T02:30:00Z,1.3222440481185913,1.3223665952682495,1.3196616172790527,1.3196616172790527
2026-10-05T03:00:00Z,1.3199751377105713,1.3207945823669434,1.319087266921997,1.3207945823669434
2026-10-05T03:30:00Z,1.3206725120544434,1.3206725120544434,1.3196094036102295,1.3196094036102295
2026-10-05T04:00:00Z,1.3194178342819214,1.3201146125793457,1.3194178342819214,1.319487452507019
2026-10-05T04:30:00Z,1.3197661638259888,1.320916771888733,1.3197661638259888,1.320916771888733
2026-10-05T05:00:00Z,1.3210214376449585,1.3211959600448608,1.3206899166107178,1.320899248123169
2026-10-05T05:30:00Z,1.3208643198013306,1.321038842201233,1.320515513420105,1.3210214376449585
2026-10-05T06:00:00Z,1.3210911750793457,1.321754813194275,1.321038842201233,1.3211610317230225
2026-10-05T06:30:00Z,1.3211610317230225,1.3219645023345947,1.3206549882888794,1.3219645023345947
2026-10-05T07:00:00Z,1.3217023611068726,1.3217896223068237,1.3209691047668457,1.3215277194976807
2026-10-05T07:30:00Z,1.3215277194976807,1.3229963779449463,1.3215277194976807,1.3226288557052612
2026-10-05T08:00:00Z,1.3224189281463623,1.3236267566680908,1.3224189281463623,1.3231889009475708
2026-10-05T08:30:00Z,1.3229438066482544,1.3238544464111328,1.3229438066482544,1.3231364488601685
2026-10-05T09:00:00Z,1.3229788541793823,1.3239421844482422,1.3228563070297241,1.3236967325210571
2026-10-05T09:30:00Z,1.3236793279647827,1.3236967325210571,1.3219645023345947,1.3228389024734497
2026-10-05T10:00:00Z,1.3226814270019531,1.3228389024734497,1.3222440481185913,1.3227688074111938
2026-10-05T10:30:00Z,1.3228389024734497,1.3228389024734497,1.3221042156219482,1.3221042156219482
2026-10-05T11:00:00Z,1.3223315477371216,1.3229262828826904,1.3220518827438354,1.3229262828826904
2026-10-05T11:30:00Z,1.322873830795288,1.322873830795288,1.321754813194275,1.3227163553237915
2026-10-05T12:00:00Z,1.3229788541793823,1.3230488300323486,1.3217896223068237,1.3223140239715576
2026-10-05T12:30:00Z,1.3224014043807983,1.3225239515304565,1.321457862854004,1.321754813194275
2026-10-05T13:00:00Z,1.3218770027160645,1.3220518827438354,1.3202366828918457,1.3202366828918457
2026-10-05T13:30:00Z,1.3202714920043945,1.3204805850982666,1.3192437887191772,1.3197661638259888
2026-10-05T14:00:00Z,1.3199577331542969,1.3207770586013794,1.3197835683822632,1.3203063011169434
2026-10-05T14:30:00Z,1.3206549882888794,1.3221741914749146,1.3201842308044434,1.3220518827438354
2026-10-05T15:00:00Z,1.3223315477371216,1.3228213787078857,1.3215277194976807,1.3222440481185913
2026-10-05T15:30:00Z,1.3223140239715576,1.3223140239715576,1.3215101957321167,1.3217023611068726
2026-10-05T16:00:00Z,1.321545124053955,1.3216325044631958,1.3206549882888794,1.321143627166748
2026-10-05T16:30:00Z,1.321283221244812,1.3218945264816284,1.3212134838104248,1.3214927911758423
2026-10-05T17:00:00Z,1.321457862854004,1.321457862854004,1.3205852508544922,1.3212482929229736
2026-10-05T17:30:00Z,1.3211610317230225,1.3216150999069214,1.3210563659667969,1.3216150999069214
2026-10-05T18:00:00Z,1.321719765663147,1.3219294548034668,1.3210737705230713,1.3216150999069214
2026-10-05T18:30:00Z,1.3215975761413574,1.3220518827438354,1.3214752674102783,1.3219294548034668
2026-10-05T19:00:00Z,1.3218421936035156,1.3224539756774902,1.321737289428711,1.3222440481185913
2026-10-05T19:30:00Z,1.3219469785690308,1.3222966194152832,1.3219469785690308,1.3222966194152832
2026-10-05T20:00:00Z,1.3224364519119263,1.3224364519119263,1.3221217393875122,1.3221917152404785
2026-10-05T20:30:00Z,1.3220866918563843,1.322541356086731,1.3220866918563843,1.322383999824524
2026-10-05T21:00:00Z,1.320916771888733,1.3223315477371216,1.320916771888733,1.3221217393875122
2026-10-05T21:30:00Z,1.3221217393875122,1.3223140239715576,1.3217896223068237,1.3221217393875122
2026-10-05T22:00:00Z,1.3226288557052612,1.3226463794708252,1.3223665952682495,1.3224539756774902
2026-10-05T22:30:00Z,1.3225064277648926,1.3225239515304565,1.322209119796753,1.322209119796753
2026-10-05T23:00:00Z,1.3221917152404785,1.3223665952682495,1.3220518827438354,1.3223665952682495
2026-10-05T23:30:00Z,1.3224189281463623,1.3224889039993286,1.3218246698379517,1.3218246698379517
2026-10-06T00:00:00Z,1.3218770027160645,1.321999430656433,1.3216499090194702,1.3217722177505493
2026-10-06T00:30:00Z,1.321754813194275,1.3222966194152832,1.321754813194275,1.3222966194152832
2026-10-06T01:00:00Z,1.3225939273834229,1.3230313062667847,1.3224713802337646,1.3230313062667847
2026-10-06T01:30:00Z,1.323083758354187,1.3231889009475708,1.3221217393875122,1.3221917152404785
2026-10-06T02:00:00Z,1.3221917152404785,1.3222440481185913,1.3216150999069214,1.3217023611068726
2026-10-06T02:30:00Z,1.3216674327850342,1.3216674327850342,1.3214229345321655,1.3215101957321167
2026-10-06T03:00:00Z,1.3214752674102783,1.3221917152404785,1.3213355541229248,1.3221917152404785
2026-10-06T03:30:00Z,1.3221392631530762,1.3224014043807983,1.3220518827438354,1.3221392631530762
2026-10-06T04:00:00Z,1.3221917152404785,1.322226643562317,1.3216849565505981,1.3216849565505981
2026-10-06T04:30:00Z,1.321719765663147,1.3219294548034668,1.3215975761413574,1.3216325044631958
2026-10-06T05:00:00Z,1.3216499090194702,1.3218071460723877,1.321300745010376,1.3215101957321167
2026-10-06T05:30:00Z,1.321545124053955,1.3216674327850342,1.3212658166885376,1.3214927911758423
2026-10-06T06:00:00Z,1.3213878870010376,1.3214752674102783,1.3202366828918457,1.3207945823669434
2026-10-06T06:30:00Z,1.3207945823669434,1.321719765663147,1.3207422494888306,1.321719765663147
2026-10-06T07:00:00Z,1.3215800523757935,1.322873830795288,1.3211959600448608,1.3221392631530762
2026-10-06T07:30:00Z,1.3221741914749146,1.3239421844482422,1.3219645023345947,1.3239245414733887
2026-10-06T08:00:00Z,1.323556661605835,1.323766827583313,1.3228213787078857,1.3232239484786987
2026-10-06T08:30:00Z,1.3231889009475708,1.3244857788085938,1.3231889009475708,1.3240649700164795
2026-10-06T09:00:00Z,1.3244681358337402,1.3245033025741577,1.3236092329025269,1.3240998983383179
2026-10-06T09:30:00Z,1.324012279510498,1.324310302734375,1.3236442804336548,1.3241350650787354
2026-10-06T10:00:00Z,1.324327826499939,1.3248542547225952,1.3242928981781006,1.3247665166854858
2026-10-06T10:30:00Z,1.3248192071914673,1.3248542547225952,1.3246612548828125,1.3247665166854858
2026-10-06T11:00:00Z,1.324643611907959,1.3268407583236694,1.3245735168457031,1.3266470432281494
2026-10-06T11:30:00Z,1.3269286155700684,1.3281270265579224,1.3264182806015015,1.3276686668395996
2026-10-06T12:00:00Z,1.3278625011444092,1.328233003616333,1.327210545539856,1.327210545539856
2026-10-06T12:30:00Z,1.327210545539856,1.3277919292449951,1.327210545539856,1.327386736869812
2026-10-06T13:00:00Z,1.3273690938949585,1.328303575515747,1.3268582820892334,1.3271400928497314
2026-10-06T13:30:00Z,1.327263355255127,1.3274571895599365,1.3264182806015015,1.3267526626586914
2026-10-06T14:00:00Z,1.326770305633545,1.327351450920105,1.326259970664978,1.326682209968567
2026-10-06T14:30:00Z,1.326470971107483,1.3278977870941162,1.326470971107483,1.3278977870941162
2026-10-06T15:00:00Z,1.3276863098144531,1.3283741474151611,1.3276333808898926,1.328233003616333
2026-10-06T15:30:00Z,1.3280389308929443,1.3285152912139893,1.327651023864746,1.327651023864746
2026-10-06T16:00:00Z,1.3277391195297241,1.3277744054794312,1.326735019683838,1.32722806930542
2026-10-06T16:30:00Z,1.3272985219955444,1.327386736869812,1.3269462585449219,1.3272457122802734
2026-10-06T17:00:00Z,1.3271400928497314,1.327439546585083,1.3269462585449219,1.3271929025650024
2026-10-06T17:30:00Z,1.32722806930542,1.3279330730438232,1.32722806930542,1.3279154300689697
2026-10-06T18:00:00Z,1.3279683589935303,1.3280742168426514,1.3276333808898926,1.3277214765548706
2026-10-06T18:30:00Z,1.3277567625045776,1.3278096914291382,1.3274219036102295,1.3277919292449951
2026-10-06T19:00:00Z,1.3278801441192627,1.3278801441192627,1.3275452852249146,1.3277567625045776
2026-10-06T19:30:00Z,1.3277744054794312,1.3277744054794312,1.327439546585083,1.3277391195297241
2026-10-06T20:00:00Z,1.3276686668395996,1.3278273344039917,1.327615737915039,1.3277567625045776
2026-10-06T20:30:00Z,1.3276333808898926,1.327651023864746,1.3271929025650024,1.3275452852249146
2026-10-06T21:00:00Z,1.3267878293991089,1.3275980949401855,1.326682209968567,1.3268407583236694
2026-10-06T21:30:00Z,1.327404260635376,1.327492356300354,1.3269110918045044,1.3274571895599365
2026-10-06T22:00:00Z,1.3274747133255005,1.3277391195297241,1.3273338079452515,1.327439546585083
2026-10-06T22:30:00Z,1.327404260635376,1.327439546585083,1.327175259590149,1.3272457122802734
2026-10-06T23:00:00Z,1.327175259590149,1.327175259590149,1.3269991874694824,1.327069640159607
2026-10-06T23:30:00Z,1.327069640159607,1.327069640159607,1.326629400253296,1.326682209968567
2026-10-07T00:00:00Z,1.326664686203003,1.3268758058547974,1.3263479471206665,1.3263479471206665
2026-10-07T00:30:00Z,1.3263654708862305,1.326470971107483,1.326189637184143,1.3262951374053955
2026-10-07T01:00:00Z,1.3262248039245605,1.3262951374053955,1.3259433507919312,1.326119303703308
2026-10-07T01:30:00Z,1.3262423276901245,1.326277494430542,1.3257324695587158,1.3257324695587158
2026-10-07T02:00:00Z,1.3256973028182983,1.3256973028182983,1.3250298500061035,1.3252581357955933
2026-10-07T02:30:00Z,1.3252054452896118,1.3254337310791016,1.325117588043213,1.3252933025360107
2026-10-07T03:00:00Z,1.3252756595611572,1.325556755065918,1.3252581357955933,1.325486421585083
2026-10-07T03:30:00Z,1.3254337310791016,1.3256094455718994,1.3253283500671387,1.3253283500671387
2026-10-07T04:00:00Z,1.3252933025360107,1.3253107070922852,1.324626088142395,1.3247840404510498
2026-10-07T04:30:00Z,1.3247489929199219,1.325117588043213,1.3247489929199219,1.3249419927597046
2026-10-07T05:00:00Z,1.3248894214630127,1.3250824213027954,1.3246963024139404,1.3246963024139404
2026-10-07T05:30:00Z,1.3246612548828125,1.3251878023147583,1.324626088142395,1.3250473737716675
2026-10-07T06:00:00Z,1.3248894214630127,1.3248894214630127,1.324327826499939,1.324731469154358
2026-10-07T06:30:00Z,1.324977159500122,1.325451374053955,1.3246787786483765,1.3253107070922852
2026-10-07T07:00:00Z,1.324977159500122,1.325486421585083,1.3242928981781006,1.325065016746521
2026-10-07T07:30:00Z,1.3248894214630127,1.3251352310180664,1.3231713771820068,1.3238896131515503
2026-10-07T08:00:00Z,1.324012279510498,1.3242928981781006,1.323504090309143,1.3238896131515503
2026-10-07T08:30:00Z,1.3238544464111328,1.3245209455490112,1.3238544464111328,1.324012279510498
2026-10-07T09:00:00Z,1.324082374572754,1.324643611907959,1.3232413530349731,1.323311448097229
2026-10-07T09:30:00Z,1.3231889009475708,1.323276400566101,1.3226114511489868,1.323276400566101
2026-10-07T10:00:00Z,1.3229788541793823,1.3229788541793823,1.3223315477371216,1.3224889039993286
2026-10-07T10:30:00Z,1.3224713802337646,1.3229788541793823,1.3217023611068726,1.3217722177505493
2026-10-07T11:00:00Z,1.321754813194275,1.3220343589782715,1.3208119869232178,1.3214054107666016
2026-10-07T11:30:00Z,1.3211610317230225,1.321300745010376,1.320533037185669,1.321143627166748
2026-10-07T12:00:00Z,1.3213878870010376,1.3213878870010376,1.3194527626037598,1.3196442127227783
2026-10-07T12:30:00Z,1.3196094036102295,1.3203760385513306,1.3195570707321167,1.3203063011169434
2026-10-07T13:00:00Z,1.3205852508544922,1.3209341764450073,1.3195223808288574,1.3199055194854736
2026-10-07T13:30:00Z,1.319922924041748,1.320637583732605,1.319626808166504,1.320637583732605
2026-10-07T14:00:00Z,1.3208470344543457,1.3213878870010376,1.3200099468231201,1.3211610317230225
2026-10-07T14:30:00Z,1.3209865093231201,1.3219645023345947,1.3207422494888306,1.3219645023345947
2026-10-07T15:00:00Z,1.3219294548034668,1.3224364519119263,1.320637583732605,1.320637583732605
2026-10-07T15:30:00Z,1.320899248123169,1.3213530778884888,1.3205503225326538,1.3213530778884888
2026-10-07T16:00:00Z,1.321126103401184,1.3220692873001099,1.321126103401184,1.3214229345321655
2026-10-07T16:30:00Z,1.3212482929229736,1.3213355541229248,1.3208470344543457,1.321283221244812
2026-10-07T17:00:00Z,1.3211610317230225,1.3217023611068726,1.3209865093231201,1.3211086988449097
2026-10-07T17:30:00Z,1.3212482929229736,1.3216150999069214,1.321038842201233,1.3216150999069214
2026-10-07T18:00:00Z,1.3216849565505981,1.3221392631530762,1.3213530778884888,1.3216499090194702
2026-10-07T18:30:00Z,1.3216499090194702,1.3221042156219482,1.3215800523757935,1.3219469785690308
2026-10-07T19:00:00Z,1.32185959815979,1.3219819068908691,1.321457862854004,1.3216150999069214
2026-10-07T19:30:00Z,1.3215800523757935,1.3215800523757935,1.321143627166748,1.3213530778884888
2026-10-07T20:00:00Z,1.3213530778884888,1.3213706016540527,1.3209865093231201,1.3213181495666504
2026-10-07T20:30:00Z,1.3213355541229248,1.32144033908844,1.3210737705230713,1.3213181495666504
2026-10-07T21:00:00Z,1.3232239484786987,1.323258876800537,1.3211959600448608,1.3215101957321167
2026-10-07T21:30:00Z,1.3215975761413574,1.3217896223068237,1.3212308883666992,1.3215277194976807
2026-10-07T22:00:00Z,1.3214054107666016,1.3218421936035156,1.3211784362792969,1.3218421936035156
2026-10-07T22:30:00Z,1.3218421936035156,1.3218421936035156,1.3215975761413574,1.3216325044631958
2026-10-07T23:00:00Z,1.3217023611068726,1.3217896223068237,1.3215101957321167,1.3216499090194702
2026-10-07T23:30:00Z,1.321719765663147,1.32185959815979,1.3213878870010376,1.3213878870010376
2026-10-08T00:00:00Z,1.3214229345321655,1.3216150999069214,1.3209515810012817,1.3210911750793457
2026-10-08T00:30:00Z,1.3211610317230225,1.3212658166885376,1.3208470344543457,1.320916771888733
2026-10-08T01:00:00Z,1.3208295106887817,1.3212658166885376,1.3206725120544434,1.3211610317230225
2026-10-08T01:30:00Z,1.3209341764450073,1.3218945264816284,1.3208818435668945,1.3218246698379517
2026-10-08T02:00:00Z,1.3219120502471924,1.322226643562317,1.32185959815979,1.3220866918563843
2026-10-08T02:30:00Z,1.3218945264816284,1.3219819068908691,1.321300745010376,1.3213181495666504
2026-10-08T03:00:00Z,1.32144033908844,1.32144033908844,1.3207597732543945,1.3208643198013306
2026-10-08T03:30:00Z,1.320899248123169,1.321300745010376,1.320899248123169,1.3211959600448608
2026-10-08T04:00:00Z,1.3213181495666504,1.3213181495666504,1.3207945823669434,1.3209865093231201
2026-10-08T04:30:00Z,1.3210039138793945,1.321126103401184,1.320899248123169,1.3210563659667969
2026-10-08T05:00:00Z,1.3209341764450073,1.3211784362792969,1.3207422494888306,1.3207597732543945
2026-10-08T05:30:00Z,1.3207248449325562,1.3207422494888306,1.3197312355041504,1.3200099468231201
2026-10-08T06:00:00Z,1.3199403285980225,1.320393443107605,1.3195048570632935,1.3198881149291992
2026-10-08T06:30:00Z,1.3199055194854736,1.3203063011169434,1.3196616172790527,1.3196616172790527
2026-10-08T07:00:00Z,1.3196094036102295,1.3208295106887817,1.3189306259155273,1.3204805850982666
2026-10-08T07:30:00Z,1.3203411102294922,1.3203586339950562,1.319818377494812,1.3201842308044434
2026-10-08T08:00:00Z,1.3199055194854736,1.3212134838104248,1.3199055194854736,1.3208818435668945
2026-10-08T08:30:00Z,1.321126103401184,1.321126103401184,1.319383144378662,1.3195570707321167
2026-10-08T09:00:00Z,1.3196965456008911,1.3197835683822632,1.318687081336975,1.319487452507019
2026-10-08T09:30:00Z,1.3194527626037598,1.3198705911636353,1.3188261985778809,1.3189654350280762
2026-10-08T10:00:00Z,1.3189828395843506,1.3192263841629028,1.3185480833053589,1.3191393613815308
2026-10-08T10:30:00Z,1.3191741704940796,1.3203760385513306,1.3191741704940796,1.3203760385513306
2026-10-08T11:00:00Z,1.320027470588684,1.3200448751449585,1.319087266921997,1.319383144378662
2026-10-08T11:30:00Z,1.3194352388381958,1.3201494216918945,1.3191568851470947,1.3194701671600342
2026-10-08T12:00:00Z,1.319591999053955,1.3213706016540527,1.319591999053955,1.321283221244812
2026-10-08T12:30:00Z,1.3208643198013306,1.3211959600448608,1.319922924041748,1.3201320171356201
2026-10-08T13:00:00Z,1.3202366828918457,1.321457862854004,1.3198009729385376,1.3209865093231201
2026-10-08T13:30:00Z,1.3210737705230713,1.3216674327850342,1.3206899166107178,1.3214927911758423
2026-10-08T14:00:00Z,1.3213878870010376,1.3236267566680908,1.3211959600448608,1.3236267566680908
2026-10-08T14:30:00Z,1.3238019943237305,1.324731469154358,1.3226639032363892,1.3226639032363892
2026-10-08T15:00:00Z,1.322558879852295,1.3226988315582275,1.3213530778884888,1.321562647819519
2026-10-08T15:30:00Z,1.3214229345321655,1.3214752674102783,1.3207073211669922,1.320916771888733
2026-10-08T16:00:00Z,1.320916771888733,1.322209119796753,1.3205503225326538,1.3207770586013794
2026-10-08T16:30:00Z,1.3207248449325562,1.3215101957321167,1.3205852508544922,1.3214054107666016
2026-10-08T17:00:00Z,1.3214927911758423,1.3234516382217407,1.3214927911758423,1.3232064247131348
2026-10-08T17:30:00Z,1.3232064247131348,1.3234516382217407,1.3224364519119263,1.322891354560852
2026-10-08T18:00:00Z,1.3228389024734497,1.3228563070297241,1.3217896223068237,1.3221392631530762
2026-10-08T18:30:00Z,1.3220518827438354,1.3227514028549194,1.3219469785690308,1.3225064277648926
2026-10-08T19:00:00Z,1.3226114511489868,1.322873830795288,1.3225764036178589,1.3225764036178589
2026-10-08T19:30:00Z,1.3224889039993286,1.3231538534164429,1.3224364519119263,1.3231364488601685
2026-10-08T20:00:00Z,1.3231538534164429,1.323364019393921,1.3227163553237915,1.3227163553237915
2026-10-08T20:30:00Z,1.3226463794708252,1.3231713771820068,1.3226463794708252,1.3228563070297241
2026-10-08T21:00:00Z,1.322558879852295,1.3241350650787354,1.322558879852295,1.323083758354187
2026-10-08T21:30:00Z,1.3230137825012207,1.3234516382217407,1.3226988315582275,1.323118805885315
2026-10-08T22:00:00Z,1.3230137825012207,1.323486566543579,1.3228389024734497,1.3234341144561768
2026-10-08T22:30:00Z,1.323311448097229,1.323346495628357,1.3229613304138184,1.3230313062667847
2026-10-08T23:00:00Z,1.3230663537979126,1.3232064247131348,1.322873830795288,1.3229613304138184
2026-10-08T23:30:00Z,1.322873830795288,1.3229788541793823,1.3227163553237915,1.3229262828826904
2026-10-09T00:00:00Z,1.3230313062667847,1.3233815431594849,1.3228213787078857,1.3233815431594849
2026-10-09T00:30:00Z,1.323504090309143,1.323766827583313,1.3230488300323486,1.3236092329025269
2026-10-09T01:00:00Z,1.3237318992614746,1.3243629932403564,1.3237143754959106,1.324327826499939
2026-10-09T01:30:00Z,1.3243454694747925,1.3247665166854858,1.3242928981781006,1.3244155645370483
2026-10-09T02:00:00Z,1.324327826499939,1.3244857788085938,1.3239597082138062,1.3242051601409912
2026-10-09T02:30:00Z,1.324257731437683,1.3243980407714844,1.3240649700164795,1.324275255203247
2026-10-09T03:00:00Z,1.324310302734375,1.324310302734375,1.3238544464111328,1.3238720893859863
2026-10-09T03:30:00Z,1.3238019943237305,1.324082374572754,1.323766827583313,1.324082374572754
2026-10-09T04:00:00Z,1.324082374572754,1.324257731437683,1.3239421844482422,1.3239421844482422
2026-10-09T04:30:00Z,1.3239245414733887,1.3244155645370483,1.3239245414733887,1.3242928981781006
2026-10-09T05:00:00Z,1.3245033025741577,1.3246787786483765,1.3242928981781006,1.3244332075119019
2026-10-09T05:30:00Z,1.3245383501052856,1.3250473737716675,1.3242402076721191,1.3243454694747925
2026-10-09T06:00:00Z,1.324310302734375,1.324310302734375,1.3234516382217407,1.3236267566680908
2026-10-09T06:30:00Z,1.3237494230270386,1.3238370418548584,1.3232239484786987,1.3234341144561768
2026-10-09T07:00:00Z,1.3236967325210571,1.3245558738708496,1.323591709136963,1.3243805170059204
2026-10-09T07:30:00Z,1.3243980407714844,1.3246086835861206,1.3238544464111328,1.324591040611267
2026-10-09T08:00:00Z,1.324591040611267,1.3247665166854858,1.3238896131515503,1.3245033025741577
2026-10-09T08:30:00Z,1.3244332075119019,1.324591040611267,1.3236793279647827,1.3238019943237305
2026-10-09T09:00:00Z,1.3238370418548584,1.3240998983383179,1.3236267566680908,1.3239772319793701
2026-10-09T09:30:00Z,1.3239772319793701,1.3242051601409912,1.323766827583313,1.3239245414733887
2026-10-09T10:00:00Z,1.3240998983383179,1.3242402076721191,1.323574185371399,1.3237494230270386
2026-10-09T10:30:00Z,1.3236793279647827,1.323784351348877,1.322383999824524,1.322383999824524
2026-10-09T11:00:00Z,1.3225764036178589,1.3231889009475708,1.322541356086731,1.3231889009475708
2026-10-09T11:30:00Z,1.323311448097229,1.323521614074707,1.322558879852295,1.3226988315582275
2026-10-09T12:00:00Z,1.322873830795288,1.322908878326416,1.321754813194275,1.3219819068908691
2026-10-09T12:30:00Z,1.3219120502471924,1.3219819068908691,1.3207597732543945,1.3214054107666016
2026-10-09T13:00:00Z,1.3215277194976807,1.3221217393875122,1.321283221244812,1.3218246698379517
2026-10-09T13:30:00Z,1.3219469785690308,1.3226814270019531,1.3218071460723877,1.3226288557052612
2026-10-09T14:00:00Z,1.3228213787078857,1.3230313062667847,1.3221917152404785,1.3229963779449463
2026-10-09T14:30:00Z,1.3230137825012207,1.3232239484786987,1.3224889039993286,1.3224889039993286
2026-10-09T15:00:00Z,1.3226814270019531,1.3232239484786987,1.3226288557052612,1.3231538534164429
2026-10-09T15:30:00Z,1.3232064247131348,1.323591709136963,1.3225939273834229,1.3228213787078857
2026-10-09T16:00:00Z,1.3227514028549194,1.3229262828826904,1.3224014043807983,1.3226463794708252
2026-10-09T16:30:00Z,1.3225939273834229,1.3230488300323486,1.3225939273834229,1.3227514028549194
2026-10-09T17:00:00Z,1.322908878326416,1.323293924331665,1.3228563070297241,1.3229438066482544
2026-10-09T17:30:00Z,1.3230663537979126,1.3234516382217407,1.322908878326416,1.3234516382217407
2026-10-09T18:00:00Z,1.323539137840271,1.3238370418548584,1.3234341144561768,1.3237494230270386
2026-10-09T18:30:00Z,1.3236967325210571,1.3244155645370483,1.3236442804336548,1.3240998983383179
2026-10-09T19:00:00Z,1.3242226839065552,1.324310302734375,1.3238195180892944,1.3241175413131714
2026-10-09T19:30:00Z,1.3241350650787354,1.3242226839065552,1.3241350650787354,1.3242226839065552
