timestamp,open,high,low,close
2026-08-10T23:00:00Z,0.8100600242614746,0.8101999759674072,0.8100200295448303,0.8101300001144409
2026-08-10T23:30:00Z,0.8101000189781189,0.8102099895477295,0.8097500205039978,0.8098199963569641
2026-08-11T00:00:00Z,0.8098099827766418,0.8099300265312195,0.8096399903297424,0.8098000288009644
2026-08-11T00:30:00Z,0.8098000288009644,0.8098999857902527,0.8094499707221985,0.8097299933433533
2026-08-11T01:00:00Z,0.809689998626709,0.8100200295448303,0.8094800114631653,0.8095200061798096
2026-08-11T01:30:00Z,0.8095399737358093,0.8098199963569641,0.8093699812889099,0.8097500205039978
2026-08-11T02:00:00Z,0.8097800016403198,0.8103399872779846,0.809719979763031,0.8102499842643738
2026-08-11T02:30:00Z,0.8102499842643738,0.8105199933052063,0.8101699948310852,0.8104100227355957
2026-08-11T03:00:00Z,0.8104100227355957,0.8104400038719177,0.8099499940872192,0.8099799752235413
2026-08-11T03:30:00Z,0.8100000023841858,0.8102999925613403,0.8099499940872192,0.8102099895477295
2026-08-11T04:00:00Z,0.8102200031280518,0.8102399706840515,0.8100100159645081,0.8100699782371521
2026-08-11T04:30:00Z,0.8100799918174744,0.8104599714279175,0.809939980506897,0.8101699948310852
2026-08-11T05:00:00Z,0.8101699948310852,0.8103299736976624,0.8101099729537964,0.8102200031280518
2026-08-11T05:30:00Z,0.8101900219917297,0.8105400204658508,0.8100799918174744,0.8103200197219849
2026-08-11T06:00:00Z,0.8103200197219849,0.8109999895095825,0.8100900053977966,0.8109099864959717
2026-08-11T06:30:00Z,0.810920000076294,0.8112000226974487,0.8106899857521057,0.8107900023460388
2026-08-11T07:00:00Z,0.8107500076293945,0.8108100295066833,0.810230016708374,0.8105499744415283
2026-08-11T07:30:00Z,0.8105499744415283,0.8112000226974487,0.8104299902915955,0.8112000226974487
2026-08-11T08:00:00Z,0.8111400008201599,0.8112599849700928,0.8109700083732605,0.811020016670227
2026-08-11T08:30:00Z,0.811020016670227,0.8111500144004822,0.8108100295066833,0.8110100030899048
2026-08-11T09:00:00Z,0.8110299706459045,0.8115299940109253,0.810949981212616,0.8114699721336365
2026-08-11T09:30:00Z,0.811460018157959,0.8114699721336365,0.810949981212616,0.8109700083732605
2026-08-11T10:00:00Z,0.8109599947929382,0.8112000226974487,0.81045001745224,0.8107699751853943
2026-08-11T10:30:00Z,0.8107699751853943,0.8110399842262268,0.8104900121688843,0.8109300136566162
2026-08-11T11:00:00Z,0.8109099864959717,0.8111000061035156,0.8100699782371521,0.8104699850082397
2026-08-11T11:30:00Z,0.8104299902915955,0.811020016670227,0.8104199767112732,0.8109800219535828
2026-08-11T12:00:00Z,0.8109899759292603,0.8111299872398376,0.8101999759674072,0.8107500076293945
2026-08-11T12:30:00Z,0.8107500076293945,0.8107900023460388,0.8103399872779846,0.8106799721717834
2026-08-11T13:00:00Z,0.8106799721717834,0.8106899857521057,0.8100299835205078,0.8105000257492065
2026-08-11T13:30:00Z,0.8104699850082397,0.8107200264930725,0.8100399971008301,0.8102999925613403
2026-08-11T14:00:00Z,0.8102999925613403,0.810920000076294,0.8102800250053406,0.8107699751853943
2026-08-11T14:30:00Z,0.8107799887657166,0.8109300136566162,0.8104299902915955,0.8106799721717834
2026-08-11T15:00:00Z,0.8106799721717834,0.8114200234413147,0.8105700016021729,0.8112499713897705
2026-08-11T15:30:00Z,0.8112499713897705,0.811680018901825,0.8108999729156494,0.810920000076294
2026-08-11T16:00:00Z,0.8108999729156494,0.8111400008201599,0.8108400106430054,0.8109300136566162
2026-08-11T16:30:00Z,0.8109300136566162,0.8112999796867371,0.8107699751853943,0.811269998550415
2026-08-11T17:00:00Z,0.811269998550415,0.8120399713516235,0.8111500144004822,0.8119300007820129
2026-08-11T17:30:00Z,0.8119300007820129,0.812030017375946,0.8116700053215027,0.8117799758911133
2026-08-11T18:00:00Z,0.8117799758911133,0.8120700120925903,0.8117200136184692,0.8117799758911133
2026-08-11T18:30:00Z,0.811739981174469,0.8118000030517578,0.8107100129127502,0.8111699819564819
2026-08-11T19:00:00Z,0.8111600279808044,0.8114500045776367,0.8109300136566162,0.8112099766731262
2026-08-11T19:30:00Z,0.8112099766731262,0.8112999796867371,0.8106499910354614,0.81072998046875
2026-08-11T20:00:00Z,0.8107200264930725,0.8109999895095825,0.8106899857521057,0.8109099864959717
2026-08-11T20:30:00Z,0.810949981212616,0.811269998550415,0.8103100061416626,0.8103100061416626
2026-08-11T21:00:00Z,0.8098999857902527,0.8108400106430054,0.8098199963569641,0.8105199933052063
2026-08-11T21:30:00Z,0.8105199933052063,0.8108999729156494,0.8097599744796753,0.8101400136947632
2026-08-11T22:00:00Z,0.8106099963188171,0.8109300136566162,0.8104900121688843,0.8108800053596497
2026-08-11T22:30:00Z,0.8108699917793274,0.8110100030899048,0.8107799887657166,0.8108599781990051
2026-08-11T23:00:00Z,0.8108699917793274,0.8111000061035156,0.8108400106430054,0.8110700249671936
2026-08-11T23:30:00Z,0.8110700249671936,0.8111299872398376,0.8109899759292603,0.8109999895095825
2026-08-12T00:00:00Z,0.811020016670227,0.811240017414093,0.8109800219535828,0.8111500144004822
2026-08-12T00:30:00Z,0.8111500144004822,0.8116000294685364,0.8110299706459045,0.811460018157959
2026-08-12T01:00:00Z,0.811460018157959,0.811710000038147,0.8114200234413147,0.8115699887275696
2026-08-12T01:30:00Z,0.8115800023078918,0.8117300271987915,0.8113399744033813,0.8115000128746033
2026-08-12T02:00:00Z,0.811519980430603,0.8117499947547913,0.811489999294281,0.8116199970245361
2026-08-12T02:30:00Z,0.8116199970245361,0.811739981174469,0.8113899827003479,0.8116300106048584
2026-08-12T03:00:00Z,0.8116300106048584,0.8118500113487244,0.8116000294685364,0.8118199706077576
2026-08-12T03:30:00Z,0.8118199706077576,0.8121500015258789,0.8117499947547913,0.8120800256729126
2026-08-12T04:00:00Z,0.8120800256729126,0.8123499751091003,0.812030017375946,0.8122100234031677
2026-08-12T04:30:00Z,0.8122400045394897,0.812250018119812,0.8119900226593018,0.8121200203895569
2026-08-12T05:00:00Z,0.8120999932289124,0.8123499751091003,0.8120899796485901,0.8122299909591675
2026-08-12T05:30:00Z,0.812250018119812,0.812309980392456,0.8120399713516235,0.8120899796485901
2026-08-12T06:00:00Z,0.8121299743652344,0.8122599720954895,0.8119300007820129,0.8120399713516235
2026-08-12T06:30:00Z,0.8120399713516235,0.8122000098228455,0.8114100098609924,0.8116000294685364
2026-08-12T07:00:00Z,0.8116000294685364,0.8122299909591675,0.8115500211715698,0.8122299909591675
2026-08-12T07:30:00Z,0.8122299909591675,0.8126000165939331,0.8121700286865234,0.8123900294303894
2026-08-12T08:00:00Z,0.8123999834060669,0.8126199841499329,0.8121799826622009,0.8124300241470337
2026-08-12T08:30:00Z,0.8124300241470337,0.8128499984741211,0.8124099969863892,0.8127400279045105
2026-08-12T09:00:00Z,0.8127400279045105,0.8128200173377991,0.8111199736595154,0.8118000030517578
2026-08-12T09:30:00Z,0.8118000030517578,0.8126599788665771,0.8115599751472473,0.8124600052833557
2026-08-12T10:00:00Z,0.812470018863678,0.8125600218772888,0.8121700286865234,0.8123800158500671
2026-08-12T10:30:00Z,0.8124099969863892,0.8128399848937988,0.8123300075531006,0.8125
2026-08-12T11:00:00Z,0.8125,0.8125699758529663,0.8118100166320801,0.8118799924850464
2026-08-12T11:30:00Z,0.8118699789047241,0.8119999766349792,0.8110899925231934,0.8113800287246704
2026-08-12T12:00:00Z,0.8113800287246704,0.8116300106048584,0.8107900023460388,0.8108599781990051
2026-08-12T12:30:00Z,0.8108599781990051,0.8122199773788452,0.8093000054359436,0.809719979763031
2026-08-12T13:00:00Z,0.8097299933433533,0.8109800219535828,0.8095499873161316,0.8103500008583069
2026-08-12T13:30:00Z,0.8103600144386292,0.8114200234413147,0.8100900053977966,0.8110399842262268
2026-08-12T14:00:00Z,0.8110499978065491,0.8112000226974487,0.8104699850082397,0.8108500242233276
2026-08-12T14:30:00Z,0.8108500242233276,0.8120399713516235,0.8105800151824951,0.8113899827003479
2026-08-12T15:00:00Z,0.8113899827003479,0.8118799924850464,0.8113300204277039,0.8117300271987915
2026-08-12T15:30:00Z,0.8117300271987915,0.812250018119812,0.8116300106048584,0.8117200136184692
2026-08-12T16:00:00Z,0.811710000038147,0.8125,0.8115800023078918,0.8124300241470337
2026-08-12T16:30:00Z,0.8123999834060669,0.8130499720573425,0.8123300075531006,0.8127800226211548
2026-08-12T17:00:00Z,0.8127999901771545,0.8132399916648865,0.8125799894332886,0.8131300210952759
2026-08-12T17:30:00Z,0.8131300210952759,0.8136399984359741,0.8130599856376648,0.8136199712753296
2026-08-12T18:00:00Z,0.8136199712753296,0.8138499855995178,0.8131200075149536,0.8134099841117859
2026-08-12T18:30:00Z,0.8134099841117859,0.8138200044631958,0.8133400082588196,0.813730001449585
2026-08-12T19:00:00Z,0.8137199878692627,0.8137999773025513,0.8134300112724304,0.8136600255966187
2026-08-12T19:30:00Z,0.8136600255966187,0.8139200210571289,0.8136500120162964,0.8137099742889404
2026-08-12T20:00:00Z,0.813730001449585,0.8139299750328064,0.8136100172996521,0.8138499855995178
2026-08-12T20:30:00Z,0.8138599991798401,0.8139100074768066,0.8128299713134766,0.8128299713134766
2026-08-12T21:00:00Z,0.8125100135803223,0.8135700225830078,0.8113099932670593,0.8128100037574768
2026-08-12T21:30:00Z,0.8131600022315979,0.8135300278663635,0.8121700286865234,0.8132299780845642
2026-08-12T22:00:00Z,0.8130699992179871,0.8137000203132629,0.8129900097846985,0.8134300112724304
2026-08-12T22:30:00Z,0.8134199976921082,0.813539981842041,0.8133599758148193,0.8133699893951416
2026-08-12T23:00:00Z,0.8133800029754639,0.8134599924087524,0.813319981098175,0.8133900165557861
2026-08-12T23:30:00Z,0.8133900165557861,0.8134999871253967,0.8131700158119202,0.8131800293922424
2026-08-13T00:00:00Z,0.8131999969482422,0.8132200241088867,0.812749981880188,0.8128299713134766
2026-08-13T00:30:00Z,0.8128299713134766,0.8130000233650208,0.8125100135803223,0.8128200173377991
2026-08-13T01:00:00Z,0.8128100037574768,0.8130000233650208,0.8126299977302551,0.8129000067710876
2026-08-13T01:30:00Z,0.8129100203514099,0.8137199878692627,0.8127400279045105,0.8136100172996521
2026-08-13T02:00:00Z,0.8136100172996521,0.8138200044631958,0.8134999871253967,0.8137999773025513
2026-08-13T02:30:00Z,0.8137900233268738,0.8140000104904175,0.813730001449585,0.8139200210571289
2026-08-13T03:00:00Z,0.8139200210571289,0.8142300248146057,0.8136799931526184,0.8141400218009949
2026-08-13T03:30:00Z,0.8141599893569946,0.814300000667572,0.8140100240707397,0.8142200112342834
2026-08-13T04:00:00Z,0.8142200112342834,0.8143399953842163,0.8140900135040283,0.8140900135040283
2026-08-13T04:30:00Z,0.8141300082206726,0.8142399787902832,0.8136000037193298,0.8137099742889404
2026-08-13T05:00:00Z,0.8137099742889404,0.8139200210571289,0.8134999871253967,0.8135600090026855
2026-08-13T05:30:00Z,0.8135700225830078,0.8138200044631958,0.813510000705719,0.8136600255966187
2026-08-13T06:00:00Z,0.8136600255966187,0.8141999840736389,0.8134099841117859,0.8141400218009949
2026-08-13T06:30:00Z,0.8141199946403503,0.8145999908447266,0.8137400150299072,0.8138700127601624
2026-08-13T07:00:00Z,0.8138300180435181,0.814079999923706,0.8136799931526184,0.813730001449585
2026-08-13T07:30:00Z,0.813730001449585,0.8137400150299072,0.8126199841499329,0.8129299879074097
2026-08-13T08:00:00Z,0.8129299879074097,0.8131999969482422,0.8127300143241882,0.8130099773406982
2026-08-13T08:30:00Z,0.8130199909210205,0.8130599856376648,0.8124600052833557,0.8128600120544434
2026-08-13T09:00:00Z,0.8128600120544434,0.8129799962043762,0.8120099902153015,0.8121299743652344
2026-08-13T09:30:00Z,0.8120999932289124,0.8124200105667114,0.8119300007820129,0.8121500015258789
2026-08-13T10:00:00Z,0.8121500015258789,0.8124399781227112,0.8119900226593018,0.8120200037956238
2026-08-13T10:30:00Z,0.812030017375946,0.8120999932289124,0.8115299940109253,0.812030017375946
2026-08-13T11:00:00Z,0.812030017375946,0.8123000264167786,0.8118699789047241,0.8122000098228455
2026-08-13T11:30:00Z,0.8122000098228455,0.8126000165939331,0.8120899796485901,0.812529981136322
2026-08-13T12:00:00Z,0.8125100135803223,0.8131999969482422,0.8124499917030334,0.8129799962043762
2026-08-13T12:30:00Z,0.8130000233650208,0.8134499788284302,0.8114799857139587,0.8115699887275696
2026-08-13T13:00:00Z,0.8115400075912476,0.8123700022697449,0.8113999962806702,0.8122299909591675
2026-08-13T13:30:00Z,0.8121899962425232,0.8127599954605103,0.8121200203895569,0.8125200271606445
2026-08-13T14:00:00Z,0.8124899864196777,0.8127599954605103,0.8111900091171265,0.8118299841880798
2026-08-13T14:30:00Z,0.8118299841880798,0.8122000098228455,0.8115500211715698,0.8117600083351135
2026-08-13T15:00:00Z,0.8117600083351135,0.8126299977302551,0.8115900158882141,0.8125500082969666
2026-08-13T15:30:00Z,0.8125600218772888,0.8130199909210205,0.8123000264167786,0.8129299879074097
2026-08-13T16:00:00Z,0.8129400014877319,0.8136600255966187,0.8128200173377991,0.813319981098175
2026-08-13T16:30:00Z,0.8133500218391418,0.8134599924087524,0.8130599856376648,0.8131300210952759
2026-08-13T17:00:00Z,0.8131300210952759,0.8134899735450745,0.8128899931907654,0.8133500218391418
2026-08-13T17:30:00Z,0.8133800029754639,0.813510000705719,0.8131999969482422,0.813480019569397
2026-08-13T18:00:00Z,0.813480019569397,0.8136299848556519,0.813040018081665,0.8134300112724304
2026-08-13T18:30:00Z,0.8134300112724304,0.8139200210571289,0.8133299946784973,0.8138999938964844
2026-08-13T19:00:00Z,0.8138499855995178,0.814079999923706,0.8137900233268738,0.8139399886131287
2026-08-13T19:30:00Z,0.8139399886131287,0.8146299719810486,0.8139399886131287,0.81454998254776
2026-08-13T20:00:00Z,0.81454998254776,0.8147000074386597,0.814329981803894,0.8144699931144714
2026-08-13T20:30:00Z,0.8144500255584717,0.8145999908447266,0.8135799765586853,0.8135799765586853
2026-08-13T21:00:00Z,0.8135499954223633,0.8144199848175049,0.8127300143241882,0.8133900165557861
2026-08-13T21:30:00Z,0.813539981842041,0.8141999840736389,0.8130599856376648,0.8139899969100952
2026-08-13T22:00:00Z,0.8140000104904175,0.8141999840736389,0.813040018081665,0.814079999923706
2026-08-13T22:30:00Z,0.8140699863433838,0.8141199946403503,0.8140000104904175,0.8140400052070618
2026-08-13T23:00:00Z,0.8140299916267395,0.8141199946403503,0.8138999938964844,0.8140900135040283
2026-08-13T23:30:00Z,0.8140900135040283,0.8141999840736389,0.8139700293540955,0.8141199946403503
2026-08-14T00:00:00Z,0.8141199946403503,0.8141999840736389,0.8138300180435181,0.8139200210571289
2026-08-14T00:30:00Z,0.8139200210571289,0.8140000104904175,0.8136600255966187,0.8137000203132629
2026-08-14T01:00:00Z,0.8137199878692627,0.8144199848175049,0.8136900067329407,0.8141999840736389
2026-08-14T01:30:00Z,0.8142300248146057,0.814300000667572,0.8137500286102295,0.8141099810600281
2026-08-14T02:00:00Z,0.8141300082206726,0.8141499757766724,0.8137199878692627,0.8138399720191956
2026-08-14T02:30:00Z,0.8138700127601624,0.8141300082206726,0.8137199878692627,0.8140400052070618
2026-08-14T03:00:00Z,0.8140599727630615,0.8141000270843506,0.8136000037193298,0.8136799931526184
2026-08-14T03:30:00Z,0.8136600255966187,0.8138999938964844,0.8136000037193298,0.8137999773025513
2026-08-14T04:00:00Z,0.8137699961662292,0.8137999773025513,0.8134700059890747,0.8137199878692627
2026-08-14T04:30:00Z,0.8137199878692627,0.8137999773025513,0.8134599924087524,0.8135499954223633
2026-08-14T05:00:00Z,0.8135700225830078,0.8136000037193298,0.8131700158119202,0.8131999969482422
2026-08-14T05:30:00Z,0.8132200241088867,0.813539981842041,0.8131700158119202,0.8133299946784973
2026-08-14T06:00:00Z,0.8133500218391418,0.8139500021934509,0.8132100105285645,0.8138999938964844
2026-08-14T06:30:00Z,0.8138999938964844,0.8139200210571289,0.8134899735450745,0.8135200142860413
2026-08-14T07:00:00Z,0.8135200142860413,0.8140000104904175,0.8133100271224976,0.8137900233268738
2026-08-14T07:30:00Z,0.8138099908828735,0.8139500021934509,0.8133900165557861,0.8134999871253967
2026-08-14T08:00:00Z,0.8134999871253967,0.8137400150299072,0.8132299780845642,0.8134499788284302
2026-08-14T08:30:00Z,0.8134499788284302,0.8141000270843506,0.813319981098175,0.8134899735450745
2026-08-14T09:00:00Z,0.8134899735450745,0.8135499954223633,0.812969982624054,0.8131300210952759
2026-08-14T09:30:00Z,0.8131300210952759,0.8134599924087524,0.8129299879074097,0.8129799962043762
2026-08-14T10:00:00Z,0.8130199909210205,0.8134700059890747,0.8127899765968323,0.8133299946784973
2026-08-14T10:30:00Z,0.8133500218391418,0.8135499954223633,0.8129299879074097,0.8129799962043762
2026-08-14T11:00:00Z,0.8129799962043762,0.8130099773406982,0.8122199773788452,0.8124200105667114
2026-08-14T11:30:00Z,0.8123800158500671,0.8124099969863892,0.8115699887275696,0.8118799924850464
2026-08-14T12:00:00Z,0.8118900060653687,0.8120200037956238,0.8110899925231934,0.8111600279808044
2026-08-14T12:30:00Z,0.8110899925231934,0.811959981918335,0.8102999925613403,0.811710000038147
2026-08-14T13:00:00Z,0.811710000038147,0.8124399781227112,0.8116099834442139,0.8118500113487244
2026-08-14T13:30:00Z,0.8118500113487244,0.8119300007820129,0.8105700016021729,0.8109700083732605
2026-08-14T14:00:00Z,0.8109599947929382,0.8114699721336365,0.8106899857521057,0.8109999895095825
2026-08-14T14:30:00Z,0.811020016670227,0.8117899894714355,0.810949981212616,0.8114100098609924
2026-08-14T15:00:00Z,0.8113999962806702,0.8119300007820129,0.810949981212616,0.8115900158882141
2026-08-14T15:30:00Z,0.8115699887275696,0.8116499781608582,0.8111100196838379,0.8116300106048584
2026-08-14T16:00:00Z,0.8116300106048584,0.8122000098228455,0.8114799857139587,0.8121399879455566
2026-08-14T16:30:00Z,0.8121399879455566,0.8126500248908997,0.8118399977684021,0.8125500082969666
2026-08-14T17:00:00Z,0.8125500082969666,0.8134999871253967,0.812529981136322,0.8131899833679199
2026-08-14T17:30:00Z,0.8131700158119202,0.8133699893951416,0.8130300045013428,0.8131899833679199
2026-08-14T18:00:00Z,0.8131899833679199,0.813319981098175,0.8129100203514099,0.8129199743270874
2026-08-14T18:30:00Z,0.8129400014877319,0.8131200075149536,0.8129100203514099,0.8130599856376648
2026-08-14T19:00:00Z,0.8130599856376648,0.813319981098175,0.8129500150680542,0.8130800127983093
2026-08-14T19:30:00Z,0.8131099939346313,0.8135300278663635,0.813040018081665,0.8132100105285645
2026-08-14T20:00:00Z,0.8132100105285645,0.8134599924087524,0.8130699992179871,0.813319981098175
2026-08-14T20:30:00Z,0.8133000135421753,0.8135300278663635,0.8128899931907654,0.8130999803543091
2026-08-14T21:00:00Z,0.8130000233650208,0.8130000233650208,0.8130000233650208,0.8130000233650208
2026-08-16T23:00:00Z,0.8127800226211548,0.8128399848937988,0.8126099705696106,0.8127700090408325
2026-08-16T23:30:00Z,0.8127599954605103,0.8127999901771545,0.8125200271606445,0.8126500248908997
2026-08-17T00:00:00Z,0.8126400113105774,0.8126800060272217,0.8116499781608582,0.8118500113487244
2026-08-17T00:30:00Z,0.8118500113487244,0.8121100068092346,0.8117200136184692,0.8117799758911133
2026-08-17T01:00:00Z,0.8117799758911133,0.8119999766349792,0.8115699887275696,0.8117499947547913
2026-08-17T01:30:00Z,0.8117700219154358,0.8123000264167786,0.8116999864578247,0.8117700219154358
2026-08-17T02:00:00Z,0.8117700219154358,0.8119300007820129,0.811489999294281,0.811519980430603
2026-08-17T02:30:00Z,0.8115000128746033,0.8119099736213684,0.811460018157959,0.8118199706077576
2026-08-17T03:00:00Z,0.8118199706077576,0.8119999766349792,0.811680018901825,0.8118199706077576
2026-08-17T03:30:00Z,0.8118199706077576,0.8119500279426575,0.8115100264549255,0.8115299940109253
2026-08-17T04:00:00Z,0.8115500211715698,0.8116199970245361,0.8112999796867371,0.8113700151443481
2026-08-17T04:30:00Z,0.8113700151443481,0.8116000294685364,0.8111799955368042,0.8115500211715698
2026-08-17T05:00:00Z,0.8115500211715698,0.8116300106048584,0.8111299872398376,0.8112199902534485
2026-08-17T05:30:00Z,0.8112199902534485,0.8114500045776367,0.8110100030899048,0.8112999796867371
2026-08-17T06:00:00Z,0.8112999796867371,0.8116199970245361,0.8108000159263611,0.8108299970626831
2026-08-17T06:30:00Z,0.8108500242233276,0.8111000061035156,0.8105300068855286,0.810699999332428
2026-08-17T07:00:00Z,0.81072998046875,0.8110600113868713,0.808489978313446,0.808650016784668
2026-08-17T07:30:00Z,0.808650016784668,0.808650016784668,0.8077099919319153,0.8082799911499023
2026-08-17T08:00:00Z,0.8082799911499023,0.8086400032043457,0.8072100281715393,0.8072800040245056
2026-08-17T08:30:00Z,0.8072500228881836,0.8093100190162659,0.8071600198745728,0.8090100288391113
2026-08-17T09:00:00Z,0.8090199828147888,0.8093000054359436,0.8087700009346008,0.8089799880981445
2026-08-17T09:30:00Z,0.8089799880981445,0.8097500205039978,0.8088399767875671,0.8096299767494202
2026-08-17T10:00:00Z,0.8096299767494202,0.8102099895477295,0.8095700144767761,0.8097599744796753
2026-08-17T10:30:00Z,0.8098000288009644,0.8104400038719177,0.8096799850463867,0.8104199767112732
2026-08-17T11:00:00Z,0.8104100227355957,0.8105199933052063,0.8097800016403198,0.8101300001144409
2026-08-17T11:30:00Z,0.8101300001144409,0.8104699850082397,0.8097699880599976,0.8098499774932861
2026-08-17T12:00:00Z,0.8098499774932861,0.8106399774551392,0.8094900250434875,0.8100799918174744
2026-08-17T12:30:00Z,0.8100900053977966,0.8104400038719177,0.8093500137329102,0.8093799948692322
2026-08-17T13:00:00Z,0.8093799948692322,0.8096200227737427,0.8088399767875671,0.8090400099754333
2026-08-17T13:30:00Z,0.8090299963951111,0.8096399903297424,0.8084099888801575,0.8088700175285339
2026-08-17T14:00:00Z,0.8088799715042114,0.8093100190162659,0.808430016040802,0.8089799880981445
2026-08-17T14:30:00Z,0.8090000152587891,0.8096299767494202,0.8086900115013123,0.8094800114631653
2026-08-17T15:00:00Z,0.8094800114631653,0.8101199865341187,0.8093699812889099,0.8098800182342529
2026-08-17T15:30:00Z,0.8098800182342529,0.8103299736976624,0.8095399737358093,0.8095700144767761
2026-08-17T16:00:00Z,0.8095700144767761,0.8100000023841858,0.8095399737358093,0.8098300099372864
2026-08-17T16:30:00Z,0.8098199963569641,0.8101000189781189,0.8095899820327759,0.8100699782371521
2026-08-17T17:00:00Z,0.8100699782371521,0.810699999332428,0.8099600076675415,0.8105300068855286
2026-08-17T17:30:00Z,0.8105300068855286,0.8115299940109253,0.8104900121688843,0.8113300204277039
2026-08-17T18:00:00Z,0.8113099932670593,0.8116999864578247,0.8112099766731262,0.811460018157959
2026-08-17T18:30:00Z,0.8114299774169922,0.811710000038147,0.8113899827003479,0.811489999294281
2026-08-17T19:00:00Z,0.8115000128746033,0.8116499781608582,0.8107600212097168,0.8108199834823608
2026-08-17T19:30:00Z,0.8108299970626831,0.8110299706459045,0.8106200098991394,0.8108199834823608
2026-08-17T20:00:00Z,0.8108199834823608,0.8110100030899048,0.8107699751853943,0.8109800219535828
2026-08-17T20:30:00Z,0.8109800219535828,0.8111299872398376,0.8102499842643738,0.8105999827384949
2026-08-17T21:00:00Z,0.8098800182342529,0.8105900287628174,0.8091300129890442,0.810479998588562
2026-08-17T21:30:00Z,0.8105000257492065,0.8109999895095825,0.8096200227737427,0.8107200264930725
2026-08-17T22:00:00Z,0.8107200264930725,0.8111100196838379,0.8105599880218506,0.8108599781990051
2026-08-17T22:30:00Z,0.8108599781990051,0.8110100030899048,0.8108599781990051,0.8109700083732605
2026-08-17T23:00:00Z,0.8109300136566162,0.8110299706459045,0.8107600212097168,0.8107799887657166
2026-08-17T23:30:00Z,0.8107699751853943,0.8108400106430054,0.8104900121688843,0.8106099963188171
2026-08-18T00:00:00Z,0.8106099963188171,0.8110299706459045,0.8104699850082397,0.8109800219535828
2026-08-18T00:30:00Z,0.8109800219535828,0.8112000226974487,0.8107100129127502,0.8107399940490723
2026-08-18T01:00:00Z,0.8107399940490723,0.8109999895095825,0.8103299736976624,0.8108500242233276
2026-08-18T01:30:00Z,0.8108500242233276,0.8111299872398376,0.8105499744415283,0.8110399842262268
2026-08-18T02:00:00Z,0.8110399842262268,0.8112999796867371,0.8109899759292603,0.8110600113868713
2026-08-18T02:30:00Z,0.8110499978065491,0.8112999796867371,0.8108500242233276,0.8108599781990051
2026-08-18T03:00:00Z,0.8108800053596497,0.811240017414093,0.8108599781990051,0.8111699819564819
2026-08-18T03:30:00Z,0.8111500144004822,0.8116099834442139,0.8111400008201599,0.8115500211715698
2026-08-18T04:00:00Z,0.8115500211715698,0.8118799924850464,0.8114500045776367,0.8116999864578247
2026-08-18T04:30:00Z,0.8116999864578247,0.8119000196456909,0.8113999962806702,0.8117600083351135
2026-08-18T05:00:00Z,0.8117700219154358,0.8119999766349792,0.8115299940109253,0.8116199970245361
2026-08-18T05:30:00Z,0.8116199970245361,0.8118000030517578,0.8113999962806702,0.8116000294685364
2026-08-18T06:00:00Z,0.8116000294685364,0.8122199773788452,0.8114500045776367,0.8117200136184692
2026-08-18T06:30:00Z,0.8117200136184692,0.8120200037956238,0.8114100098609924,0.8114500045776367
2026-08-18T07:00:00Z,0.8114500045776367,0.8119000196456909,0.8110399842262268,0.8111199736595154
2026-08-18T07:30:00Z,0.8111299872398376,0.811240017414093,0.8106600046157837,0.8112300038337708
2026-08-18T08:00:00Z,0.8112099766731262,0.8120999932289124,0.8111299872398376,0.8118900060653687
2026-08-18T08:30:00Z,0.8118900060653687,0.8119300007820129,0.8113099932670593,0.811489999294281
2026-08-18T09:00:00Z,0.8114799857139587,0.811959981918335,0.8114299774169922,0.811460018157959
2026-08-18T09:30:00Z,0.811460018157959,0.8119000196456909,0.8112000226974487,0.8116300106048584
2026-08-18T10:00:00Z,0.8116300106048584,0.8125,0.8115900158882141,0.8122000098228455
2026-08-18T10:30:00Z,0.8121799826622009,0.8124399781227112,0.8120999932289124,0.8121399879455566
2026-08-18T11:00:00Z,0.8121500015258789,0.8126599788665771,0.8120999932289124,0.8126199841499329
2026-08-18T11:30:00Z,0.8126199841499329,0.812749981880188,0.8123000264167786,0.8124099969863892
2026-08-18T12:00:00Z,0.8123800158500671,0.8126400113105774,0.8120899796485901,0.8125200271606445
2026-08-18T12:30:00Z,0.8124899864196777,0.8127999901771545,0.8120399713516235,0.8122299909591675
2026-08-18T13:00:00Z,0.812279999256134,0.8129400014877319,0.811959981918335,0.8126500248908997
2026-08-18T13:30:00Z,0.8126999735832214,0.8130999803543091,0.8114799857139587,0.8117600083351135
2026-08-18T14:00:00Z,0.811739981174469,0.8118100166320801,0.8111299872398376,0.8116599917411804
2026-08-18T14:30:00Z,0.8116599917411804,0.812030017375946,0.8111299872398376,0.8118699789047241
2026-08-18T15:00:00Z,0.8118699789047241,0.8127599954605103,0.8113600015640259,0.8126099705696106
2026-08-18T15:30:00Z,0.8126099705696106,0.8128100037574768,0.8119199872016907,0.8121100068092346
2026-08-18T16:00:00Z,0.8120800256729126,0.8121200203895569,0.8112300038337708,0.8117300271987915
2026-08-18T16:30:00Z,0.8117300271987915,0.8120099902153015,0.8115400075912476,0.8119099736213684
2026-08-18T17:00:00Z,0.8119099736213684,0.812309980392456,0.8118600249290466,0.8121299743652344
2026-08-18T17:30:00Z,0.8121200203895569,0.8124300241470337,0.8120700120925903,0.8121299743652344
2026-08-18T18:00:00Z,0.8121700286865234,0.8125,0.8120099902153015,0.8122400045394897
2026-08-18T18:30:00Z,0.8122400045394897,0.8126000165939331,0.8122000098228455,0.8124099969863892
2026-08-18T19:00:00Z,0.8124300241470337,0.8126400113105774,0.8121700286865234,0.8123900294303894
2026-08-18T19:30:00Z,0.8123599886894226,0.8126299977302551,0.812030017375946,0.812529981136322
2026-08-18T20:00:00Z,0.812529981136322,0.812749981880188,0.8124899864196777,0.8126000165939331
2026-08-18T20:30:00Z,0.8126099705696106,0.8126299977302551,0.8119699954986572,0.8119699954986572
2026-08-18T21:00:00Z,0.8121100068092346,0.8122100234031677,0.8114100098609924,0.812030017375946
2026-08-18T21:30:00Z,0.8122100234031677,0.812309980392456,0.8108999729156494,0.8120800256729126
2026-08-18T22:00:00Z,0.8122000098228455,0.8124099969863892,0.8108299970626831,0.8123999834060669
2026-08-18T22:30:00Z,0.8123999834060669,0.8124399781227112,0.8122599720954895,0.8123999834060669
2026-08-18T23:00:00Z,0.8123700022697449,0.8125600218772888,0.8120999932289124,0.8125200271606445
2026-08-18T23:30:00Z,0.8125,0.8126999735832214,0.8122100234031677,0.8122199773788452
2026-08-19T00:00:00Z,0.8122400045394897,0.8123700022697449,0.8115800023078918,0.8119699954986572
2026-08-19T00:30:00Z,0.8120099902153015,0.8123800158500671,0.8118399977684021,0.8122299909591675
2026-08-19T01:00:00Z,0.8122199773788452,0.8128100037574768,0.8121700286865234,0.8125
2026-08-19T01:30:00Z,0.8124799728393555,0.8125,0.8118299841880798,0.8119300007820129
2026-08-19T02:00:00Z,0.8119099736213684,0.8120099902153015,0.8110499978065491,0.811460018157959
2026-08-19T02:30:00Z,0.8114500045776367,0.8116999864578247,0.8110899925231934,0.8115599751472473
2026-08-19T03:00:00Z,0.8115599751472473,0.8116999864578247,0.8113600015640259,0.8113999962806702
2026-08-19T03:30:00Z,0.8113999962806702,0.8116300106048584,0.8112900257110596,0.8115699887275696
2026-08-19T04:00:00Z,0.8116000294685364,0.8116499781608582,0.811269998550415,0.8114500045776367
2026-08-19T04:30:00Z,0.8114399909973145,0.811519980430603,0.8110100030899048,0.8111199736595154
2026-08-19T05:00:00Z,0.8111199736595154,0.8112999796867371,0.8108199834823608,0.8111199736595154
2026-08-19T05:30:00Z,0.8111000061035156,0.8112999796867371,0.810949981212616,0.8111600279808044
2026-08-19T06:00:00Z,0.8111600279808044,0.811240017414093,0.8102800250053406,0.8103299736976624
2026-08-19T06:30:00Z,0.8103299736976624,0.810699999332428,0.8101699948310852,0.8106300234794617
2026-08-19T07:00:00Z,0.8105999827384949,0.8110399842262268,0.8104100227355957,0.8105300068855286
2026-08-19T07:30:00Z,0.8105199933052063,0.8110499978065491,0.8102499842643738,0.8109300136566162
2026-08-19T08:00:00Z,0.810920000076294,0.8112000226974487,0.810230016708374,0.8109300136566162
2026-08-19T08:30:00Z,0.8108299970626831,0.8111000061035156,0.8105700016021729,0.8108500242233276
2026-08-19T09:00:00Z,0.8108500242233276,0.8109099864959717,0.8102800250053406,0.8103600144386292
2026-08-19T09:30:00Z,0.8103700280189514,0.8105300068855286,0.8100399971008301,0.8101800084114075
2026-08-19T10:00:00Z,0.8101599812507629,0.8104000091552734,0.8098199963569641,0.8100500106811523
2026-08-19T10:30:00Z,0.8100900053977966,0.8104299902915955,0.8098800182342529,0.8103799819946289
2026-08-19T11:00:00Z,0.8103799819946289,0.8106200098991394,0.8100900053977966,0.8101199865341187
2026-08-19T11:30:00Z,0.8101599812507629,0.81072998046875,0.8100600242614746,0.8102200031280518
2026-08-19T12:00:00Z,0.810230016708374,0.8102999925613403,0.8094900250434875,0.8098099827766418
2026-08-19T12:30:00Z,0.8098099827766418,0.8098099827766418,0.8064299821853638,0.8069300055503845
2026-08-19T13:00:00Z,0.8069300055503845,0.8069400191307068,0.8044999837875366,0.8045399785041809
2026-08-19T13:30:00Z,0.8045399785041809,0.8049899935722351,0.8021600246429443,0.8025400042533875
2026-08-19T14:00:00Z,0.8025400042533875,0.8028200268745422,0.8004999756813049,0.8004999756813049
2026-08-19T14:30:00Z,0.8005200028419495,0.8017899990081787,0.7984300255775452,0.8014500141143799
2026-08-19T15:00:00Z,0.8014600276947021,0.8018500208854675,0.8003000020980835,0.8009399771690369
2026-08-19T15:30:00Z,0.8009300231933594,0.8010900020599365,0.7990300059318542,0.7998300194740295
2026-08-19T16:00:00Z,0.799809992313385,0.8002899885177612,0.798829972743988,0.7994199991226196
2026-08-19T16:30:00Z,0.7994199991226196,0.7996000051498413,0.7986699938774109,0.7993000149726868
2026-08-19T17:00:00Z,0.7992900013923645,0.7998999953269958,0.7988200187683105,0.7996100187301636
2026-08-19T17:30:00Z,0.7996100187301636,0.8004999756813049,0.7994999885559082,0.8004000186920166
2026-08-19T18:00:00Z,0.8003900051116943,0.8003900051116943,0.798259973526001,0.7992799878120422
2026-08-19T18:30:00Z,0.7992500066757202,0.7993299961090088,0.7977399826049805,0.7978600263595581
2026-08-19T19:00:00Z,0.7978900074958801,0.798229992389679,0.7973399758338928,0.7973899841308594
2026-08-19T19:30:00Z,0.7974299788475037,0.7978699803352356,0.7969499826431274,0.797290027141571
2026-08-19T20:00:00Z,0.797290027141571,0.7976999878883362,0.7971699833869934,0.797510027885437
2026-08-19T20:30:00Z,0.797510027885437,0.7975199818611145,0.7969300150871277,0.7970700263977051
2026-08-19T21:00:00Z,0.7974600195884705,0.7976700067520142,0.7967000007629395,0.7972000241279602
2026-08-19T21:30:00Z,0.797029972076416,0.7975599765777588,0.7967299818992615,0.797540009021759
2026-08-19T22:00:00Z,0.7975000143051147,0.7975000143051147,0.7968500256538391,0.7971799969673157
2026-08-19T22:30:00Z,0.7971900105476379,0.7974100112915039,0.7970799803733826,0.7973399758338928
2026-08-19T23:00:00Z,0.7974399924278259,0.7975999712944031,0.7971600294113159,0.7975000143051147
2026-08-19T23:30:00Z,0.7974900007247925,0.7978399991989136,0.7974399924278259,0.7977499961853027
2026-08-20T00:00:00Z,0.7977499961853027,0.7982800006866455,0.7971100211143494,0.7981500029563904
2026-08-20T00:30:00Z,0.7981699705123901,0.7991099953651428,0.7978000044822693,0.7989500164985657
2026-08-20T01:00:00Z,0.7989699840545654,0.8001800179481506,0.7985100150108337,0.7986299991607666
2026-08-20T01:30:00Z,0.7986199855804443,0.7997000217437744,0.7984399795532227,0.799340009689331
2026-08-20T02:00:00Z,0.799340009689331,0.7998800277709961,0.7986800074577332,0.7995799779891968
2026-08-20T02:30:00Z,0.7995700240135193,0.7999299764633179,0.7993699908256531,0.799839973449707
2026-08-20T03:00:00Z,0.7998700141906738,0.7999200224876404,0.7993000149726868,0.7998200058937073
2026-08-20T03:30:00Z,0.7998200058937073,0.8000800013542175,0.7993599772453308,0.7995200157165527
2026-08-20T04:00:00Z,0.7995399832725525,0.7997499704360962,0.7992600202560425,0.7997300028800964
2026-08-20T04:30:00Z,0.7996900081634521,0.8001099824905396,0.7995799779891968,0.7999799847602844
2026-08-20T05:00:00Z,0.7999799847602844,0.8003399968147278,0.7996799945831299,0.800279974937439
2026-08-20T05:30:00Z,0.800279974937439,0.8004400134086609,0.7997599840164185,0.7998899817466736
2026-08-20T06:00:00Z,0.7998899817466736,0.800000011920929,0.7989199757575989,0.7994700074195862
2026-08-20T06:30:00Z,0.7994400262832642,0.7997300028800964,0.7984300255775452,0.7984799742698669
2026-08-20T07:00:00Z,0.7984499931335449,0.7999100089073181,0.7983599901199341,0.7997699975967407
2026-08-20T07:30:00Z,0.7997699975967407,0.7999100089073181,0.7982400059700012,0.7984399795532227
2026-08-20T08:00:00Z,0.7984499931335449,0.798829972743988,0.7978900074958801,0.7983499765396118
2026-08-20T08:30:00Z,0.7983400225639343,0.798740029335022,0.7975900173187256,0.7977499961853027
2026-08-20T09:00:00Z,0.7977499961853027,0.7979000210762024,0.7950299978256226,0.795799970626831
2026-08-20T09:30:00Z,0.795799970626831,0.7962999939918518,0.7955300211906433,0.7957500219345093
2026-08-20T10:00:00Z,0.7957500219345093,0.7961500287055969,0.7949299812316895,0.795490026473999
2026-08-20T10:30:00Z,0.7954800128936768,0.7969300150871277,0.795009970664978,0.7966300249099731
2026-08-20T11:00:00Z,0.7966300249099731,0.7974600195884705,0.796459972858429,0.7971100211143494
2026-08-20T11:30:00Z,0.7971299886703491,0.798740029335022,0.7969899773597717,0.7983199954032898
2026-08-20T12:00:00Z,0.7983199954032898,0.7990900278091431,0.7974900007247925,0.7976999878883362
2026-08-20T12:30:00Z,0.7976999878883362,0.7984600067138672,0.7973399758338928,0.7976199984550476
2026-08-20T13:00:00Z,0.7976099848747253,0.7986299991607666,0.7971699833869934,0.7980999946594238
2026-08-20T13:30:00Z,0.7980999946594238,0.7993500232696533,0.797789990901947,0.7990900278091431
2026-08-20T14:00:00Z,0.7991399765014648,0.7998999953269958,0.7986500263214111,0.7987200021743774
2026-08-20T14:30:00Z,0.7987099885940552,0.7988399863243103,0.7982199788093567,0.7986000180244446
2026-08-20T15:00:00Z,0.7985799908638,0.7998999953269958,0.7973799705505371,0.7988600134849548
2026-08-20T15:30:00Z,0.7988399863243103,0.8006700277328491,0.7987300157546997,0.799780011177063
2026-08-20T16:00:00Z,0.799780011177063,0.8004000186920166,0.7994300127029419,0.8002300262451172
2026-08-20T16:30:00Z,0.8002300262451172,0.8009099960327148,0.8001199960708618,0.8003699779510498
2026-08-20T17:00:00Z,0.8003699779510498,0.8008900284767151,0.8002300262451172,0.8005800247192383
2026-08-20T17:30:00Z,0.8005800247192383,0.8009300231933594,0.8004299998283386,0.8004999756813049
2026-08-20T18:00:00Z,0.8004999756813049,0.8009399771690369,0.8003100156784058,0.8008099794387817
2026-08-20T18:30:00Z,0.8008000254631042,0.8008999824523926,0.8004999756813049,0.8006700277328491
2026-08-20T19:00:00Z,0.8006799817085266,0.8009999990463257,0.8004599809646606,0.8006700277328491
2026-08-20T19:30:00Z,0.8006200194358826,0.8008099794387817,0.8003699779510498,0.8005499839782715
2026-08-20T20:00:00Z,0.8005499839782715,0.8007699847221375,0.8004699945449829,0.8006200194358826
2026-08-20T20:30:00Z,0.8006200194358826,0.8006200194358826,0.7995200157165527,0.7995200157165527
2026-08-20T21:00:00Z,0.7996199727058411,0.800599992275238,0.79899001121521,0.8004099726676941
2026-08-20T21:30:00Z,0.8004000186920166,0.8005300164222717,0.7996699810028076,0.8002499938011169
2026-08-20T22:00:00Z,0.8002399802207947,0.8004699945449829,0.7997999787330627,0.800029993057251
2026-08-20T22:30:00Z,0.8000699877738953,0.8001999855041504,0.7998499870300293,0.7999200224876404
2026-08-20T23:00:00Z,0.7999299764633179,0.7999500036239624,0.7995799779891968,0.7997499704360962
2026-08-20T23:30:00Z,0.7997499704360962,0.7999399900436401,0.7995200157165527,0.7996000051498413
2026-08-21T00:00:00Z,0.7995700240135193,0.8002099990844727,0.7994899749755859,0.799809992313385
2026-08-21T00:30:00Z,0.799809992313385,0.800320029258728,0.7996900081634521,0.8002200126647949
2026-08-21T01:00:00Z,0.8002200126647949,0.8002200126647949,0.799310028553009,0.7993500232696533
2026-08-21T01:30:00Z,0.7993000149726868,0.7997000217437744,0.7990000247955322,0.7993900179862976
2026-08-21T02:00:00Z,0.7994099855422974,0.7998499870300293,0.7989799976348877,0.7991999983787537
2026-08-21T02:30:00Z,0.7992200255393982,0.7992299795150757,0.7985699772834778,0.79899001121521
2026-08-21T03:00:00Z,0.79899001121521,0.7993999719619751,0.7988100051879883,0.7993599772453308
2026-08-21T03:30:00Z,0.799340009689331,0.7998999953269958,0.7993199825286865,0.7996100187301636
2026-08-21T04:00:00Z,0.7996000051498413,0.7998999953269958,0.7994599938392639,0.7998200058937073
2026-08-21T04:30:00Z,0.7997900247573853,0.800000011920929,0.7997499704360962,0.7998200058937073
2026-08-21T05:00:00Z,0.7997999787330627,0.8000400066375732,0.7997499704360962,0.7999299764633179
2026-08-21T05:30:00Z,0.7999600172042847,0.800000011920929,0.7989299893379211,0.79899001121521
2026-08-21T06:00:00Z,0.799019992351532,0.7999699711799622,0.7990000247955322,0.7998600006103516
2026-08-21T06:30:00Z,0.7998600006103516,0.8001300096511841,0.7995799779891968,0.7997499704360962
2026-08-21T07:00:00Z,0.7997400164604187,0.8003399968147278,0.7993299961090088,0.7999799847602844
2026-08-21T07:30:00Z,0.7999699711799622,0.800599992275238,0.7996299862861633,0.800279974937439
2026-08-21T08:00:00Z,0.800279974937439,0.8007500171661377,0.7997300028800964,0.8001000285148621
2026-08-21T08:30:00Z,0.8001000285148621,0.8001999855041504,0.7992100119590759,0.7994199991226196
2026-08-21T09:00:00Z,0.7993999719619751,0.7997999787330627,0.7983899712562561,0.7989299893379211
2026-08-21T09:30:00Z,0.7989299893379211,0.799340009689331,0.7986400127410889,0.7992900013923645
2026-08-21T10:00:00Z,0.7992900013923645,0.7994199991226196,0.7985399961471558,0.7985799908638
2026-08-21T10:30:00Z,0.7986000180244446,0.799239993095398,0.7983400225639343,0.7990300059318542
2026-08-21T11:00:00Z,0.7990300059318542,0.7993800044059753,0.7982500195503235,0.7984700202941895
2026-08-21T11:30:00Z,0.7984700202941895,0.7998200058937073,0.7983999848365784,0.799310028553009
2026-08-21T12:00:00Z,0.799310028553009,0.7996399998664856,0.7989599704742432,0.7995799779891968
2026-08-21T12:30:00Z,0.7995799779891968,0.8005599975585938,0.799560010433197,0.7998899817466736
2026-08-21T13:00:00Z,0.7998899817466736,0.8006799817085266,0.7996900081634521,0.8004000186920166
2026-08-21T13:30:00Z,0.8004000186920166,0.8006299734115601,0.7997300028800964,0.8000199794769287
2026-08-21T14:00:00Z,0.8000199794769287,0.8008800148963928,0.7999899983406067,0.8008599877357483
2026-08-21T14:30:00Z,0.8008700013160706,0.8016999959945679,0.8006899952888489,0.8009999990463257
2026-08-21T15:00:00Z,0.801010012626648,0.8020700216293335,0.8008800148963928,0.8015199899673462
2026-08-21T15:30:00Z,0.8015099763870239,0.8015400171279907,0.8006899952888489,0.8007599711418152
2026-08-21T16:00:00Z,0.8007599711418152,0.8012999892234802,0.8005499839782715,0.801069974899292
2026-08-21T16:30:00Z,0.8010600209236145,0.8011500239372253,0.8007400035858154,0.80103999376297
2026-08-21T17:00:00Z,0.80103999376297,0.8014400005340576,0.8009499907493591,0.8011400103569031
2026-08-21T17:30:00Z,0.801110029220581,0.8012999892234802,0.8008400201797485,0.8011000156402588
2026-08-21T18:00:00Z,0.8011299967765808,0.8011299967765808,0.8007299900054932,0.8008300065994263
2026-08-21T18:30:00Z,0.8008099794387817,0.801069974899292,0.8007500171661377,0.8007799983024597
2026-08-21T19:00:00Z,0.8007699847221375,0.8012300133705139,0.8006899952888489,0.8011800050735474
2026-08-21T19:30:00Z,0.8011800050735474,0.8012599945068359,0.8008099794387817,0.8009200096130371
2026-08-21T20:00:00Z,0.8009200096130371,0.8012199997901917,0.8008099794387817,0.8011999726295471
2026-08-21T20:30:00Z,0.8011900186538696,0.8014400005340576,0.8008400201797485,0.8008400201797485
2026-08-23T23:00:00Z,0.8011800050735474,0.8014000058174133,0.8011500239372253,0.8012599945068359
2026-08-23T23:30:00Z,0.8012700080871582,0.8013200163841248,0.8005300164222717,0.8005499839782715
2026-08-24T00:00:00Z,0.800570011138916,0.8005899786949158,0.7997900247573853,0.8001700043678284
2026-08-24T00:30:00Z,0.8001599907875061,0.8003000020980835,0.7996900081634521,0.799780011177063
2026-08-24T01:00:00Z,0.799780011177063,0.8007000088691711,0.7996000051498413,0.8005800247192383
2026-08-24T01:30:00Z,0.8005800247192383,0.8007000088691711,0.8000500202178955,0.8001400232315063
2026-08-24T02:00:00Z,0.8001499772071838,0.8003000020980835,0.7997900247573853,0.8000500202178955
2026-08-24T02:30:00Z,0.8000100255012512,0.8003399968147278,0.800000011920929,0.8001000285148621
2026-08-24T03:00:00Z,0.8001199960708618,0.8004299998283386,0.8000500202178955,0.8001999855041504
2026-08-24T03:30:00Z,0.8002200126647949,0.8004999756813049,0.8001300096511841,0.8003299832344055
2026-08-24T04:00:00Z,0.8003000020980835,0.8007000088691711,0.8000199794769287,0.8000800013542175
2026-08-24T04:30:00Z,0.8000800013542175,0.8004199862480164,0.8000800013542175,0.8001199960708618
2026-08-24T05:00:00Z,0.8000900149345398,0.800599992275238,0.8000800013542175,0.8005499839782715
2026-08-24T05:30:00Z,0.8005099892616272,0.8009499907493591,0.80035001039505,0.8004099726676941
2026-08-24T06:00:00Z,0.8004199862480164,0.8008999824523926,0.8002499938011169,0.800819993019104
2026-08-24T06:30:00Z,0.800819993019104,0.8014500141143799,0.8006500005722046,0.8010500073432922
2026-08-24T07:00:00Z,0.801069974899292,0.801639974117279,0.8006600141525269,0.8012400269508362
2026-08-24T07:30:00Z,0.8012400269508362,0.8022500276565552,0.8009899854660034,0.8019099831581116
2026-08-24T08:00:00Z,0.8019099831581116,0.80281001329422,0.8016800284385681,0.8027999997138977
2026-08-24T08:30:00Z,0.80281001329422,0.8028600215911865,0.802049994468689,0.8022000193595886
2026-08-24T09:00:00Z,0.8021799921989441,0.802649974822998,0.8019800186157227,0.8024799823760986
2026-08-24T09:30:00Z,0.8024399876594543,0.8027499914169312,0.8021100163459778,0.8023499846458435
2026-08-24T10:00:00Z,0.8023499846458435,0.8024100065231323,0.8021000027656555,0.8023399710655212
2026-08-24T10:30:00Z,0.8023499846458435,0.8027300238609314,0.8021199703216553,0.8026999831199646
2026-08-24T11:00:00Z,0.8026999831199646,0.8027700185775757,0.8022599816322327,0.8023499846458435
2026-08-24T11:30:00Z,0.8023599982261658,0.8025599718093872,0.8010900020599365,0.8021199703216553
2026-08-24T12:00:00Z,0.8021000027656555,0.8027700185775757,0.8014699816703796,0.8015099763870239
2026-08-24T12:30:00Z,0.8015099763870239,0.8026900291442871,0.8014900088310242,0.802590012550354
2026-08-24T13:00:00Z,0.802590012550354,0.802649974822998,0.8019099831581116,0.8022599816322327
2026-08-24T13:30:00Z,0.8022599816322327,0.8023399710655212,0.8016499876976013,0.8020899891853333
2026-08-24T14:00:00Z,0.8020899891853333,0.802649974822998,0.8016999959945679,0.8018199801445007
2026-08-24T14:30:00Z,0.801800012588501,0.8027799725532532,0.8017399907112122,0.8026099801063538
2026-08-24T15:00:00Z,0.8026099801063538,0.8026400208473206,0.8015999794006348,0.8017100095748901
2026-08-24T15:30:00Z,0.8017200231552124,0.8024899959564209,0.8016800284385681,0.8023899793624878
2026-08-24T16:00:00Z,0.8024200201034546,0.8026000261306763,0.8017899990081787,0.8021699786186218
2026-08-24T16:30:00Z,0.8021600246429443,0.8025000095367432,0.8018800020217896,0.8023099899291992
2026-08-24T17:00:00Z,0.8023099899291992,0.8028600215911865,0.8020200133323669,0.8027200102806091
2026-08-24T17:30:00Z,0.8027099967002869,0.8029999732971191,0.8025500178337097,0.802649974822998
2026-08-24T18:00:00Z,0.802649974822998,0.8028900027275085,0.8022199869155884,0.8022500276565552
2026-08-24T18:30:00Z,0.8022699952125549,0.8026999831199646,0.8022000193595886,0.8025199770927429
2026-08-24T19:00:00Z,0.8025199770927429,0.8029999732971191,0.8024200201034546,0.8029099702835083
2026-08-24T19:30:00Z,0.8029299974441528,0.8029400110244751,0.8024899959564209,0.8026400208473206
2026-08-24T20:00:00Z,0.8026400208473206,0.8027499914169312,0.8024500012397766,0.8025500178337097
2026-08-24T20:30:00Z,0.8025799989700317,0.8026300072669983,0.8017899990081787,0.8017899990081787
2026-08-24T21:00:00Z,0.8013399839401245,0.8022900223731995,0.8008999824523926,0.8021399974822998
2026-08-24T21:30:00Z,0.8020200133323669,0.8024200201034546,0.8011699914932251,0.8022400140762329
2026-08-24T22:00:00Z,0.8022300004959106,0.8024100065231323,0.801800012588501,0.8023899793624878
2026-08-24T22:30:00Z,0.8023800253868103,0.8024100065231323,0.8022500276565552,0.8022800087928772
2026-08-24T23:00:00Z,0.802299976348877,0.8023999929428101,0.8022000193595886,0.8023300170898438
2026-08-24T23:30:00Z,0.8023300170898438,0.8024100065231323,0.8021299839019775,0.8022000193595886
2026-08-25T00:00:00Z,0.8022500276565552,0.8024399876594543,0.8019899725914001,0.802299976348877
2026-08-25T00:30:00Z,0.8022900223731995,0.8023599982261658,0.8020099997520447,0.8021399974822998
2026-08-25T01:00:00Z,0.8021399974822998,0.8027200102806091,0.8020899891853333,0.8024700284004211
2026-08-25T01:30:00Z,0.8024700284004211,0.8032199740409851,0.8024100065231323,0.803059995174408
2026-08-25T02:00:00Z,0.803059995174408,0.8033400177955627,0.8029599785804749,0.8029999732971191
2026-08-25T02:30:00Z,0.8030099868774414,0.803600013256073,0.8029800057411194,0.8034300208091736
2026-08-25T03:00:00Z,0.8034200072288513,0.803600013256073,0.8032400012016296,0.8035100102424622
2026-08-25T03:30:00Z,0.8035399913787842,0.803600013256073,0.8033499717712402,0.8034999966621399
2026-08-25T04:00:00Z,0.8035100102424622,0.8038399815559387,0.8034499883651733,0.8037400245666504
2026-08-25T04:30:00Z,0.8037700057029724,0.8039000034332275,0.8035899996757507,0.8037899732589722
2026-08-25T05:00:00Z,0.8037899732589722,0.8039000034332275,0.803629994392395,0.8037700057029724
2026-08-25T05:30:00Z,0.8037300109863281,0.804099977016449,0.803659975528717,0.8039600253105164
2026-08-25T06:00:00Z,0.8039600253105164,0.804069995880127,0.803309977054596,0.8033699989318848
2026-08-25T06:30:00Z,0.8033699989318848,0.8042200207710266,0.8031799793243408,0.8041300177574158
2026-08-25T07:00:00Z,0.8041300177574158,0.8041399717330933,0.8031700253486633,0.803879976272583
2026-08-25T07:30:00Z,0.803879976272583,0.8042200207710266,0.8036100268363953,0.8040300011634827
2026-08-25T08:00:00Z,0.8040400147438049,0.8040500283241272,0.8031100034713745,0.8035899996757507
2026-08-25T08:30:00Z,0.8035799860954285,0.8037300109863281,0.8026300072669983,0.8026800155639648
2026-08-25T09:00:00Z,0.8026599884033203,0.8027999997138977,0.8021299839019775,0.8027200102806091
2026-08-25T09:30:00Z,0.8027600049972534,0.8027700185775757,0.8019700050354004,0.8024600148200989
2026-08-25T10:00:00Z,0.8024200201034546,0.8029999732971191,0.8023399710655212,0.8029299974441528
2026-08-25T10:30:00Z,0.8029299974441528,0.8030999898910522,0.8025500178337097,0.8027600049972534
2026-08-25T11:00:00Z,0.8027600049972534,0.8030300140380859,0.8025599718093872,0.8027499914169312
2026-08-25T11:30:00Z,0.8027799725532532,0.8029000163078308,0.8022800087928772,0.8027499914169312
2026-08-25T12:00:00Z,0.8027499914169312,0.80281001329422,0.8023899793624878,0.8025599718093872
2026-08-25T12:30:00Z,0.8025400042533875,0.8029199838638306,0.8024399876594543,0.8025799989700317
2026-08-25T13:00:00Z,0.8025599718093872,0.80281001329422,0.8016300201416016,0.8022699952125549
2026-08-25T13:30:00Z,0.8023200035095215,0.8027899861335754,0.8019999861717224,0.802299976348877
2026-08-25T14:00:00Z,0.8023099899291992,0.8028299808502197,0.8019700050354004,0.8026700019836426
2026-08-25T14:30:00Z,0.8026300072669983,0.8031600117683411,0.8022099733352661,0.8027999997138977
2026-08-25T15:00:00Z,0.8027999997138977,0.8029999732971191,0.8024899959564209,0.8029199838638306
2026-08-25T15:30:00Z,0.8029099702835083,0.8029099702835083,0.8021000027656555,0.8023800253868103
2026-08-25T16:00:00Z,0.8023800253868103,0.80281001329422,0.8023099899291992,0.8026800155639648
2026-08-25T16:30:00Z,0.802649974822998,0.8027399778366089,0.8024100065231323,0.8025000095367432
2026-08-25T17:00:00Z,0.8025000095367432,0.8027399778366089,0.8023499846458435,0.8024399876594543
2026-08-25T17:30:00Z,0.8024700284004211,0.8025500178337097,0.8019199967384338,0.8019999861717224
2026-08-25T18:00:00Z,0.8019999861717224,0.802299976348877,0.8019099831581116,0.8020399808883667
2026-08-25T18:30:00Z,0.8020399808883667,0.8022000193595886,0.8018699884414673,0.8019499778747559
2026-08-25T19:00:00Z,0.8019700050354004,0.8020200133323669,0.8012999892234802,0.8017699718475342
2026-08-25T19:30:00Z,0.8017799854278564,0.8019999861717224,0.801110029220581,0.8012700080871582
2026-08-25T20:00:00Z,0.8012700080871582,0.8014199733734131,0.8007500171661377,0.8010500073432922
2026-08-25T20:30:00Z,0.8010500073432922,0.8015400171279907,0.8009700179100037,0.801360011100769
2026-08-25T21:00:00Z,0.8014500141143799,0.8017799854278564,0.8005499839782715,0.8011999726295471
2026-08-25T21:30:00Z,0.80103999376297,0.8013100028038025,0.8006299734115601,0.801010012626648
2026-08-25T22:00:00Z,0.8009300231933594,0.8013399839401245,0.8007299900054932,0.8013200163841248
2026-08-25T22:30:00Z,0.801289975643158,0.8014000058174133,0.8012199997901917,0.801289975643158
2026-08-25T23:00:00Z,0.801289975643158,0.8016999959945679,0.8012499809265137,0.8016800284385681
2026-08-25T23:30:00Z,0.8016700148582458,0.8019499778747559,0.8016600012779236,0.8017699718475342
2026-08-26T00:00:00Z,0.8017799854278564,0.8019899725914001,0.8016300201416016,0.8019499778747559
2026-08-26T00:30:00Z,0.8019300103187561,0.8019999861717224,0.8014699816703796,0.8017699718475342
2026-08-26T01:00:00Z,0.8017699718475342,0.8019999861717224,0.8015300035476685,0.8019999861717224
2026-08-26T01:30:00Z,0.8019499778747559,0.8022699952125549,0.8018100261688232,0.8021199703216553
2026-08-26T02:00:00Z,0.8021199703216553,0.8023999929428101,0.8016300201416016,0.8023300170898438
2026-08-26T02:30:00Z,0.8023300170898438,0.8029199838638306,0.8022400140762329,0.8028799891471863
2026-08-26T03:00:00Z,0.8028799891471863,0.8030999898910522,0.8026300072669983,0.8029999732971191
2026-08-26T03:30:00Z,0.8029800057411194,0.8032500147819519,0.8029500246047974,0.8031200170516968
2026-08-26T04:00:00Z,0.8031200170516968,0.8033999800682068,0.8030300140380859,0.8032600283622742
2026-08-26T04:30:00Z,0.8032600283622742,0.8035799860954285,0.8031299710273743,0.8035500049591064
2026-08-26T05:00:00Z,0.8035600185394287,0.803600013256073,0.8032400012016296,0.8033199906349182
2026-08-26T05:30:00Z,0.8033199906349182,0.803409993648529,0.8029400110244751,0.8033499717712402
2026-08-26T06:00:00Z,0.8033300042152405,0.803659975528717,0.8032100200653076,0.8036400079727173
2026-08-26T06:30:00Z,0.8036400079727173,0.8039000034332275,0.8034300208091736,0.8035799860954285
2026-08-26T07:00:00Z,0.8035799860954285,0.8035799860954285,0.8029500246047974,0.8034399747848511
2026-08-26T07:30:00Z,0.8034399747848511,0.8035600185394287,0.8030700087547302,0.8031200170516968
2026-08-26T08:00:00Z,0.8030999898910522,0.8032400012016296,0.802839994430542,0.8028799891471863
2026-08-26T08:30:00Z,0.802869975566864,0.8037300109863281,0.8028200268745422,0.8035799860954285
2026-08-26T09:00:00Z,0.8035799860954285,0.8041499853134155,0.8034899830818176,0.8040500283241272
2026-08-26T09:30:00Z,0.8040400147438049,0.804099977016449,0.8034399747848511,0.8039000034332275
2026-08-26T10:00:00Z,0.8039299845695496,0.8041999936103821,0.8037700057029724,0.8040599822998047
2026-08-26T10:30:00Z,0.8040300011634827,0.8043000102043152,0.803849995136261,0.8042700290679932
2026-08-26T11:00:00Z,0.8042700290679932,0.8044499754905701,0.8037499785423279,0.8042799830436707
2026-08-26T11:30:00Z,0.8042600154876709,0.8043299913406372,0.8038600087165833,0.8039000034332275
2026-08-26T12:00:00Z,0.803879976272583,0.8039199709892273,0.8033499717712402,0.8036199808120728
2026-08-26T12:30:00Z,0.803600013256073,0.8050299882888794,0.8033000230789185,0.8049600124359131
2026-08-26T13:00:00Z,0.8049799799919128,0.8054199814796448,0.8045300245285034,0.8045799732208252
2026-08-26T13:30:00Z,0.8045799732208252,0.8055199980735779,0.8045200109481812,0.8055099844932556
2026-08-26T14:00:00Z,0.8054800033569336,0.8059999942779541,0.8051699995994568,0.8059399724006653
2026-08-26T14:30:00Z,0.8059700131416321,0.8062599897384644,0.8056899905204773,0.8062000274658203
2026-08-26T15:00:00Z,0.8062000274658203,0.8062700033187866,0.8054500222206116,0.8055700063705444
2026-08-26T15:30:00Z,0.8055499792098999,0.805679976940155,0.8052300214767456,0.805429995059967
2026-08-26T16:00:00Z,0.805429995059967,0.8055999875068665,0.8051900267601013,0.8055300116539001
2026-08-26T16:30:00Z,0.8055300116539001,0.8057299852371216,0.8052899837493896,0.8055800199508667
2026-08-26T17:00:00Z,0.8055800199508667,0.8057000041007996,0.8051699995994568,0.8051999807357788
2026-08-26T17:30:00Z,0.805180013179779,0.8054999709129333,0.8050699830055237,0.8052800297737122
2026-08-26T18:00:00Z,0.8052800297737122,0.8053600192070007,0.8050000071525574,0.8052800297737122
2026-08-26T18:30:00Z,0.8052800297737122,0.8055300116539001,0.8052300214767456,0.8054400086402893
2026-08-26T19:00:00Z,0.8054400086402893,0.8055099844932556,0.8051999807357788,0.8052700161933899
2026-08-26T19:30:00Z,0.8052700161933899,0.8056399822235107,0.8051499724388123,0.805400013923645
2026-08-26T20:00:00Z,0.805400013923645,0.8054999709129333,0.8052899837493896,0.8053500056266785
2026-08-26T20:30:00Z,0.8053799867630005,0.805400013923645,0.8048999905586243,0.8050100207328796
2026-08-26T21:00:00Z,0.8050000071525574,0.8055099844932556,0.8034300208091736,0.805109977722168
2026-08-26T21:30:00Z,0.8049499988555908,0.8052800297737122,0.8033400177955627,0.8048700094223022
2026-08-26T22:00:00Z,0.80485999584198,0.8051999807357788,0.8044099807739258,0.8050199747085571
2026-08-26T22:30:00Z,0.8050199747085571,0.8051000237464905,0.8048999905586243,0.8050199747085571
2026-08-26T23:00:00Z,0.8050199747085571,0.8051000237464905,0.8047999739646912,0.8049899935722351
2026-08-26T23:30:00Z,0.8049899935722351,0.805109977722168,0.8047699928283691,0.8050600290298462
2026-08-27T00:00:00Z,0.8050299882888794,0.8052099943161011,0.8048999905586243,0.8050100207328796
2026-08-27T00:30:00Z,0.8050100207328796,0.805400013923645,0.8048700094223022,0.8051900267601013
2026-08-27T01:00:00Z,0.8051900267601013,0.8053399920463562,0.8050100207328796,0.8052399754524231
2026-08-27T01:30:00Z,0.8052399754524231,0.805429995059967,0.8050400018692017,0.8051999807357788
2026-08-27T02:00:00Z,0.8051999807357788,0.8055099844932556,0.8051000237464905,0.8054800033569336
2026-08-27T02:30:00Z,0.8054900169372559,0.8055499792098999,0.8052800297737122,0.8053600192070007
2026-08-27T03:00:00Z,0.8053600192070007,0.8055499792098999,0.8052600026130676,0.8054699897766113
2026-08-27T03:30:00Z,0.8054500222206116,0.8055800199508667,0.8053399920463562,0.8054699897766113
2026-08-27T04:00:00Z,0.8054800033569336,0.8054999709129333,0.8051999807357788,0.8053799867630005
2026-08-27T04:30:00Z,0.8053699731826782,0.8055999875068665,0.8053200244903564,0.8054999709129333
2026-08-27T05:00:00Z,0.8054699897766113,0.8055999875068665,0.8051699995994568,0.8052099943161011
2026-08-27T05:30:00Z,0.8052099943161011,0.8058000206947327,0.8051000237464905,0.8056100010871887
2026-08-27T06:00:00Z,0.8056100010871887,0.805899977684021,0.8054900169372559,0.8056300282478333
2026-08-27T06:30:00Z,0.805620014667511,0.805869996547699,0.805429995059967,0.8057399988174438
2026-08-27T07:00:00Z,0.8057399988174438,0.8059800267219543,0.805400013923645,0.8058599829673767
2026-08-27T07:30:00Z,0.8058500289916992,0.8060500025749207,0.8055599927902222,0.8059599995613098
2026-08-27T08:00:00Z,0.8059399724006653,0.8060799837112427,0.8054699897766113,0.8060600161552429
2026-08-27T08:30:00Z,0.8060399889945984,0.8061299920082092,0.8053399920463562,0.8057799935340881
2026-08-27T09:00:00Z,0.8057799935340881,0.8061000108718872,0.8056100010871887,0.8056399822235107
2026-08-27T09:30:00Z,0.8056300282478333,0.8060299754142761,0.8055700063705444,0.8059200048446655
2026-08-27T10:00:00Z,0.8059200048446655,0.8060500025749207,0.8053699731826782,0.8055599927902222
2026-08-27T10:30:00Z,0.8055899739265442,0.8061400055885315,0.8055499792098999,0.8059099912643433
2026-08-27T11:00:00Z,0.8059099912643433,0.8061000108718872,0.8055199980735779,0.8057000041007996
2026-08-27T11:30:00Z,0.8057000041007996,0.805899977684021,0.8050500154495239,0.8052600026130676
2026-08-27T12:00:00Z,0.8052600026130676,0.8053399920463562,0.8046799898147583,0.8048200011253357
2026-08-27T12:30:00Z,0.8047800064086914,0.8051000237464905,0.8046799898147583,0.804830014705658
2026-08-27T13:00:00Z,0.804830014705658,0.8048800230026245,0.8029199838638306,0.8033900260925293
2026-08-27T13:30:00Z,0.8033599853515625,0.8043699860572815,0.8032400012016296,0.8039799928665161
2026-08-27T14:00:00Z,0.8039799928665161,0.8043299913406372,0.8037599921226501,0.8040900230407715
2026-08-27T14:30:00Z,0.8041200041770935,0.8041300177574158,0.8035899996757507,0.8039399981498718
2026-08-27T15:00:00Z,0.8039500117301941,0.8040599822998047,0.8033499717712402,0.8036199808120728
2026-08-27T15:30:00Z,0.8036199808120728,0.8040400147438049,0.8033400177955627,0.8035899996757507
2026-08-27T16:00:00Z,0.8035699725151062,0.8039799928665161,0.8034800291061401,0.8035500049591064
2026-08-27T16:30:00Z,0.8035399913787842,0.8039699792861938,0.803380012512207,0.803849995136261
2026-08-27T17:00:00Z,0.8038100004196167,0.8040500283241272,0.803629994392395,0.8037999868392944
2026-08-27T17:30:00Z,0.8038100004196167,0.8044000267982483,0.8037800192832947,0.8042700290679932
2026-08-27T18:00:00Z,0.8042500019073486,0.8045200109481812,0.8042200207710266,0.8044499754905701
2026-08-27T18:30:00Z,0.8044599890708923,0.8044999837875366,0.8041099905967712,0.8042500019073486
2026-08-27T19:00:00Z,0.8042399883270264,0.8044000267982483,0.8041099905967712,0.8043199777603149
2026-08-27T19:30:00Z,0.8043100237846375,0.8044400215148926,0.8042200207710266,0.8042899966239929
2026-08-27T20:00:00Z,0.8042899966239929,0.8043500185012817,0.804099977016449,0.8043000102043152
2026-08-27T20:30:00Z,0.8042500019073486,0.8043000102043152,0.8038899898529053,0.8038899898529053
2026-08-27T21:00:00Z,0.804099977016449,0.804099977016449,0.8027399778366089,0.8036500215530396
2026-08-27T21:30:00Z,0.8039299845695496,0.8041099905967712,0.8028299808502197,0.8030099868774414
2026-08-27T22:00:00Z,0.8037400245666504,0.8041399717330933,0.8028900027275085,0.8040900230407715
2026-08-27T22:30:00Z,0.8040800094604492,0.8041399717330933,0.8038700222969055,0.8039199709892273
2026-08-27T23:00:00Z,0.8039299845695496,0.8040099740028381,0.8037400245666504,0.8039600253105164
2026-08-27T23:30:00Z,0.8040000200271606,0.8040300011634827,0.8036900162696838,0.8037899732589722
2026-08-28T00:00:00Z,0.8037999868392944,0.8043100237846375,0.8037499785423279,0.8041300177574158
2026-08-28T00:30:00Z,0.8041200041770935,0.8041999936103821,0.8039199709892273,0.8040099740028381
2026-08-28T01:00:00Z,0.8040199875831604,0.8041599988937378,0.8037300109863281,0.8041200041770935
2026-08-28T01:30:00Z,0.8041300177574158,0.8044400215148926,0.8038600087165833,0.8044099807739258
2026-08-28T02:00:00Z,0.804390013217926,0.8045799732208252,0.8042100071907043,0.8044599890708923
2026-08-28T02:30:00Z,0.8044599890708923,0.8045499920845032,0.8042500019073486,0.8042600154876709
2026-08-28T03:00:00Z,0.8042799830436707,0.8044499754905701,0.8041899800300598,0.8043299913406372
2026-08-28T03:30:00Z,0.8043100237846375,0.8047199845314026,0.8042700290679932,0.8046799898147583
2026-08-28T04:00:00Z,0.8046900033950806,0.8049200177192688,0.8046500086784363,0.8048700094223022
2026-08-28T04:30:00Z,0.8048700094223022,0.8050000071525574,0.804830014705658,0.8049200177192688
2026-08-28T05:00:00Z,0.8049200177192688,0.8050400018692017,0.8047500252723694,0.8048099875450134
2026-08-28T05:30:00Z,0.8048099875450134,0.8052999973297119,0.8047400116920471,0.8051400184631348
2026-08-28T06:00:00Z,0.8051300048828125,0.8052600026130676,0.8047500252723694,0.804830014705658
2026-08-28T06:30:00Z,0.804830014705658,0.8051499724388123,0.8047500252723694,0.8048200011253357
2026-08-28T07:00:00Z,0.8047900199890137,0.8053399920463562,0.8047000169754028,0.8052899837493896
2026-08-28T07:30:00Z,0.8052899837493896,0.8052999973297119,0.804419994354248,0.8045799732208252
2026-08-28T08:00:00Z,0.8045499920845032,0.8047400116920471,0.8043400049209595,0.8044099807739258
2026-08-28T08:30:00Z,0.8044300079345703,0.8044499754905701,0.8040199875831604,0.8040599822998047
2026-08-28T09:00:00Z,0.8040400147438049,0.8044400215148926,0.8038100004196167,0.8039900064468384
2026-08-28T09:30:00Z,0.8040300011634827,0.8041999936103821,0.8036900162696838,0.8041499853134155
2026-08-28T10:00:00Z,0.8041099905967712,0.8042700290679932,0.8035200238227844,0.8036800026893616
2026-08-28T10:30:00Z,0.8036699891090393,0.8036800026893616,0.8031899929046631,0.8032600283622742
2026-08-28T11:00:00Z,0.8032600283622742,0.803849995136261,0.8031700253486633,0.8037899732589722
2026-08-28T11:30:00Z,0.8037899732589722,0.8040000200271606,0.8036800026893616,0.8037999868392944
2026-08-28T12:00:00Z,0.8037999868392944,0.804419994354248,0.8036900162696838,0.8043699860572815
2026-08-28T12:30:00Z,0.8043799996376038,0.8046200275421143,0.8036800026893616,0.803820013999939
2026-08-28T13:00:00Z,0.803820013999939,0.8045099973678589,0.8037099838256836,0.8042100071907043
2026-08-28T13:30:00Z,0.8042100071907043,0.8048200011253357,0.8036900162696838,0.8045700192451477
2026-08-28T14:00:00Z,0.8046799898147583,0.8084700107574463,0.8024100065231323,0.8078799843788147
2026-08-28T14:30:00Z,0.8078600168228149,0.8081499934196472,0.8067499995231628,0.8070899844169617
2026-08-28T15:00:00Z,0.8070999979972839,0.8081799745559692,0.806879997253418,0.8079400062561035
2026-08-28T15:30:00Z,0.8079500198364258,0.8087000250816345,0.8077399730682373,0.8084800243377686
2026-08-28T16:00:00Z,0.8084800243377686,0.8097500205039978,0.8083900213241577,0.8095399737358093
2026-08-28T16:30:00Z,0.8095399737358093,0.8095999956130981,0.808929979801178,0.8093299865722656
2026-08-28T17:00:00Z,0.8093100190162659,0.8094900250434875,0.8089200258255005,0.8092799782752991
2026-08-28T17:30:00Z,0.8092799782752991,0.809719979763031,0.8092100024223328,0.8096200227737427
2026-08-28T18:00:00Z,0.8096200227737427,0.8098300099372864,0.8092300295829773,0.8094099760055542
2026-08-28T18:30:00Z,0.8094199895858765,0.8098000288009644,0.8093400001525879,0.8095899820327759
2026-08-28T19:00:00Z,0.8095899820327759,0.8098099827766418,0.8092399835586548,0.8092700242996216
2026-08-28T19:30:00Z,0.8092899918556213,0.809469997882843,0.8090000152587891,0.809149980545044
2026-08-28T20:00:00Z,0.8091400265693665,0.8096299767494202,0.8090699911117554,0.8094900250434875
2026-08-28T20:30:00Z,0.809499979019165,0.8098400235176086,0.8088600039482117,0.8093000054359436
2026-08-30T23:00:00Z,0.8091800212860107,0.8094000220298767,0.8090199828147888,0.8092399835586548
2026-08-30T23:30:00Z,0.8091999888420105,0.8092399835586548,0.8087999820709229,0.8088499903678894
2026-08-31T00:00:00Z,0.8088499903678894,0.809149980545044,0.8083400130271912,0.8090000152587891
2026-08-31T00:30:00Z,0.8090000152587891,0.8090299963951111,0.8083900213241577,0.8085799813270569
2026-08-31T01:00:00Z,0.8085799813270569,0.809149980545044,0.8085500001907349,0.8087599873542786
2026-08-31T01:30:00Z,0.8087700009346008,0.8087999820709229,0.8083099722862244,0.8085299730300903
2026-08-31T02:00:00Z,0.8085299730300903,0.8086299896240234,0.8082200288772583,0.8083199858665466
2026-08-31T02:30:00Z,0.8083199858665466,0.8088300228118896,0.8082900047302246,0.8085500001907349
2026-08-31T03:00:00Z,0.8085299730300903,0.8087999820709229,0.8084999918937683,0.8086699843406677
2026-08-31T03:30:00Z,0.808709979057312,0.8090800046920776,0.8086699843406677,0.808929979801178
2026-08-31T04:00:00Z,0.808929979801178,0.8093000054359436,0.8088200092315674,0.8092600107192993
2026-08-31T04:30:00Z,0.809249997138977,0.8093400001525879,0.8090100288391113,0.8091300129890442
2026-08-31T05:00:00Z,0.8091300129890442,0.8094300031661987,0.8090900182723999,0.8092700242996216
2026-08-31T05:30:00Z,0.809249997138977,0.8096100091934204,0.8091999888420105,0.8091999888420105
2026-08-31T06:00:00Z,0.8092399835586548,0.8096399903297424,0.8090999722480774,0.8093199729919434
2026-08-31T06:30:00Z,0.8093199729919434,0.8094099760055542,0.8087499737739563,0.8088300228118896
2026-08-31T07:00:00Z,0.8088099956512451,0.8090800046920776,0.8079000115394592,0.8081300258636475
2026-08-31T07:30:00Z,0.8081300258636475,0.808139979839325,0.807449996471405,0.8078200221061707
2026-08-31T08:00:00Z,0.8078200221061707,0.8087000250816345,0.8074600100517273,0.8086299896240234
2026-08-31T08:30:00Z,0.8086299896240234,0.8090400099754333,0.8085399866104126,0.8087800145149231
2026-08-31T09:00:00Z,0.8087700009346008,0.8090000152587891,0.8083699941635132,0.8087800145149231
2026-08-31T09:30:00Z,0.8087999820709229,0.8091599941253662,0.8083599805831909,0.8084800243377686
2026-08-31T10:00:00Z,0.8084800243377686,0.8088099956512451,0.8081600069999695,0.8085100054740906
2026-08-31T10:30:00Z,0.808489978313446,0.8090599775314331,0.808459997177124,0.8087000250816345
2026-08-31T11:00:00Z,0.8087000250816345,0.8088200092315674,0.8081099987030029,0.8081899881362915
2026-08-31T11:30:00Z,0.808210015296936,0.8086299896240234,0.8080499768257141,0.8084700107574463
2026-08-31T12:00:00Z,0.8084700107574463,0.8088200092315674,0.8079900145530701,0.8082799911499023
2026-08-31T12:30:00Z,0.8082900047302246,0.8088700175285339,0.8082000017166138,0.808489978313446
2026-08-31T13:00:00Z,0.808489978313446,0.8086299896240234,0.8080000281333923,0.8081899881362915
2026-08-31T13:30:00Z,0.8081899881362915,0.8087000250816345,0.8080099821090698,0.8082200288772583
2026-08-31T14:00:00Z,0.8082500100135803,0.8086000084877014,0.807449996471405,0.8077200055122375
2026-08-31T14:30:00Z,0.8077200055122375,0.8084400296211243,0.8068299889564514,0.8080999851226807
2026-08-31T15:00:00Z,0.8081099987030029,0.8087800145149231,0.8078100085258484,0.8084400296211243
2026-08-31T15:30:00Z,0.8084200024604797,0.8085100054740906,0.8081099987030029,0.8084499835968018
2026-08-31T16:00:00Z,0.8084499835968018,0.8085500001907349,0.8079800009727478,0.8080800175666809
2026-08-31T16:30:00Z,0.8080999851226807,0.8083400130271912,0.8080099821090698,0.8081499934196472
2026-08-31T17:00:00Z,0.8081700205802917,0.8083000183105469,0.8079500198364258,0.8080800175666809
2026-08-31T17:30:00Z,0.8081200122833252,0.8082000017166138,0.8078200221061707,0.8080599904060364
2026-08-31T18:00:00Z,0.8080499768257141,0.8081899881362915,0.8078699707984924,0.8080999851226807
2026-08-31T18:30:00Z,0.8080999851226807,0.8083999752998352,0.8080099821090698,0.8082500100135803
2026-08-31T19:00:00Z,0.8082900047302246,0.8083699941635132,0.8080099821090698,0.8082299828529358
2026-08-31T19:30:00Z,0.8082299828529358,0.8085500001907349,0.8080499768257141,0.8083000183105469
2026-08-31T20:00:00Z,0.8083000183105469,0.808459997177124,0.8080000281333923,0.8084099888801575
2026-08-31T20:30:00Z,0.8084099888801575,0.8084499835968018,0.8081700205802917,0.8081899881362915
2026-08-31T21:00:00Z,0.8082200288772583,0.8082200288772583,0.8065999746322632,0.8075199723243713
2026-08-31T21:30:00Z,0.8080400228500366,0.8083000183105469,0.8074600100517273,0.8079299926757812
2026-08-31T22:00:00Z,0.8079699873924255,0.8084800243377686,0.8078399896621704,0.8083199858665466
2026-08-31T22:30:00Z,0.8083000183105469,0.8084999918937683,0.8082299828529358,0.808430016040802
2026-08-31T23:00:00Z,0.808489978313446,0.8087199926376343,0.808459997177124,0.8084999918937683
2026-08-31T23:30:00Z,0.808459997177124,0.8085200190544128,0.8082699775695801,0.8082699775695801
2026-09-01T00:00:00Z,0.8083099722862244,0.8085799813270569,0.807889997959137,0.8079299926757812
2026-09-01T00:30:00Z,0.8079500198364258,0.808650016784668,0.8078299760818481,0.8085799813270569
2026-09-01T01:00:00Z,0.8085799813270569,0.8093199729919434,0.8085299730300903,0.809220016002655
2026-09-01T01:30:00Z,0.8092399835586548,0.8095300197601318,0.8089900016784668,0.8093100190162659
2026-09-01T02:00:00Z,0.8093100190162659,0.809660017490387,0.8092600107192993,0.8093199729919434
2026-09-01T02:30:00Z,0.8093199729919434,0.8096500039100647,0.8092899918556213,0.8093799948692322
2026-09-01T03:00:00Z,0.8093799948692322,0.8097500205039978,0.8093500137329102,0.809660017490387
2026-09-01T03:30:00Z,0.8096699714660645,0.8098999857902527,0.809499979019165,0.8098499774932861
2026-09-01T04:00:00Z,0.8098800182342529,0.8100000023841858,0.8096399903297424,0.8099300265312195
2026-09-01T04:30:00Z,0.8099300265312195,0.8100000023841858,0.8095999956130981,0.8096299767494202
2026-09-01T05:00:00Z,0.8096399903297424,0.8097000122070312,0.8093699812889099,0.809440016746521
2026-09-01T05:30:00Z,0.8094599843025208,0.8095099925994873,0.8090599775314331,0.8093199729919434
2026-09-01T06:00:00Z,0.8093199729919434,0.8097800016403198,0.8091199994087219,0.809719979763031
2026-09-01T06:30:00Z,0.809719979763031,0.8098700046539307,0.8092899918556213,0.8093699812889099
2026-09-01T07:00:00Z,0.8093699812889099,0.809939980506897,0.8091400265693665,0.8097599744796753
2026-09-01T07:30:00Z,0.8097500205039978,0.810479998588562,0.8096399903297424,0.8101000189781189
2026-09-01T08:00:00Z,0.8101000189781189,0.8108999729156494,0.8098300099372864,0.81045001745224
2026-09-01T08:30:00Z,0.81045001745224,0.8106799721717834,0.8098999857902527,0.8099799752235413
2026-09-01T09:00:00Z,0.8099600076675415,0.8101400136947632,0.8095700144767761,0.8097100257873535
2026-09-01T09:30:00Z,0.8097299933433533,0.8099200129508972,0.809220016002655,0.8098499774932861
2026-09-01T10:00:00Z,0.8098499774932861,0.8100200295448303,0.8096799850463867,0.8098800182342529
2026-09-01T10:30:00Z,0.8098800182342529,0.8103299736976624,0.8097900152206421,0.8100799918174744
2026-09-01T11:00:00Z,0.8100799918174744,0.8102499842643738,0.8094599843025208,0.8095300197601318
2026-09-01T11:30:00Z,0.8095300197601318,0.8102800250053406,0.8094499707221985,0.8101800084114075
2026-09-01T12:00:00Z,0.8101699948310852,0.8105999827384949,0.8097800016403198,0.8101099729537964
2026-09-01T12:30:00Z,0.8101300001144409,0.8104400038719177,0.8097299933433533,0.8099300265312195
2026-09-01T13:00:00Z,0.8099300265312195,0.8106200098991394,0.8098499774932861,0.8104299902915955
2026-09-01T13:30:00Z,0.8103899955749512,0.8104199767112732,0.8098000288009644,0.8098000288009644
2026-09-01T14:00:00Z,0.8097699880599976,0.8106399774551392,0.8095499873161316,0.8106399774551392
2026-09-01T14:30:00Z,0.8106499910354614,0.8122000098228455,0.8104199767112732,0.8120999932289124
2026-09-01T15:00:00Z,0.812030017375946,0.8120499849319458,0.8112900257110596,0.8113700151443481
2026-09-01T15:30:00Z,0.8113800287246704,0.8119199872016907,0.8111699819564819,0.8116599917411804
2026-09-01T16:00:00Z,0.8116599917411804,0.8124499917030334,0.8116000294685364,0.8122299909591675
2026-09-01T16:30:00Z,0.8122299909591675,0.8124200105667114,0.8117799758911133,0.8123300075531006
2026-09-01T17:00:00Z,0.8123300075531006,0.8123999834060669,0.8119199872016907,0.8119500279426575
2026-09-01T17:30:00Z,0.8119300007820129,0.8125,0.8117499947547913,0.8122599720954895
2026-09-01T18:00:00Z,0.8122299909591675,0.8123000264167786,0.8116000294685364,0.8116599917411804
2026-09-01T18:30:00Z,0.8116599917411804,0.8121600151062012,0.8115900158882141,0.8117799758911133
2026-09-01T19:00:00Z,0.8117700219154358,0.8118399977684021,0.811489999294281,0.8116700053215027
2026-09-01T19:30:00Z,0.8116700053215027,0.8119199872016907,0.8113499879837036,0.8113700151443481
2026-09-01T20:00:00Z,0.8113800287246704,0.8118299841880798,0.8113499879837036,0.8116499781608582
2026-09-01T20:30:00Z,0.811680018901825,0.8117600083351135,0.8114500045776367,0.811460018157959
2026-09-01T21:00:00Z,0.8115000128746033,0.8116000294685364,0.8107600212097168,0.8111199736595154
2026-09-01T21:30:00Z,0.8111199736595154,0.8115100264549255,0.8105999827384949,0.8112900257110596
2026-09-01T22:00:00Z,0.8111199736595154,0.8115500211715698,0.8106200098991394,0.811460018157959
2026-09-01T22:30:00Z,0.8114699721336365,0.8116999864578247,0.8113999962806702,0.8115599751472473
2026-09-01T23:00:00Z,0.8115599751472473,0.8118000030517578,0.8115500211715698,0.811739981174469
2026-09-01T23:30:00Z,0.811739981174469,0.8119199872016907,0.8116300106048584,0.8119000196456909
2026-09-02T00:00:00Z,0.8119000196456909,0.8123400211334229,0.8117499947547913,0.812250018119812
2026-09-02T00:30:00Z,0.8122699856758118,0.8125200271606445,0.811959981918335,0.8125100135803223
2026-09-02T01:00:00Z,0.8125,0.8126199841499329,0.8122599720954895,0.8123800158500671
2026-09-02T01:30:00Z,0.8123800158500671,0.8131999969482422,0.8123300075531006,0.8128700256347656
2026-09-02T02:00:00Z,0.8128700256347656,0.8133500218391418,0.8127899765968323,0.8130300045013428
2026-09-02T02:30:00Z,0.8130199909210205,0.8130999803543091,0.8125399947166443,0.8125399947166443
2026-09-02T03:00:00Z,0.8125799894332886,0.8129000067710876,0.8124099969863892,0.8128700256347656
2026-09-02T03:30:00Z,0.8128700256347656,0.8130000233650208,0.8127800226211548,0.8128200173377991
2026-09-02T04:00:00Z,0.8128200173377991,0.8131899833679199,0.8127899765968323,0.8130900263786316
2026-09-02T04:30:00Z,0.8130900263786316,0.8132500052452087,0.8129600286483765,0.8132200241088867
2026-09-02T05:00:00Z,0.8132200241088867,0.813510000705719,0.8126800060272217,0.8126999735832214
2026-09-02T05:30:00Z,0.8126999735832214,0.8128299713134766,0.8124600052833557,0.8128200173377991
2026-09-02T06:00:00Z,0.8128200173377991,0.8129000067710876,0.8121100068092346,0.8128700256347656
2026-09-02T06:30:00Z,0.8128700256347656,0.8133999705314636,0.8123300075531006,0.8133299946784973
2026-09-02T07:00:00Z,0.8133500218391418,0.8136600255966187,0.8130699992179871,0.8133100271224976
2026-09-02T07:30:00Z,0.8133299946784973,0.8139600157737732,0.8127899765968323,0.8138499855995178
2026-09-02T08:00:00Z,0.8138700127601624,0.8142499923706055,0.8134899735450745,0.8142300248146057
2026-09-02T08:30:00Z,0.8142300248146057,0.8149600028991699,0.8141499757766724,0.814769983291626
2026-09-02T09:00:00Z,0.8148000240325928,0.8149700164794922,0.8143900036811829,0.8147900104522705
2026-09-02T09:30:00Z,0.8147900104522705,0.8151299953460693,0.8146799802780151,0.8150799870491028
2026-09-02T10:00:00Z,0.8150500059127808,0.815500020980835,0.8149700164794922,0.8154100179672241
2026-09-02T10:30:00Z,0.8154299855232239,0.8156700134277344,0.8149700164794922,0.8149999976158142
2026-09-02T11:00:00Z,0.8149999976158142,0.8153200149536133,0.814769983291626,0.8148999810218811
2026-09-02T11:30:00Z,0.8149200081825256,0.8149300217628479,0.8141800165176392,0.8142899870872498
2026-09-02T12:00:00Z,0.8142799735069275,0.8143500089645386,0.8134099841117859,0.8139200210571289
2026-09-02T12:30:00Z,0.8139100074768066,0.8148999810218811,0.8138700127601624,0.8148499727249146
2026-09-02T13:00:00Z,0.8148499727249146,0.8148499727249146,0.8116199970245361,0.8131600022315979
2026-09-02T13:30:00Z,0.8131499886512756,0.8136000037193298,0.8116700053215027,0.8117499947547913
2026-09-02T14:00:00Z,0.8117499947547913,0.8135700225830078,0.8117499947547913,0.8131200075149536
2026-09-02T14:30:00Z,0.8130999803543091,0.8132100105285645,0.8123999834060669,0.8128799796104431
2026-09-02T15:00:00Z,0.8128700256347656,0.8131999969482422,0.8124799728393555,0.8126800060272217
2026-09-02T15:30:00Z,0.8126500248908997,0.813289999961853,0.8124899864196777,0.8130300045013428
2026-09-02T16:00:00Z,0.8130300045013428,0.8133000135421753,0.8126999735832214,0.8132200241088867
2026-09-02T16:30:00Z,0.813260018825531,0.8133000135421753,0.8127800226211548,0.8130900263786316
2026-09-02T17:00:00Z,0.8131399750709534,0.8134999871253967,0.8130099773406982,0.8132299780845642
2026-09-02T17:30:00Z,0.8132200241088867,0.8134999871253967,0.8128100037574768,0.8132799863815308
2026-09-02T18:00:00Z,0.8132699728012085,0.8134999871253967,0.8128499984741211,0.8132299780845642
2026-09-02T18:30:00Z,0.8132500052452087,0.8134099841117859,0.8130699992179871,0.813289999961853
2026-09-02T19:00:00Z,0.8132799863815308,0.8133699893951416,0.8129299879074097,0.8130800127983093
2026-09-02T19:30:00Z,0.8130800127983093,0.8131999969482422,0.8127899765968323,0.8128299713134766
2026-09-02T20:00:00Z,0.8128299713134766,0.8129500150680542,0.812529981136322,0.8129400014877319
2026-09-02T20:30:00Z,0.8129400014877319,0.8129400014877319,0.8126099705696106,0.812749981880188
2026-09-02T21:00:00Z,0.8128399848937988,0.8128399848937988,0.8113999962806702,0.8124399781227112
2026-09-02T21:30:00Z,0.812250018119812,0.8130000233650208,0.8116499781608582,0.8123999834060669
2026-09-02T22:00:00Z,0.8123999834060669,0.813040018081665,0.8123999834060669,0.8129500150680542
2026-09-02T22:30:00Z,0.8129400014877319,0.8130000233650208,0.8127400279045105,0.8128299713134766
2026-09-02T23:00:00Z,0.8127999901771545,0.8130300045013428,0.8127300143241882,0.8129600286483765
2026-09-02T23:30:00Z,0.8129500150680542,0.8131300210952759,0.8128600120544434,0.8129000067710876
2026-09-03T00:00:00Z,0.8129100203514099,0.8130999803543091,0.8124499917030334,0.8125100135803223
2026-09-03T00:30:00Z,0.8125500082969666,0.8128100037574768,0.8123999834060669,0.812690019607544
2026-09-03T01:00:00Z,0.8126800060272217,0.8128399848937988,0.8123999834060669,0.8124200105667114
2026-09-03T01:30:00Z,0.8123900294303894,0.8130000233650208,0.8121799826622009,0.8128700256347656
2026-09-03T02:00:00Z,0.8128700256347656,0.8129299879074097,0.8122900128364563,0.8123300075531006
2026-09-03T02:30:00Z,0.8123300075531006,0.8125600218772888,0.8119199872016907,0.8122299909591675
2026-09-03T03:00:00Z,0.8121899962425232,0.812279999256134,0.8117799758911133,0.8120499849319458
2026-09-03T03:30:00Z,0.8120599985122681,0.8122000098228455,0.8118100166320801,0.811959981918335
2026-09-03T04:00:00Z,0.8119400143623352,0.8120599985122681,0.8116999864578247,0.8117499947547913
2026-09-03T04:30:00Z,0.8117499947547913,0.8119400143623352,0.8114299774169922,0.8118100166320801
2026-09-03T05:00:00Z,0.8118000030517578,0.8119400143623352,0.8110600113868713,0.8113499879837036
2026-09-03T05:30:00Z,0.8113399744033813,0.8115500211715698,0.811020016670227,0.8113399744033813
2026-09-03T06:00:00Z,0.8113399744033813,0.8115000128746033,0.810949981212616,0.8109599947929382
2026-09-03T06:30:00Z,0.8109800219535828,0.8109899759292603,0.8084700107574463,0.8099300265312195
2026-09-03T07:00:00Z,0.809909999370575,0.8100399971008301,0.8083099722862244,0.8093100190162659
2026-09-03T07:30:00Z,0.8092799782752991,0.8097299933433533,0.8087499737739563,0.8090999722480774
2026-09-03T08:00:00Z,0.8091199994087219,0.8095300197601318,0.8083500266075134,0.8090999722480774
2026-09-03T08:30:00Z,0.8090999722480774,0.8095300197601318,0.8084999918937683,0.8089500069618225
2026-09-03T09:00:00Z,0.8089500069618225,0.8099300265312195,0.808489978313446,0.8098000288009644
2026-09-03T09:30:00Z,0.8098000288009644,0.8100100159645081,0.809249997138977,0.8094300031661987
2026-09-03T10:00:00Z,0.8094599843025208,0.8096299767494202,0.8089100122451782,0.8093299865722656
2026-09-03T10:30:00Z,0.8093299865722656,0.8098499774932861,0.8090599775314331,0.8092600107192993
2026-09-03T11:00:00Z,0.8092899918556213,0.8093900084495544,0.8082500100135803,0.808709979057312
2026-09-03T11:30:00Z,0.8086699843406677,0.809220016002655,0.808650016784668,0.8087000250816345
2026-09-03T12:00:00Z,0.8087000250816345,0.8093500137329102,0.8081499934196472,0.8090400099754333
2026-09-03T12:30:00Z,0.8089200258255005,0.8090400099754333,0.8066499829292297,0.8069700002670288
2026-09-03T13:00:00Z,0.8069599866867065,0.8073300123214722,0.8061500191688538,0.8067299723625183
2026-09-03T13:30:00Z,0.8067299723625183,0.8080199956893921,0.8066099882125854,0.8070700168609619
2026-09-03T14:00:00Z,0.8070999979972839,0.8088399767875671,0.8070999979972839,0.8086900115013123
2026-09-03T14:30:00Z,0.8086599707603455,0.8096399903297424,0.8084200024604797,0.8087199926376343
2026-09-03T15:00:00Z,0.8086900115013123,0.8088700175285339,0.8073899745941162,0.807420015335083
2026-09-03T15:30:00Z,0.8073700070381165,0.8078799843788147,0.8069599866867065,0.8072699904441833
2026-09-03T16:00:00Z,0.8072699904441833,0.8073999881744385,0.8059399724006653,0.8060600161552429
2026-09-03T16:30:00Z,0.8060399889945984,0.8061299920082092,0.8051699995994568,0.8058500289916992
2026-09-03T17:00:00Z,0.8058500289916992,0.8064000010490417,0.8057100176811218,0.8061400055885315
2026-09-03T17:30:00Z,0.8061000108718872,0.806659996509552,0.8060500025749207,0.8066499829292297
2026-09-03T18:00:00Z,0.8066499829292297,0.8067700266838074,0.8062000274658203,0.8066200017929077
2026-09-03T18:30:00Z,0.8066200017929077,0.8069199919700623,0.8065500259399414,0.8067100048065186
2026-09-03T19:00:00Z,0.8067100048065186,0.807699978351593,0.80663001537323,0.8075699806213379
2026-09-03T19:30:00Z,0.8076000213623047,0.8077399730682373,0.807200014591217,0.8073800206184387
2026-09-03T20:00:00Z,0.8073800206184387,0.8076000213623047,0.8071600198745728,0.8075100183486938
2026-09-03T20:30:00Z,0.8075000047683716,0.8076199889183044,0.807200014591217,0.8072599768638611
2026-09-03T21:00:00Z,0.8072800040245056,0.8072800040245056,0.8055999875068665,0.8065000176429749
2026-09-03T21:30:00Z,0.8065000176429749,0.8072999715805054,0.8060799837112427,0.8063600063323975
2026-09-03T22:00:00Z,0.8063600063323975,0.807699978351593,0.8063200116157532,0.8076199889183044
2026-09-03T22:30:00Z,0.8076599836349487,0.8079000115394592,0.8075600266456604,0.8078500032424927
2026-09-03T23:00:00Z,0.8078500032424927,0.8080000281333923,0.8077499866485596,0.8078500032424927
2026-09-03T23:30:00Z,0.8078500032424927,0.8079000115394592,0.807420015335083,0.8074700236320496
2026-09-04T00:00:00Z,0.8074700236320496,0.8079000115394592,0.8071699738502502,0.8078799843788147
2026-09-04T00:30:00Z,0.8078799843788147,0.8079100251197815,0.8073800206184387,0.8077600002288818
2026-09-04T01:00:00Z,0.8077700138092041,0.8080400228500366,0.8075900077819824,0.8078200221061707
2026-09-04T01:30:00Z,0.8078200221061707,0.8079500198364258,0.8076500296592712,0.8076900243759155
2026-09-04T02:00:00Z,0.807669997215271,0.8079000115394592,0.8073499798774719,0.8077600002288818
2026-09-04T02:30:00Z,0.8077600002288818,0.8079000115394592,0.8075900077819824,0.8078100085258484
2026-09-04T03:00:00Z,0.8077800273895264,0.8080599904060364,0.807669997215271,0.8080300092697144
2026-09-04T03:30:00Z,0.8080300092697144,0.8084999918937683,0.8079800009727478,0.8082900047302246
2026-09-04T04:00:00Z,0.8082900047302246,0.8083400130271912,0.8078799843788147,0.8081300258636475
2026-09-04T04:30:00Z,0.8081300258636475,0.8082399964332581,0.8077499866485596,0.807919979095459
2026-09-04T05:00:00Z,0.807919979095459,0.8080999851226807,0.8077099919319153,0.8078100085258484
2026-09-04T05:30:00Z,0.8078200221061707,0.8079400062561035,0.8075699806213379,0.8077499866485596
2026-09-04T06:00:00Z,0.8077499866485596,0.8079000115394592,0.8073899745941162,0.8075299859046936
2026-09-04T06:30:00Z,0.8075299859046936,0.8080499768257141,0.8073700070381165,0.8080000281333923
2026-09-04T07:00:00Z,0.8080199956893921,0.8087499737739563,0.8079000115394592,0.8083500266075134
2026-09-04T07:30:00Z,0.8083699941635132,0.8085799813270569,0.807919979095459,0.8083999752998352
2026-09-04T08:00:00Z,0.8084200024604797,0.8088700175285339,0.8082399964332581,0.808430016040802
2026-09-04T08:30:00Z,0.8084200024604797,0.8088600039482117,0.8083500266075134,0.8087000250816345
2026-09-04T09:00:00Z,0.8087000250816345,0.8090000152587891,0.8085700273513794,0.8087199926376343
2026-09-04T09:30:00Z,0.8087300062179565,0.809660017490387,0.80867999792099,0.8095999956130981
2026-09-04T10:00:00Z,0.8095999956130981,0.8096100091934204,0.8090500235557556,0.8093799948692322
2026-09-04T10:30:00Z,0.8093799948692322,0.8095800280570984,0.808899998664856,0.8091300129890442
2026-09-04T11:00:00Z,0.8091599941253662,0.809249997138977,0.8089100122451782,0.8091700077056885
2026-09-04T11:30:00Z,0.8091599941253662,0.8092300295829773,0.8087300062179565,0.8091099858283997
2026-09-04T12:00:00Z,0.809149980545044,0.8092799782752991,0.8081899881362915,0.8081899881362915
2026-09-04T12:30:00Z,0.8081600069999695,0.8126400113105774,0.8079800009727478,0.811020016670227
2026-09-04T13:00:00Z,0.8110100030899048,0.8117899894714355,0.8096299767494202,0.8097800016403198
2026-09-04T13:30:00Z,0.8097900152206421,0.8105000257492065,0.8091199994087219,0.810259997844696
2026-09-04T14:00:00Z,0.8102800250053406,0.8108999729156494,0.8096399903297424,0.809939980506897
2026-09-04T14:30:00Z,0.809939980506897,0.8105700016021729,0.8093900084495544,0.8101099729537964
2026-09-04T15:00:00Z,0.8100600242614746,0.8104100227355957,0.809249997138977,0.8095800280570984
2026-09-04T15:30:00Z,0.8095800280570984,0.8097100257873535,0.8091400265693665,0.8095600008964539
2026-09-04T16:00:00Z,0.8095499873161316,0.8096799850463867,0.8090500235557556,0.8093900084495544
2026-09-04T16:30:00Z,0.8093900084495544,0.809440016746521,0.8089699745178223,0.8091999888420105
2026-09-04T17:00:00Z,0.8091999888420105,0.8098300099372864,0.8091999888420105,0.8097000122070312
2026-09-04T17:30:00Z,0.8097299933433533,0.8100799918174744,0.8095800280570984,0.8100100159645081
2026-09-04T18:00:00Z,0.8100100159645081,0.8102099895477295,0.8098899722099304,0.8101400136947632
2026-09-04T18:30:00Z,0.8101400136947632,0.8103700280189514,0.8099899888038635,0.8102200031280518
2026-09-04T19:00:00Z,0.8102200031280518,0.8102999925613403,0.8098000288009644,0.8098499774932861
2026-09-04T19:30:00Z,0.8098499774932861,0.8099200129508972,0.809499979019165,0.809719979763031
2026-09-04T20:00:00Z,0.809689998626709,0.8100299835205078,0.809689998626709,0.8098700046539307
2026-09-04T20:30:00Z,0.8098599910736084,0.8101000189781189,0.8090000152587891,0.8090000152587891
2026-09-06T23:00:00Z,0.8099799752235413,0.8100100159645081,0.8097800016403198,0.8098199963569641
2026-09-06T23:30:00Z,0.8098000288009644,0.8100200295448303,0.8097000122070312,0.8099499940872192
2026-09-07T00:00:00Z,0.8099499940872192,0.8101900219917297,0.8095300197601318,0.8096399903297424
2026-09-07T00:30:00Z,0.8096299767494202,0.8097000122070312,0.8093900084495544,0.8095600008964539
2026-09-07T01:00:00Z,0.8095899820327759,0.8102700114250183,0.8095300197601318,0.8100299835205078
2026-09-07T01:30:00Z,0.8100299835205078,0.8103299736976624,0.8099499940872192,0.8102499842643738
2026-09-07T02:00:00Z,0.8102499842643738,0.8108299970626831,0.8101900219917297,0.8106200098991394
2026-09-07T02:30:00Z,0.8105900287628174,0.8109999895095825,0.810509979724884,0.8107799887657166
2026-09-07T03:00:00Z,0.8107799887657166,0.8108500242233276,0.81045001745224,0.8104699850082397
2026-09-07T03:30:00Z,0.810509979724884,0.8108100295066833,0.81045001745224,0.8105499744415283
2026-09-07T04:00:00Z,0.8105700016021729,0.81072998046875,0.8104699850082397,0.8107100129127502
2026-09-07T04:30:00Z,0.8107100129127502,0.8108299970626831,0.8104000091552734,0.810479998588562
2026-09-07T05:00:00Z,0.810479998588562,0.8107399940490723,0.8104299902915955,0.8105400204658508
2026-09-07T05:30:00Z,0.8105700016021729,0.810699999332428,0.8103100061416626,0.8103799819946289
2026-09-07T06:00:00Z,0.8103700280189514,0.8109099864959717,0.8102800250053406,0.8103899955749512
2026-09-07T06:30:00Z,0.8104299902915955,0.8105000257492065,0.809909999370575,0.8103799819946289
2026-09-07T07:00:00Z,0.8103799819946289,0.8108999729156494,0.8101800084114075,0.8103399872779846
2026-09-07T07:30:00Z,0.8103600144386292,0.8107699751853943,0.809689998626709,0.8098000288009644
2026-09-07T08:00:00Z,0.8097900152206421,0.8100600242614746,0.808430016040802,0.8087300062179565
2026-09-07T08:30:00Z,0.8087499737739563,0.8095800280570984,0.8085500001907349,0.8094199895858765
2026-09-07T09:00:00Z,0.8094099760055542,0.8094499707221985,0.8089100122451782,0.8090299963951111
2026-09-07T09:30:00Z,0.8090199828147888,0.8090800046920776,0.8086900115013123,0.8089600205421448
2026-09-07T10:00:00Z,0.8089600205421448,0.8090699911117554,0.8084200024604797,0.8087199926376343
2026-09-07T10:30:00Z,0.8087000250816345,0.8089399933815002,0.8085200190544128,0.8087800145149231
2026-09-07T11:00:00Z,0.8087800145149231,0.8091599941253662,0.8087300062179565,0.808929979801178
2026-09-07T11:30:00Z,0.808929979801178,0.8091199994087219,0.8086400032043457,0.8090100288391113
2026-09-07T12:00:00Z,0.8090400099754333,0.8095600008964539,0.8088899850845337,0.8089699745178223
2026-09-07T12:30:00Z,0.8089399933815002,0.8090800046920776,0.8085500001907349,0.8090100288391113
2026-09-07T13:00:00Z,0.8090299963951111,0.8093400001525879,0.8088499903678894,0.809249997138977
2026-09-07T13:30:00Z,0.8092399835586548,0.8094199895858765,0.8087999820709229,0.8087999820709229
2026-09-07T14:00:00Z,0.8088200092315674,0.8090000152587891,0.8084800243377686,0.808899998664856
2026-09-07T14:30:00Z,0.8088799715042114,0.8091400265693665,0.8088200092315674,0.8089100122451782
2026-09-07T15:00:00Z,0.8089399933815002,0.8091899752616882,0.8087000250816345,0.8088399767875671
2026-09-07T15:30:00Z,0.8088399767875671,0.8092799782752991,0.8087199926376343,0.8090999722480774
2026-09-07T16:00:00Z,0.8090699911117554,0.8093400001525879,0.8090500235557556,0.8092100024223328
2026-09-07T16:30:00Z,0.8092100024223328,0.8092100024223328,0.8088899850845337,0.8090299963951111
2026-09-07T17:00:00Z,0.8090299963951111,0.8093000054359436,0.8089799880981445,0.8092799782752991
2026-09-07T17:30:00Z,0.8092300295829773,0.8094000220298767,0.8092300295829773,0.8093199729919434
2026-09-07T18:00:00Z,0.8092799782752991,0.8095200061798096,0.8092700242996216,0.8094800114631653
2026-09-07T18:30:00Z,0.809440016746521,0.8095999956130981,0.8093600273132324,0.8095200061798096
2026-09-07T19:00:00Z,0.8095099925994873,0.8096200227737427,0.8094599843025208,0.8095499873161316
2026-09-07T19:30:00Z,0.8095300197601318,0.8096399903297424,0.8095099925994873,0.8095700144767761
2026-09-07T20:00:00Z,0.8095700144767761,0.8096399903297424,0.809499979019165,0.8095399737358093
2026-09-07T20:30:00Z,0.8095700144767761,0.8095999956130981,0.809220016002655,0.809469997882843
2026-09-07T21:00:00Z,0.8083699941635132,0.8091999888420105,0.8083500266075134,0.8089699745178223
2026-09-07T21:30:00Z,0.8090000152587891,0.8094000220298767,0.8085700273513794,0.8090999722480774
2026-09-07T22:00:00Z,0.8090299963951111,0.8094199895858765,0.8089799880981445,0.8091899752616882
2026-09-07T22:30:00Z,0.8091700077056885,0.8093000054359436,0.8091400265693665,0.8091999888420105
2026-09-07T23:00:00Z,0.8091999888420105,0.8092399835586548,0.8086100220680237,0.8090000152587891
2026-09-07T23:30:00Z,0.8090000152587891,0.8091300129890442,0.8087999820709229,0.8088899850845337
2026-09-08T00:00:00Z,0.8088600039482117,0.809149980545044,0.8085500001907349,0.808899998664856
2026-09-08T00:30:00Z,0.8089100122451782,0.8093500137329102,0.8087599873542786,0.8092300295829773
2026-09-08T01:00:00Z,0.8092300295829773,0.8093500137329102,0.8085299730300903,0.80867999792099
2026-09-08T01:30:00Z,0.80867999792099,0.8088200092315674,0.8084099888801575,0.8084099888801575
2026-09-08T02:00:00Z,0.808430016040802,0.8090299963951111,0.8082399964332581,0.808929979801178
2026-09-08T02:30:00Z,0.808929979801178,0.8094000220298767,0.8088600039482117,0.8093199729919434
2026-09-08T03:00:00Z,0.8093500137329102,0.8094300031661987,0.8090699911117554,0.8092300295829773
2026-09-08T03:30:00Z,0.8092600107192993,0.8094499707221985,0.8090800046920776,0.8093900084495544
2026-09-08T04:00:00Z,0.8093799948692322,0.8095999956130981,0.8092799782752991,0.809440016746521
2026-09-08T04:30:00Z,0.8094199895858765,0.809499979019165,0.8091999888420105,0.8092799782752991
2026-09-08T05:00:00Z,0.8092799782752991,0.8094000220298767,0.8089500069618225,0.8093500137329102
2026-09-08T05:30:00Z,0.8093500137329102,0.8094199895858765,0.8083999752998352,0.8084200024604797
2026-09-08T06:00:00Z,0.808430016040802,0.8090100288391113,0.8077099919319153,0.8088799715042114
2026-09-08T06:30:00Z,0.8088799715042114,0.8101099729537964,0.8088200092315674,0.8100900053977966
2026-09-08T07:00:00Z,0.8100799918174744,0.8108400106430054,0.8098499774932861,0.8106600046157837
2026-09-08T07:30:00Z,0.810699999332428,0.8112099766731262,0.8103500008583069,0.8106799721717834
2026-09-08T08:00:00Z,0.8106799721717834,0.8114299774169922,0.8106399774551392,0.8108699917793274
2026-09-08T08:30:00Z,0.8108699917793274,0.8119400143623352,0.8106099963188171,0.8117600083351135
2026-09-08T09:00:00Z,0.8117799758911133,0.8120599985122681,0.811489999294281,0.8116700053215027
2026-09-08T09:30:00Z,0.8116700053215027,0.8116999864578247,0.8109300136566162,0.8111900091171265
2026-09-08T10:00:00Z,0.8111900091171265,0.8116199970245361,0.8106200098991394,0.8111699819564819
2026-09-08T10:30:00Z,0.8111699819564819,0.8119500279426575,0.8111400008201599,0.8118000030517578
2026-09-08T11:00:00Z,0.8117799758911133,0.8119500279426575,0.811269998550415,0.8115000128746033
2026-09-08T11:30:00Z,0.8114699721336365,0.8119999766349792,0.8111500144004822,0.8115100264549255
2026-09-08T12:00:00Z,0.8115400075912476,0.8119800090789795,0.810949981212616,0.8109899759292603
2026-09-08T12:30:00Z,0.8110100030899048,0.8110899925231934,0.8099300265312195,0.8099899888038635
2026-09-08T13:00:00Z,0.8100000023841858,0.8100699782371521,0.8089600205421448,0.8092899918556213
2026-09-08T13:30:00Z,0.8092700242996216,0.8098300099372864,0.809149980545044,0.8093000054359436
2026-09-08T14:00:00Z,0.8093000054359436,0.8100600242614746,0.8090900182723999,0.8092300295829773
2026-09-08T14:30:00Z,0.8092300295829773,0.8092399835586548,0.8081700205802917,0.8084200024604797
2026-09-08T15:00:00Z,0.8084499835968018,0.8089100122451782,0.8081099987030029,0.8088700175285339
2026-09-08T15:30:00Z,0.8088700175285339,0.8091300129890442,0.8085600137710571,0.8091199994087219
2026-09-08T16:00:00Z,0.8091099858283997,0.809719979763031,0.8090699911117554,0.8092899918556213
2026-09-08T16:30:00Z,0.8092899918556213,0.8097599744796753,0.8091899752616882,0.809249997138977
2026-09-08T17:00:00Z,0.8092300295829773,0.8092399835586548,0.8087900280952454,0.808899998664856
2026-09-08T17:30:00Z,0.8089200258255005,0.8091999888420105,0.8088099956512451,0.808929979801178
2026-09-08T18:00:00Z,0.808899998664856,0.8093000054359436,0.8088799715042114,0.8090500235557556
2026-09-08T18:30:00Z,0.8090599775314331,0.8097000122070312,0.8087499737739563,0.8089699745178223
2026-09-08T19:00:00Z,0.8089799880981445,0.8094499707221985,0.8088499903678894,0.8093799948692322
2026-09-08T19:30:00Z,0.8093900084495544,0.8098099827766418,0.8090900182723999,0.8097299933433533
2026-09-08T20:00:00Z,0.8097299933433533,0.8098300099372864,0.8094900250434875,0.8097100257873535
2026-09-08T20:30:00Z,0.8097100257873535,0.8098000288009644,0.8085299730300903,0.8091999888420105
2026-09-08T21:00:00Z,0.8091800212860107,0.8091999888420105,0.8080499768257141,0.8085500001907349
2026-09-08T21:30:00Z,0.8083500266075134,0.8094000220298767,0.8082299828529358,0.8090500235557556
2026-09-08T22:00:00Z,0.8084700107574463,0.8095200061798096,0.8084200024604797,0.8091800212860107
2026-09-08T22:30:00Z,0.8091599941253662,0.8094000220298767,0.8091400265693665,0.8093199729919434
2026-09-08T23:00:00Z,0.8093299865722656,0.8093400001525879,0.8090000152587891,0.8090400099754333
2026-09-08T23:30:00Z,0.8090299963951111,0.8091999888420105,0.8087999820709229,0.8090400099754333
2026-09-09T00:00:00Z,0.8090400099754333,0.8090699911117554,0.8086000084877014,0.8087499737739563
2026-09-09T00:30:00Z,0.8087499737739563,0.8091099858283997,0.808709979057312,0.8088300228118896
2026-09-09T01:00:00Z,0.8088300228118896,0.8093699812889099,0.8087900280952454,0.8092799782752991
2026-09-09T01:30:00Z,0.8092799782752991,0.8094000220298767,0.808929979801178,0.8090000152587891
2026-09-09T02:00:00Z,0.8090100288391113,0.8095300197601318,0.8089699745178223,0.8094599843025208
2026-09-09T02:30:00Z,0.8094300031661987,0.809499979019165,0.8090400099754333,0.809149980545044
2026-09-09T03:00:00Z,0.8091300129890442,0.8093000054359436,0.8090299963951111,0.8091800212860107
2026-09-09T03:30:00Z,0.8091800212860107,0.8093000054359436,0.8087499737739563,0.8089399933815002
2026-09-09T04:00:00Z,0.8089200258255005,0.8090000152587891,0.8086599707603455,0.8087499737739563
2026-09-09T04:30:00Z,0.8087300062179565,0.8090000152587891,0.808650016784668,0.8087199926376343
2026-09-09T05:00:00Z,0.8087300062179565,0.8087999820709229,0.8082299828529358,0.8083299994468689
2026-09-09T05:30:00Z,0.8083299994468689,0.8086599707603455,0.8082299828529358,0.8085500001907349
2026-09-09T06:00:00Z,0.8085500001907349,0.8085700273513794,0.8077600002288818,0.8082200288772583
2026-09-09T06:30:00Z,0.8082200288772583,0.8086599707603455,0.8080700039863586,0.8083800077438354
2026-09-09T07:00:00Z,0.8083800077438354,0.8087000250816345,0.8078100085258484,0.8085799813270569
2026-09-09T07:30:00Z,0.8085799813270569,0.8087900280952454,0.8079500198364258,0.8082000017166138
2026-09-09T08:00:00Z,0.8081899881362915,0.8089600205421448,0.8080899715423584,0.8089399933815002
2026-09-09T08:30:00Z,0.8089399933815002,0.8096299767494202,0.8088499903678894,0.8095899820327759
2026-09-09T09:00:00Z,0.8096100091934204,0.8099499940872192,0.8094000220298767,0.8096500039100647
2026-09-09T09:30:00Z,0.8096799850463867,0.8104000091552734,0.8096500039100647,0.8102899789810181
2026-09-09T10:00:00Z,0.8102899789810181,0.810670018196106,0.8098899722099304,0.8099899888038635
2026-09-09T10:30:00Z,0.8099899888038635,0.8101000189781189,0.8090400099754333,0.8093299865722656
2026-09-09T11:00:00Z,0.8093400001525879,0.8093500137329102,0.8078299760818481,0.8078799843788147
2026-09-09T11:30:00Z,0.807889997959137,0.8083400130271912,0.8076500296592712,0.8077300190925598
2026-09-09T12:00:00Z,0.8077300190925598,0.8077399730682373,0.8067299723625183,0.8076199889183044
2026-09-09T12:30:00Z,0.8075900077819824,0.8080599904060364,0.8073700070381165,0.8078299760818481
2026-09-09T13:00:00Z,0.8078299760818481,0.8079500198364258,0.8069400191307068,0.8069900274276733
2026-09-09T13:30:00Z,0.8069900274276733,0.8078200221061707,0.8067100048065186,0.8069999814033508
2026-09-09T14:00:00Z,0.8069700002670288,0.8078500032424927,0.8067100048065186,0.807640016078949
2026-09-09T14:30:00Z,0.807640016078949,0.8081700205802917,0.8075500130653381,0.8076000213623047
2026-09-09T15:00:00Z,0.8076000213623047,0.8109999895095825,0.8072199821472168,0.8102200031280518
2026-09-09T15:30:00Z,0.8102200031280518,0.81045001745224,0.8092700242996216,0.8103500008583069
2026-09-09T16:00:00Z,0.8103600144386292,0.8107500076293945,0.8098199963569641,0.8104599714279175
2026-09-09T16:30:00Z,0.8104599714279175,0.8105300068855286,0.8094300031661987,0.8099300265312195
2026-09-09T17:00:00Z,0.809909999370575,0.8100399971008301,0.8094199895858765,0.8095300197601318
2026-09-09T17:30:00Z,0.8095300197601318,0.8099899888038635,0.8094099760055542,0.8095700144767761
2026-09-09T18:00:00Z,0.8095600008964539,0.809939980506897,0.8093900084495544,0.8098300099372864
2026-09-09T18:30:00Z,0.8098499774932861,0.8104699850082397,0.8097900152206421,0.8103299736976624
2026-09-09T19:00:00Z,0.8103299736976624,0.810699999332428,0.8102499842643738,0.8105000257492065
2026-09-09T19:30:00Z,0.8105300068855286,0.8105800151824951,0.8101300001144409,0.8102899789810181
2026-09-09T20:00:00Z,0.8102999925613403,0.810509979724884,0.810230016708374,0.8104299902915955
2026-09-09T20:30:00Z,0.8104299902915955,0.8104400038719177,0.8098800182342529,0.8099600076675415
2026-09-09T21:00:00Z,0.8099799752235413,0.8099799752235413,0.8080899715423584,0.8088499903678894
2026-09-09T21:30:00Z,0.8088200092315674,0.8098000288009644,0.8086199760437012,0.8090000152587891
2026-09-09T22:00:00Z,0.8091300129890442,0.8101000189781189,0.8090500235557556,0.8095999956130981
2026-09-09T22:30:00Z,0.8096100091934204,0.8096500039100647,0.8094599843025208,0.809499979019165
2026-09-09T23:00:00Z,0.8095200061798096,0.8095999956130981,0.8093699812889099,0.809469997882843
2026-09-09T23:30:00Z,0.8094900250434875,0.8100799918174744,0.8093699812889099,0.8098999857902527
2026-09-10T00:00:00Z,0.8099300265312195,0.8104199767112732,0.8098899722099304,0.8102999925613403
2026-09-10T00:30:00Z,0.8102999925613403,0.8103299736976624,0.809660017490387,0.8100500106811523
2026-09-10T01:00:00Z,0.8100500106811523,0.8101000189781189,0.8092899918556213,0.8095899820327759
2026-09-10T01:30:00Z,0.8095899820327759,0.8096399903297424,0.808709979057312,0.8087800145149231
2026-09-10T02:00:00Z,0.8087800145149231,0.809220016002655,0.8085899949073792,0.8091199994087219
2026-09-10T02:30:00Z,0.8091199994087219,0.8094000220298767,0.8087700009346008,0.8088099956512451
2026-09-10T03:00:00Z,0.8087900280952454,0.8091999888420105,0.8087499737739563,0.8090400099754333
2026-09-10T03:30:00Z,0.8090400099754333,0.8091999888420105,0.8089399933815002,0.8090000152587891
2026-09-10T04:00:00Z,0.8089600205421448,0.8090999722480774,0.8087999820709229,0.8090800046920776
2026-09-10T04:30:00Z,0.8090800046920776,0.8093500137329102,0.808899998664856,0.8092700242996216
2026-09-10T05:00:00Z,0.8093000054359436,0.8093100190162659,0.8089500069618225,0.8090299963951111
2026-09-10T05:30:00Z,0.8090699911117554,0.8091400265693665,0.8085899949073792,0.8086299896240234
2026-09-10T06:00:00Z,0.8086000084877014,0.8088499903678894,0.8083800077438354,0.8085299730300903
2026-09-10T06:30:00Z,0.8085200190544128,0.8090599775314331,0.8084800243377686,0.8088899850845337
2026-09-10T07:00:00Z,0.808899998664856,0.8095999956130981,0.8088099956512451,0.8095200061798096
2026-09-10T07:30:00Z,0.8095200061798096,0.8095700144767761,0.8090900182723999,0.8092799782752991
2026-09-10T08:00:00Z,0.8092799782752991,0.809939980506897,0.8092100024223328,0.8097900152206421
2026-09-10T08:30:00Z,0.8097800016403198,0.8105000257492065,0.8097400069236755,0.8101999759674072
2026-09-10T09:00:00Z,0.8102099895477295,0.810699999332428,0.8097699880599976,0.8105499744415283
2026-09-10T09:30:00Z,0.8105300068855286,0.8111600279808044,0.810479998588562,0.8105599880218506
2026-09-10T10:00:00Z,0.8105599880218506,0.8108800053596497,0.8100699782371521,0.8108400106430054
2026-09-10T10:30:00Z,0.8108400106430054,0.8116000294685364,0.8108000159263611,0.8111400008201599
2026-09-10T11:00:00Z,0.8111400008201599,0.8117600083351135,0.8109800219535828,0.8114200234413147
2026-09-10T11:30:00Z,0.8113899827003479,0.8119000196456909,0.8110799789428711,0.8117799758911133
2026-09-10T12:00:00Z,0.8117799758911133,0.8124499917030334,0.8116499781608582,0.8122299909591675
2026-09-10T12:30:00Z,0.8122299909591675,0.8147299885749817,0.8116599917411804,0.8130000233650208
2026-09-10T13:00:00Z,0.8130000233650208,0.8138700127601624,0.8127899765968323,0.8130199909210205
2026-09-10T13:30:00Z,0.812969982624054,0.8133000135421753,0.8119199872016907,0.8124899864196777
2026-09-10T14:00:00Z,0.8125,0.8125600218772888,0.8110600113868713,0.811710000038147
2026-09-10T14:30:00Z,0.8117300271987915,0.8118699789047241,0.8110499978065491,0.8110899925231934
2026-09-10T15:00:00Z,0.8111000061035156,0.8115000128746033,0.8107900023460388,0.8114200234413147
2026-09-10T15:30:00Z,0.8114399909973145,0.8117200136184692,0.8110799789428711,0.8112999796867371
2026-09-10T16:00:00Z,0.8112800121307373,0.812030017375946,0.8111799955368042,0.8118399977684021
2026-09-10T16:30:00Z,0.8118399977684021,0.8123499751091003,0.811710000038147,0.8122000098228455
2026-09-10T17:00:00Z,0.8121700286865234,0.8124799728393555,0.8120099902153015,0.8122199773788452
2026-09-10T17:30:00Z,0.8122199773788452,0.8126000165939331,0.8121600151062012,0.8124799728393555
2026-09-10T18:00:00Z,0.8124899864196777,0.8132399916648865,0.8123800158500671,0.8128499984741211
2026-09-10T18:30:00Z,0.8128299713134766,0.8131300210952759,0.8126000165939331,0.8127999901771545
2026-09-10T19:00:00Z,0.8127800226211548,0.8131999969482422,0.8127800226211548,0.8129299879074097
2026-09-10T19:30:00Z,0.8129299879074097,0.8130499720573425,0.8127999901771545,0.8128899931907654
2026-09-10T20:00:00Z,0.8129299879074097,0.813539981842041,0.8128899931907654,0.8134400248527527
2026-09-10T20:30:00Z,0.8134400248527527,0.8134999871253967,0.8125,0.812720000743866
2026-09-10T21:00:00Z,0.8125100135803223,0.8128700256347656,0.8120499849319458,0.8126999735832214
2026-09-10T21:30:00Z,0.8128299713134766,0.8130000233650208,0.8123999834060669,0.8128399848937988
2026-09-10T22:00:00Z,0.8128299713134766,0.8133999705314636,0.8126500248908997,0.8131899833679199
2026-09-10T22:30:00Z,0.8131700158119202,0.8132500052452087,0.8129199743270874,0.8130000233650208
2026-09-10T23:00:00Z,0.8130000233650208,0.8133100271224976,0.8128899931907654,0.8132699728012085
2026-09-10T23:30:00Z,0.813289999961853,0.8133999705314636,0.8130199909210205,0.8130300045013428
2026-09-11T00:00:00Z,0.8130699992179871,0.8131399750709534,0.8125500082969666,0.8129400014877319
2026-09-11T00:30:00Z,0.8129400014877319,0.8131399750709534,0.8127300143241882,0.812749981880188
2026-09-11T01:00:00Z,0.8127099871635437,0.8129000067710876,0.8123900294303894,0.8126999735832214
2026-09-11T01:30:00Z,0.8126699924468994,0.8132500052452087,0.8125200271606445,0.8130800127983093
2026-09-11T02:00:00Z,0.8130800127983093,0.8137099742889404,0.8130099773406982,0.8136799931526184
2026-09-11T02:30:00Z,0.8136799931526184,0.8138300180435181,0.8135300278663635,0.8136900067329407
2026-09-11T03:00:00Z,0.8136799931526184,0.8141999840736389,0.8135799765586853,0.8141099810600281
2026-09-11T03:30:00Z,0.8141199946403503,0.8141499757766724,0.8136900067329407,0.8138399720191956
2026-09-11T04:00:00Z,0.8138499855995178,0.8139299750328064,0.8129900097846985,0.8130199909210205
2026-09-11T04:30:00Z,0.8130300045013428,0.8134300112724304,0.8129900097846985,0.8133999705314636
2026-09-11T05:00:00Z,0.8133999705314636,0.8134999871253967,0.8128600120544434,0.8130499720573425
2026-09-11T05:30:00Z,0.8130499720573425,0.8130599856376648,0.8125200271606445,0.8127999901771545
2026-09-11T06:00:00Z,0.8128100037574768,0.8129299879074097,0.8123999834060669,0.8127099871635437
2026-09-11T06:30:00Z,0.8127099871635437,0.8133500218391418,0.8126599788665771,0.8133100271224976
2026-09-11T07:00:00Z,0.813319981098175,0.8136399984359741,0.8129900097846985,0.8135300278663635
2026-09-11T07:30:00Z,0.8134899735450745,0.8138800263404846,0.8132699728012085,0.8136199712753296
2026-09-11T08:00:00Z,0.8136199712753296,0.8140199780464172,0.8131899833679199,0.813979983329773
2026-09-11T08:30:00Z,0.8140000104904175,0.8143500089645386,0.8134599924087524,0.8142399787902832
2026-09-11T09:00:00Z,0.8142600059509277,0.8150100111961365,0.8138499855995178,0.8146600127220154
2026-09-11T09:30:00Z,0.8146600127220154,0.8149700164794922,0.81454998254776,0.8147500157356262
2026-09-11T10:00:00Z,0.814769983291626,0.8153300285339355,0.8142300248146057,0.8152199983596802
2026-09-11T10:30:00Z,0.8152300119400024,0.815500020980835,0.8150299787521362,0.8154100179672241
2026-09-11T11:00:00Z,0.8154299855232239,0.8159300088882446,0.8152300119400024,0.8153899908065796
2026-09-11T11:30:00Z,0.8153899908065796,0.8156300187110901,0.8149099946022034,0.8151999711990356
2026-09-11T12:00:00Z,0.8151999711990356,0.8154299855232239,0.8144999742507935,0.8145599961280823
2026-09-11T12:30:00Z,0.8144199848175049,0.8170400261878967,0.8138200044631958,0.8141400218009949
2026-09-11T13:00:00Z,0.8141499757766724,0.8152899742126465,0.8137099742889404,0.8148499727249146
2026-09-11T13:30:00Z,0.8148699998855591,0.8152099847793579,0.8139100074768066,0.8141599893569946
2026-09-11T14:00:00Z,0.8141700029373169,0.8151199817657471,0.8140000104904175,0.8149799704551697
2026-09-11T14:30:00Z,0.8149799704551697,0.815280020236969,0.8145700097084045,0.8152700066566467
2026-09-11T15:00:00Z,0.8152599930763245,0.8161799907684326,0.8149799704551697,0.8158000111579895
2026-09-11T15:30:00Z,0.8158100247383118,0.8161399960517883,0.8155999779701233,0.8159000277519226
2026-09-11T16:00:00Z,0.8158900141716003,0.8159999847412109,0.8153499960899353,0.8157299757003784
2026-09-11T16:30:00Z,0.8157200217247009,0.8161699771881104,0.8153300285339355,0.816070020198822
2026-09-11T17:00:00Z,0.8160600066184998,0.8163400292396545,0.815750002861023,0.8159199953079224
2026-09-11T17:30:00Z,0.8159300088882446,0.8162299990653992,0.815779983997345,0.8161699771881104
2026-09-11T18:00:00Z,0.8161600232124329,0.8167399764060974,0.8160300254821777,0.8166199922561646
2026-09-11T18:30:00Z,0.8166400194168091,0.8170400261878967,0.816569983959198,0.8166000247001648
2026-09-11T19:00:00Z,0.8166000247001648,0.8169000148773193,0.8164700269699097,0.8166000247001648
2026-09-11T19:30:00Z,0.8166099786758423,0.8168200254440308,0.8164499998092651,0.8166000247001648
2026-09-11T20:00:00Z,0.8166199922561646,0.8167999982833862,0.8163599967956543,0.8165199756622314
2026-09-11T20:30:00Z,0.8165299892425537,0.8168299794197083,0.816100001335144,0.8161100149154663
2026-09-11T21:00:00Z,0.816100001335144,0.816100001335144,0.816100001335144,0.816100001335144
2026-09-13T23:00:00Z,0.8170700073242188,0.8172000050544739,0.8168200254440308,0.8169199824333191
2026-09-13T23:30:00Z,0.8169299960136414,0.8171300292015076,0.8165299892425537,0.8166099786758423
2026-09-14T00:00:00Z,0.8166099786758423,0.8172100186347961,0.8163099884986877,0.8171300292015076
2026-09-14T00:30:00Z,0.8170999884605408,0.8173999786376953,0.8169299960136414,0.8172299861907959
2026-09-14T01:00:00Z,0.8172299861907959,0.8177000284194946,0.8170499801635742,0.8171399831771851
2026-09-14T01:30:00Z,0.8171399831771851,0.817330002784729,0.8169800043106079,0.8172299861907959
2026-09-14T02:00:00Z,0.8172199726104736,0.8173999786376953,0.817080020904541,0.8173099756240845
2026-09-14T02:30:00Z,0.8173099756240845,0.8179000020027161,0.8172799944877625,0.8178300261497498
2026-09-14T03:00:00Z,0.8178499937057495,0.8181999921798706,0.8177700042724609,0.8180000185966492
2026-09-14T03:30:00Z,0.8180000185966492,0.818340003490448,0.8179600238800049,0.8182100057601929
2026-09-14T04:00:00Z,0.8182100057601929,0.818340003490448,0.8180500268936157,0.8182700276374817
2026-09-14T04:30:00Z,0.8182600140571594,0.8184000253677368,0.8180800080299377,0.8182600140571594
2026-09-14T05:00:00Z,0.8182100057601929,0.8184400200843811,0.8179299831390381,0.8179900050163269
2026-09-14T05:30:00Z,0.8180299997329712,0.8180999755859375,0.8174999952316284,0.8177000284194946
2026-09-14T06:00:00Z,0.8177000284194946,0.8187599778175354,0.817550003528595,0.8187400102615356
2026-09-14T06:30:00Z,0.8187100291252136,0.8190400004386902,0.8185399770736694,0.8189100027084351
2026-09-14T07:00:00Z,0.8188899755477905,0.8190799951553345,0.8185999989509583,0.8187900185585022
2026-09-14T07:30:00Z,0.8187900185585022,0.8191699981689453,0.8184499740600586,0.8187199831008911
2026-09-14T08:00:00Z,0.8187199831008911,0.8195199966430664,0.8185200095176697,0.8194000124931335
2026-09-14T08:30:00Z,0.8194000124931335,0.8195000290870667,0.8187100291252136,0.8187999725341797
2026-09-14T09:00:00Z,0.8187999725341797,0.8188999891281128,0.816860020160675,0.8170700073242188
2026-09-14T09:30:00Z,0.8170700073242188,0.8174099922180176,0.8166300058364868,0.8170999884605408
2026-09-14T10:00:00Z,0.8170999884605408,0.8172600269317627,0.8166099786758423,0.8169400095939636
2026-09-14T10:30:00Z,0.8169500231742859,0.817579984664917,0.8168900012969971,0.8174600005149841
2026-09-14T11:00:00Z,0.8174600005149841,0.8174999952316284,0.8168500065803528,0.8169000148773193
2026-09-14T11:30:00Z,0.8169000148773193,0.817110002040863,0.8166499733924866,0.816789984703064
2026-09-14T12:00:00Z,0.8168100118637085,0.8175699710845947,0.8161600232124329,0.8175299763679504
2026-09-14T12:30:00Z,0.8175299763679504,0.8183000087738037,0.817330002784729,0.8179200291633606
2026-09-14T13:00:00Z,0.8179200291633606,0.8181700110435486,0.817579984664917,0.8180000185966492
2026-09-14T13:30:00Z,0.8179600238800049,0.819100022315979,0.8177199959754944,0.8189899921417236
2026-09-14T14:00:00Z,0.8189899921417236,0.8191800117492676,0.8182899951934814,0.8187999725341797
2026-09-14T14:30:00Z,0.8187999725341797,0.8188700079917908,0.8175399899482727,0.818310022354126
2026-09-14T15:00:00Z,0.8182899951934814,0.8183599710464478,0.8173499703407288,0.8176800012588501
2026-09-14T15:30:00Z,0.8177199959754944,0.8180000185966492,0.8169999718666077,0.8173199892044067
2026-09-14T16:00:00Z,0.8173199892044067,0.8173400163650513,0.8165000081062317,0.8168399930000305
2026-09-14T16:30:00Z,0.8168399930000305,0.8169599771499634,0.815280020236969,0.8155500292778015
2026-09-14T17:00:00Z,0.8155500292778015,0.8161100149154663,0.8154000043869019,0.8160200119018555
2026-09-14T17:30:00Z,0.8160200119018555,0.816540002822876,0.8159599900245667,0.8163300156593323
2026-09-14T18:00:00Z,0.8163300156593323,0.816540002822876,0.8160300254821777,0.8163599967956543
2026-09-14T18:30:00Z,0.816349983215332,0.8164600133895874,0.8159800171852112,0.8162699937820435
2026-09-14T19:00:00Z,0.8162699937820435,0.8169500231742859,0.8162099719047546,0.8169500231742859
2026-09-14T19:30:00Z,0.8169500231742859,0.8174399733543396,0.8167999982833862,0.8173400163650513
2026-09-14T20:00:00Z,0.8173499703407288,0.8176500201225281,0.817330002784729,0.8175299763679504
2026-09-14T20:30:00Z,0.8175100088119507,0.8177000284194946,0.817110002040863,0.8172699809074402
2026-09-14T21:00:00Z,0.8166300058364868,0.8171600103378296,0.815530002117157,0.8164799809455872
2026-09-14T21:30:00Z,0.8164799809455872,0.8170099854469299,0.8156899809837341,0.8168100118637085
2026-09-14T22:00:00Z,0.8168100118637085,0.8173099756240845,0.816510021686554,0.8172199726104736
2026-09-14T22:30:00Z,0.8172100186347961,0.8172299861907959,0.8169299960136414,0.8169900178909302
2026-09-14T23:00:00Z,0.8169800043106079,0.8172299861907959,0.8169000148773193,0.8172000050544739
2026-09-14T23:30:00Z,0.8172000050544739,0.8173999786376953,0.8171499967575073,0.8172799944877625
2026-09-15T00:00:00Z,0.8172799944877625,0.8177000284194946,0.8171499967575073,0.8177000284194946
2026-09-15T00:30:00Z,0.8177000284194946,0.817799985408783,0.8174700140953064,0.8175299763679504
2026-09-15T01:00:00Z,0.8175299763679504,0.8181300163269043,0.8174499869346619,0.8180299997329712
2026-09-15T01:30:00Z,0.8180299997329712,0.8180999755859375,0.8178300261497498,0.8180400133132935
2026-09-15T02:00:00Z,0.8180400133132935,0.8181999921798706,0.8178600072860718,0.8180199861526489
2026-09-15T02:30:00Z,0.8180299997329712,0.8182399868965149,0.8178300261497498,0.817870020866394
2026-09-15T03:00:00Z,0.817870020866394,0.8181999921798706,0.8177499771118164,0.8180699944496155
2026-09-15T03:30:00Z,0.8180699944496155,0.8181999921798706,0.8179900050163269,0.818149983882904
2026-09-15T04:00:00Z,0.8181300163269043,0.8183299899101257,0.8180500268936157,0.8182200193405151
2026-09-15T04:30:00Z,0.8182200193405151,0.8182299733161926,0.8179299831390381,0.8181399703025818
2026-09-15T05:00:00Z,0.8181599974632263,0.8183299899101257,0.8180400133132935,0.8181800246238708
2026-09-15T05:30:00Z,0.8181800246238708,0.8184000253677368,0.8178899884223938,0.8182399868965149
2026-09-15T06:00:00Z,0.8182299733161926,0.8185099959373474,0.8181099891662598,0.8184199929237366
2026-09-15T06:30:00Z,0.8183900117874146,0.8186100125312805,0.8172500133514404,0.8173900246620178
2026-09-15T07:00:00Z,0.8173900246620178,0.8176900148391724,0.8171899914741516,0.8174499869346619
2026-09-15T07:30:00Z,0.8174499869346619,0.8178399801254272,0.8172299861907959,0.8173699975013733
2026-09-15T08:00:00Z,0.817359983921051,0.8175600171089172,0.8166300058364868,0.8169900178909302
2026-09-15T08:30:00Z,0.8169699907302856,0.8177000284194946,0.8168900012969971,0.8176599740982056
2026-09-15T09:00:00Z,0.8176599740982056,0.8180299997329712,0.8175299763679504,0.8175699710845947
2026-09-15T09:30:00Z,0.8175299763679504,0.8181999921798706,0.8175299763679504,0.8177400231361389
2026-09-15T10:00:00Z,0.8177400231361389,0.8179399967193604,0.8174800276756287,0.8177199959754944
2026-09-15T10:30:00Z,0.8177199959754944,0.8182299733161926,0.8176599740982056,0.8182100057601929
2026-09-15T11:00:00Z,0.8181899785995483,0.8182500004768372,0.8177099823951721,0.8179000020027161
2026-09-15T11:30:00Z,0.8179299831390381,0.8183500170707703,0.8177400231361389,0.8183500170707703
2026-09-15T12:00:00Z,0.818340003490448,0.8186200261116028,0.8179100155830383,0.8182399868965149
2026-09-15T12:30:00Z,0.8182299733161926,0.8184999823570251,0.8179500102996826,0.8184000253677368
2026-09-15T13:00:00Z,0.8184000253677368,0.8187599778175354,0.8180500268936157,0.8187500238418579
2026-09-15T13:30:00Z,0.8187500238418579,0.8190000057220459,0.8178600072860718,0.8183500170707703
2026-09-15T14:00:00Z,0.8183500170707703,0.8192300200462341,0.8182700276374817,0.819159984588623
2026-09-15T14:30:00Z,0.8191900253295898,0.8199099898338318,0.8188999891281128,0.8192300200462341
2026-09-15T15:00:00Z,0.8192499876022339,0.8193399906158447,0.818880021572113,0.8190299868583679
2026-09-15T15:30:00Z,0.8190299868583679,0.8192899823188782,0.818809986114502,0.8189299702644348
2026-09-15T16:00:00Z,0.8189700245857239,0.8191999793052673,0.8187900185585022,0.818880021572113
2026-09-15T16:30:00Z,0.8188700079917908,0.8190199732780457,0.8184000253677368,0.8185200095176697
2026-09-15T17:00:00Z,0.8185499906539917,0.8191999793052673,0.8184300065040588,0.8190400004386902
2026-09-15T17:30:00Z,0.8190400004386902,0.8191999793052673,0.8187999725341797,0.8190699815750122
2026-09-15T18:00:00Z,0.819100022315979,0.8191999793052673,0.8186500072479248,0.8186900019645691
2026-09-15T18:30:00Z,0.8186699748039246,0.8189499974250793,0.8184800148010254,0.8185099959373474
2026-09-15T19:00:00Z,0.8185099959373474,0.8187999725341797,0.8184000253677368,0.8187400102615356
2026-09-15T19:30:00Z,0.8187199831008911,0.8188199996948242,0.818560004234314,0.8187999725341797
2026-09-15T20:00:00Z,0.8187999725341797,0.8191400170326233,0.8187400102615356,0.8190000057220459
2026-09-15T20:30:00Z,0.8189799785614014,0.8190000057220459,0.8184900283813477,0.8185200095176697
2026-09-15T21:00:00Z,0.8181599974632263,0.8184300065040588,0.817110002040863,0.818340003490448
2026-09-15T21:30:00Z,0.8182399868965149,0.8185999989509583,0.8176000118255615,0.8181899785995483
2026-09-15T22:00:00Z,0.8181899785995483,0.8187100291252136,0.8178600072860718,0.8186200261116028
2026-09-15T22:30:00Z,0.8186500072479248,0.8187999725341797,0.818589985370636,0.8187000155448914
2026-09-15T23:00:00Z,0.8188499808311462,0.8191400170326233,0.8188199996948242,0.8190699815750122
2026-09-15T23:30:00Z,0.8190799951553345,0.819350004196167,0.8189799785614014,0.8191199898719788
2026-09-16T00:00:00Z,0.8191199898719788,0.8191400170326233,0.8188300132751465,0.8190299868583679
2026-09-16T00:30:00Z,0.8190199732780457,0.8195000290870667,0.8189700245857239,0.8192700147628784
2026-09-16T01:00:00Z,0.8192999958992004,0.8195000290870667,0.819130003452301,0.8194500207901001
2026-09-16T01:30:00Z,0.8194900155067444,0.8196600079536438,0.8194199800491333,0.8195800185203552
2026-09-16T02:00:00Z,0.8195499777793884,0.8196300268173218,0.819130003452301,0.8192700147628784
2026-09-16T02:30:00Z,0.8192499876022339,0.8192499876022339,0.8187900185585022,0.8188400268554688
2026-09-16T03:00:00Z,0.8188300132751465,0.8190400004386902,0.8187500238418579,0.8190100193023682
2026-09-16T03:30:00Z,0.8189899921417236,0.8191400170326233,0.8186900019645691,0.8187500238418579
2026-09-16T04:00:00Z,0.8187400102615356,0.8187500238418579,0.8184400200843811,0.8184700012207031
2026-09-16T04:30:00Z,0.8184999823570251,0.8187400102615356,0.8182500004768372,0.8185999989509583
2026-09-16T05:00:00Z,0.8185700178146362,0.8187299966812134,0.8183500170707703,0.8184599876403809
2026-09-16T05:30:00Z,0.8184900283813477,0.8186799883842468,0.8181700110435486,0.8183299899101257
2026-09-16T06:00:00Z,0.818310022354126,0.8184999823570251,0.817870020866394,0.8184000253677368
2026-09-16T06:30:00Z,0.8184000253677368,0.8186299800872803,0.8181300163269043,0.8184300065040588
2026-09-16T07:00:00Z,0.8184300065040588,0.8190000057220459,0.8182799816131592,0.8187000155448914
2026-09-16T07:30:00Z,0.8187000155448914,0.8188499808311462,0.8183299899101257,0.8187699913978577
2026-09-16T08:00:00Z,0.8187699913978577,0.8190799951553345,0.8183299899101257,0.8183799982070923
2026-09-16T08:30:00Z,0.818340003490448,0.8188199996948242,0.818340003490448,0.8187400102615356
2026-09-16T09:00:00Z,0.8187599778175354,0.8191199898719788,0.8185999989509583,0.8189299702644348
2026-09-16T09:30:00Z,0.8189299702644348,0.8192600011825562,0.8186399936676025,0.8192300200462341
2026-09-16T10:00:00Z,0.8192300200462341,0.8194000124931335,0.8188599944114685,0.8191499710083008
2026-09-16T10:30:00Z,0.8191800117492676,0.8194900155067444,0.8189700245857239,0.8192899823188782
2026-09-16T11:00:00Z,0.8192399740219116,0.8193399906158447,0.8183299899101257,0.8184499740600586
2026-09-16T11:30:00Z,0.8184300065040588,0.8190000057220459,0.8182299733161926,0.8189899921417236
2026-09-16T12:00:00Z,0.8189899921417236,0.819130003452301,0.8187999725341797,0.8190299868583679
2026-09-16T12:30:00Z,0.8189200162887573,0.8193899989128113,0.8184999823570251,0.8187400102615356
2026-09-16T13:00:00Z,0.8187299966812134,0.8190900087356567,0.8184999823570251,0.8186799883842468
2026-09-16T13:30:00Z,0.8186799883842468,0.8189499974250793,0.8181599974632263,0.8189299702644348
2026-09-16T14:00:00Z,0.8189299702644348,0.8194400072097778,0.8187100291252136,0.8190199732780457
2026-09-16T14:30:00Z,0.8190199732780457,0.8191199898719788,0.8184000253677368,0.8188300132751465
2026-09-16T15:00:00Z,0.8188400268554688,0.819100022315979,0.8181899785995483,0.8190600275993347
2026-09-16T15:30:00Z,0.8190400004386902,0.8192499876022339,0.8187299966812134,0.8190900087356567
2026-09-16T16:00:00Z,0.8190900087356567,0.819320023059845,0.8188999891281128,0.8191800117492676
2026-09-16T16:30:00Z,0.8191900253295898,0.8192999958992004,0.8189299702644348,0.819100022315979
2026-09-16T17:00:00Z,0.8191400170326233,0.8192399740219116,0.8188599944114685,0.8189200162887573
2026-09-16T17:30:00Z,0.8189100027084351,0.8190400004386902,0.8179600238800049,0.8179799914360046
2026-09-16T18:00:00Z,0.8182299733161926,0.8222299814224243,0.8174700140953064,0.82218998670578
2026-09-16T18:30:00Z,0.8221799731254578,0.824999988079071,0.8220499753952026,0.8249300122261047
2026-09-16T19:00:00Z,0.824940025806427,0.8257200121879578,0.8237400054931641,0.8254299759864807
2026-09-16T19:30:00Z,0.8254299759864807,0.8255299925804138,0.8241900205612183,0.8247799873352051
2026-09-16T20:00:00Z,0.8247799873352051,0.8261500000953674,0.8246899843215942,0.8259099721908569
2026-09-16T20:30:00Z,0.8259099721908569,0.8263999819755554,0.8252900242805481,0.8252900242805481
2026-09-16T21:00:00Z,0.8245199918746948,0.8256400227546692,0.8242599964141846,0.8248800039291382
2026-09-16T21:30:00Z,0.8248800039291382,0.8256999850273132,0.824400007724762,0.8255800008773804
2026-09-16T22:00:00Z,0.824999988079071,0.8262199759483337,0.824999988079071,0.8257499933242798
2026-09-16T22:30:00Z,0.8257399797439575,0.8259999752044678,0.8256800174713135,0.8258799910545349
2026-09-16T23:00:00Z,0.8259099721908569,0.8259999752044678,0.8256999850273132,0.8258399963378906
2026-09-16T23:30:00Z,0.8258600234985352,0.8258600234985352,0.8251199722290039,0.8253499865531921
2026-09-17T00:00:00Z,0.8253499865531921,0.825469970703125,0.8249199986457825,0.8253200054168701
2026-09-17T00:30:00Z,0.8253200054168701,0.8258000016212463,0.8252300024032593,0.8257899880409241
2026-09-17T01:00:00Z,0.8257799744606018,0.8260599970817566,0.8254299759864807,0.8255800008773804
2026-09-17T01:30:00Z,0.825469970703125,0.8259699940681458,0.8252999782562256,0.8258100152015686
2026-09-17T02:00:00Z,0.8258100152015686,0.8258200287818909,0.8253800272941589,0.8256199955940247
2026-09-17T02:30:00Z,0.8256199955940247,0.8260400295257568,0.8255699872970581,0.8259699940681458
2026-09-17T03:00:00Z,0.8259299993515015,0.8259999752044678,0.8256499767303467,0.8259699940681458
2026-09-17T03:30:00Z,0.8259699940681458,0.8260200023651123,0.8256300091743469,0.82573002576828
2026-09-17T04:00:00Z,0.8257200121879578,0.8259000182151794,0.8255299925804138,0.8256800174713135
2026-09-17T04:30:00Z,0.8256999850273132,0.8258000016212463,0.825439989566803,0.8255599737167358
2026-09-17T05:00:00Z,0.8255599737167358,0.8256300091743469,0.8253300189971924,0.8254200220108032
2026-09-17T05:30:00Z,0.8253999948501587,0.8255299925804138,0.8250899910926819,0.8251699805259705
2026-09-17T06:00:00Z,0.8251299858093262,0.8252099752426147,0.8238999843597412,0.8239499926567078
2026-09-17T06:30:00Z,0.8239499926567078,0.8243200182914734,0.8236299753189087,0.823989987373352
2026-09-17T07:00:00Z,0.823989987373352,0.8245499730110168,0.8238599896430969,0.8243799805641174
2026-09-17T07:30:00Z,0.8243799805641174,0.8256499767303467,0.8242700099945068,0.8252999782562256
2026-09-17T08:00:00Z,0.8252999782562256,0.82600998878479,0.8252699971199036,0.8254600167274475
2026-09-17T08:30:00Z,0.8254899978637695,0.8255299925804138,0.824999988079071,0.8253399729728699
2026-09-17T09:00:00Z,0.8253399729728699,0.8259000182151794,0.8252699971199036,0.8258399963378906
2026-09-17T09:30:00Z,0.8258200287818909,0.8262100219726562,0.8253700137138367,0.8261899948120117
2026-09-17T10:00:00Z,0.8261899948120117,0.826200008392334,0.8251299858093262,0.8251799941062927
2026-09-17T10:30:00Z,0.8251799941062927,0.8256000280380249,0.8250700235366821,0.825190007686615
2026-09-17T11:00:00Z,0.8252000212669373,0.8261399865150452,0.8250499963760376,0.8259000182151794
2026-09-17T11:30:00Z,0.8258600234985352,0.826200008392334,0.825190007686615,0.8253800272941589
2026-09-17T12:00:00Z,0.8253700137138367,0.8255000114440918,0.8229900002479553,0.8230999708175659
2026-09-17T12:30:00Z,0.8231099843978882,0.824400007724762,0.8230400085449219,0.8237400054931641
2026-09-17T13:00:00Z,0.8237299919128418,0.8241000175476074,0.8232700228691101,0.8238700032234192
2026-09-17T13:30:00Z,0.8239099979400635,0.8242300152778625,0.8232300281524658,0.823390007019043
2026-09-17T14:00:00Z,0.823390007019043,0.8235300183296204,0.8222299814224243,0.8235200047492981
2026-09-17T14:30:00Z,0.8235099911689758,0.8238400220870972,0.8229100108146667,0.8237199783325195
2026-09-17T15:00:00Z,0.823710024356842,0.8244100213050842,0.823390007019043,0.8243499994277954
2026-09-17T15:30:00Z,0.8243200182914734,0.8248599767684937,0.8242800235748291,0.8244799971580505
2026-09-17T16:00:00Z,0.8244699835777283,0.8247500061988831,0.8242800235748291,0.8243799805641174
2026-09-17T16:30:00Z,0.8243700265884399,0.8249300122261047,0.8243299722671509,0.8248999714851379
2026-09-17T17:00:00Z,0.8248999714851379,0.8252599835395813,0.8248500227928162,0.8249899744987488
2026-09-17T17:30:00Z,0.8249800205230713,0.8250799775123596,0.8247100114822388,0.8247299790382385
2026-09-17T18:00:00Z,0.8247299790382385,0.8250799775123596,0.82464998960495,0.8249599933624268
2026-09-17T18:30:00Z,0.8249800205230713,0.8250300288200378,0.8246899843215942,0.8248100280761719
2026-09-17T19:00:00Z,0.8248000144958496,0.8248199820518494,0.8244699835777283,0.8245999813079834
2026-09-17T19:30:00Z,0.8245900273323059,0.8246200084686279,0.8243499994277954,0.8245300054550171
2026-09-17T20:00:00Z,0.8245800137519836,0.8248999714851379,0.8243899941444397,0.8246099948883057
2026-09-17T20:30:00Z,0.82464998960495,0.8246999979019165,0.8241400122642517,0.8243499994277954
2026-09-17T21:00:00Z,0.8240000009536743,0.8244100213050842,0.8231899738311768,0.8233000040054321
2026-09-17T21:30:00Z,0.8232899904251099,0.824400007724762,0.8232899904251099,0.8238099813461304
2026-09-17T22:00:00Z,0.8238099813461304,0.8248000144958496,0.8236899971961975,0.824400007724762
2026-09-17T22:30:00Z,0.824400007724762,0.8245000243186951,0.8242700099945068,0.8243899941444397
2026-09-17T23:00:00Z,0.8243899941444397,0.8246399760246277,0.8242999911308289,0.8246399760246277
2026-09-17T23:30:00Z,0.8246399760246277,0.824999988079071,0.8245700001716614,0.8249300122261047
2026-09-18T00:00:00Z,0.8249300122261047,0.8250200152397156,0.8244199752807617,0.8246200084686279
2026-09-18T00:30:00Z,0.8246200084686279,0.8247100114822388,0.8243299722671509,0.8244699835777283
2026-09-18T01:00:00Z,0.8244699835777283,0.8246399760246277,0.8242200016975403,0.8245900273323059
2026-09-18T01:30:00Z,0.8246300220489502,0.8249300122261047,0.8244100213050842,0.824429988861084
2026-09-18T02:00:00Z,0.824429988861084,0.8248999714851379,0.824400007724762,0.8246099948883057
2026-09-18T02:30:00Z,0.8245900273323059,0.8252300024032593,0.8244900107383728,0.8248199820518494
2026-09-18T03:00:00Z,0.8248299956321716,0.8250200152397156,0.8242700099945068,0.8242899775505066
2026-09-18T03:30:00Z,0.8242800235748291,0.8243200182914734,0.8234300017356873,0.8234999775886536
2026-09-18T04:00:00Z,0.8235099911689758,0.8235499858856201,0.8225299715995789,0.822700023651123
2026-09-18T04:30:00Z,0.8227300047874451,0.8234900236129761,0.8226900100708008,0.8234699964523315
2026-09-18T05:00:00Z,0.8234500288963318,0.824180006980896,0.8233500123023987,0.824180006980896
2026-09-18T05:30:00Z,0.8241699934005737,0.8243299722671509,0.8238499760627747,0.8242999911308289
2026-09-18T06:00:00Z,0.8242999911308289,0.8245999813079834,0.824180006980896,0.824400007724762
2026-09-18T06:30:00Z,0.824400007724762,0.8246999979019165,0.8240900039672852,0.8245999813079834
2026-09-18T07:00:00Z,0.8245999813079834,0.8250100016593933,0.8243100047111511,0.8248900175094604
2026-09-18T07:30:00Z,0.8248900175094604,0.8252300024032593,0.8245999813079834,0.8250200152397156
2026-09-18T08:00:00Z,0.8250300288200378,0.8251299858093262,0.8240900039672852,0.8243299722671509
2026-09-18T08:30:00Z,0.8243700265884399,0.8249300122261047,0.8243299722671509,0.8245400190353394
2026-09-18T09:00:00Z,0.8245300054550171,0.8251000046730042,0.8242899775505066,0.8250499963760376
2026-09-18T09:30:00Z,0.8250499963760376,0.8251399993896484,0.8243100047111511,0.8245800137519836
2026-09-18T10:00:00Z,0.8245900273323059,0.8250300288200378,0.8244500160217285,0.8248299956321716
2026-09-18T10:30:00Z,0.8248299956321716,0.8255100250244141,0.8247299790382385,0.8249599933624268
2026-09-18T11:00:00Z,0.8249800205230713,0.825439989566803,0.8246099948883057,0.8254200220108032
2026-09-18T11:30:00Z,0.8254200220108032,0.8258500099182129,0.8251100182533264,0.8254899978637695
2026-09-18T12:00:00Z,0.8254899978637695,0.8259900212287903,0.8252800107002258,0.8256400227546692
2026-09-18T12:30:00Z,0.8256400227546692,0.8256999850273132,0.8246999979019165,0.8248199820518494
2026-09-18T13:00:00Z,0.8248299956321716,0.8250300288200378,0.8245499730110168,0.8248000144958496
2026-09-18T13:30:00Z,0.8247900009155273,0.8253999948501587,0.8245599865913391,0.8250799775123596
2026-09-18T14:00:00Z,0.8250799775123596,0.8253200054168701,0.8247299790382385,0.824940025806427
2026-09-18T14:30:00Z,0.8249800205230713,0.8250399827957153,0.8236799836158752,0.8240500092506409
2026-09-18T15:00:00Z,0.8240000009536743,0.8243399858474731,0.8230900168418884,0.8233399987220764
2026-09-18T15:30:00Z,0.823360025882721,0.824400007724762,0.8232300281524658,0.824180006980896
2026-09-18T16:00:00Z,0.8241299986839294,0.8242400288581848,0.8231300115585327,0.8231899738311768
2026-09-18T16:30:00Z,0.8231899738311768,0.8233100175857544,0.822629988193512,0.8227699995040894
2026-09-18T17:00:00Z,0.8227699995040894,0.8227699995040894,0.8217399716377258,0.8220000267028809
2026-09-18T17:30:00Z,0.8220000267028809,0.8222200274467468,0.8218899965286255,0.8220800161361694
2026-09-18T18:00:00Z,0.8221200108528137,0.822160005569458,0.8217999935150146,0.8220700025558472
2026-09-18T18:30:00Z,0.8220300078392029,0.8222000002861023,0.8218899965286255,0.8220900297164917
2026-09-18T19:00:00Z,0.8220900297164917,0.8222000002861023,0.8216500282287598,0.8219199776649475
2026-09-18T19:30:00Z,0.82191002368927,0.8220800161361694,0.8217899799346924,0.82191002368927
2026-09-18T20:00:00Z,0.8219000101089478,0.8219199776649475,0.8215699791908264,0.8217599987983704
2026-09-18T20:30:00Z,0.8217800259590149,0.8221200108528137,0.8216800093650818,0.8218100070953369
2026-09-20T23:00:00Z,0.8222500085830688,0.8225299715995789,0.8222200274467468,0.8223400115966797
2026-09-20T23:30:00Z,0.8223400115966797,0.8227300047874451,0.8223400115966797,0.8225700259208679
2026-09-21T00:00:00Z,0.8225799798965454,0.8228300213813782,0.8223900198936462,0.8224200010299683
2026-09-21T00:30:00Z,0.8224200010299683,0.8224899768829346,0.82191002368927,0.8224899768829346
2026-09-21T01:00:00Z,0.8224499821662903,0.8225399851799011,0.8220800161361694,0.8222600221633911
2026-09-21T01:30:00Z,0.8222699761390686,0.8224300146102905,0.8221099972724915,0.8224200010299683
2026-09-21T02:00:00Z,0.8224200010299683,0.822700023651123,0.822350025177002,0.8226400017738342
2026-09-21T02:30:00Z,0.822629988193512,0.8230299949645996,0.8225799798965454,0.8229799866676331
2026-09-21T03:00:00Z,0.8229900002479553,0.8232399821281433,0.8227400183677673,0.8228999972343445
2026-09-21T03:30:00Z,0.8228999972343445,0.8230999708175659,0.8227900266647339,0.8229699730873108
2026-09-21T04:00:00Z,0.8229699730873108,0.8230999708175659,0.8228300213813782,0.8230199813842773
2026-09-21T04:30:00Z,0.8230199813842773,0.8231499791145325,0.8228899836540222,0.8230900168418884
2026-09-21T05:00:00Z,0.8230800032615662,0.8232499957084656,0.8229100108146667,0.8231300115585327
2026-09-21T05:30:00Z,0.823140025138855,0.8234999775886536,0.8230100274085999,0.8234500288963318
2026-09-21T06:00:00Z,0.8234300017356873,0.8234500288963318,0.8228700160980225,0.8228700160980225
2026-09-21T06:30:00Z,0.8228999972343445,0.8234900236129761,0.8228800296783447,0.8234400153160095
2026-09-21T07:00:00Z,0.8234099745750427,0.8238999843597412,0.8232100009918213,0.8232600092887878
2026-09-21T07:30:00Z,0.8232600092887878,0.8233299851417542,0.8226400017738342,0.8230800032615662
2026-09-21T08:00:00Z,0.8230900168418884,0.8233000040054321,0.8227400183677673,0.8227699995040894
2026-09-21T08:30:00Z,0.8227999806404114,0.8234000205993652,0.8224899768829346,0.8233100175857544
2026-09-21T09:00:00Z,0.8233399987220764,0.8235499858856201,0.8228399753570557,0.8230999708175659
2026-09-21T09:30:00Z,0.8230500221252441,0.8232499957084656,0.8225600123405457,0.822629988193512
2026-09-21T10:00:00Z,0.8226500153541565,0.8227999806404114,0.8222000002861023,0.8222699761390686
2026-09-21T10:30:00Z,0.8222699761390686,0.8223599791526794,0.8219799995422363,0.8222799897193909
2026-09-21T11:00:00Z,0.8222600221633911,0.8224499821662903,0.8217700123786926,0.8217800259590149
2026-09-21T11:30:00Z,0.8218100070953369,0.8218500018119812,0.8207600116729736,0.821120023727417
2026-09-21T12:00:00Z,0.821120023727417,0.8218399882316589,0.8207499980926514,0.8216699957847595
2026-09-21T12:30:00Z,0.8216699957847595,0.8217999935150146,0.8213199973106384,0.8215100169181824
2026-09-21T13:00:00Z,0.8215000033378601,0.8218600153923035,0.8213499784469604,0.8215500116348267
2026-09-21T13:30:00Z,0.8215500116348267,0.8225499987602234,0.8215199708938599,0.8224300146102905
2026-09-21T14:00:00Z,0.8224300146102905,0.8227300047874451,0.8213599920272827,0.8213899731636047
2026-09-21T14:30:00Z,0.8213899731636047,0.8214700222015381,0.8205999732017517,0.8208400011062622
2026-09-21T15:00:00Z,0.8208400011062622,0.8211899995803833,0.8205999732017517,0.8211899995803833
2026-09-21T15:30:00Z,0.8211600184440613,0.8215000033378601,0.8208500146865845,0.8213800191879272
2026-09-21T16:00:00Z,0.821370005607605,0.8216000199317932,0.8207600116729736,0.8211299777030945
2026-09-21T16:30:00Z,0.8211299777030945,0.8212400078773499,0.8208199739456177,0.8210899829864502
2026-09-21T17:00:00Z,0.8210899829864502,0.821150004863739,0.8208500146865845,0.8209900259971619
2026-09-21T17:30:00Z,0.8209900259971619,0.8214300274848938,0.8209499716758728,0.8212500214576721
2026-09-21T18:00:00Z,0.8212599754333496,0.821399986743927,0.8211100101470947,0.8212199807167053
2026-09-21T18:30:00Z,0.8212199807167053,0.8216300010681152,0.8211899995803833,0.8212299942970276
2026-09-21T19:00:00Z,0.8212299942970276,0.821340024471283,0.8207499980926514,0.8208799958229065
2026-09-21T19:30:00Z,0.8208799958229065,0.8211600184440613,0.8206800222396851,0.8211299777030945
2026-09-21T20:00:00Z,0.8211299777030945,0.8212100267410278,0.8209900259971619,0.8210999965667725
2026-09-21T20:30:00Z,0.8211100101470947,0.8211399912834167,0.8209599852561951,0.8210300207138062
2026-09-21T21:00:00Z,0.8210200071334839,0.8217499852180481,0.8201799988746643,0.8205999732017517
2026-09-21T21:30:00Z,0.8205000162124634,0.8209999799728394,0.8202900290489197,0.8205000162124634
2026-09-21T22:00:00Z,0.8205000162124634,0.8210999965667725,0.820360004901886,0.8208400011062622
2026-09-21T22:30:00Z,0.8208299875259399,0.8209199905395508,0.8207100033760071,0.8207499980926514
2026-09-21T23:00:00Z,0.8207899928092957,0.8210499882698059,0.8207499980926514,0.8209699988365173
2026-09-21T23:30:00Z,0.8209699988365173,0.8210300207138062,0.8208299875259399,0.8209499716758728
2026-09-22T00:00:00Z,0.8209699988365173,0.8209800124168396,0.8205100297927856,0.8207399845123291
2026-09-22T00:30:00Z,0.8207299709320068,0.8208799958229065,0.8205100297927856,0.820580005645752
2026-09-22T01:00:00Z,0.820580005645752,0.8209999799728394,0.8205500245094299,0.8209199905395508
2026-09-22T01:30:00Z,0.8209199905395508,0.8210999965667725,0.8207899928092957,0.8210200071334839
2026-09-22T02:00:00Z,0.8210099935531616,0.8210200071334839,0.8203700184822083,0.8204699754714966
2026-09-22T02:30:00Z,0.8204699754714966,0.8207799792289734,0.8204200267791748,0.820580005645752
2026-09-22T03:00:00Z,0.820580005645752,0.820900022983551,0.820389986038208,0.8205299973487854
2026-09-22T03:30:00Z,0.8205299973487854,0.8205500245094299,0.8202499747276306,0.8203399777412415
2026-09-22T04:00:00Z,0.820330023765564,0.8205400109291077,0.8202300071716309,0.8203700184822083
2026-09-22T04:30:00Z,0.8203700184822083,0.8203999996185303,0.8199899792671204,0.8200100064277649
2026-09-22T05:00:00Z,0.8200299739837646,0.8202999830245972,0.8199899792671204,0.8202400207519531
2026-09-22T05:30:00Z,0.8202400207519531,0.8205400109291077,0.8202300071716309,0.8204399943351746
2026-09-22T06:00:00Z,0.8204500079154968,0.8217300176620483,0.820389986038208,0.8215500116348267
2026-09-22T06:30:00Z,0.8215399980545044,0.8215500116348267,0.8208199739456177,0.8208699822425842
2026-09-22T07:00:00Z,0.8208600282669067,0.8210499882698059,0.8201500177383423,0.8204600214958191
2026-09-22T07:30:00Z,0.8204600214958191,0.8217300176620483,0.8203799724578857,0.8216999769210815
2026-09-22T08:00:00Z,0.8216999769210815,0.8222600221633911,0.8214899897575378,0.8219599723815918
2026-09-22T08:30:00Z,0.8219900131225586,0.8224800229072571,0.8199499845504761,0.8207399845123291
2026-09-22T09:00:00Z,0.8207399845123291,0.8216500282287598,0.8203099966049194,0.8203799724578857
2026-09-22T09:30:00Z,0.8203799724578857,0.8203799724578857,0.8183299899101257,0.8189600110054016
2026-09-22T10:00:00Z,0.8189399838447571,0.819570004940033,0.8183299899101257,0.8192099928855896
2026-09-22T10:30:00Z,0.8192099928855896,0.8192999958992004,0.8183000087738037,0.8186100125312805
2026-09-22T11:00:00Z,0.8186100125312805,0.8195800185203552,0.8184999823570251,0.819379985332489
2026-09-22T11:30:00Z,0.819379985332489,0.8196899890899658,0.819130003452301,0.8193299770355225
2026-09-22T12:00:00Z,0.8193100094795227,0.8195000290870667,0.8188700079917908,0.8191999793052673
2026-09-22T12:30:00Z,0.8192300200462341,0.820330023765564,0.8190900087356567,0.8201900124549866
2026-09-22T13:00:00Z,0.8201900124549866,0.820330023765564,0.8196399807929993,0.8202400207519531
2026-09-22T13:30:00Z,0.8202400207519531,0.8203399777412415,0.8192399740219116,0.8201199769973755
2026-09-22T14:00:00Z,0.8201199769973755,0.8208600282669067,0.8199800252914429,0.8201900124549866
2026-09-22T14:30:00Z,0.8201900124549866,0.8212400078773499,0.8200700283050537,0.8208400011062622
2026-09-22T15:00:00Z,0.8208400011062622,0.821340024471283,0.8207100033760071,0.821340024471283
2026-09-22T15:30:00Z,0.821340024471283,0.8220199942588806,0.8212100267410278,0.8219500184059143
2026-09-22T16:00:00Z,0.821940004825592,0.8223099708557129,0.8218600153923035,0.8220599889755249
2026-09-22T16:30:00Z,0.8220800161361694,0.8222000002861023,0.8214499950408936,0.8215600252151489
2026-09-22T17:00:00Z,0.8215600252151489,0.8220999836921692,0.8215399980545044,0.8217999935150146
2026-09-22T17:30:00Z,0.8218100070953369,0.8220000267028809,0.8210499882698059,0.8211899995803833
2026-09-22T18:00:00Z,0.8211699724197388,0.8213499784469604,0.8205999732017517,0.8208400011062622
2026-09-22T18:30:00Z,0.8208199739456177,0.821340024471283,0.8207399845123291,0.821179986000061
2026-09-22T19:00:00Z,0.821179986000061,0.8213199973106384,0.8204799890518188,0.8205599784851074
2026-09-22T19:30:00Z,0.8205599784851074,0.8205999732017517,0.8196300268173218,0.8204500079154968
2026-09-22T20:00:00Z,0.8204200267791748,0.8206400275230408,0.82014000415802,0.8205299973487854
2026-09-22T20:30:00Z,0.8205299973487854,0.8205999732017517,0.8196099996566772,0.8204500079154968
2026-09-22T21:00:00Z,0.8204200267791748,0.8208000063896179,0.8193699717521667,0.819920003414154
2026-09-22T21:30:00Z,0.819920003414154,0.8202999830245972,0.8194800019264221,0.8197199702262878
2026-09-22T22:00:00Z,0.819599986076355,0.8206999897956848,0.819599986076355,0.8205599784851074
2026-09-22T22:30:00Z,0.8205500245094299,0.8206200003623962,0.8204699754714966,0.8205699920654297
2026-09-22T23:00:00Z,0.8205299973487854,0.8207299709320068,0.8205000162124634,0.8205999732017517
2026-09-22T23:30:00Z,0.8206400275230408,0.820900022983551,0.8205900192260742,0.8208199739456177
2026-09-23T00:00:00Z,0.8208100199699402,0.821179986000061,0.8206499814987183,0.8209199905395508
2026-09-23T00:30:00Z,0.8209199905395508,0.8210300207138062,0.8204500079154968,0.8207600116729736
2026-09-23T01:00:00Z,0.8207700252532959,0.8215199708938599,0.8206499814987183,0.8214300274848938
2026-09-23T01:30:00Z,0.8213899731636047,0.8214499950408936,0.8209900259971619,0.821179986000061
2026-09-23T02:00:00Z,0.821179986000061,0.8216500282287598,0.8211600184440613,0.8212699890136719
2026-09-23T02:30:00Z,0.8212800025939941,0.8216099739074707,0.8210899829864502,0.8214799761772156
2026-09-23T03:00:00Z,0.8214499950408936,0.8218100070953369,0.821370005607605,0.8214300274848938
2026-09-23T03:30:00Z,0.8214200139045715,0.8216999769210815,0.8211600184440613,0.8216800093650818
2026-09-23T04:00:00Z,0.8216800093650818,0.8217999935150146,0.8212800025939941,0.8213599920272827
2026-09-23T04:30:00Z,0.8213499784469604,0.821619987487793,0.8213199973106384,0.8215100169181824
2026-09-23T05:00:00Z,0.8215100169181824,0.8216000199317932,0.8213499784469604,0.8215299844741821
2026-09-23T05:30:00Z,0.8215299844741821,0.8219000101089478,0.8214799761772156,0.8216699957847595
2026-09-23T06:00:00Z,0.8216999769210815,0.8220800161361694,0.8214100003242493,0.8218399882316589
2026-09-23T06:30:00Z,0.8218200206756592,0.8219500184059143,0.8214700222015381,0.8218899965286255
2026-09-23T07:00:00Z,0.8219199776649475,0.822700023651123,0.8218799829483032,0.8224899768829346
2026-09-23T07:30:00Z,0.8224899768829346,0.8226900100708008,0.8220999836921692,0.8224499821662903
2026-09-23T08:00:00Z,0.8224499821662903,0.8232600092887878,0.822380006313324,0.8225799798965454
2026-09-23T08:30:00Z,0.8225799798965454,0.8227199912071228,0.8218100070953369,0.8223199844360352
2026-09-23T09:00:00Z,0.8223199844360352,0.8227599859237671,0.8221700191497803,0.8222399950027466
2026-09-23T09:30:00Z,0.8222399950027466,0.8232399821281433,0.8220999836921692,0.8229799866676331
2026-09-23T10:00:00Z,0.8229900002479553,0.823170006275177,0.8225700259208679,0.822700023651123
2026-09-23T10:30:00Z,0.8226799964904785,0.8234400153160095,0.8226799964904785,0.8227900266647339
2026-09-23T11:00:00Z,0.8228099942207336,0.8228999972343445,0.8223099708557129,0.8228200078010559
2026-09-23T11:30:00Z,0.8227999806404114,0.8233399987220764,0.8225700259208679,0.8228099942207336
2026-09-23T12:00:00Z,0.8227800130844116,0.8236299753189087,0.8226600289344788,0.8235800266265869
2026-09-23T12:30:00Z,0.8235800266265869,0.8237299919128418,0.8231499791145325,0.823199987411499
2026-09-23T13:00:00Z,0.8231899738311768,0.8238000273704529,0.822629988193512,0.8226600289344788
2026-09-23T13:30:00Z,0.8226600289344788,0.8250399827957153,0.8223699927330017,0.8245800137519836
2026-09-23T14:00:00Z,0.8245499730110168,0.8253399729728699,0.8238300085067749,0.8251799941062927
2026-09-23T14:30:00Z,0.8251799941062927,0.8251799941062927,0.8236700296401978,0.8241000175476074
2026-09-23T15:00:00Z,0.8241000175476074,0.8250399827957153,0.8240900039672852,0.8250200152397156
2026-09-23T15:30:00Z,0.8249899744987488,0.8253300189971924,0.8248599767684937,0.8249899744987488
2026-09-23T16:00:00Z,0.8250300288200378,0.8253399729728699,0.8246300220489502,0.8248800039291382
2026-09-23T16:30:00Z,0.8248800039291382,0.8257200121879578,0.8246899843215942,0.8256400227546692
2026-09-23T17:00:00Z,0.8256700038909912,0.8260499835014343,0.8249599933624268,0.8250100016593933
2026-09-23T17:30:00Z,0.8250300288200378,0.8252000212669373,0.823390007019043,0.8237699866294861
2026-09-23T18:00:00Z,0.8237699866294861,0.8248500227928162,0.8236200213432312,0.8247299790382385
2026-09-23T18:30:00Z,0.8247299790382385,0.8248500227928162,0.8243700265884399,0.8244100213050842
2026-09-23T19:00:00Z,0.8244100213050842,0.8247299790382385,0.824180006980896,0.8244699835777283
2026-09-23T19:30:00Z,0.8244699835777283,0.8247500061988831,0.8243499994277954,0.82464998960495
2026-09-23T20:00:00Z,0.8246600031852722,0.8248999714851379,0.8244500160217285,0.824720025062561
2026-09-23T20:30:00Z,0.824720025062561,0.8253999948501587,0.8246200084686279,0.8251299858093262
2026-09-23T21:00:00Z,0.8251299858093262,0.8251299858093262,0.8234999775886536,0.8242700099945068
2026-09-23T21:30:00Z,0.8242499828338623,0.824999988079071,0.8237000107765198,0.8244500160217285
2026-09-23T22:00:00Z,0.8243899941444397,0.8251000046730042,0.8241299986839294,0.8246300220489502
2026-09-23T22:30:00Z,0.8246300220489502,0.8248000144958496,0.8246099948883057,0.8246399760246277
2026-09-23T23:00:00Z,0.8246399760246277,0.8252000212669373,0.8246099948883057,0.8250799775123596
2026-09-23T23:30:00Z,0.8250799775123596,0.8252300024032593,0.8250200152397156,0.8251100182533264
2026-09-24T00:00:00Z,0.8251100182533264,0.8255400061607361,0.8247299790382385,0.8251000046730042
2026-09-24T00:30:00Z,0.8250899910926819,0.8256199955940247,0.8249899744987488,0.8250600099563599
2026-09-24T01:00:00Z,0.8250300288200378,0.8251500129699707,0.8244799971580505,0.824970006942749
2026-09-24T01:30:00Z,0.824970006942749,0.8251399993896484,0.8246200084686279,0.8249199986457825
2026-09-24T02:00:00Z,0.8249199986457825,0.8255000114440918,0.8247500061988831,0.8248299956321716
2026-09-24T02:30:00Z,0.8248299956321716,0.8248500227928162,0.824150025844574,0.824209988117218
2026-09-24T03:00:00Z,0.8242300152778625,0.8242999911308289,0.8238800168037415,0.8241999745368958
2026-09-24T03:30:00Z,0.8241999745368958,0.8245000243186951,0.8240799903869629,0.8243799805641174
2026-09-24T04:00:00Z,0.8243799805641174,0.8246200084686279,0.8242899775505066,0.8243299722671509
2026-09-24T04:30:00Z,0.8243600130081177,0.824400007724762,0.8241000175476074,0.8241699934005737
2026-09-24T05:00:00Z,0.8242200016975403,0.8243200182914734,0.8239200115203857,0.8241000175476074
2026-09-24T05:30:00Z,0.8241299986839294,0.8248500227928162,0.8240100145339966,0.824720025062561
2026-09-24T06:00:00Z,0.8247500061988831,0.8248000144958496,0.8234500288963318,0.8235599994659424
2026-09-24T06:30:00Z,0.8235599994659424,0.8243799805641174,0.8234500288963318,0.8242999911308289
2026-09-24T07:00:00Z,0.8243100047111511,0.8243299722671509,0.8228600025177002,0.8229799866676331
2026-09-24T07:30:00Z,0.8230000138282776,0.8279299736022949,0.8227900266647339,0.8274199962615967
2026-09-24T08:00:00Z,0.827430009841919,0.8279899954795837,0.8261799812316895,0.8279200196266174
2026-09-24T08:30:00Z,0.8279399871826172,0.8280699849128723,0.82669997215271,0.8278999924659729
2026-09-24T09:00:00Z,0.8278499841690063,0.8284100294113159,0.8275499939918518,0.8279299736022949
2026-09-24T09:30:00Z,0.8278999924659729,0.8281300067901611,0.8271300196647644,0.8271700143814087
2026-09-24T10:00:00Z,0.8271700143814087,0.8280400037765503,0.8268300294876099,0.8275399804115295
2026-09-24T10:30:00Z,0.8275799751281738,0.8276100158691406,0.8269199728965759,0.8273000121116638
2026-09-24T11:00:00Z,0.8273000121116638,0.827489972114563,0.8265399932861328,0.8272500038146973
2026-09-24T11:30:00Z,0.8272200226783752,0.8278099894523621,0.8270699977874756,0.827530026435852
2026-09-24T12:00:00Z,0.8275099992752075,0.8279500007629395,0.8270800113677979,0.8273100256919861
2026-09-24T12:30:00Z,0.8271200060844421,0.8277999758720398,0.8270999789237976,0.8275499939918518
2026-09-24T13:00:00Z,0.8275499939918518,0.8286100029945374,0.8272799849510193,0.82846999168396
2026-09-24T13:30:00Z,0.82846999168396,0.828499972820282,0.8276500105857849,0.827709972858429
2026-09-24T14:00:00Z,0.827709972858429,0.8287000060081482,0.8272299766540527,0.8285999894142151
2026-09-24T14:30:00Z,0.8286399841308594,0.8289999961853027,0.8283399939537048,0.8288900256156921
2026-09-24T15:00:00Z,0.8288800120353699,0.8296399712562561,0.828760027885437,0.8291699886322021
2026-09-24T15:30:00Z,0.8291500210762024,0.8294000029563904,0.8284800052642822,0.8286399841308594
2026-09-24T16:00:00Z,0.8286399841308594,0.8288000226020813,0.8263900279998779,0.8273400068283081
2026-09-24T16:30:00Z,0.8273299932479858,0.8278599977493286,0.8267899751663208,0.8276799917221069
2026-09-24T17:00:00Z,0.8277000188827515,0.8283900022506714,0.8269199728965759,0.8282600045204163
2026-09-24T17:30:00Z,0.8282600045204163,0.8288999795913696,0.8279899954795837,0.8282999992370605
2026-09-24T18:00:00Z,0.8282999992370605,0.8291299939155579,0.8278899788856506,0.827970027923584
2026-09-24T18:30:00Z,0.828000009059906,0.8285499811172485,0.8279399871826172,0.8281800150871277
2026-09-24T19:00:00Z,0.8281800150871277,0.8286200165748596,0.828029990196228,0.8282700181007385
2026-09-24T19:30:00Z,0.8282899856567383,0.8283699750900269,0.8278599977493286,0.8279399871826172
2026-09-24T20:00:00Z,0.8279399871826172,0.828499972820282,0.8278099894523621,0.8284800052642822
2026-09-24T20:30:00Z,0.8284800052642822,0.8285300135612488,0.8273900151252747,0.8274499773979187
2026-09-24T21:00:00Z,0.8271700143814087,0.8275099992752075,0.8266599774360657,0.827180027961731
2026-09-24T21:30:00Z,0.8274400234222412,0.8276000022888184,0.8264099955558777,0.8271999955177307
2026-09-24T22:00:00Z,0.8271999955177307,0.8281400203704834,0.8269199728965759,0.8280100226402283
2026-09-24T22:30:00Z,0.8280400037765503,0.8280400037765503,0.8277300000190735,0.8278300166130066
2026-09-24T23:00:00Z,0.8278300166130066,0.828029990196228,0.8277300000190735,0.8279399871826172
2026-09-24T23:30:00Z,0.8279399871826172,0.8282999992370605,0.8278300166130066,0.828220009803772
2026-09-25T00:00:00Z,0.82819002866745,0.8283500075340271,0.8278899788856506,0.8281800150871277
2026-09-25T00:30:00Z,0.8281800150871277,0.8284000158309937,0.8278499841690063,0.8279500007629395
2026-09-25T01:00:00Z,0.8279500007629395,0.8282099962234497,0.8276299834251404,0.8281700015068054
2026-09-25T01:30:00Z,0.8281499743461609,0.8285300135612488,0.8279799818992615,0.8284000158309937
2026-09-25T02:00:00Z,0.8284000158309937,0.8284199833869934,0.827970027923584,0.8282600045204163
2026-09-25T02:30:00Z,0.8282600045204163,0.8287000060081482,0.8281999826431274,0.8286700248718262
2026-09-25T03:00:00Z,0.8286700248718262,0.8290899991989136,0.8286299705505371,0.8289999961853027
2026-09-25T03:30:00Z,0.8289999961853027,0.8292999863624573,0.8289999961853027,0.8291900157928467
2026-09-25T04:00:00Z,0.8291900157928467,0.8292999863624573,0.8288999795913696,0.8292199969291687
2026-09-25T04:30:00Z,0.8292400240898132,0.8293300271034241,0.8291100263595581,0.8291900157928467
2026-09-25T05:00:00Z,0.829200029373169,0.8292999863624573,0.8288400173187256,0.8291299939155579
2026-09-25T05:30:00Z,0.8291299939155579,0.8292999863624573,0.8288000226020813,0.8289399743080139
2026-09-25T06:00:00Z,0.8289399743080139,0.8289700150489807,0.828249990940094,0.8285199999809265
2026-09-25T06:30:00Z,0.8285199999809265,0.8295999765396118,0.82846999168396,0.8293099999427795
2026-09-25T07:00:00Z,0.8293200135231018,0.8295999765396118,0.8290200233459473,0.8294199705123901
2026-09-25T07:30:00Z,0.8293899893760681,0.829800009727478,0.8291900157928467,0.8292700052261353
2026-09-25T08:00:00Z,0.8292800188064575,0.8294399976730347,0.828249990940094,0.8289200067520142
2026-09-25T08:30:00Z,0.8289200067520142,0.8292199969291687,0.8285899758338928,0.8286600112915039
2026-09-25T09:00:00Z,0.8286600112915039,0.829200029373169,0.8282999992370605,0.8291199803352356
2026-09-25T09:30:00Z,0.8291199803352356,0.8298100233078003,0.8288900256156921,0.8295000195503235
2026-09-25T10:00:00Z,0.8294900059700012,0.8296200037002563,0.8291199803352356,0.829200029373169
2026-09-25T10:30:00Z,0.829230010509491,0.8293099999427795,0.8289200067520142,0.829230010509491
2026-09-25T11:00:00Z,0.8292099833488464,0.8292999863624573,0.8281000256538391,0.828279972076416
2026-09-25T11:30:00Z,0.8282899856567383,0.8288400173187256,0.8280100226402283,0.8284500241279602
2026-09-25T12:00:00Z,0.8284599781036377,0.8285099864006042,0.8275200128555298,0.8276299834251404
2026-09-25T12:30:00Z,0.8276699781417847,0.8285999894142151,0.8276200294494629,0.8283699750900269
2026-09-25T13:00:00Z,0.8283699750900269,0.829039990901947,0.8279399871826172,0.828819990158081
2026-09-25T13:30:00Z,0.8288099765777588,0.8289200067520142,0.828000009059906,0.828819990158081
2026-09-25T14:00:00Z,0.8288300037384033,0.8294600248336792,0.8283100128173828,0.8294399976730347
2026-09-25T14:30:00Z,0.8294399976730347,0.8295699954032898,0.8281999826431274,0.8283699750900269
2026-09-25T15:00:00Z,0.8283699750900269,0.8289099931716919,0.828249990940094,0.8287699818611145
2026-09-25T15:30:00Z,0.8287500143051147,0.8295999765396118,0.8281599879264832,0.82819002866745
2026-09-25T16:00:00Z,0.8281300067901611,0.828499972820282,0.8270599842071533,0.8281099796295166
2026-09-25T16:30:00Z,0.8281499743461609,0.8288400173187256,0.82805997133255,0.8283500075340271
2026-09-25T17:00:00Z,0.8283500075340271,0.8289300203323364,0.82819002866745,0.8288900256156921
2026-09-25T17:30:00Z,0.8288900256156921,0.829200029373169,0.828719973564148,0.8289399743080139
2026-09-25T18:00:00Z,0.8289399743080139,0.8291199803352356,0.828499972820282,0.8285499811172485
2026-09-25T18:30:00Z,0.8285800218582153,0.8285800218582153,0.827970027923584,0.8281999826431274
2026-09-25T19:00:00Z,0.8281999826431274,0.8284000158309937,0.8279399871826172,0.8283399939537048
2026-09-25T19:30:00Z,0.8283399939537048,0.8284500241279602,0.8279899954795837,0.8284400105476379
2026-09-25T20:00:00Z,0.8284400105476379,0.8286600112915039,0.828279972076416,0.8286200165748596
2026-09-25T20:30:00Z,0.8286200165748596,0.8287000060081482,0.8281999826431274,0.8282999992370605
2026-09-27T23:00:00Z,0.8296899795532227,0.8297600150108337,0.8294900059700012,0.8295300006866455
2026-09-27T23:30:00Z,0.8295000195503235,0.8299199938774109,0.8295000195503235,0.8296800255775452
2026-09-28T00:00:00Z,0.8296999931335449,0.8299999833106995,0.8295900225639343,0.8298299908638
2026-09-28T00:30:00Z,0.8298599720001221,0.8300999999046326,0.8294699788093567,0.8295699954032898
2026-09-28T01:00:00Z,0.8295900225639343,0.8296599984169006,0.8292499780654907,0.8294500112533569
2026-09-28T01:30:00Z,0.8294500112533569,0.8296999931335449,0.8291599750518799,0.8292700052261353
2026-09-28T02:00:00Z,0.8292700052261353,0.8294000029563904,0.829010009765625,0.8291900157928467
2026-09-28T02:30:00Z,0.829200029373169,0.8294299840927124,0.8291000127792358,0.829230010509491
2026-09-28T03:00:00Z,0.829230010509491,0.8293399810791016,0.8289999961853027,0.8292499780654907
2026-09-28T03:30:00Z,0.8292499780654907,0.8296399712562561,0.8292099833488464,0.8295199871063232
2026-09-28T04:00:00Z,0.8295000195503235,0.8296399712562561,0.8292400240898132,0.8293700218200684
2026-09-28T04:30:00Z,0.8293700218200684,0.8296499848365784,0.8291800022125244,0.8296200037002563
2026-09-28T05:00:00Z,0.8296200037002563,0.8300300240516663,0.8295300006866455,0.829990029335022
2026-09-28T05:30:00Z,0.8299700021743774,0.8305299878120422,0.8297399878501892,0.8303099870681763
2026-09-28T06:00:00Z,0.8303400278091431,0.8314899802207947,0.830299973487854,0.8312900066375732
2026-09-28T06:30:00Z,0.8312900066375732,0.8313900232315063,0.8300999999046326,0.8302800059318542
2026-09-28T07:00:00Z,0.8302800059318542,0.8309500217437744,0.8300300240516663,0.8304100036621094
2026-09-28T07:30:00Z,0.8304100036621094,0.8307999968528748,0.830020010471344,0.8304299712181091
2026-09-28T08:00:00Z,0.8304399847984314,0.8310199975967407,0.8296399712562561,0.8309999704360962
2026-09-28T08:30:00Z,0.8309500217437744,0.8313300013542175,0.830839991569519,0.8311200141906738
2026-09-28T09:00:00Z,0.8311300277709961,0.8313500285148621,0.8306300044059753,0.8309199810028076
2026-09-28T09:30:00Z,0.8309599757194519,0.8313999772071838,0.830810010433197,0.8313199877738953
2026-09-28T10:00:00Z,0.8313199877738953,0.8317400217056274,0.8311700224876404,0.8312900066375732
2026-09-28T10:30:00Z,0.8312900066375732,0.8317300081253052,0.8312299847602844,0.8315500020980835
2026-09-28T11:00:00Z,0.8315500020980835,0.8320000171661377,0.8312699794769287,0.8317400217056274
2026-09-28T11:30:00Z,0.8317400217056274,0.8323299884796143,0.8313699960708618,0.8318300247192383
2026-09-28T12:00:00Z,0.8317899703979492,0.832260012626648,0.8313699960708618,0.8319000005722046
2026-09-28T12:30:00Z,0.8319399952888489,0.8325999975204468,0.8317999839782715,0.8318399786949158
2026-09-28T13:00:00Z,0.8318700194358826,0.8325999975204468,0.8316599726676941,0.8317800164222717
2026-09-28T13:30:00Z,0.8317800164222717,0.8324000239372253,0.8308899998664856,0.8316900134086609
2026-09-28T14:00:00Z,0.8317199945449829,0.8321800231933594,0.8311499953269958,0.8315100073814392
2026-09-28T14:30:00Z,0.8315100073814392,0.8327599763870239,0.8313999772071838,0.8321099877357483
2026-09-28T15:00:00Z,0.8321099877357483,0.8323500156402588,0.8315500020980835,0.8316400051116943
2026-09-28T15:30:00Z,0.8316400051116943,0.8324099779129028,0.8315799832344055,0.8321599960327148
2026-09-28T16:00:00Z,0.8321999907493591,0.8322499990463257,0.8303499817848206,0.8308299779891968
2026-09-28T16:30:00Z,0.8308299779891968,0.8319100141525269,0.8307300209999084,0.8317499756813049
2026-09-28T17:00:00Z,0.8317499756813049,0.832069993019104,0.830590009689331,0.8314099907875061
2026-09-28T17:30:00Z,0.8314099907875061,0.8317000269889832,0.8311700224876404,0.8314599990844727
2026-09-28T18:00:00Z,0.8314700126647949,0.8317199945449829,0.8311700224876404,0.8316799998283386
2026-09-28T18:30:00Z,0.8316699862480164,0.832099974155426,0.8314999938011169,0.8319000005722046
2026-09-28T19:00:00Z,0.8319000005722046,0.8323100209236145,0.8318399786949158,0.8319600224494934
2026-09-28T19:30:00Z,0.8319500088691711,0.8322499990463257,0.8319000005722046,0.832040011882782
2026-09-28T20:00:00Z,0.8320299983024597,0.8321999907493591,0.8317999839782715,0.8321300148963928
2026-09-28T20:30:00Z,0.8321599960327148,0.8322399854660034,0.8317700028419495,0.8319100141525269
2026-09-28T21:00:00Z,0.8318700194358826,0.8318700194358826,0.8304600119590759,0.8314599990844727
2026-09-28T21:30:00Z,0.8314300179481506,0.8319000005722046,0.8309100270271301,0.8313999772071838
2026-09-28T22:00:00Z,0.8313500285148621,0.832099974155426,0.8309400081634521,0.8316299915313721
2026-09-28T22:30:00Z,0.8316199779510498,0.8319100141525269,0.8316100239753723,0.8318600058555603
2026-09-28T23:00:00Z,0.8318099975585938,0.8319000005722046,0.8316900134086609,0.8317099809646606
2026-09-28T23:30:00Z,0.8316900134086609,0.8319399952888489,0.8316599726676941,0.831820011138916
2026-09-29T00:00:00Z,0.831820011138916,0.8327000141143799,0.8317899703979492,0.8324499726295471
2026-09-29T00:30:00Z,0.8324300050735474,0.8324999809265137,0.8320900201797485,0.8323299884796143
2026-09-29T01:00:00Z,0.8323400020599365,0.8324300050735474,0.8320099711418152,0.8322399854660034
2026-09-29T01:30:00Z,0.8322499990463257,0.8325300216674805,0.8319799900054932,0.8323500156402588
2026-09-29T02:00:00Z,0.8323400020599365,0.8324000239372253,0.8318600058555603,0.8321499824523926
2026-09-29T02:30:00Z,0.8321700096130371,0.8323299884796143,0.8319600224494934,0.8322499990463257
2026-09-29T03:00:00Z,0.8322499990463257,0.8324099779129028,0.832099974155426,0.8322799801826477
2026-09-29T03:30:00Z,0.8322799801826477,0.8330000042915344,0.8322700262069702,0.8328999876976013
2026-09-29T04:00:00Z,0.8328700065612793,0.8330000042915344,0.8327299952507019,0.8328999876976013
2026-09-29T04:30:00Z,0.8329200148582458,0.8334400057792664,0.832830011844635,0.8334199786186218
2026-09-29T05:00:00Z,0.8334199786186218,0.8336499929428101,0.8332300186157227,0.8335300087928772
2026-09-29T05:30:00Z,0.8335199952125549,0.8339499831199646,0.8331000208854675,0.8331000208854675
2026-09-29T06:00:00Z,0.833109974861145,0.8331300020217896,0.8324300050735474,0.8327999711036682
2026-09-29T06:30:00Z,0.8327999711036682,0.8335999846458435,0.8326699733734131,0.8334400057792664
2026-09-29T07:00:00Z,0.8334000110626221,0.8335899710655212,0.8327699899673462,0.8328499794006348
2026-09-29T07:30:00Z,0.8328499794006348,0.8337000012397766,0.8327999711036682,0.8333699703216553
2026-09-29T08:00:00Z,0.8333699703216553,0.8339400291442871,0.8332499861717224,0.833620011806488
2026-09-29T08:30:00Z,0.833620011806488,0.8342800140380859,0.8335199952125549,0.8340399861335754
2026-09-29T09:00:00Z,0.8340399861335754,0.8349599838256836,0.8339899778366089,0.834659993648529
2026-09-29T09:30:00Z,0.834659993648529,0.834850013256073,0.8342800140380859,0.8348000049591064
2026-09-29T10:00:00Z,0.8347799777984619,0.8349199891090393,0.8341599702835083,0.8342000246047974
2026-09-29T10:30:00Z,0.8341900110244751,0.8345100283622742,0.8331699967384338,0.8332099914550781
2026-09-29T11:00:00Z,0.8332099914550781,0.833620011806488,0.8331400156021118,0.8333100080490112
2026-09-29T11:30:00Z,0.8333200216293335,0.8337000012397766,0.8330399990081787,0.8331800103187561
2026-09-29T12:00:00Z,0.8331800103187561,0.8334599733352661,0.8326900005340576,0.8328700065612793
2026-09-29T12:30:00Z,0.832859992980957,0.8337399959564209,0.8328199982643127,0.8337200284004211
2026-09-29T13:00:00Z,0.8337200284004211,0.833869993686676,0.833329975605011,0.8336399793624878
2026-09-29T13:30:00Z,0.8336600065231323,0.8342800140380859,0.8334100246429443,0.8339200019836426
2026-09-29T14:00:00Z,0.8339400291442871,0.83406001329422,0.8335199952125549,0.8337799906730652
2026-09-29T14:30:00Z,0.8337600231170654,0.8343700170516968,0.8334900140762329,0.8341299891471863
2026-09-29T15:00:00Z,0.8341299891471863,0.8352000117301941,0.8340299725532532,0.8349599838256836
2026-09-29T15:30:00Z,0.8349400162696838,0.8352000117301941,0.8344299793243408,0.8346499800682068
2026-09-29T16:00:00Z,0.8346400260925293,0.8352000117301941,0.8345500230789185,0.8349800109863281
2026-09-29T16:30:00Z,0.8349900245666504,0.8358500003814697,0.8349300026893616,0.8356900215148926
2026-09-29T17:00:00Z,0.8356999754905701,0.8358500003814697,0.8353999853134155,0.8354399800300598
2026-09-29T17:30:00Z,0.8354399800300598,0.8358200192451477,0.8353599905967712,0.8356800079345703
2026-09-29T18:00:00Z,0.835669994354248,0.835669994354248,0.8335899710655212,0.8338299989700317
2026-09-29T18:30:00Z,0.8338299989700317,0.8340700268745422,0.8331699967384338,0.8335400223731995
2026-09-29T19:00:00Z,0.8335300087928772,0.833899974822998,0.8333699703216553,0.833620011806488
2026-09-29T19:30:00Z,0.833620011806488,0.8341000080108643,0.8334800004959106,0.8339200019836426
2026-09-29T20:00:00Z,0.8339200019836426,0.8342999815940857,0.833869993686676,0.8340799808502197
2026-09-29T20:30:00Z,0.8340399861335754,0.8341100215911865,0.8335199952125549,0.8337699770927429
2026-09-29T21:00:00Z,0.8336600065231323,0.8338099718093872,0.8325999975204468,0.8329600095748901
2026-09-29T21:30:00Z,0.8329600095748901,0.8338000178337097,0.8328800201416016,0.8329799771308899
2026-09-29T22:00:00Z,0.8333699703216553,0.8342000246047974,0.8327100276947021,0.8341299891471863
2026-09-29T22:30:00Z,0.8341500163078308,0.8343999981880188,0.8339899778366089,0.8342300057411194
2026-09-29T23:00:00Z,0.8343999981880188,0.8345000147819519,0.83406001329422,0.8342599868774414
2026-09-29T23:30:00Z,0.8342599868774414,0.8344100117683411,0.8340299725532532,0.8342000246047974
2026-09-30T00:00:00Z,0.8342099785804749,0.8345000147819519,0.8339700102806091,0.8342999815940857
2026-09-30T00:30:00Z,0.8342900276184082,0.8344299793243408,0.8338299989700317,0.8341799974441528
2026-09-30T01:00:00Z,0.8341900110244751,0.8346099853515625,0.8338599801063538,0.8338900208473206
2026-09-30T01:30:00Z,0.8340299725532532,0.8341599702835083,0.8332800269126892,0.8338299989700317
2026-09-30T02:00:00Z,0.8339800238609314,0.8341000080108643,0.833050012588501,0.833549976348877
2026-09-30T02:30:00Z,0.8335800170898438,0.833899974822998,0.8333200216293335,0.8334900140762329
2026-09-30T03:00:00Z,0.8335199952125549,0.8338000178337097,0.833299994468689,0.8336300253868103
2026-09-30T03:30:00Z,0.8336300253868103,0.8343999981880188,0.8336300253868103,0.83433997631073
2026-09-30T04:00:00Z,0.83433997631073,0.8345999717712402,0.8342000246047974,0.8345199823379517
2026-09-30T04:30:00Z,0.8345299959182739,0.8347200155258179,0.8343300223350525,0.8345999717712402
2026-09-30T05:00:00Z,0.8345999717712402,0.8346700072288513,0.8341900110244751,0.8342199921607971
2026-09-30T05:30:00Z,0.8342300057411194,0.8342999815940857,0.8334500193595886,0.8336399793624878
2026-09-30T06:00:00Z,0.833620011806488,0.8337299823760986,0.832859992980957,0.8330399990081787
2026-09-30T06:30:00Z,0.8330699801445007,0.833869993686676,0.8330600261688232,0.833299994468689
2026-09-30T07:00:00Z,0.833299994468689,0.8333799839019775,0.8326500058174133,0.8329899907112122
2026-09-30T07:30:00Z,0.8329899907112122,0.8340700268745422,0.832889974117279,0.8335700035095215
2026-09-30T08:00:00Z,0.8335700035095215,0.8337900042533875,0.8330600261688232,0.8333799839019775
2026-09-30T08:30:00Z,0.8333799839019775,0.8334000110626221,0.8324699997901917,0.8325200080871582
2026-09-30T09:00:00Z,0.8325200080871582,0.8337900042533875,0.8323900103569031,0.8336399793624878
2026-09-30T09:30:00Z,0.8336399793624878,0.833899974822998,0.8333799839019775,0.833549976348877
2026-09-30T10:00:00Z,0.833549976348877,0.8339300155639648,0.833109974861145,0.8337600231170654
2026-09-30T10:30:00Z,0.8337799906730652,0.8342999815940857,0.8335300087928772,0.8337399959564209
2026-09-30T11:00:00Z,0.8337399959564209,0.8346099853515625,0.8337000012397766,0.8341599702835083
2026-09-30T11:30:00Z,0.8341599702835083,0.8347399830818176,0.8340100049972534,0.8345800042152405
2026-09-30T12:00:00Z,0.8345800042152405,0.834850013256073,0.8340399861335754,0.8340700268745422
2026-09-30T12:30:00Z,0.8340399861335754,0.8341500163078308,0.8320599794387817,0.8336600065231323
2026-09-30T13:00:00Z,0.8336499929428101,0.8342800140380859,0.8332200050354004,0.8332800269126892
2026-09-30T13:30:00Z,0.8332899808883667,0.8345500230789185,0.8330600261688232,0.8343499898910522
2026-09-30T14:00:00Z,0.8343200087547302,0.8353300094604492,0.8338800072669983,0.835099995136261
2026-09-30T14:30:00Z,0.835099995136261,0.8354300260543823,0.833840012550354,0.8347300291061401
2026-09-30T15:00:00Z,0.8347100019454956,0.8352800011634827,0.8342400193214417,0.8343200087547302
2026-09-30T15:30:00Z,0.8343200087547302,0.8350800275802612,0.8341100215911865,0.8347700238227844
2026-09-30T16:00:00Z,0.8347799777984619,0.8355000019073486,0.8347600102424622,0.8352100253105164
2026-09-30T16:30:00Z,0.8352199792861938,0.8355000019073486,0.8349300026893616,0.8350800275802612
2026-09-30T17:00:00Z,0.835099995136261,0.8353000283241272,0.8347700238227844,0.8349800109863281
2026-09-30T17:30:00Z,0.8350399732589722,0.8354499936103821,0.8349000215530396,0.8353099822998047
2026-09-30T18:00:00Z,0.8353099822998047,0.8355500102043152,0.8351600170135498,0.8353300094604492
2026-09-30T18:30:00Z,0.8353300094604492,0.8356000185012817,0.8352599740028381,0.8353899717330933
2026-09-30T19:00:00Z,0.8353899717330933,0.8357300162315369,0.8353599905967712,0.8355900049209595
2026-09-30T19:30:00Z,0.8355799913406372,0.8361799716949463,0.8354600071907043,0.8355500102043152
2026-09-30T20:00:00Z,0.8355699777603149,0.8361300230026245,0.8355600237846375,0.8358200192451477
2026-09-30T20:30:00Z,0.8358200192451477,0.8359299898147583,0.8354099988937378,0.8354799747467041
2026-09-30T21:00:00Z,0.8347600102424622,0.8349000215530396,0.8342900276184082,0.8343600034713745
2026-09-30T21:30:00Z,0.8344600200653076,0.8351899981498718,0.8342099785804749,0.8349599838256836
2026-09-30T22:00:00Z,0.8349400162696838,0.8355000019073486,0.8342000246047974,0.8354799747467041
2026-09-30T22:30:00Z,0.8354799747467041,0.8356000185012817,0.8353000283241272,0.8355100154876709
2026-09-30T23:00:00Z,0.8354899883270264,0.8355399966239929,0.8353400230407715,0.8353800177574158
2026-09-30T23:30:00Z,0.8353899717330933,0.8357999920845032,0.8353400230407715,0.835640013217926
2026-10-01T00:00:00Z,0.8356199860572815,0.8357499837875366,0.8351399898529053,0.8352199792861938
2026-10-01T00:30:00Z,0.8351799845695496,0.8353999853134155,0.8346700072288513,0.8351699709892273
2026-10-01T01:00:00Z,0.8351699709892273,0.8352199792861938,0.8347499966621399,0.8349499702453613
2026-10-01T01:30:00Z,0.8349300026893616,0.8360999822616577,0.8349000215530396,0.8360599875450134
2026-10-01T02:00:00Z,0.8360700011253357,0.8365499973297119,0.8359500169754028,0.836080014705658
2026-10-01T02:30:00Z,0.8360900282859802,0.8362600207328796,0.8359599709510803,0.8361600041389465
2026-10-01T03:00:00Z,0.8361200094223022,0.8366400003433228,0.8360499739646912,0.8365100026130676
2026-10-01T03:30:00Z,0.8365300297737122,0.8365399837493896,0.8356900215148926,0.8357700109481812
2026-10-01T04:00:00Z,0.8357899785041809,0.8367000222206116,0.8356299996376038,0.8365799784660339
2026-10-01T04:30:00Z,0.8365799784660339,0.8366400003433228,0.8362500071525574,0.8366299867630005
2026-10-01T05:00:00Z,0.8366299867630005,0.8367999792098999,0.8363999724388123,0.8364499807357788
2026-10-01T05:30:00Z,0.8364700078964233,0.8366299867630005,0.8362500071525574,0.8365300297737122
2026-10-01T06:00:00Z,0.8365300297737122,0.8370100259780884,0.8360999822616577,0.8367999792098999
2026-10-01T06:30:00Z,0.8368399739265442,0.8382400274276733,0.8366100192070007,0.8367900252342224
2026-10-01T07:00:00Z,0.8367999792098999,0.8375399708747864,0.8367000222206116,0.8369100093841553
2026-10-01T07:30:00Z,0.836899995803833,0.8370199799537659,0.8335000276565552,0.8340299725532532
2026-10-01T08:00:00Z,0.8340100049972534,0.8352800011634827,0.8332899808883667,0.8344200253486633
2026-10-01T08:30:00Z,0.8344299793243408,0.8357399702072144,0.83406001329422,0.8352699875831604
2026-10-01T09:00:00Z,0.8352699875831604,0.8359299898147583,0.8345299959182739,0.8358799815177917
2026-10-01T09:30:00Z,0.8358799815177917,0.8370400071144104,0.8355000019073486,0.836929976940155
2026-10-01T10:00:00Z,0.836929976940155,0.8372399806976318,0.8354099988937378,0.8354799747467041
2026-10-01T10:30:00Z,0.8354799747467041,0.8360000252723694,0.8352299928665161,0.8356800079345703
2026-10-01T11:00:00Z,0.8356900215148926,0.8363400101661682,0.8354300260543823,0.8360099792480469
2026-10-01T11:30:00Z,0.8360099792480469,0.8361300230026245,0.8348900079727173,0.8352800011634827
2026-10-01T12:00:00Z,0.8352800011634827,0.8358299732208252,0.834630012512207,0.8354300260543823
2026-10-01T12:30:00Z,0.8354899883270264,0.8357899785041809,0.8350800275802612,0.8354300260543823
2026-10-01T13:00:00Z,0.8354300260543823,0.8359299898147583,0.8351200222969055,0.8355000019073486
2026-10-01T13:30:00Z,0.8355000019073486,0.8359400033950806,0.8332899808883667,0.8333600163459778
2026-10-01T14:00:00Z,0.8333799839019775,0.8348600268363953,0.8306900262832642,0.8314200043678284
2026-10-01T14:30:00Z,0.8314300179481506,0.8319799900054932,0.8291699886322021,0.8307999968528748
2026-10-01T15:00:00Z,0.8307999968528748,0.8319900035858154,0.8295400142669678,0.8305699825286865
2026-10-01T15:30:00Z,0.830560028553009,0.8314200043678284,0.8300700187683105,0.8313400149345398
2026-10-01T16:00:00Z,0.8313500285148621,0.8317099809646606,0.8299099802970886,0.8309800028800964
2026-10-01T16:30:00Z,0.8309999704360962,0.8324900269508362,0.8307600021362305,0.8320800065994263
2026-10-01T17:00:00Z,0.832040011882782,0.8324400186538696,0.8312299847602844,0.8316500186920166
2026-10-01T17:30:00Z,0.8316400051116943,0.8328199982643127,0.8305799961090088,0.8327400088310242
2026-10-01T18:00:00Z,0.8327199816703796,0.8329700231552124,0.8316799998283386,0.8320800065994263
2026-10-01T18:30:00Z,0.8320800065994263,0.8323100209236145,0.8314399719238281,0.8316699862480164
2026-10-01T19:00:00Z,0.8316699862480164,0.8317899703979492,0.8307200074195862,0.8307399749755859
2026-10-01T19:30:00Z,0.8307399749755859,0.8307999968528748,0.8303499817848206,0.8306999802589417
2026-10-01T20:00:00Z,0.8307099938392639,0.8307300209999084,0.830299973487854,0.8304799795150757
2026-10-01T20:30:00Z,0.830489993095398,0.8311700224876404,0.8301900029182434,0.8309100270271301
2026-10-01T21:00:00Z,0.8307099938392639,0.8318600058555603,0.8297500014305115,0.8300999999046326
2026-10-01T21:30:00Z,0.8300999999046326,0.8309000134468079,0.8300700187683105,0.8304100036621094
2026-10-01T22:00:00Z,0.8304100036621094,0.8313000202178955,0.8301799893379211,0.8311799764633179
2026-10-01T22:30:00Z,0.8311799764633179,0.8312100172042847,0.8309800028800964,0.831030011177063
2026-10-01T23:00:00Z,0.831059992313385,0.8312000036239624,0.830839991569519,0.8310099840164185
2026-10-01T23:30:00Z,0.8310400247573853,0.8310700058937073,0.8304299712181091,0.830560028553009
2026-10-02T00:00:00Z,0.8305699825286865,0.8312000036239624,0.8303400278091431,0.8309299945831299
2026-10-02T00:30:00Z,0.8309299945831299,0.83160001039505,0.8309100270271301,0.8315500020980835
2026-10-02T01:00:00Z,0.831570029258728,0.8323000073432922,0.8313900232315063,0.8322499990463257
2026-10-02T01:30:00Z,0.8322499990463257,0.8326799869537354,0.8319900035858154,0.8320599794387817
2026-10-02T02:00:00Z,0.8320500254631042,0.8321999907493591,0.8309900164604187,0.8311399817466736
2026-10-02T02:30:00Z,0.8311700224876404,0.8313400149345398,0.8309400081634521,0.8309900164604187
2026-10-02T03:00:00Z,0.8309500217437744,0.8310199975967407,0.8296099901199341,0.8296700119972229
2026-10-02T03:30:00Z,0.8296800255775452,0.8299000263214111,0.8290600180625916,0.8291900157928467
2026-10-02T04:00:00Z,0.8291900157928467,0.8296300172805786,0.828980028629303,0.8293200135231018
2026-10-02T04:30:00Z,0.8293200135231018,0.8299400210380554,0.8290500044822693,0.8296999931335449
2026-10-02T05:00:00Z,0.8296999931335449,0.8299000263214111,0.8293499946594238,0.8297299742698669
2026-10-02T05:30:00Z,0.8297299742698669,0.8299400210380554,0.8292700052261353,0.8295699954032898
2026-10-02T06:00:00Z,0.8295199871063232,0.8295999765396118,0.8266000151634216,0.8282099962234497
2026-10-02T06:30:00Z,0.8282099962234497,0.8299000263214111,0.8281000256538391,0.829039990901947
2026-10-02T07:00:00Z,0.829010009765625,0.8295000195503235,0.8281300067901611,0.828220009803772
2026-10-02T07:30:00Z,0.828220009803772,0.8284000158309937,0.8268399834632874,0.8272200226783752
2026-10-02T08:00:00Z,0.8272200226783752,0.82819002866745,0.8265500068664551,0.8277300000190735
2026-10-02T08:30:00Z,0.8277599811553955,0.828819990158081,0.8276299834251404,0.8282099962234497
2026-10-02T09:00:00Z,0.8282099962234497,0.8289700150489807,0.8278700113296509,0.8279799818992615
2026-10-02T09:30:00Z,0.8279799818992615,0.8287699818611145,0.8278800249099731,0.8279299736022949
2026-10-02T10:00:00Z,0.8279500007629395,0.8283799886703491,0.8273400068283081,0.8278899788856506
2026-10-02T10:30:00Z,0.8278899788856506,0.8289200067520142,0.8274000287055969,0.8285499811172485
2026-10-02T11:00:00Z,0.8285300135612488,0.8291800022125244,0.8280199766159058,0.8283600211143494
2026-10-02T11:30:00Z,0.8283600211143494,0.8286799788475037,0.8260300159454346,0.8266299962997437
2026-10-02T12:00:00Z,0.8266299962997437,0.8273100256919861,0.82573002576828,0.8259400129318237
2026-10-02T12:30:00Z,0.8264300227165222,0.8274199962615967,0.8226699829101562,0.8271499872207642
2026-10-02T13:00:00Z,0.8271300196647644,0.8284800052642822,0.8262500166893005,0.8280400037765503
2026-10-02T13:30:00Z,0.8279899954795837,0.8287699818611145,0.8273500204086304,0.8279200196266174
2026-10-02T14:00:00Z,0.8278800249099731,0.8288999795913696,0.8267199993133545,0.8269199728965759
2026-10-02T14:30:00Z,0.8269199728965759,0.8291299939155579,0.8267199993133545,0.8284500241279602
2026-10-02T15:00:00Z,0.8284500241279602,0.8295400142669678,0.8284000158309937,0.8292400240898132
2026-10-02T15:30:00Z,0.829259991645813,0.8297299742698669,0.8285999894142151,0.829259991645813
2026-10-02T16:00:00Z,0.8292499780654907,0.8297100067138672,0.828719973564148,0.8295900225639343
2026-10-02T16:30:00Z,0.8295999765396118,0.8297899961471558,0.8291900157928467,0.8293399810791016
2026-10-02T17:00:00Z,0.8293300271034241,0.8296700119972229,0.828790009021759,0.8296200037002563
2026-10-02T17:30:00Z,0.8296099901199341,0.8296300172805786,0.8289200067520142,0.828980028629303
2026-10-02T18:00:00Z,0.8289700150489807,0.8292099833488464,0.8284299969673157,0.82846999168396
2026-10-02T18:30:00Z,0.8284500241279602,0.8289200067520142,0.8284299969673157,0.8287299871444702
2026-10-02T19:00:00Z,0.8287400007247925,0.8289399743080139,0.8282099962234497,0.8283900022506714
2026-10-02T19:30:00Z,0.8283500075340271,0.8288999795913696,0.828249990940094,0.8284800052642822
2026-10-02T20:00:00Z,0.8284800052642822,0.8288300037384033,0.8283100128173828,0.8285199999809265
2026-10-02T20:30:00Z,0.8285300135612488,0.8288999795913696,0.828279972076416,0.8284800052642822
2026-10-04T23:00:00Z,0.828029990196228,0.8282700181007385,0.827970027923584,0.8280799984931946
2026-10-04T23:30:00Z,0.8280799984931946,0.8283299803733826,0.8278800249099731,0.8281300067901611
2026-10-05T00:00:00Z,0.8281400203704834,0.8286700248718262,0.8277000188827515,0.8283299803733826
2026-10-05T00:30:00Z,0.8283299803733826,0.8289999961853027,0.828249990940094,0.828540027141571
2026-10-05T01:00:00Z,0.8285499811172485,0.8289600014686584,0.8284100294113159,0.828719973564148
2026-10-05T01:30:00Z,0.8287299871444702,0.829230010509491,0.8286399841308594,0.8290799856185913
2026-10-05T02:00:00Z,0.8290799856185913,0.8300700187683105,0.8289700150489807,0.8298900127410889
2026-10-05T02:30:00Z,0.8298900127410889,0.8316100239753723,0.8295400142669678,0.8312000036239624
2026-10-05T03:00:00Z,0.8311799764633179,0.8312399983406067,0.8304600119590759,0.830489993095398
2026-10-05T03:30:00Z,0.8305100202560425,0.8313400149345398,0.8303899765014648,0.831279993057251
2026-10-05T04:00:00Z,0.831279993057251,0.8314300179481506,0.8307499885559082,0.8309299945831299
2026-10-05T04:30:00Z,0.8309400081634521,0.8309400081634521,0.830079972743988,0.8300899863243103
2026-10-05T05:00:00Z,0.8301200270652771,0.8301299810409546,0.8293700218200684,0.8298100233078003
2026-10-05T05:30:00Z,0.8298100233078003,0.8303400278091431,0.829770028591156,0.8300099968910217
2026-10-05T06:00:00Z,0.8300099968910217,0.830489993095398,0.8295900225639343,0.8296700119972229
2026-10-05T06:30:00Z,0.8296999931335449,0.8304700255393982,0.8295300006866455,0.8297600150108337
2026-10-05T07:00:00Z,0.8297600150108337,0.8308799862861633,0.8295599818229675,0.8298500180244446
2026-10-05T07:30:00Z,0.8298500180244446,0.8304299712181091,0.8285199999809265,0.8289999961853027
2026-10-05T08:00:00Z,0.8289899826049805,0.8295699954032898,0.8285700082778931,0.829039990901947
2026-10-05T08:30:00Z,0.829039990901947,0.8295999765396118,0.8287500143051147,0.8293399810791016
2026-10-05T09:00:00Z,0.8293200135231018,0.8297299742698669,0.8287699818611145,0.8290899991989136
2026-10-05T09:30:00Z,0.8290799856185913,0.8296399712562561,0.8288900256156921,0.8289499878883362
2026-10-05T10:00:00Z,0.8289499878883362,0.8300399780273438,0.8287299871444702,0.8297100067138672
2026-10-05T10:30:00Z,0.8297200202941895,0.8301100134849548,0.8294600248336792,0.830049991607666
2026-10-05T11:00:00Z,0.8300700187683105,0.8309100270271301,0.8297399878501892,0.8304499983787537
2026-10-05T11:30:00Z,0.830489993095398,0.8314800262451172,0.8302800059318542,0.8310099840164185
2026-10-05T12:00:00Z,0.831030011177063,0.8312199711799622,0.8306499719619751,0.8306800127029419
2026-10-05T12:30:00Z,0.8306900262832642,0.8311799764633179,0.8304100036621094,0.8307999968528748
2026-10-05T13:00:00Z,0.8307999968528748,0.8315200209617615,0.8307600021362305,0.8313500285148621
2026-10-05T13:30:00Z,0.8313500285148621,0.8324099779129028,0.8313199877738953,0.8317499756813049
2026-10-05T14:00:00Z,0.8316799998283386,0.8322399854660034,0.8315200209617615,0.8317199945449829
2026-10-05T14:30:00Z,0.8317099809646606,0.8320900201797485,0.8311200141906738,0.8312600255012512
2026-10-05T15:00:00Z,0.831250011920929,0.8315200209617615,0.8307700157165527,0.831089973449707
2026-10-05T15:30:00Z,0.8310999870300293,0.8314300179481506,0.8309900164604187,0.831279993057251
2026-10-05T16:00:00Z,0.831279993057251,0.8317999839782715,0.831279993057251,0.8316599726676941
2026-10-05T16:30:00Z,0.8316900134086609,0.8320000171661377,0.8316500186920166,0.8319000005722046
2026-10-05T17:00:00Z,0.8319200277328491,0.8323400020599365,0.8316199779510498,0.8317499756813049
2026-10-05T17:30:00Z,0.8317800164222717,0.8319000005722046,0.8310499787330627,0.8311399817466736
2026-10-05T18:00:00Z,0.8311300277709961,0.8315500020980835,0.8308799862861633,0.8312100172042847
2026-10-05T18:30:00Z,0.8312299847602844,0.831250011920929,0.8306599855422974,0.8307300209999084
2026-10-05T19:00:00Z,0.8307300209999084,0.8309000134468079,0.8304200172424316,0.8307300209999084
2026-10-05T19:30:00Z,0.8307300209999084,0.830810010433197,0.8305000066757202,0.8306000232696533
2026-10-05T20:00:00Z,0.8306000232696533,0.8308299779891968,0.8304799795150757,0.8307099938392639
2026-10-05T20:30:00Z,0.8306900262832642,0.8308500051498413,0.830269992351532,0.830269992351532
2026-10-05T21:00:00Z,0.8315799832344055,0.8316100239753723,0.8303899765014648,0.8307099938392639
2026-10-05T21:30:00Z,0.8307999968528748,0.8309400081634521,0.8302299976348877,0.8304100036621094
2026-10-05T22:00:00Z,0.8304100036621094,0.830839991569519,0.83024001121521,0.8307200074195862
2026-10-05T22:30:00Z,0.8306900262832642,0.8309400081634521,0.8306599855422974,0.830839991569519
2026-10-05T23:00:00Z,0.8308200240135193,0.8310999870300293,0.830810010433197,0.830839991569519
2026-10-05T23:30:00Z,0.8308299779891968,0.8313999772071838,0.8307600021362305,0.8313000202178955
2026-10-06T00:00:00Z,0.8313300013542175,0.8317599892616272,0.8312600255012512,0.8316699862480164
2026-10-06T00:30:00Z,0.8316799998283386,0.8317000269889832,0.8307600021362305,0.8307899832725525
2026-10-06T01:00:00Z,0.8307999968528748,0.8309699892997742,0.8302299976348877,0.8302500247955322
2026-10-06T01:30:00Z,0.8302500247955322,0.8310999870300293,0.8302199840545654,0.8309800028800964
2026-10-06T02:00:00Z,0.8309500217437744,0.8314499855041504,0.8308699727058411,0.8313400149345398
2026-10-06T02:30:00Z,0.8313699960708618,0.831820011138916,0.831309974193573,0.8316400051116943
2026-10-06T03:00:00Z,0.8316799998283386,0.8317999839782715,0.8312699794769287,0.8313599824905396
2026-10-06T03:30:00Z,0.8313500285148621,0.8314999938011169,0.8310199975967407,0.8311799764633179
2026-10-06T04:00:00Z,0.8311700224876404,0.8315799832344055,0.8310099840164185,0.8314800262451172
2026-10-06T04:30:00Z,0.8314999938011169,0.8317000269889832,0.8313699960708618,0.831570029258728
2026-10-06T05:00:00Z,0.83160001039505,0.8317999839782715,0.8313900232315063,0.8315600156784058
2026-10-06T05:30:00Z,0.8315600156784058,0.831849992275238,0.8313699960708618,0.8315799832344055
2026-10-06T06:00:00Z,0.8315799832344055,0.8322200179100037,0.8313300013542175,0.8317400217056274
2026-10-06T06:30:00Z,0.8317000269889832,0.8323000073432922,0.83160001039505,0.8320199847221375
2026-10-06T07:00:00Z,0.8320199847221375,0.8325999975204468,0.8314899802207947,0.8324400186538696
2026-10-06T07:30:00Z,0.8324499726295471,0.8326500058174133,0.8317400217056274,0.8320800065994263
2026-10-06T08:00:00Z,0.832069993019104,0.8325799703598022,0.8318300247192383,0.832319974899292
2026-10-06T08:30:00Z,0.832319974899292,0.8323400020599365,0.8316900134086609,0.8318399786949158
2026-10-06T09:00:00Z,0.8318600058555603,0.8320000171661377,0.8313400149345398,0.831529974937439
2026-10-06T09:30:00Z,0.831529974937439,0.83160001039505,0.8309699892997742,0.831309974193573
2026-10-06T10:00:00Z,0.8313199877738953,0.831570029258728,0.8309699892997742,0.8314800262451172
2026-10-06T10:30:00Z,0.8314800262451172,0.8315200209617615,0.8310800194740295,0.8313199877738953
2026-10-06T11:00:00Z,0.831309974193573,0.8315200209617615,0.8301200270652771,0.8306499719619751
2026-10-06T11:30:00Z,0.8306499719619751,0.8306800127029419,0.829770028591156,0.830299973487854
2026-10-06T12:00:00Z,0.830269992351532,0.8310999870300293,0.8298699855804443,0.8310199975967407
2026-10-06T12:30:00Z,0.8310199975967407,0.8311200141906738,0.830269992351532,0.8308200240135193
2026-10-06T13:00:00Z,0.830810010433197,0.8314999938011169,0.830590009689331,0.8313599824905396
2026-10-06T13:30:00Z,0.8313599824905396,0.8324400186538696,0.8310800194740295,0.8322399854660034
2026-10-06T14:00:00Z,0.8322399854660034,0.8325999975204468,0.8319100141525269,0.83228999376297
2026-10-06T14:30:00Z,0.83228999376297,0.8324099779129028,0.8307399749755859,0.831030011177063
2026-10-06T15:00:00Z,0.831030011177063,0.8311399817466736,0.8303999900817871,0.8306999802589417
2026-10-06T15:30:00Z,0.8306999802589417,0.830810010433197,0.8302099704742432,0.8305799961090088
2026-10-06T16:00:00Z,0.8305799961090088,0.8313699960708618,0.8304700255393982,0.8312900066375732
2026-10-06T16:30:00Z,0.8312900066375732,0.83160001039505,0.8312000036239624,0.8313900232315063
2026-10-06T17:00:00Z,0.8313900232315063,0.83160001039505,0.8310999870300293,0.8313800096511841
2026-10-06T17:30:00Z,0.8313800096511841,0.8314099907875061,0.8310499787330627,0.8311300277709961
2026-10-06T18:00:00Z,0.8311200141906738,0.8314099907875061,0.8310499787330627,0.8313199877738953
2026-10-06T18:30:00Z,0.8313500285148621,0.83160001039505,0.8311899900436401,0.831250011920929
2026-10-06T19:00:00Z,0.831250011920929,0.8314200043678284,0.8311200141906738,0.8314099907875061
2026-10-06T19:30:00Z,0.8313999772071838,0.8317000269889832,0.8313300013542175,0.8316199779510498
2026-10-06T20:00:00Z,0.8316199779510498,0.8317899703979492,0.8314899802207947,0.8316699862480164
2026-10-06T20:30:00Z,0.8316599726676941,0.831849992275238,0.8313300013542175,0.8313500285148621
2026-10-06T21:00:00Z,0.831529974937439,0.83160001039505,0.8305799961090088,0.8309000134468079
2026-10-06T21:30:00Z,0.8309000134468079,0.831279993057251,0.8306099772453308,0.8309299945831299
2026-10-06T22:00:00Z,0.8311200141906738,0.8320000171661377,0.8308600187301636,0.8319500088691711
2026-10-06T22:30:00Z,0.8319500088691711,0.8320500254631042,0.8318600058555603,0.8319900035858154
2026-10-06T23:00:00Z,0.8319600224494934,0.8323000073432922,0.8319299817085266,0.8321200013160706
2026-10-06T23:30:00Z,0.8321400284767151,0.8324499726295471,0.832099974155426,0.8323699831962585
2026-10-07T00:00:00Z,0.8323699831962585,0.8325999975204468,0.8321899771690369,0.8325799703598022
2026-10-07T00:30:00Z,0.8325799703598022,0.8326200246810913,0.832260012626648,0.8324699997901917
2026-10-07T01:00:00Z,0.8324699997901917,0.8329600095748901,0.8324400186538696,0.8328999876976013
2026-10-07T01:30:00Z,0.8328999876976013,0.8329100012779236,0.8326500058174133,0.8328700065612793
2026-10-07T02:00:00Z,0.8328700065612793,0.833299994468689,0.8327699899673462,0.8330900073051453
2026-10-07T02:30:00Z,0.833109974861145,0.8335899710655212,0.8330699801445007,0.8332899808883667
2026-10-07T03:00:00Z,0.8332800269126892,0.8334000110626221,0.833109974861145,0.8332200050354004
2026-10-07T03:30:00Z,0.8332300186157227,0.833299994468689,0.8330000042915344,0.8331999778747559
2026-10-07T04:00:00Z,0.8331999778747559,0.8335000276565552,0.833079993724823,0.8334000110626221
2026-10-07T04:30:00Z,0.8334400057792664,0.8335000276565552,0.833299994468689,0.8334699869155884
2026-10-07T05:00:00Z,0.8334699869155884,0.8336099982261658,0.8332399725914001,0.8333600163459778
2026-10-07T05:30:00Z,0.8333600163459778,0.8335000276565552,0.8331400156021118,0.8333799839019775
2026-10-07T06:00:00Z,0.8333699703216553,0.8336099982261658,0.8331400156021118,0.8332700133323669
2026-10-07T06:30:00Z,0.8332499861717224,0.8332800269126892,0.8321099877357483,0.8323000073432922
2026-10-07T07:00:00Z,0.8323000073432922,0.8328099846839905,0.8321200013160706,0.8323299884796143
2026-10-07T07:30:00Z,0.8323299884796143,0.8332300186157227,0.8319000005722046,0.8328700065612793
2026-10-07T08:00:00Z,0.832859992980957,0.8336499929428101,0.8327800035476685,0.8331000208854675
2026-10-07T08:30:00Z,0.8330900073051453,0.8333799839019775,0.8328700065612793,0.8331699967384338
2026-10-07T09:00:00Z,0.8331599831581116,0.8338500261306763,0.8330600261688232,0.8333799839019775
2026-10-07T09:30:00Z,0.8333799839019775,0.8336099982261658,0.8330100178718567,0.8331000208854675
2026-10-07T10:00:00Z,0.8331000208854675,0.8332099914550781,0.8322799801826477,0.8329899907112122
2026-10-07T10:30:00Z,0.8329700231552124,0.833050012588501,0.832360029220581,0.8326200246810913
2026-10-07T11:00:00Z,0.8326399922370911,0.8328700065612793,0.8319900035858154,0.8324800133705139
2026-10-07T11:30:00Z,0.8324800133705139,0.8327999711036682,0.8316500186920166,0.8324800133705139
2026-10-07T12:00:00Z,0.8324800133705139,0.8332499861717224,0.8320299983024597,0.8331500291824341
2026-10-07T12:30:00Z,0.8331400156021118,0.833899974822998,0.8330699801445007,0.8335899710655212
2026-10-07T13:00:00Z,0.8335899710655212,0.8337399959564209,0.8327500224113464,0.8335300087928772
2026-10-07T13:30:00Z,0.8335300087928772,0.8337600231170654,0.8326399922370911,0.8328700065612793
2026-10-07T14:00:00Z,0.8328999876976013,0.8335099816322327,0.8317899703979492,0.8319699764251709
2026-10-07T14:30:00Z,0.8319699764251709,0.8325999975204468,0.8318099975585938,0.8325200080871582
2026-10-07T15:00:00Z,0.8324999809265137,0.8337299823760986,0.8324499726295471,0.8335700035095215
2026-10-07T15:30:00Z,0.8335899710655212,0.8341799974441528,0.8333899974822998,0.8338299989700317
2026-10-07T16:00:00Z,0.8338299989700317,0.8338900208473206,0.8331800103187561,0.8334800004959106
2026-10-07T16:30:00Z,0.8335199952125549,0.833899974822998,0.8334199786186218,0.8335000276565552
2026-10-07T17:00:00Z,0.8335000276565552,0.8335999846458435,0.8328700065612793,0.8332800269126892
2026-10-07T17:30:00Z,0.8332800269126892,0.8334000110626221,0.832889974117279,0.8329499959945679
2026-10-07T18:00:00Z,0.8329399824142456,0.8331300020217896,0.8326399922370911,0.8329300284385681
2026-10-07T18:30:00Z,0.8329300284385681,0.8330399990081787,0.8325999975204468,0.8329499959945679
2026-10-07T19:00:00Z,0.8329499959945679,0.833299994468689,0.8327800035476685,0.8332200050354004
2026-10-07T19:30:00Z,0.8332200050354004,0.8336300253868103,0.8331900238990784,0.8334800004959106
2026-10-07T20:00:00Z,0.8334800004959106,0.8337200284004211,0.8332200050354004,0.8332800269126892
2026-10-07T20:30:00Z,0.833299994468689,0.833549976348877,0.8329100012779236,0.8329100012779236
2026-10-07T21:00:00Z,0.832889974117279,0.8331199884414673,0.83160001039505,0.832360029220581
2026-10-07T21:30:00Z,0.8323500156402588,0.8333600163459778,0.832069993019104,0.8325200080871582
2026-10-07T22:00:00Z,0.8325200080871582,0.8331900238990784,0.83228999376297,0.8327000141143799
2026-10-07T22:30:00Z,0.8327000141143799,0.8328999876976013,0.8326699733734131,0.8327699899673462
2026-10-07T23:00:00Z,0.8327299952507019,0.8328999876976013,0.8326600193977356,0.8328099846839905
2026-10-07T23:30:00Z,0.8328099846839905,0.8331199884414673,0.8326200246810913,0.833079993724823
2026-10-08T00:00:00Z,0.8330600261688232,0.8331800103187561,0.8326900005340576,0.8329799771308899
2026-10-08T00:30:00Z,0.8329700231552124,0.8330100178718567,0.8325799703598022,0.8330000042915344
2026-10-08T01:00:00Z,0.8330000042915344,0.8331199884414673,0.8327199816703796,0.832830011844635
2026-10-08T01:30:00Z,0.832830011844635,0.8330299854278564,0.8321499824523926,0.8322700262069702
2026-10-08T02:00:00Z,0.8322700262069702,0.832319974899292,0.8320000171661377,0.8322299718856812
2026-10-08T02:30:00Z,0.8322299718856812,0.8331000208854675,0.8321999907493591,0.8330299854278564
2026-10-08T03:00:00Z,0.8330000042915344,0.8334299921989441,0.8329200148582458,0.8332899808883667
2026-10-08T03:30:00Z,0.8332700133323669,0.8333200216293335,0.8326500058174133,0.8326699733734131
2026-10-08T04:00:00Z,0.8327000141143799,0.8330299854278564,0.8325799703598022,0.8328999876976013
2026-10-08T04:30:00Z,0.8328999876976013,0.833109974861145,0.8327699899673462,0.8328999876976013
2026-10-08T05:00:00Z,0.8328999876976013,0.833050012588501,0.8327599763870239,0.8330000042915344
2026-10-08T05:30:00Z,0.8330399990081787,0.8335199952125549,0.8328999876976013,0.8333699703216553
2026-10-08T06:00:00Z,0.8334000110626221,0.8335999846458435,0.8326500058174133,0.8331800103187561
2026-10-08T06:30:00Z,0.8331999778747559,0.8332300186157227,0.832610011100769,0.832859992980957
2026-10-08T07:00:00Z,0.832859992980957,0.8335800170898438,0.8326799869537354,0.8331599831581116
2026-10-08T07:30:00Z,0.8331599831581116,0.8337100148200989,0.8330100178718567,0.8331500291824341
2026-10-08T08:00:00Z,0.8331500291824341,0.8337299823760986,0.8330900073051453,0.8336600065231323
2026-10-08T08:30:00Z,0.8336399793624878,0.8341900110244751,0.8334299921989441,0.8338299989700317
2026-10-08T09:00:00Z,0.8338099718093872,0.8346499800682068,0.8335000276565552,0.8346099853515625
2026-10-08T09:30:00Z,0.8346099853515625,0.834630012512207,0.8339499831199646,0.834089994430542
2026-10-08T10:00:00Z,0.834089994430542,0.8344100117683411,0.8337600231170654,0.8338299989700317
2026-10-08T10:30:00Z,0.8338299989700317,0.8339999914169312,0.8334800004959106,0.8336300253868103
2026-10-08T11:00:00Z,0.8336300253868103,0.8339400291442871,0.8333699703216553,0.8334599733352661
2026-10-08T11:30:00Z,0.8334699869155884,0.833899974822998,0.8333500027656555,0.833620011806488
2026-10-08T12:00:00Z,0.833620011806488,0.833899974822998,0.8328999876976013,0.8330199718475342
2026-10-08T12:30:00Z,0.8330199718475342,0.8341000080108643,0.8329300284385681,0.8339300155639648
2026-10-08T13:00:00Z,0.8339300155639648,0.8341000080108643,0.8334400057792664,0.8338800072669983
2026-10-08T13:30:00Z,0.8338800072669983,0.8339999914169312,0.833299994468689,0.833549976348877
2026-10-08T14:00:00Z,0.8335400223731995,0.8339099884033203,0.8325099945068359,0.8325499892234802
2026-10-08T14:30:00Z,0.8325499892234802,0.8331000208854675,0.8320500254631042,0.8329200148582458
2026-10-08T15:00:00Z,0.8329100012779236,0.8333100080490112,0.832360029220581,0.8330399990081787
2026-10-08T15:30:00Z,0.8330399990081787,0.8335300087928772,0.8329600095748901,0.8334500193595886
2026-10-08T16:00:00Z,0.8334400057792664,0.8336300253868103,0.8324599862098694,0.8332499861717224
2026-10-08T16:30:00Z,0.8332599997520447,0.8334199786186218,0.8327699899673462,0.8328099846839905
2026-10-08T17:00:00Z,0.8327800035476685,0.8328199982643127,0.8306099772453308,0.8309599757194519
2026-10-08T17:30:00Z,0.8309400081634521,0.8317000269889832,0.8309000134468079,0.8313500285148621
2026-10-08T18:00:00Z,0.8313500285148621,0.8322200179100037,0.8312600255012512,0.8319699764251709
2026-10-08T18:30:00Z,0.8319799900054932,0.8321400284767151,0.8313500285148621,0.8315600156784058
2026-10-08T19:00:00Z,0.8315500020980835,0.8316699862480164,0.8313500285148621,0.8316100239753723
2026-10-08T19:30:00Z,0.8316100239753723,0.8316500186920166,0.831250011920929,0.8313900232315063
2026-10-08T20:00:00Z,0.8313999772071838,0.8316500186920166,0.8312000036239624,0.8316500186920166
2026-10-08T20:30:00Z,0.8316299915313721,0.8317300081253052,0.8314399719238281,0.8316100239753723
2026-10-08T21:00:00Z,0.831529974937439,0.831529974937439,0.8306400179862976,0.831030011177063
2026-10-08T21:30:00Z,0.831030011177063,0.8312399983406067,0.830780029296875,0.8312299847602844
2026-10-08T22:00:00Z,0.8312299847602844,0.8316699862480164,0.8310499787330627,0.8312199711799622
2026-10-08T22:30:00Z,0.8312199711799622,0.8314499855041504,0.8311899900436401,0.8314399719238281
2026-10-08T23:00:00Z,0.8314399719238281,0.831570029258728,0.8313500285148621,0.8314800262451172
2026-10-08T23:30:00Z,0.8314999938011169,0.8317099809646606,0.8314499855041504,0.8315799832344055
2026-10-09T00:00:00Z,0.8315799832344055,0.8316400051116943,0.8309999704360962,0.8312299847602844
2026-10-09T00:30:00Z,0.8312299847602844,0.8315500020980835,0.8310099840164185,0.831279993057251
2026-10-09T01:00:00Z,0.831279993057251,0.8313199877738953,0.8304799795150757,0.8305699825286865
2026-10-09T01:30:00Z,0.8305699825286865,0.8305799961090088,0.8299999833106995,0.8301699757575989
2026-10-09T02:00:00Z,0.8301699757575989,0.8305799961090088,0.8300399780273438,0.8303700089454651
2026-10-09T02:30:00Z,0.8303700089454651,0.83051997423172,0.8301200270652771,0.8303099870681763
2026-10-09T03:00:00Z,0.8303099870681763,0.8304499983787537,0.8300899863243103,0.8303999900817871
2026-10-09T03:30:00Z,0.8303999900817871,0.8305000066757202,0.8301900029182434,0.8302299976348877
2026-10-09T04:00:00Z,0.83024001121521,0.8303999900817871,0.8300300240516663,0.8303099870681763
2026-10-09T04:30:00Z,0.8303200006484985,0.8306000232696533,0.8301299810409546,0.830299973487854
2026-10-09T05:00:00Z,0.8303300142288208,0.8304200172424316,0.8300399780273438,0.8301900029182434
2026-10-09T05:30:00Z,0.8301799893379211,0.8305699825286865,0.8298199772834778,0.8305299878120422
2026-10-09T06:00:00Z,0.8305400013923645,0.8312000036239624,0.8303700089454651,0.8310499787330627
2026-10-09T06:30:00Z,0.8310400247573853,0.8314499855041504,0.8309100270271301,0.8309900164604187
2026-10-09T07:00:00Z,0.8309900164604187,0.831279993057251,0.829990029335022,0.8302299976348877
2026-10-09T07:30:00Z,0.8302199840545654,0.8306800127029419,0.8297299742698669,0.8298900127410889
2026-10-09T08:00:00Z,0.8299000263214111,0.8306900262832642,0.8297500014305115,0.8306099772453308
2026-10-09T08:30:00Z,0.8306099772453308,0.831279993057251,0.8304399847984314,0.8311499953269958
2026-10-09T09:00:00Z,0.8311499953269958,0.8314999938011169,0.8308299779891968,0.8313199877738953
2026-10-09T09:30:00Z,0.8313300013542175,0.8314300179481506,0.830839991569519,0.831030011177063
2026-10-09T10:00:00Z,0.8310400247573853,0.8310400247573853,0.8305000066757202,0.8307300209999084
2026-10-09T10:30:00Z,0.8307300209999084,0.8311899900436401,0.8305799961090088,0.8311799764633179
2026-10-09T11:00:00Z,0.8311799764633179,0.8312600255012512,0.8308500051498413,0.8310800194740295
2026-10-09T11:30:00Z,0.8310800194740295,0.8311799764633179,0.8304499983787537,0.831089973449707
2026-10-09T12:00:00Z,0.831059992313385,0.8313000202178955,0.8308500051498413,0.8309400081634521
2026-10-09T12:30:00Z,0.8309599757194519,0.831849992275238,0.8309100270271301,0.8316699862480164
2026-10-09T13:00:00Z,0.8316500186920166,0.8319000005722046,0.8314399719238281,0.8315600156784058
2026-10-09T13:30:00Z,0.8315600156784058,0.8318099975585938,0.8312699794769287,0.8313599824905396
2026-10-09T14:00:00Z,0.8313800096511841,0.83160001039505,0.8311100006103516,0.8312000036239624
2026-10-09T14:30:00Z,0.8312000036239624,0.8315899968147278,0.8309400081634521,0.8313300013542175
2026-10-09T15:00:00Z,0.831309974193573,0.8313999772071838,0.8307099938392639,0.8307600021362305
2026-10-09T15:30:00Z,0.8307899832725525,0.8310400247573853,0.830560028553009,0.8307600021362305
2026-10-09T16:00:00Z,0.8307700157165527,0.8308299779891968,0.83024001121521,0.8303200006484985
2026-10-09T16:30:00Z,0.8303200006484985,0.8303999900817871,0.8300999999046326,0.8302099704742432
2026-10-09T17:00:00Z,0.8302299976348877,0.830299973487854,0.829770028591156,0.8302199840545654
2026-10-09T17:30:00Z,0.8302199840545654,0.8303400278091431,0.8300600051879883,0.8300600051879883
2026-10-09T18:00:00Z,0.8300600051879883,0.8301200270652771,0.8298500180244446,0.8300700187683105
2026-10-09T18:30:00Z,0.8300700187683105,0.8302000164985657,0.8295400142669678,0.8297799825668335
2026-10-09T19:00:00Z,0.829770028591156,0.8299300074577332,0.8295000195503235,0.8298199772834778
2026-10-09T19:30:00Z,0.829800009727478,0.8298500180244446,0.8297399878501892,0.8297799825668335
