timestamp,open,high,low,close
2026-08-10T23:00:00Z,1.393720030784607,1.3939599990844729,1.3933000564575195,1.3935999870300293
2026-08-10T23:30:00Z,1.3939100503921509,1.3940000534057615,1.3930000066757202,1.3933700323104858
2026-08-11T00:00:00Z,1.3933500051498413,1.3934099674224854,1.392699956893921,1.3932600021362305
2026-08-11T00:30:00Z,1.3932600021362305,1.3933000564575195,1.3926000595092771,1.3932299613952637
2026-08-11T01:00:00Z,1.3932299613952637,1.393779993057251,1.3926000595092771,1.3930000066757202
2026-08-11T01:30:00Z,1.3930100202560425,1.3932499885559082,1.3925000429153442,1.3932000398635864
2026-08-11T02:00:00Z,1.3932299613952637,1.3936400413513184,1.392699956893921,1.3934799432754517
2026-08-11T02:30:00Z,1.393470048904419,1.3937000036239624,1.392899990081787,1.393470048904419
2026-08-11T03:00:00Z,1.393470048904419,1.3935699462890625,1.392699956893921,1.3931399583816528
2026-08-11T03:30:00Z,1.393180012702942,1.3932100534439087,1.3925000429153442,1.393090009689331
2026-08-11T04:00:00Z,1.393090009689331,1.3932000398635864,1.3925000429153442,1.3929400444030762
2026-08-11T04:30:00Z,1.3929500579833984,1.393380045890808,1.3924000263214111,1.393030047416687
2026-08-11T05:00:00Z,1.393030047416687,1.3932199478149414,1.3926000595092771,1.3930399417877195
2026-08-11T05:30:00Z,1.3930399417877195,1.3932199478149414,1.392300009727478,1.3925000429153442
2026-08-11T06:00:00Z,1.3928200006484983,1.3935400247573853,1.392300009727478,1.3932199478149414
2026-08-11T06:30:00Z,1.3931900262832642,1.393460035324097,1.3925000429153442,1.393239974975586
2026-08-11T07:00:00Z,1.3932100534439087,1.393939971923828,1.392699956893921,1.393460035324097
2026-08-11T07:30:00Z,1.3934999704360962,1.3945200443267822,1.392899990081787,1.3941999673843384
2026-08-11T08:00:00Z,1.3944400548934937,1.3946000337600708,1.393399953842163,1.3938900232315063
2026-08-11T08:30:00Z,1.3939000368118286,1.393929958343506,1.3930000066757202,1.3933600187301636
2026-08-11T09:00:00Z,1.393380045890808,1.3935999870300293,1.392699956893921,1.393530011177063
2026-08-11T09:30:00Z,1.3934999704360962,1.3937000036239624,1.392699956893921,1.3932499885559082
2026-08-11T10:00:00Z,1.3932199478149414,1.393460035324097,1.3925000429153442,1.3933099508285522
2026-08-11T10:30:00Z,1.3930000066757202,1.3935400247573853,1.3926000595092771,1.3931900262832642
2026-08-11T11:00:00Z,1.3931900262832642,1.393710017204285,1.3926000595092771,1.3931699991226196
2026-08-11T11:30:00Z,1.3931699991226196,1.3940500020980835,1.3926000595092771,1.3939000368118286
2026-08-11T12:00:00Z,1.3939000368118286,1.3941600322723389,1.3930000066757202,1.3934199810028076
2026-08-11T12:30:00Z,1.393100023269653,1.393530011177063,1.3925000429153442,1.393100023269653
2026-08-11T13:00:00Z,1.3933700323104858,1.3937400579452517,1.392799973487854,1.3937000036239624
2026-08-11T13:30:00Z,1.3937000036239624,1.3939100503921509,1.3930000066757202,1.3934999704360962
2026-08-11T14:00:00Z,1.3937699794769287,1.393880009651184,1.3925000429153442,1.3931599855422974
2026-08-11T14:30:00Z,1.393120050430298,1.3932499885559082,1.3919999599456787,1.392680048942566
2026-08-11T15:00:00Z,1.3926899433135986,1.3936100006103516,1.392300009727478,1.3929500579833984
2026-08-11T15:30:00Z,1.3929500579833984,1.393030047416687,1.3919999599456787,1.3923900127410889
2026-08-11T16:00:00Z,1.3923799991607666,1.392699956893921,1.3911999464035034,1.3917900323867798
2026-08-11T16:30:00Z,1.3917900323867798,1.392169952392578,1.3911999464035034,1.3916499614715576
2026-08-11T17:00:00Z,1.3916800022125244,1.3922899961471558,1.39110004901886,1.3921799659729004
2026-08-11T17:30:00Z,1.3921500444412231,1.3925000429153442,1.3913999795913696,1.3919999599456787
2026-08-11T18:00:00Z,1.392199993133545,1.3923499584197998,1.3913999795913696,1.392009973526001
2026-08-11T18:30:00Z,1.3919999599456787,1.3920799493789673,1.3911999464035034,1.39191997051239
2026-08-11T19:00:00Z,1.391939997673035,1.3921300172805786,1.3913999795913696,1.391950011253357
2026-08-11T19:30:00Z,1.391950011253357,1.3925000429153442,1.3913999795913696,1.3924599885940552
2026-08-11T20:00:00Z,1.3924599885940552,1.3926000595092771,1.391800045967102,1.392490029335022
2026-08-11T20:30:00Z,1.3924599885940552,1.392699956893921,1.3918999433517456,1.392199993133545
2026-08-11T21:00:00Z,1.3921300172805786,1.3923499584197998,1.3918999433517456,1.3921600580215454
2026-08-11T21:30:00Z,1.3921200037002563,1.3925100564956665,1.3919999599456787,1.3923200368881226
2026-08-11T22:00:00Z,1.392300009727478,1.3924299478530884,1.3916000127792358,1.391800045967102
2026-08-11T22:30:00Z,1.392109990119934,1.3922799825668335,1.3914999961853027,1.39191997051239
2026-08-11T23:00:00Z,1.3918999433517456,1.392300009727478,1.3916000127792358,1.3922499418258667
2026-08-11T23:30:00Z,1.3922799825668335,1.392300009727478,1.3914999961853027,1.3920199871063232
2026-08-12T00:00:00Z,1.3920400142669678,1.3922200202941897,1.3913999795913696,1.3919700384140017
2026-08-12T00:30:00Z,1.3919700384140017,1.3923699855804443,1.3914999961853027,1.3922699689865112
2026-08-12T01:00:00Z,1.3922699689865112,1.3929200172424316,1.391800045967102,1.39274001121521
2026-08-12T01:30:00Z,1.39274001121521,1.392930030822754,1.392199993133545,1.3925000429153442
2026-08-12T02:00:00Z,1.3928300142288208,1.393149971961975,1.3924000263214111,1.3930100202560425
2026-08-12T02:30:00Z,1.3929699659347534,1.3930200338363647,1.392199993133545,1.3924000263214111
2026-08-12T03:00:00Z,1.392699956893921,1.3928600549697876,1.392199993133545,1.392300009727478
2026-08-12T03:30:00Z,1.3927700519561768,1.3929599523544312,1.392199993133545,1.3928099870681765
2026-08-12T04:00:00Z,1.3928099870681765,1.3931399583816528,1.3924000263214111,1.393030047416687
2026-08-12T04:30:00Z,1.3930200338363647,1.393100023269653,1.3925000429153442,1.392699956893921
2026-08-12T05:00:00Z,1.3930100202560425,1.393339991569519,1.392699956893921,1.3931599855422974
2026-08-12T05:30:00Z,1.3932000398635864,1.393280029296875,1.3925000429153442,1.3930200338363647
2026-08-12T06:00:00Z,1.3930599689483645,1.3931699991226196,1.3924000263214111,1.3930200338363647
2026-08-12T06:30:00Z,1.3930000066757202,1.393339991569519,1.3925000429153442,1.3929799795150757
2026-08-12T07:00:00Z,1.3929500579833984,1.393339991569519,1.3924000263214111,1.392899990081787
2026-08-12T07:30:00Z,1.393180012702942,1.393440008163452,1.3924000263214111,1.392930030822754
2026-08-12T08:00:00Z,1.392699956893921,1.3933299779891968,1.392300009727478,1.3929200172424316
2026-08-12T08:30:00Z,1.3929200172424316,1.393180012702942,1.3924000263214111,1.3930799961090088
2026-08-12T09:00:00Z,1.3931100368499756,1.39342999458313,1.3924000263214111,1.393090009689331
2026-08-12T09:30:00Z,1.393049955368042,1.3938000202178955,1.3926000595092771,1.3935799598693848
2026-08-12T10:00:00Z,1.393589973449707,1.393630027770996,1.392699956893921,1.3930000066757202
2026-08-12T10:30:00Z,1.3933000564575195,1.3936500549316406,1.392699956893921,1.3932900428771973
2026-08-12T11:00:00Z,1.3933199644088743,1.3937499523162842,1.392699956893921,1.392899990081787
2026-08-12T11:30:00Z,1.3931900262832642,1.393380045890808,1.392199993133545,1.392300009727478
2026-08-12T12:00:00Z,1.3926399946212769,1.3928300142288208,1.3914999961853027,1.391819953918457
2026-08-12T12:30:00Z,1.391800045967102,1.3929400444030762,1.3905999660491943,1.3911199569702148
2026-08-12T13:00:00Z,1.3911499977111816,1.392109990119934,1.3905999660491943,1.3914200067520142
2026-08-12T13:30:00Z,1.3914400339126587,1.391759991645813,1.3904999494552612,1.391409993171692
2026-08-12T14:00:00Z,1.391469955444336,1.3916000127792358,1.3903000354766846,1.3914999961853027
2026-08-12T14:30:00Z,1.3915200233459473,1.3925299644470217,1.3910000324249268,1.3922899961471558
2026-08-12T15:00:00Z,1.3922899961471558,1.392490029335022,1.3912999629974363,1.391939997673035
2026-08-12T15:30:00Z,1.3919700384140017,1.3925399780273438,1.3913999795913696,1.3920700550079346
2026-08-12T16:00:00Z,1.3920300006866455,1.39342999458313,1.3914999961853027,1.393399953842163
2026-08-12T16:30:00Z,1.393100023269653,1.3941999673843384,1.3930000066757202,1.3941099643707275
2026-08-12T17:00:00Z,1.3941099643707275,1.394670009613037,1.3934999704360962,1.3944000005722046
2026-08-12T17:30:00Z,1.3944300413131714,1.394700050354004,1.3939000368118286,1.394469976425171
2026-08-12T18:00:00Z,1.394469976425171,1.3945399522781372,1.393399953842163,1.3935999870300293
2026-08-12T18:30:00Z,1.3939000368118286,1.3946399688720703,1.3935999870300293,1.3942999839782717
2026-08-12T19:00:00Z,1.394629955291748,1.3946499824523926,1.3937000036239624,1.3943699598312378
2026-08-12T19:30:00Z,1.3943599462509155,1.394670009613037,1.3937000036239624,1.3938000202178955
2026-08-12T20:00:00Z,1.3940800428390503,1.3943500518798828,1.393399953842163,1.394279956817627
2026-08-12T20:30:00Z,1.394279956817627,1.394320011138916,1.3933000564575195,1.393839955329895
2026-08-12T21:00:00Z,1.393839955329895,1.3940099477767944,1.3932000398635864,1.393720030784607
2026-08-12T21:30:00Z,1.3938100337982178,1.3940099477767944,1.3933000564575195,1.3939000368118286
2026-08-12T22:00:00Z,1.3938599824905396,1.3942999839782717,1.3935999870300293,1.3940000534057615
2026-08-12T22:30:00Z,1.3941800594329834,1.3942500352859497,1.3935999870300293,1.3939800262451172
2026-08-12T23:00:00Z,1.393939971923828,1.3941500186920166,1.3934999704360962,1.394129991531372
2026-08-12T23:30:00Z,1.3939000368118286,1.394219994544983,1.3935999870300293,1.394070029258728
2026-08-13T00:00:00Z,1.3940600156784058,1.394189953804016,1.393399953842163,1.393880009651184
2026-08-13T00:30:00Z,1.3938900232315063,1.3941700458526611,1.3933000564575195,1.3939100503921509
2026-08-13T01:00:00Z,1.3939000368118286,1.3943599462509155,1.393399953842163,1.394189953804016
2026-08-13T01:30:00Z,1.394219994544983,1.3946199417114258,1.3937000036239624,1.3945200443267822
2026-08-13T02:00:00Z,1.3944900035858154,1.3948500156402588,1.3940000534057615,1.3947999477386477
2026-08-13T02:30:00Z,1.3948099613189695,1.3950300216674805,1.3941999673843384,1.3947199583053589
2026-08-13T03:00:00Z,1.3947299718856812,1.3950999975204468,1.3941999673843384,1.3949600458145142
2026-08-13T03:30:00Z,1.394950032234192,1.395009994506836,1.3942999839782717,1.394819974899292
2026-08-13T04:00:00Z,1.3948099613189695,1.395009994506836,1.3942999839782717,1.3947399854660034
2026-08-13T04:30:00Z,1.3947399854660034,1.3948299884796145,1.3940000534057615,1.3945599794387815
2026-08-13T05:00:00Z,1.3945599794387815,1.3946499824523926,1.3939000368118286,1.3945599794387815
2026-08-13T05:30:00Z,1.3945499658584597,1.3947499990463257,1.3940000534057615,1.3945499658584597
2026-08-13T06:00:00Z,1.3945399522781372,1.39520001411438,1.3940000534057615,1.3951200246810913
2026-08-13T06:30:00Z,1.3951200246810913,1.3958300352096558,1.3946000337600708,1.3954299688339231
2026-08-13T07:00:00Z,1.3953800201416016,1.3955299854278564,1.3946000337600708,1.3952499628067017
2026-08-13T07:30:00Z,1.395259976387024,1.3955299854278564,1.3946000337600708,1.3952499628067017
2026-08-13T08:00:00Z,1.3952499628067017,1.3955399990081787,1.3946000337600708,1.39520001411438
2026-08-13T08:30:00Z,1.395449995994568,1.3955899477005005,1.394700050354004,1.3953200578689575
2026-08-13T09:00:00Z,1.3953399658203125,1.3955999612808228,1.3940000534057615,1.3945300579071045
2026-08-13T09:30:00Z,1.3945200443267822,1.3947199583053589,1.393399953842163,1.3938900232315063
2026-08-13T10:00:00Z,1.3938699960708618,1.3940999507904053,1.3932000398635864,1.3938699960708618
2026-08-13T10:30:00Z,1.393880009651184,1.394219994544983,1.3935400247573853,1.394029974937439
2026-08-13T11:00:00Z,1.3940399885177612,1.394269943237305,1.393880009651184,1.3939900398254397
2026-08-13T11:30:00Z,1.3939900398254397,1.3945599794387815,1.39382004737854,1.3945200443267822
2026-08-13T12:00:00Z,1.3945200443267822,1.3949700593948364,1.3940000534057615,1.394700050354004
2026-08-13T12:30:00Z,1.394670009613037,1.395169973373413,1.3930599689483645,1.393120050430298
2026-08-13T13:00:00Z,1.393120050430298,1.3937000036239624,1.3926000595092771,1.393630027770996
2026-08-13T13:30:00Z,1.3936500549316406,1.3953100442886353,1.3932000398635864,1.395259976387024
2026-08-13T14:00:00Z,1.3952499628067017,1.3954099416732788,1.3934999704360962,1.3941800594329834
2026-08-13T14:30:00Z,1.394219994544983,1.3947999477386477,1.3934999704360962,1.3943699598312378
2026-08-13T15:00:00Z,1.3943699598312378,1.3944799900054932,1.3932000398635864,1.394070029258728
2026-08-13T15:30:00Z,1.3940500020980835,1.394269943237305,1.393100023269653,1.3937000036239624
2026-08-13T16:00:00Z,1.3937000036239624,1.394070029258728,1.392799973487854,1.3933199644088743
2026-08-13T16:30:00Z,1.3933199644088743,1.393399953842163,1.3926000595092771,1.3931299448013306
2026-08-13T17:00:00Z,1.3931299448013306,1.3937400579452517,1.3925000429153442,1.3936699628829956
2026-08-13T17:30:00Z,1.3936699628829956,1.3937400579452517,1.3926000595092771,1.3936100006103516
2026-08-13T18:00:00Z,1.3935999870300293,1.393880009651184,1.3930000066757202,1.3935199975967407
2026-08-13T18:30:00Z,1.393530011177063,1.3937300443649292,1.3930000066757202,1.393530011177063
2026-08-13T19:00:00Z,1.393530011177063,1.3935500383377075,1.3926000595092771,1.3931900262832642
2026-08-13T19:30:00Z,1.3931699991226196,1.3934999704360962,1.392300009727478,1.3928300142288208
2026-08-13T20:00:00Z,1.3928300142288208,1.3933000564575195,1.392300009727478,1.3930399417877195
2026-08-13T20:30:00Z,1.393049955368042,1.393399953842163,1.3925000429153442,1.3925000429153442
2026-08-13T21:00:00Z,1.392799973487854,1.3934999704360962,1.3924000263214111,1.392799973487854
2026-08-13T21:30:00Z,1.392899990081787,1.3933199644088743,1.392199993133545,1.392799973487854
2026-08-13T22:00:00Z,1.393090009689331,1.3932100534439087,1.3924000263214111,1.392699956893921
2026-08-13T22:30:00Z,1.3930399417877195,1.3931100368499756,1.3924000263214111,1.3929799795150757
2026-08-13T23:00:00Z,1.392699956893921,1.393149971961975,1.392199993133545,1.3929599523544312
2026-08-13T23:30:00Z,1.3929400444030762,1.3930699825286863,1.392199993133545,1.3927099704742432
2026-08-14T00:00:00Z,1.3927199840545654,1.3927799463272097,1.391800045967102,1.392259955406189
2026-08-14T00:30:00Z,1.392300009727478,1.3923699855804443,1.3916000127792358,1.3920999765396118
2026-08-14T01:00:00Z,1.3920999765396118,1.3930399417877195,1.391700029373169,1.3925000429153442
2026-08-14T01:30:00Z,1.3928699493408203,1.3929500579833984,1.392199993133545,1.392899990081787
2026-08-14T02:00:00Z,1.392899990081787,1.392989993095398,1.3919999599456787,1.3925800323486328
2026-08-14T02:30:00Z,1.3925800323486328,1.3926500082015991,1.391800045967102,1.3924399614334106
2026-08-14T03:00:00Z,1.392449975013733,1.392549991607666,1.391700029373169,1.392109990119934
2026-08-14T03:30:00Z,1.3920999765396118,1.3923499584197998,1.3914999961853027,1.391800045967102
2026-08-14T04:00:00Z,1.3920300006866455,1.3922100067138672,1.3913999795913696,1.3918999433517456
2026-08-14T04:30:00Z,1.3921200037002563,1.392199993133545,1.3913999795913696,1.391700029373169
2026-08-14T05:00:00Z,1.391860008239746,1.3919299840927124,1.39110004901886,1.3915599584579468
2026-08-14T05:30:00Z,1.391569972038269,1.3916399478912354,1.3906999826431274,1.391160011291504
2026-08-14T06:00:00Z,1.3911700248718262,1.3912099599838257,1.3904999494552612,1.3910000324249268
2026-08-14T06:30:00Z,1.3910000324249268,1.391029953956604,1.389799952507019,1.3899999856948853
2026-08-14T07:00:00Z,1.3902900218963623,1.3904000520706177,1.3889000415802002,1.3896199464797974
2026-08-14T07:30:00Z,1.3896199464797974,1.3897700309753418,1.388399958610535,1.3889100551605225
2026-08-14T08:00:00Z,1.3889100551605225,1.3893200159072876,1.388100028038025,1.3892099857330322
2026-08-14T08:30:00Z,1.3892099857330322,1.389359951019287,1.3884999752044678,1.3889000415802002
2026-08-14T09:00:00Z,1.3891500234603882,1.3892300128936768,1.3884999752044678,1.388700008392334
2026-08-14T09:30:00Z,1.389050006866455,1.3892500400543213,1.388399958610535,1.3888800144195557
2026-08-14T10:00:00Z,1.3888800144195557,1.389050006866455,1.388200044631958,1.388399958610535
2026-08-14T10:30:00Z,1.388700008392334,1.3889700174331665,1.388200044631958,1.3888499736785889
2026-08-14T11:00:00Z,1.3888200521469116,1.3888499736785889,1.3875999450683594,1.3883700370788574
2026-08-14T11:30:00Z,1.3883700370788574,1.3884799480438232,1.3875000476837158,1.3878999948501587
2026-08-14T12:00:00Z,1.3882100582122805,1.3882299661636353,1.3867000341415403,1.3871500492095947
2026-08-14T12:30:00Z,1.387179970741272,1.3882900476455688,1.386299967765808,1.3881100416183472
2026-08-14T13:00:00Z,1.3878999948501587,1.3883399963378906,1.3873000144958496,1.3878400325775146
2026-08-14T13:30:00Z,1.3875999450683594,1.3880599737167358,1.386199951171875,1.3868299722671509
2026-08-14T14:00:00Z,1.3868399858474731,1.387660026550293,1.3860000371932983,1.3869099617004397
2026-08-14T14:30:00Z,1.3868800401687622,1.3880800008773804,1.3863999843597412,1.3878799676895142
2026-08-14T15:00:00Z,1.3878899812698364,1.388100028038025,1.3869999647140503,1.3876899480819702
2026-08-14T15:30:00Z,1.3876899480819702,1.3876899480819702,1.386199951171875,1.387320041656494
2026-08-14T16:00:00Z,1.3873399496078491,1.3876399993896484,1.3866000175476074,1.3872699737548828
2026-08-14T16:30:00Z,1.3869999647140503,1.387539982795715,1.386299967765808,1.3872599601745603
2026-08-14T17:00:00Z,1.3872699737548828,1.3880200386047363,1.3868999481201172,1.387570023536682
2026-08-14T17:30:00Z,1.3875499963760376,1.388100028038025,1.3869999647140503,1.3877700567245483
2026-08-14T18:00:00Z,1.3877700567245483,1.3878799676895142,1.3869999647140503,1.3874900341033936
2026-08-14T18:30:00Z,1.387470006942749,1.387719988822937,1.3868999481201172,1.3876399993896484
2026-08-14T19:00:00Z,1.3876700401306152,1.3878599405288696,1.3868999481201172,1.387369990348816
2026-08-14T19:30:00Z,1.3873900175094604,1.387779951095581,1.3868999481201172,1.3876099586486816
2026-08-14T20:00:00Z,1.3876099586486816,1.3877500295639038,1.3868000507354736,1.3873399496078491
2026-08-14T20:30:00Z,1.3873399496078491,1.38756000995636,1.3868000507354736,1.3870999813079834
2026-08-14T21:00:00Z,1.3869999647140503,1.3871999979019165,1.3869999647140503,1.3871999979019165
2026-08-16T23:00:00Z,1.3869999647140503,1.3873000144958496,1.3869400024414062,1.3872599601745603
2026-08-16T23:30:00Z,1.3872499465942385,1.3873000144958496,1.386970043182373,1.387220025062561
2026-08-17T00:00:00Z,1.3871899843215942,1.3872300386428833,1.386379957199097,1.3864599466323853
2026-08-17T00:30:00Z,1.3864599466323853,1.3868199586868286,1.386199951171875,1.3866300582885742
2026-08-17T01:00:00Z,1.3863999843597412,1.3871300220489502,1.3861000537872314,1.3868900537490845
2026-08-17T01:30:00Z,1.3868399858474731,1.3871999979019165,1.3861000537872314,1.386620044708252
2026-08-17T02:00:00Z,1.386620044708252,1.3867499828338623,1.3860000371932983,1.386489987373352
2026-08-17T02:30:00Z,1.3864699602127075,1.3868600130081177,1.3860000371932983,1.3868000507354736
2026-08-17T03:00:00Z,1.3868299722671509,1.386980056762695,1.386199951171875,1.38673996925354
2026-08-17T03:30:00Z,1.3867199420928955,1.3868999481201172,1.3860000371932983,1.386489987373352
2026-08-17T04:00:00Z,1.386489987373352,1.3865599632263184,1.385699987411499,1.386299967765808
2026-08-17T04:30:00Z,1.386299967765808,1.3864500522613523,1.385800004005432,1.3864200115203855
2026-08-17T05:00:00Z,1.386389970779419,1.3865000009536743,1.385599970817566,1.385699987411499
2026-08-17T05:30:00Z,1.38604998588562,1.386330008506775,1.3854999542236328,1.3860000371932983
2026-08-17T06:00:00Z,1.386240005493164,1.3867000341415403,1.385599970817566,1.386039972305298
2026-08-17T06:30:00Z,1.38604998588562,1.3863999843597412,1.3853000402450562,1.38578999042511
2026-08-17T07:00:00Z,1.3858100175857544,1.3861000537872314,1.3849999904632568,1.385509967803955
2026-08-17T07:30:00Z,1.385509967803955,1.385740041732788,1.3847999572753906,1.3856799602508545
2026-08-17T08:00:00Z,1.3854000568389893,1.385830044746399,1.3847999572753906,1.3852299451828003
2026-08-17T08:30:00Z,1.3852299451828003,1.3861199617385864,1.3847999572753906,1.385769963264465
2026-08-17T09:00:00Z,1.3854999542236328,1.3859800100326538,1.38510000705719,1.3855899572372437
2026-08-17T09:30:00Z,1.3855899572372437,1.3857500553131104,1.3848999738693235,1.3856899738311768
2026-08-17T10:00:00Z,1.3856799602508545,1.3859100341796875,1.38510000705719,1.385759949684143
2026-08-17T10:30:00Z,1.3858100175857544,1.3861199617385864,1.38510000705719,1.38604998588562
2026-08-17T11:00:00Z,1.386019945144653,1.386240005493164,1.3854000568389893,1.3861299753189087
2026-08-17T11:30:00Z,1.3861000537872314,1.3867100477218628,1.385599970817566,1.3861500024795532
2026-08-17T12:00:00Z,1.386139988899231,1.3862299919128418,1.3847999572753906,1.3857100009918213
2026-08-17T12:30:00Z,1.3857100009918213,1.3859100341796875,1.384600043296814,1.3851399421691897
2026-08-17T13:00:00Z,1.3851100206375122,1.3858799934387207,1.384600043296814,1.385509967803955
2026-08-17T13:30:00Z,1.385509967803955,1.3857100009918213,1.3846999406814575,1.3851799964904783
2026-08-17T14:00:00Z,1.3851799964904783,1.3853600025177002,1.383999943733215,1.3851499557495115
2026-08-17T14:30:00Z,1.3851200342178345,1.3868000507354736,1.3845000267028809,1.3867700099945068
2026-08-17T15:00:00Z,1.3867700099945068,1.38742995262146,1.3861000537872314,1.3870400190353394
2026-08-17T15:30:00Z,1.387030005455017,1.3873599767684937,1.3860000371932983,1.3868399858474731
2026-08-17T16:00:00Z,1.3868399858474731,1.3872599601745603,1.386299967765808,1.3865000009536743
2026-08-17T16:30:00Z,1.3868299722671509,1.387060046195984,1.386199951171875,1.3868900537490845
2026-08-17T17:00:00Z,1.3868999481201172,1.3871300220489502,1.386199951171875,1.386299967765808
2026-08-17T17:30:00Z,1.3866499662399292,1.3874200582504272,1.386199951171875,1.3870199918746948
2026-08-17T18:00:00Z,1.387030005455017,1.387410044670105,1.3863999843597412,1.3872900009155271
2026-08-17T18:30:00Z,1.3872599601745603,1.387719988822937,1.3868999481201172,1.3876099586486816
2026-08-17T19:00:00Z,1.3876099586486816,1.3877700567245483,1.3868000507354736,1.3872100114822388
2026-08-17T19:30:00Z,1.3872100114822388,1.38742995262146,1.3867000341415403,1.3873399496078491
2026-08-17T20:00:00Z,1.3873399496078491,1.3876099586486816,1.3868999481201172,1.3874000310897827
2026-08-17T20:30:00Z,1.3873499631881714,1.387660026550293,1.3868999481201172,1.386970043182373
2026-08-17T21:00:00Z,1.3868000507354736,1.3873499631881714,1.3865000009536743,1.3871999979019165
2026-08-17T21:30:00Z,1.3872499465942385,1.3875999450683594,1.3869999647140503,1.3873900175094604
2026-08-17T22:00:00Z,1.3873800039291382,1.387570023536682,1.3868000507354736,1.3872400522232056
2026-08-17T22:30:00Z,1.3872400522232056,1.3873399496078491,1.3867000341415403,1.3869999647140503
2026-08-17T23:00:00Z,1.3871699571609497,1.3872699737548828,1.3866000175476074,1.3867000341415403
2026-08-17T23:30:00Z,1.3870999813079834,1.387279987335205,1.3865000009536743,1.3870199918746948
2026-08-18T00:00:00Z,1.3867000341415403,1.3873499631881714,1.3861000537872314,1.387310028076172
2026-08-18T00:30:00Z,1.387310028076172,1.3875000476837158,1.3865000009536743,1.386989951133728
2026-08-18T01:00:00Z,1.386989951133728,1.3873800039291382,1.386299967765808,1.3871500492095947
2026-08-18T01:30:00Z,1.3871500492095947,1.3873000144958496,1.386299967765808,1.3867000341415403
2026-08-18T02:00:00Z,1.3870799541473389,1.3872300386428833,1.3865000009536743,1.386989951133728
2026-08-18T02:30:00Z,1.3870099782943726,1.387120008468628,1.3861000537872314,1.386299967765808
2026-08-18T03:00:00Z,1.386579990386963,1.3870400190353394,1.386199951171875,1.3863999843597412
2026-08-18T03:30:00Z,1.3868999481201172,1.3874800205230713,1.3863999843597412,1.3869999647140503
2026-08-18T04:00:00Z,1.3872300386428833,1.387760043144226,1.3867000341415403,1.3874599933624268
2026-08-18T04:30:00Z,1.3871999979019165,1.3876999616622925,1.3868999481201172,1.3871999979019165
2026-08-18T05:00:00Z,1.3875999450683594,1.3878799676895142,1.3870999813079834,1.3876399993896484
2026-08-18T05:30:00Z,1.3875999450683594,1.3877400159835815,1.3869999647140503,1.3871999979019165
2026-08-18T06:00:00Z,1.3875199556350708,1.3876099586486816,1.3865000009536743,1.3868900537490845
2026-08-18T06:30:00Z,1.3868900537490845,1.387719988822937,1.386299967765808,1.3871999979019165
2026-08-18T07:00:00Z,1.3871899843215942,1.3874000310897827,1.386199951171875,1.3870099782943726
2026-08-18T07:30:00Z,1.386980056762695,1.3870099782943726,1.3859000205993652,1.3865300416946411
2026-08-18T08:00:00Z,1.3865400552749634,1.3871300220489502,1.3860000371932983,1.3869099617004397
2026-08-18T08:30:00Z,1.3866000175476074,1.387179970741272,1.3861000537872314,1.3867499828338623
2026-08-18T09:00:00Z,1.3867199420928955,1.386929988861084,1.3859000205993652,1.3859000205993652
2026-08-18T09:30:00Z,1.3864099979400637,1.3868999481201172,1.385699987411499,1.3866599798202517
2026-08-18T10:00:00Z,1.3866499662399292,1.3870799541473389,1.386199951171875,1.3867599964141846
2026-08-18T10:30:00Z,1.3867499828338623,1.3873000144958496,1.386299967765808,1.3868999481201172
2026-08-18T11:00:00Z,1.387220025062561,1.3876999616622925,1.3868000507354736,1.3874800205230713
2026-08-18T11:30:00Z,1.3874800205230713,1.3877999782562256,1.3868999481201172,1.3874399662017822
2026-08-18T12:00:00Z,1.3874499797821045,1.3876700401306152,1.3867000341415403,1.3873300552368164
2026-08-18T12:30:00Z,1.3873300552368164,1.38756000995636,1.386299967765808,1.3873800039291382
2026-08-18T13:00:00Z,1.3873800039291382,1.38742995262146,1.386299967765808,1.3869500160217283
2026-08-18T13:30:00Z,1.3869500160217283,1.3881200551986694,1.386299967765808,1.38742995262146
2026-08-18T14:00:00Z,1.3873800039291382,1.3876999616622925,1.3863999843597412,1.3872300386428833
2026-08-18T14:30:00Z,1.3872599601745603,1.388759970664978,1.3867000341415403,1.3886200189590454
2026-08-18T15:00:00Z,1.3882999420166016,1.3895100355148315,1.3876999616622925,1.3890899419784546
2026-08-18T15:30:00Z,1.3891099691390991,1.3891899585723877,1.388100028038025,1.3890199661254885
2026-08-18T16:00:00Z,1.389050006866455,1.389639973640442,1.3884999752044678,1.3896000385284424
2026-08-18T16:30:00Z,1.3896000385284424,1.3897700309753418,1.3889000415802002,1.3896900415420532
2026-08-18T17:00:00Z,1.3896700143814087,1.3902000188827517,1.38919997215271,1.3901400566101074
2026-08-18T17:30:00Z,1.390120029449463,1.3904800415039062,1.3896000385284424,1.3903299570083618
2026-08-18T18:00:00Z,1.3903299570083618,1.3906199932098389,1.389899969100952,1.3905600309371948
2026-08-18T18:30:00Z,1.3905600309371948,1.391029953956604,1.3899999856948853,1.3905600309371948
2026-08-18T19:00:00Z,1.3905600309371948,1.3907599449157717,1.388800024986267,1.389739990234375
2026-08-18T19:30:00Z,1.3897299766540527,1.3899099826812744,1.3889000415802002,1.3897000551223757
2026-08-18T20:00:00Z,1.3898799419403076,1.3902000188827517,1.389299988746643,1.389870047569275
2026-08-18T20:30:00Z,1.3898799419403076,1.3899099826812744,1.3890999555587769,1.3895299434661863
2026-08-18T21:00:00Z,1.38919997215271,1.3894599676132202,1.388200044631958,1.388949990272522
2026-08-18T21:30:00Z,1.388949990272522,1.3894200325012207,1.388700008392334,1.3892099857330322
2026-08-18T22:00:00Z,1.389140009880066,1.389899969100952,1.3889000415802002,1.3895000219345093
2026-08-18T22:30:00Z,1.3898299932479858,1.3899799585342407,1.389299988746643,1.3897700309753418
2026-08-18T23:00:00Z,1.3897700309753418,1.390120029449463,1.38919997215271,1.3900799751281738
2026-08-18T23:30:00Z,1.3900799751281738,1.390239953994751,1.3898600339889526,1.38988995552063
2026-08-19T00:00:00Z,1.3898799419403076,1.3900099992752075,1.3889000415802002,1.3895299434661863
2026-08-19T00:30:00Z,1.389559984207153,1.3902299404144287,1.3890999555587769,1.3902299404144287
2026-08-19T01:00:00Z,1.3902000188827517,1.3907999992370603,1.3897000551223757,1.390589952468872
2026-08-19T01:30:00Z,1.3905600309371948,1.3906099796295166,1.389299988746643,1.3898600339889526
2026-08-19T02:00:00Z,1.3898600339889526,1.3899500370025637,1.3871300220489502,1.3881900310516355
2026-08-19T02:30:00Z,1.388149976730347,1.3883099555969238,1.3870999813079834,1.387809991836548
2026-08-19T03:00:00Z,1.387760043144226,1.387869954109192,1.3869999647140503,1.3875999450683594
2026-08-19T03:30:00Z,1.387760043144226,1.3883299827575684,1.3873000144958496,1.3882900476455688
2026-08-19T04:00:00Z,1.3882900476455688,1.388319969177246,1.3874000310897827,1.3881200551986694
2026-08-19T04:30:00Z,1.3880800008773804,1.388319969177246,1.3874000310897827,1.3880499601364136
2026-08-19T05:00:00Z,1.3880499601364136,1.388260006904602,1.3874000310897827,1.3875000476837158
2026-08-19T05:30:00Z,1.3880000114440918,1.388219952583313,1.3874000310897827,1.3880200386047363
2026-08-19T06:00:00Z,1.3876999616622925,1.3881200551986694,1.3869999647140503,1.3875900506973269
2026-08-19T06:30:00Z,1.3875900506973269,1.388100028038025,1.3870999813079834,1.387869954109192
2026-08-19T07:00:00Z,1.3878999948501587,1.3878999948501587,1.3868000507354736,1.3877400159835815
2026-08-19T07:30:00Z,1.3877400159835815,1.3877999782562256,1.3868999481201172,1.3874900341033936
2026-08-19T08:00:00Z,1.3874900341033936,1.388100028038025,1.3866000175476074,1.3879799842834473
2026-08-19T08:30:00Z,1.3879799842834473,1.388409972190857,1.3873000144958496,1.3874000310897827
2026-08-19T09:00:00Z,1.387760043144226,1.387869954109192,1.3866000175476074,1.387310028076172
2026-08-19T09:30:00Z,1.387279987335205,1.3874499797821045,1.3865000009536743,1.3871300220489502
2026-08-19T10:00:00Z,1.387120008468628,1.3872300386428833,1.3861000537872314,1.3867000341415403
2026-08-19T10:30:00Z,1.3867100477218628,1.387030005455017,1.3859000205993652,1.3870099782943726
2026-08-19T11:00:00Z,1.3870099782943726,1.3876399993896484,1.386299967765808,1.3871999979019165
2026-08-19T11:30:00Z,1.3875099420547483,1.3877099752426147,1.3868999481201172,1.3868999481201172
2026-08-19T12:00:00Z,1.3873499631881714,1.387539982795715,1.386299967765808,1.3870699405670166
2026-08-19T12:30:00Z,1.3870699405670166,1.3873000144958496,1.3853000402450562,1.3860599994659424
2026-08-19T13:00:00Z,1.3854700326919556,1.3860700130462646,1.3830000162124634,1.383470058441162
2026-08-19T13:30:00Z,1.3832999467849731,1.3839099407196045,1.381700038909912,1.382140040397644
2026-08-19T14:00:00Z,1.3821699619293213,1.3826700448989868,1.3802000284194946,1.380769968032837
2026-08-19T14:30:00Z,1.3807400465011597,1.3821699619293213,1.3799999952316284,1.3813400268554688
2026-08-19T15:00:00Z,1.3811999559402466,1.3826899528503418,1.3808000087738037,1.381909966468811
2026-08-19T15:30:00Z,1.381600022315979,1.3829599618911743,1.381100058555603,1.382140040397644
2026-08-19T16:00:00Z,1.382140040397644,1.3822100162506104,1.3808000087738037,1.3815100193023682
2026-08-19T16:30:00Z,1.3814799785614014,1.3815699815750122,1.3803999423980713,1.3812299966812134
2026-08-19T17:00:00Z,1.3812199831008911,1.3819799423217771,1.3803999423980713,1.381500005722046
2026-08-19T17:30:00Z,1.3817700147628784,1.38264000415802,1.3812999725341797,1.3823299407958984
2026-08-19T18:00:00Z,1.3822799921035769,1.3823699951171875,1.3805999755859375,1.3818199634552002
2026-08-19T18:30:00Z,1.381790041923523,1.3818999528884888,1.3803999423980713,1.3810399770736694
2026-08-19T19:00:00Z,1.3810299634933472,1.3813600540161133,1.3803000450134275,1.3812600374221802
2026-08-19T19:30:00Z,1.381250023841858,1.3816100358963013,1.3803999423980713,1.3808000087738037
2026-08-19T20:00:00Z,1.3810900449752808,1.3813400268554688,1.3804999589920044,1.3808000087738037
2026-08-19T20:30:00Z,1.381119966506958,1.3811500072479248,1.3802000284194946,1.3804700374603271
2026-08-19T21:00:00Z,1.3803999423980713,1.38100004196167,1.3795000314712524,1.380270004272461
2026-08-19T21:30:00Z,1.380270004272461,1.3806099891662598,1.3799999952316284,1.380489945411682
2026-08-19T22:00:00Z,1.3804800510406494,1.3809000253677368,1.3801000118255615,1.3807499408721924
2026-08-19T22:30:00Z,1.3807300329208374,1.3808499574661257,1.3802000284194946,1.3806999921798706
2026-08-19T23:00:00Z,1.38086998462677,1.3809599876403809,1.3802000284194946,1.3809200525283811
2026-08-19T23:30:00Z,1.380910038948059,1.381100058555603,1.3803999423980713,1.38100004196167
2026-08-20T00:00:00Z,1.381019949913025,1.3810700178146362,1.379899978637695,1.3806999921798706
2026-08-20T00:30:00Z,1.3806999921798706,1.3810499906539917,1.3799999952316284,1.3809700012207031
2026-08-20T01:00:00Z,1.380929946899414,1.3812600374221802,1.379699945449829,1.3801599740982056
2026-08-20T01:30:00Z,1.3801599740982056,1.3807599544525146,1.379699945449829,1.3801599740982056
2026-08-20T02:00:00Z,1.3801900148391724,1.380810022354126,1.3795000314712524,1.3806099891662598
2026-08-20T02:30:00Z,1.3805999755859375,1.3809000253677368,1.3801000118255615,1.3807799816131592
2026-08-20T03:00:00Z,1.380769968032837,1.3808900117874146,1.3797999620437622,1.3803999423980713
2026-08-20T03:30:00Z,1.380370020866394,1.3804099559783936,1.3794000148773191,1.379870057106018
2026-08-20T04:00:00Z,1.379930019378662,1.380020022392273,1.3789000511169434,1.3797099590301514
2026-08-20T04:30:00Z,1.3797099590301514,1.380370020866394,1.3791999816894531,1.379899978637695
2026-08-20T05:00:00Z,1.3802499771118164,1.3803499937057495,1.3795000314712524,1.3803199529647827
2026-08-20T05:30:00Z,1.3802800178527832,1.3803199529647827,1.37909996509552,1.379680037498474
2026-08-20T06:00:00Z,1.379680037498474,1.3800699710845947,1.3789000511169434,1.3794900178909302
2026-08-20T06:30:00Z,1.3794900178909302,1.3797399997711182,1.378499984741211,1.3787000179290771
2026-08-20T07:00:00Z,1.378999948501587,1.3796199560165403,1.3782000541687012,1.3787200450897217
2026-08-20T07:30:00Z,1.3787699937820437,1.3788800239562988,1.377400040626526,1.3780499696731567
2026-08-20T08:00:00Z,1.3780399560928345,1.3782000541687012,1.3767999410629272,1.3772900104522705
2026-08-20T08:30:00Z,1.3772900104522705,1.377709984779358,1.3767000436782837,1.3770300149917605
2026-08-20T09:00:00Z,1.3770099878311155,1.377769947052002,1.3756999969482422,1.3765900135040283
2026-08-20T09:30:00Z,1.3765900135040283,1.3774199485778809,1.3759000301361084,1.3764100074768066
2026-08-20T10:00:00Z,1.3764100074768066,1.3766299486160278,1.375100016593933,1.375100016593933
2026-08-20T10:30:00Z,1.375599980354309,1.3769299983978271,1.375300049781799,1.3768099546432495
2026-08-20T11:00:00Z,1.3767900466918943,1.3769099712371826,1.3758000135421753,1.3766200542449951
2026-08-20T11:30:00Z,1.3766499757766724,1.377269983291626,1.3758000135421753,1.3767000436782837
2026-08-20T12:00:00Z,1.3768800497055054,1.3778400421142578,1.3762999773025513,1.377400040626526
2026-08-20T12:30:00Z,1.3776099681854248,1.378640055656433,1.3771899938583374,1.377810001373291
2026-08-20T13:00:00Z,1.3778300285339355,1.3778400421142578,1.3761999607086182,1.377079963684082
2026-08-20T13:30:00Z,1.3770899772644043,1.3785400390625,1.3766000270843506,1.378250002861023
2026-08-20T14:00:00Z,1.3782199621200562,1.3787200450897217,1.3772000074386597,1.3786300420761108
2026-08-20T14:30:00Z,1.3786200284957886,1.3787599802017212,1.377400040626526,1.378190040588379
2026-08-20T15:00:00Z,1.3781800270080566,1.3786300420761108,1.3769999742507937,1.3773900270462036
2026-08-20T15:30:00Z,1.3773900270462036,1.378999948501587,1.3769999742507937,1.3781499862670898
2026-08-20T16:00:00Z,1.3781800270080566,1.3790099620819092,1.3776999711990356,1.378890037536621
2026-08-20T16:30:00Z,1.3789000511169434,1.3795499801635742,1.378499984741211,1.37909996509552
2026-08-20T17:00:00Z,1.3791099786758425,1.3794399499893188,1.3783999681472778,1.3788599967956543
2026-08-20T17:30:00Z,1.3788399696350098,1.379040002822876,1.3782000541687012,1.3787599802017212
2026-08-20T18:00:00Z,1.3787599802017212,1.3794399499893188,1.3782000541687012,1.3790099620819092
2026-08-20T18:30:00Z,1.378980040550232,1.37909996509552,1.3783999681472778,1.3789900541305542
2026-08-20T19:00:00Z,1.3789600133895874,1.3794699907302856,1.378499984741211,1.3787000179290771
2026-08-20T19:30:00Z,1.3790700435638428,1.379480004310608,1.378499984741211,1.3794599771499634
2026-08-20T20:00:00Z,1.3794599771499634,1.3794699907302856,1.378499984741211,1.3788000345230105
2026-08-20T20:30:00Z,1.379040002822876,1.3791300058364868,1.378100037574768,1.3787100315093994
2026-08-20T21:00:00Z,1.3786799907684326,1.3788299560546875,1.378000020980835,1.3782600164413452
2026-08-20T21:30:00Z,1.3783999681472778,1.378600001335144,1.378000020980835,1.3783999681472778
2026-08-20T22:00:00Z,1.3782800436019895,1.3788000345230105,1.378100037574768,1.3784300088882446
2026-08-20T22:30:00Z,1.378469944000244,1.3785799741744995,1.377900004386902,1.3782000541687012
2026-08-20T23:00:00Z,1.378350019454956,1.3784199953079224,1.3775999546051023,1.3781700134277344
2026-08-20T23:30:00Z,1.3781399726867676,1.3783700466156006,1.3775999546051023,1.3781499862670898
2026-08-21T00:00:00Z,1.3781399726867676,1.378209948539734,1.3772000074386597,1.3778200149536133
2026-08-21T00:30:00Z,1.3778200149536133,1.3779300451278689,1.3772000074386597,1.377500057220459
2026-08-21T01:00:00Z,1.3777400255203247,1.378059983253479,1.3768999576568604,1.3773599863052368
2026-08-21T01:30:00Z,1.3773599863052368,1.3774800300598145,1.3766000270843506,1.3772000074386597
2026-08-21T02:00:00Z,1.3771799802780151,1.3774299621582031,1.3762999773025513,1.3767600059509275
2026-08-21T02:30:00Z,1.3767900466918943,1.3768099546432495,1.375599980354309,1.3760000467300415
2026-08-21T03:00:00Z,1.3763799667358398,1.376479983329773,1.375599980354309,1.3763999938964844
2026-08-21T03:30:00Z,1.3764300346374512,1.3766200542449951,1.3759000301361084,1.3764599561691284
2026-08-21T04:00:00Z,1.3764599561691284,1.3765699863433838,1.3758000135421753,1.3764400482177734
2026-08-21T04:30:00Z,1.3764400482177734,1.37663996219635,1.3759000301361084,1.3765900135040283
2026-08-21T05:00:00Z,1.3765900135040283,1.3768500089645386,1.3760000467300415,1.3765300512313845
2026-08-21T05:30:00Z,1.3765300512313845,1.37663996219635,1.375499963760376,1.3759499788284302
2026-08-21T06:00:00Z,1.3759499788284302,1.376729965209961,1.375499963760376,1.3765000104904177
2026-08-21T06:30:00Z,1.3765100240707395,1.3765499591827393,1.375499963760376,1.3760099411010742
2026-08-21T07:00:00Z,1.3760099411010742,1.37663996219635,1.375300049781799,1.3763099908828735
2026-08-21T07:30:00Z,1.3763099908828735,1.376469969749451,1.375300049781799,1.3758599758148191
2026-08-21T08:00:00Z,1.375849962234497,1.3760000467300415,1.374699950218201,1.375349998474121
2026-08-21T08:30:00Z,1.3753399848937988,1.375499963760376,1.3741999864578247,1.3746600151062012
2026-08-21T09:00:00Z,1.3746399879455566,1.3751300573349,1.373900055885315,1.375040054321289
2026-08-21T09:30:00Z,1.3750100135803225,1.3751499652862549,1.3740999698638916,1.3749500513076782
2026-08-21T10:00:00Z,1.374899983406067,1.375,1.3733999729156494,1.3739299774169922
2026-08-21T10:30:00Z,1.373900055885315,1.3742599487304688,1.3730000257492063,1.374119997024536
2026-08-21T11:00:00Z,1.374150037765503,1.374400019645691,1.3732999563217163,1.373890042304993
2026-08-21T11:30:00Z,1.373860001564026,1.3743400573730469,1.3732000589370728,1.3737800121307373
2026-08-21T12:00:00Z,1.3737800121307373,1.3741999864578247,1.3727999925613403,1.3740099668502808
2026-08-21T12:30:00Z,1.3739299774169922,1.3750300407409668,1.3733999729156494,1.3745399713516235
2026-08-21T13:00:00Z,1.3745499849319458,1.3750699758529663,1.373900055885315,1.374400019645691
2026-08-21T13:30:00Z,1.374750018119812,1.3752599954605105,1.3740999698638916,1.374940037727356
2026-08-21T14:00:00Z,1.374940037727356,1.3762199878692627,1.3746000528335571,1.3761999607086182
2026-08-21T14:30:00Z,1.376170039176941,1.377750039100647,1.3756999969482422,1.3772799968719482
2026-08-21T15:00:00Z,1.377310037612915,1.3775299787521362,1.3763999938964844,1.3769500255584717
2026-08-21T15:30:00Z,1.3769299983978271,1.3771899938583374,1.376099944114685,1.3765699863433838
2026-08-21T16:00:00Z,1.376579999923706,1.377020001411438,1.3759000301361084,1.3765000104904177
2026-08-21T16:30:00Z,1.376829981803894,1.3768800497055054,1.3759000301361084,1.376520037651062
2026-08-21T17:00:00Z,1.376520037651062,1.3767900466918943,1.375499963760376,1.375939965248108
2026-08-21T17:30:00Z,1.3759599924087524,1.3762799501419067,1.375,1.3761800527572632
2026-08-21T18:00:00Z,1.376170039176941,1.3763699531555176,1.3753999471664429,1.375599980354309
2026-08-21T18:30:00Z,1.376109957695007,1.376469969749451,1.375499963760376,1.3761199712753296
2026-08-21T19:00:00Z,1.376129984855652,1.3768500089645386,1.375599980354309,1.3767399787902832
2026-08-21T19:30:00Z,1.376710057258606,1.3769299983978271,1.3759000301361084,1.376870036125183
2026-08-21T20:00:00Z,1.376889944076538,1.3769299983978271,1.3759000301361084,1.3765000104904177
2026-08-21T20:30:00Z,1.3762999773025513,1.3769199848175049,1.3759000301361084,1.375920057296753
2026-08-21T21:00:00Z,1.3763999938964844,1.3763999938964844,1.3762999773025513,1.3762999773025513
2026-08-23T23:00:00Z,1.379390001296997,1.3794900178909302,1.3788000345230105,1.37909996509552
2026-08-23T23:30:00Z,1.379420042037964,1.3799400329589844,1.3788000345230105,1.378999948501587
2026-08-24T00:00:00Z,1.3792400360107422,1.3795700073242188,1.377900004386902,1.3785799741744995
2026-08-24T00:30:00Z,1.378559947013855,1.3789000511169434,1.378000020980835,1.378749966621399
2026-08-24T01:00:00Z,1.3787000179290771,1.379889965057373,1.3783999681472778,1.3794000148773191
2026-08-24T01:30:00Z,1.3795900344848633,1.379830002784729,1.3788000345230105,1.3793100118637085
2026-08-24T02:00:00Z,1.3793100118637085,1.3796000480651855,1.378499984741211,1.379040002822876
2026-08-24T02:30:00Z,1.3790199756622314,1.379430055618286,1.378600001335144,1.3792200088500977
2026-08-24T03:00:00Z,1.3792200088500977,1.379430055618286,1.378600001335144,1.3791799545288086
2026-08-24T03:30:00Z,1.3789000511169434,1.3792999982833862,1.378499984741211,1.3791199922561646
2026-08-24T04:00:00Z,1.3791199922561646,1.3797999620437622,1.3787000179290771,1.3793200254440308
2026-08-24T04:30:00Z,1.3793100118637085,1.3795499801635742,1.3788000345230105,1.3794499635696411
2026-08-24T05:00:00Z,1.379420042037964,1.379830002784729,1.3789000511169434,1.3798199892044067
2026-08-24T05:30:00Z,1.37978994846344,1.3799999952316284,1.3791999816894531,1.3797600269317627
2026-08-24T06:00:00Z,1.3797600269317627,1.3819199800491333,1.3794000148773191,1.3816900253295898
2026-08-24T06:30:00Z,1.3813999891281128,1.382259964942932,1.38100004196167,1.381999969482422
2026-08-24T07:00:00Z,1.3819899559020996,1.3832000494003296,1.3811999559402466,1.3826700448989868
2026-08-24T07:30:00Z,1.3824000358581543,1.383800029754639,1.381999969482422,1.3836699724197388
2026-08-24T08:00:00Z,1.3836400508880615,1.3841999769210815,1.3831000328063965,1.3841899633407593
2026-08-24T08:30:00Z,1.3841899633407593,1.3844000101089478,1.3834999799728394,1.3842600584030151
2026-08-24T09:00:00Z,1.3842500448226929,1.3842600584030151,1.3831000328063965,1.3836599588394165
2026-08-24T09:30:00Z,1.3836400508880615,1.3838800191879272,1.382599949836731,1.3833099603652954
2026-08-24T10:00:00Z,1.3830000162124634,1.3834199905395508,1.3825000524520874,1.3830900192260742
2026-08-24T10:30:00Z,1.383080005645752,1.3840700387954712,1.382599949836731,1.3840099573135376
2026-08-24T11:00:00Z,1.3839900493621826,1.384660005569458,1.3833999633789062,1.3841099739074707
2026-08-24T11:30:00Z,1.3841099739074707,1.3847299814224243,1.3833999633789062,1.3845800161361694
2026-08-24T12:00:00Z,1.3842999935150146,1.3850699663162231,1.3832999467849731,1.383769989013672
2026-08-24T12:30:00Z,1.383769989013672,1.3844499588012695,1.382699966430664,1.383520007133484
2026-08-24T13:00:00Z,1.3835400342941284,1.383579969406128,1.381999969482422,1.3829200267791748
2026-08-24T13:30:00Z,1.382889986038208,1.3835400342941284,1.3818000555038452,1.3827099800109863
2026-08-24T14:00:00Z,1.3827300071716309,1.38372004032135,1.381999969482422,1.3826099634170532
2026-08-24T14:30:00Z,1.3823000192642212,1.3844000101089478,1.3818000555038452,1.3839800357818604
2026-08-24T15:00:00Z,1.3839499950408936,1.384029984474182,1.3827999830245972,1.3831700086593628
2026-08-24T15:30:00Z,1.383180022239685,1.3842400312423706,1.382599949836731,1.3840999603271484
2026-08-24T16:00:00Z,1.383800029754639,1.3844200372695925,1.3833999633789062,1.384310007095337
2026-08-24T16:30:00Z,1.384310007095337,1.3848299980163574,1.3837000131607056,1.3847999572753906
2026-08-24T17:00:00Z,1.3847899436950684,1.386019945144653,1.3842999935150146,1.3858799934387207
2026-08-24T17:30:00Z,1.385849952697754,1.3860100507736206,1.3849999904632568,1.3856799602508545
2026-08-24T18:00:00Z,1.3856899738311768,1.3858400583267212,1.384600043296814,1.3850300312042236
2026-08-24T18:30:00Z,1.3850300312042236,1.385599970817566,1.3845000267028809,1.384960055351257
2026-08-24T19:00:00Z,1.384960055351257,1.3851300477981567,1.3841999769210815,1.3849899768829346
2026-08-24T19:30:00Z,1.38496994972229,1.3850300312042236,1.3839000463485718,1.3845000267028809
2026-08-24T20:00:00Z,1.384529948234558,1.3848799467086792,1.3839000463485718,1.384600043296814
2026-08-24T20:30:00Z,1.3845700025558472,1.3848999738693235,1.383800029754639,1.3840800523757937
2026-08-24T21:00:00Z,1.3841999769210815,1.3842999935150146,1.3834199905395508,1.3840899467468262
2026-08-24T21:30:00Z,1.3840999603271484,1.384310007095337,1.3834999799728394,1.3835999965667725
2026-08-24T22:00:00Z,1.3841099739074707,1.3848299980163574,1.3835999965667725,1.384220004081726
2026-08-24T22:30:00Z,1.3842300176620483,1.3843799829483032,1.383800029754639,1.384269952774048
2026-08-24T23:00:00Z,1.384269952774048,1.3845000267028809,1.3837000131607056,1.3844399452209473
2026-08-24T23:30:00Z,1.3844200372695925,1.3845100402832031,1.3837000131607056,1.3839000463485718
2026-08-25T00:00:00Z,1.3840700387954712,1.3846100568771362,1.3835999965667725,1.3843899965286257
2026-08-25T00:30:00Z,1.3843899965286257,1.3846100568771362,1.3839000463485718,1.3845399618148804
2026-08-25T01:00:00Z,1.3845499753952026,1.3849999904632568,1.3840999603271484,1.3845000267028809
2026-08-25T01:30:00Z,1.3848299980163574,1.3853700160980225,1.3845000267028809,1.3852699995040894
2026-08-25T02:00:00Z,1.385259985923767,1.3854000568389893,1.384600043296814,1.385010004043579
2026-08-25T02:30:00Z,1.385010004043579,1.3853100538253784,1.3844000101089478,1.3851499557495115
2026-08-25T03:00:00Z,1.3851100206375122,1.3853600025177002,1.384600043296814,1.3853299617767334
2026-08-25T03:30:00Z,1.3853000402450562,1.3854600191116333,1.3846999406814575,1.3853299617767334
2026-08-25T04:00:00Z,1.3853199481964111,1.3859800100326538,1.3848999738693235,1.385599970817566
2026-08-25T04:30:00Z,1.3859100341796875,1.3860299587249756,1.3854000568389893,1.3859000205993652
2026-08-25T05:00:00Z,1.3859100341796875,1.386080026626587,1.3854000568389893,1.3859699964523315
2026-08-25T05:30:00Z,1.3859299421310425,1.3862299919128418,1.3853000402450562,1.3859800100326538
2026-08-25T06:00:00Z,1.3859800100326538,1.3864200115203855,1.3853000402450562,1.385769963264465
2026-08-25T06:30:00Z,1.385740041732788,1.3866900205612185,1.38510000705719,1.3865000009536743
2026-08-25T07:00:00Z,1.3865100145339966,1.3865400552749634,1.385200023651123,1.386139988899231
2026-08-25T07:30:00Z,1.386139988899231,1.3866499662399292,1.385599970817566,1.386039972305298
2026-08-25T08:00:00Z,1.3860100507736206,1.386330008506775,1.3854000568389893,1.385599970817566
2026-08-25T08:30:00Z,1.385949969291687,1.3862600326538086,1.3853000402450562,1.3860299587249756
2026-08-25T09:00:00Z,1.386019945144653,1.3861299753189087,1.3849999904632568,1.3854999542236328
2026-08-25T09:30:00Z,1.3858400583267212,1.3859000205993652,1.3847999572753906,1.385450005531311
2026-08-25T10:00:00Z,1.3854299783706665,1.386389970779419,1.3849999904632568,1.3863099813461304
2026-08-25T10:30:00Z,1.3862700462341309,1.3864599466323853,1.38510000705719,1.3858699798583984
2026-08-25T11:00:00Z,1.3858699798583984,1.3859200477600098,1.3848999738693235,1.3856199979782104
2026-08-25T11:30:00Z,1.3856099843978882,1.3860700130462646,1.3848999738693235,1.385699987411499
2026-08-25T12:00:00Z,1.386019945144653,1.386240005493164,1.3849999904632568,1.3861600160598757
2026-08-25T12:30:00Z,1.386139988899231,1.3862500190734863,1.3846999406814575,1.38510000705719
2026-08-25T13:00:00Z,1.3851100206375122,1.3855899572372437,1.383999943733215,1.3846399784088137
2026-08-25T13:30:00Z,1.3846399784088137,1.3848700523376465,1.3830000162124634,1.3833400011062622
2026-08-25T14:00:00Z,1.3833500146865845,1.3837100267410278,1.382599949836731,1.3835099935531616
2026-08-25T14:30:00Z,1.3835099935531616,1.3839099407196045,1.382200002670288,1.3834500312805176
2026-08-25T15:00:00Z,1.383440017700195,1.3844499588012695,1.3831000328063965,1.384160041809082
2026-08-25T15:30:00Z,1.3839000463485718,1.384160041809082,1.3830000162124634,1.383430004119873
2026-08-25T16:00:00Z,1.383430004119873,1.38401997089386,1.3827999830245972,1.3839199542999268
2026-08-25T16:30:00Z,1.3839499950408936,1.3840700387954712,1.3832000494003296,1.3838599920272827
2026-08-25T17:00:00Z,1.383829951286316,1.3840999603271484,1.3831000328063965,1.3835300207138062
2026-08-25T17:30:00Z,1.3835300207138062,1.3837000131607056,1.3827999830245972,1.3833800554275513
2026-08-25T18:00:00Z,1.3833500146865845,1.3833999633789062,1.3825000524520874,1.3830699920654297
2026-08-25T18:30:00Z,1.3831000328063965,1.3832800388336182,1.3824000358581543,1.3829200267791748
2026-08-25T19:00:00Z,1.3829100131988523,1.3829900026321411,1.382099986076355,1.3828200101852417
2026-08-25T19:30:00Z,1.3827999830245972,1.3831000328063965,1.3823000192642212,1.382699966430664
2026-08-25T20:00:00Z,1.3829699754714966,1.3834999799728394,1.3825000524520874,1.3833500146865845
2026-08-25T20:30:00Z,1.3833400011062622,1.3846499919891355,1.3828999996185305,1.3836400508880615
2026-08-25T21:00:00Z,1.3836300373077393,1.3839000463485718,1.382699966430664,1.3837300539016724
2026-08-25T21:30:00Z,1.3835999965667725,1.3839000463485718,1.3831000328063965,1.3833600282669067
2026-08-25T22:00:00Z,1.383370041847229,1.3838599920272827,1.3830000162124634,1.383769989013672
2026-08-25T22:30:00Z,1.3833999633789062,1.3838200569152832,1.3828999996185305,1.383389949798584
2026-08-25T23:00:00Z,1.3833800554275513,1.383780002593994,1.3828999996185305,1.3837499618530271
2026-08-25T23:30:00Z,1.3833999633789062,1.3839000463485718,1.3832000494003296,1.38372004032135
2026-08-26T00:00:00Z,1.383620023727417,1.38401997089386,1.3831000328063965,1.383929967880249
2026-08-26T00:30:00Z,1.3839399814605713,1.3843400478363037,1.3834999799728394,1.3842400312423706
2026-08-26T01:00:00Z,1.3842099905014038,1.384960055351257,1.383800029754639,1.384719967842102
2026-08-26T01:30:00Z,1.384719967842102,1.3847800493240356,1.383800029754639,1.3844900131225586
2026-08-26T02:00:00Z,1.3844799995422363,1.3855299949645996,1.3839000463485718,1.3853000402450562
2026-08-26T02:30:00Z,1.3853000402450562,1.3856199979782104,1.384600043296814,1.3854600191116333
2026-08-26T03:00:00Z,1.38510000705719,1.386019945144653,1.3849999904632568,1.3858400583267212
2026-08-26T03:30:00Z,1.3858599662780762,1.3860000371932983,1.385200023651123,1.3854000568389893
2026-08-26T04:00:00Z,1.3858799934387207,1.3861600160598757,1.3854000568389893,1.3861500024795532
2026-08-26T04:30:00Z,1.3861500024795532,1.3865599632263184,1.385599970817566,1.3861000537872314
2026-08-26T05:00:00Z,1.3864400386810305,1.3866499662399292,1.385699987411499,1.3862299919128418
2026-08-26T05:30:00Z,1.3862199783325195,1.3863099813461304,1.3854999542236328,1.3861000537872314
2026-08-26T06:00:00Z,1.3861099481582642,1.3863699436187744,1.38510000705719,1.385949969291687
2026-08-26T06:30:00Z,1.385949969291687,1.386549949645996,1.3854999542236328,1.386240005493164
2026-08-26T07:00:00Z,1.386240005493164,1.3864699602127075,1.385599970817566,1.3861199617385864
2026-08-26T07:30:00Z,1.3859000205993652,1.3864599466323853,1.3854000568389893,1.3862799406051636
2026-08-26T08:00:00Z,1.3860000371932983,1.3863600492477417,1.3853000402450562,1.385800004005432
2026-08-26T08:30:00Z,1.3861199617385864,1.3867299556732178,1.385599970817566,1.3865599632263184
2026-08-26T09:00:00Z,1.3865699768066406,1.3870099782943726,1.3861000537872314,1.3865000009536743
2026-08-26T09:30:00Z,1.3867700099945068,1.3869600296020508,1.3860000371932983,1.386680006980896
2026-08-26T10:00:00Z,1.3866599798202517,1.3870400190353394,1.3861000537872314,1.3868199586868286
2026-08-26T10:30:00Z,1.3868399858474731,1.3869600296020508,1.386199951171875,1.3868900537490845
2026-08-26T11:00:00Z,1.3868600130081177,1.3874200582504272,1.386299967765808,1.3868000507354736
2026-08-26T11:30:00Z,1.3871099948883057,1.3871500492095947,1.385800004005432,1.386199951171875
2026-08-26T12:00:00Z,1.3861900568008425,1.386379957199097,1.3854000568389893,1.385769963264465
2026-08-26T12:30:00Z,1.385699987411499,1.3873000144958496,1.385200023651123,1.3871699571609497
2026-08-26T13:00:00Z,1.3871699571609497,1.3878400325775146,1.3866000175476074,1.3871500492095947
2026-08-26T13:30:00Z,1.3871699571609497,1.38782000541687,1.386199951171875,1.386929988861084
2026-08-26T14:00:00Z,1.386929988861084,1.3887900114059448,1.3863999843597412,1.388659954071045
2026-08-26T14:30:00Z,1.3886899948120115,1.3892699480056765,1.3876999616622925,1.388800024986267
2026-08-26T15:00:00Z,1.3891299962997437,1.389299988746643,1.3878999948501587,1.388569951057434
2026-08-26T15:30:00Z,1.388550043106079,1.3885999917984009,1.3871999979019165,1.3876899480819702
2026-08-26T16:00:00Z,1.3876800537109375,1.387850046157837,1.3865000009536743,1.3871599435806274
2026-08-26T16:30:00Z,1.3871300220489502,1.3879200220108032,1.3865000009536743,1.3877400159835815
2026-08-26T17:00:00Z,1.3877400159835815,1.388069987297058,1.3867000341415403,1.387220025062561
2026-08-26T17:30:00Z,1.3872100114822388,1.3876399993896484,1.3867000341415403,1.3874399662017822
2026-08-26T18:00:00Z,1.38742995262146,1.3876299858093262,1.3866000175476074,1.3876099586486816
2026-08-26T18:30:00Z,1.3875900506973269,1.3878999948501587,1.3869999647140503,1.3877999782562256
2026-08-26T19:00:00Z,1.38782000541687,1.3878999948501587,1.3870999813079834,1.387619972229004
2026-08-26T19:30:00Z,1.3876299858093262,1.3879499435424805,1.3870999813079834,1.3877099752426147
2026-08-26T20:00:00Z,1.3876999616622925,1.3880300521850586,1.3871999979019165,1.3878300189971924
2026-08-26T20:30:00Z,1.3875000476837158,1.38782000541687,1.3868999481201172,1.387369990348816
2026-08-26T21:00:00Z,1.3874000310897827,1.3875999450683594,1.3869999647140503,1.3873000144958496
2026-08-26T21:30:00Z,1.3874599933624268,1.3875000476837158,1.3868999481201172,1.3872900009155271
2026-08-26T22:00:00Z,1.387310028076172,1.3876500129699707,1.3869999647140503,1.3875499963760376
2026-08-26T22:30:00Z,1.387539982795715,1.3876299858093262,1.3870999813079834,1.3875800371170044
2026-08-26T23:00:00Z,1.3875999450683594,1.387809991836548,1.3868999481201172,1.3877700567245483
2026-08-26T23:30:00Z,1.3873000144958496,1.387850046157837,1.3869999647140503,1.387470006942749
2026-08-27T00:00:00Z,1.387470006942749,1.3881399631500244,1.3869999647140503,1.387529969215393
2026-08-27T00:30:00Z,1.3875000476837158,1.387760043144226,1.3868000507354736,1.387320041656494
2026-08-27T01:00:00Z,1.387320041656494,1.387850046157837,1.3868999481201172,1.3877999782562256
2026-08-27T01:30:00Z,1.3877999782562256,1.3880000114440918,1.3870999813079834,1.3878899812698364
2026-08-27T02:00:00Z,1.3878599405288696,1.388069987297058,1.3871999979019165,1.3880599737167358
2026-08-27T02:30:00Z,1.3880300521850586,1.388319969177246,1.3875000476837158,1.3882100582122805
2026-08-27T03:00:00Z,1.388219952583313,1.388260006904602,1.3875000476837158,1.3882499933242798
2026-08-27T03:30:00Z,1.388219952583313,1.3884999752044678,1.3876999616622925,1.3883899450302124
2026-08-27T04:00:00Z,1.3884199857711792,1.388550043106079,1.3876999616622925,1.3878999948501587
2026-08-27T04:30:00Z,1.388200044631958,1.3883600234985352,1.3876999616622925,1.3881700038909912
2026-08-27T05:00:00Z,1.3881700038909912,1.3884799480438232,1.3875999450683594,1.3881100416183472
2026-08-27T05:30:00Z,1.388069987297058,1.3885400295257568,1.3875999450683594,1.3884799480438232
2026-08-27T06:00:00Z,1.388450026512146,1.3886300325393677,1.3878999948501587,1.3883600234985352
2026-08-27T06:30:00Z,1.388409972190857,1.3888100385665894,1.3878999948501587,1.3887499570846558
2026-08-27T07:00:00Z,1.3887900114059448,1.3890999555587769,1.388100028038025,1.3890600204467771
2026-08-27T07:30:00Z,1.388949990272522,1.3890999555587769,1.3877999782562256,1.3882999420166016
2026-08-27T08:00:00Z,1.3880000114440918,1.3884199857711792,1.3873000144958496,1.388100028038025
2026-08-27T08:30:00Z,1.388319969177246,1.388550043106079,1.3875000476837158,1.388129949569702
2026-08-27T09:00:00Z,1.3881200551986694,1.388319969177246,1.3873000144958496,1.3880000114440918
2026-08-27T09:30:00Z,1.3880300521850586,1.3886899948120115,1.3876999616622925,1.3884199857711792
2026-08-27T10:00:00Z,1.3884199857711792,1.38850998878479,1.3874000310897827,1.3879300355911257
2026-08-27T10:30:00Z,1.3878999948501587,1.3887799978256226,1.3874000310897827,1.388399958610535
2026-08-27T11:00:00Z,1.3885799646377563,1.3886300325393677,1.3870999813079834,1.387529969215393
2026-08-27T11:30:00Z,1.387529969215393,1.387850046157837,1.3863999843597412,1.387179970741272
2026-08-27T12:00:00Z,1.3872100114822388,1.3877700567245483,1.386299967765808,1.387030005455017
2026-08-27T12:30:00Z,1.3870099782943726,1.3873599767684937,1.386299967765808,1.3872400522232056
2026-08-27T13:00:00Z,1.3872400522232056,1.3873900175094604,1.3848999738693235,1.3854600191116333
2026-08-27T13:30:00Z,1.3854899406433103,1.3868000507354736,1.3849999904632568,1.3861299753189087
2026-08-27T14:00:00Z,1.385800004005432,1.386620044708252,1.385200023651123,1.3861000537872314
2026-08-27T14:30:00Z,1.3861199617385864,1.3863099813461304,1.3847999572753906,1.3861299753189087
2026-08-27T15:00:00Z,1.3861199617385864,1.3866599798202517,1.3854999542236328,1.3862600326538086
2026-08-27T15:30:00Z,1.3862700462341309,1.386299967765808,1.3849999904632568,1.3855600357055664
2026-08-27T16:00:00Z,1.3855600357055664,1.3861000537872314,1.3849999904632568,1.3857100009918213
2026-08-27T16:30:00Z,1.3857200145721436,1.385890007019043,1.3849999904632568,1.3856500387191772
2026-08-27T17:00:00Z,1.3856600522994995,1.386019945144653,1.385200023651123,1.385599970817566
2026-08-27T17:30:00Z,1.3858599662780762,1.38618004322052,1.3849999904632568,1.3853000402450562
2026-08-27T18:00:00Z,1.3856099843978882,1.386019945144653,1.3849999904632568,1.385699987411499
2026-08-27T18:30:00Z,1.3859599828720093,1.386199951171875,1.385200023651123,1.385800004005432
2026-08-27T19:00:00Z,1.385769963264465,1.3858799934387207,1.38510000705719,1.3856300115585327
2026-08-27T19:30:00Z,1.3856300115585327,1.3859800100326538,1.3846999406814575,1.385409951210022
2026-08-27T20:00:00Z,1.385409951210022,1.385550022125244,1.3847999572753906,1.3854800462722778
2026-08-27T20:30:00Z,1.3854800462722778,1.3858200311660769,1.3849999904632568,1.3851100206375122
2026-08-27T21:00:00Z,1.3849999904632568,1.3856899738311768,1.3847999572753906,1.3852399587631226
2026-08-27T21:30:00Z,1.3852499723434448,1.3854899406433103,1.3847999572753906,1.38510000705719
2026-08-27T22:00:00Z,1.38510000705719,1.3854000568389893,1.3847999572753906,1.385259985923767
2026-08-27T22:30:00Z,1.385290026664734,1.3853399753570557,1.384600043296814,1.3847999572753906
2026-08-27T23:00:00Z,1.3850500583648682,1.3853399753570557,1.384600043296814,1.3852800130844116
2026-08-27T23:30:00Z,1.3853000402450562,1.385349988937378,1.3846999406814575,1.3851200342178345
2026-08-28T00:00:00Z,1.3851200342178345,1.385259985923767,1.3844000101089478,1.38510000705719
2026-08-28T00:30:00Z,1.38510000705719,1.385200023651123,1.3842999935150146,1.3848700523376465
2026-08-28T01:00:00Z,1.3848799467086792,1.3853600025177002,1.3844000101089478,1.385290026664734
2026-08-28T01:30:00Z,1.3848999738693235,1.3855600357055664,1.3846999406814575,1.3854199647903442
2026-08-28T02:00:00Z,1.38510000705719,1.385550022125244,1.384600043296814,1.3851900100708008
2026-08-28T02:30:00Z,1.3851900100708008,1.385259985923767,1.3842999935150146,1.3848999738693235
2026-08-28T03:00:00Z,1.3848600387573242,1.3849899768829346,1.3842999935150146,1.3848999738693235
2026-08-28T03:30:00Z,1.3848600387573242,1.3851900100708008,1.3842999935150146,1.3850599527359009
2026-08-28T04:00:00Z,1.3850599527359009,1.3852800130844116,1.384600043296814,1.385200023651123
2026-08-28T04:30:00Z,1.385210037231445,1.3853399753570557,1.3846999406814575,1.385259985923767
2026-08-28T05:00:00Z,1.3852299451828003,1.385450005531311,1.3847999572753906,1.385259985923767
2026-08-28T05:30:00Z,1.3852200508117676,1.3854800462722778,1.384600043296814,1.3851399421691897
2026-08-28T06:00:00Z,1.3851399421691897,1.3852699995040894,1.3841999769210815,1.384719967842102
2026-08-28T06:30:00Z,1.3846900463104248,1.3853000402450562,1.3842999935150146,1.3848799467086792
2026-08-28T07:00:00Z,1.3848799467086792,1.385740041732788,1.3845000267028809,1.3855199813842771
2026-08-28T07:30:00Z,1.3855199813842771,1.3856600522994995,1.3846999406814575,1.3853199481964111
2026-08-28T08:00:00Z,1.385349988937378,1.385699987411499,1.3847999572753906,1.3853000402450562
2026-08-28T08:30:00Z,1.3855799436569214,1.3858400583267212,1.3849999904632568,1.385550022125244
2026-08-28T09:00:00Z,1.3855199813842771,1.385830044746399,1.3849999904632568,1.3856899738311768
2026-08-28T09:30:00Z,1.3856899738311768,1.3858699798583984,1.38510000705719,1.385800004005432
2026-08-28T10:00:00Z,1.385800004005432,1.3859000205993652,1.3844000101089478,1.3851300477981567
2026-08-28T10:30:00Z,1.3851300477981567,1.385200023651123,1.383999943733215,1.3844900131225586
2026-08-28T11:00:00Z,1.3844900131225586,1.3853000402450562,1.383999943733215,1.3852399587631226
2026-08-28T11:30:00Z,1.385200023651123,1.3852399587631226,1.3842999935150146,1.3851200342178345
2026-08-28T12:00:00Z,1.3851200342178345,1.3854199647903442,1.3842999935150146,1.3853100538253784
2026-08-28T12:30:00Z,1.3853700160980225,1.3860299587249756,1.3846999406814575,1.3853299617767334
2026-08-28T13:00:00Z,1.3853299617767334,1.3854000568389893,1.3844000101089478,1.3853399753570557
2026-08-28T13:30:00Z,1.3853299617767334,1.38618004322052,1.3845000267028809,1.3854999542236328
2026-08-28T14:00:00Z,1.385390043258667,1.3897000551223757,1.383999943733215,1.388890027999878
2026-08-28T14:30:00Z,1.3888399600982666,1.3891099691390991,1.3873000144958496,1.388159990310669
2026-08-28T15:00:00Z,1.3881399631500244,1.3896100521087646,1.3876999616622925,1.3890999555587769
2026-08-28T15:30:00Z,1.389389991760254,1.3899099826812744,1.3889000415802002,1.3896900415420532
2026-08-28T16:00:00Z,1.389680027961731,1.3908300399780271,1.3894000053405762,1.390470027923584
2026-08-28T16:30:00Z,1.3904500007629397,1.390470027923584,1.389299988746643,1.390169978141785
2026-08-28T17:00:00Z,1.3901900053024292,1.390570044517517,1.3896000385284424,1.3901599645614624
2026-08-28T17:30:00Z,1.390120029449463,1.3908100128173828,1.3897000551223757,1.3905600309371948
2026-08-28T18:00:00Z,1.3905600309371948,1.3908900022506714,1.3899999856948853,1.390589952468872
2026-08-28T18:30:00Z,1.3906099796295166,1.3909900188446045,1.3899999856948853,1.3906699419021606
2026-08-28T19:00:00Z,1.3906899690628052,1.3907599449157717,1.3896000385284424,1.3901100158691406
2026-08-28T19:30:00Z,1.3901300430297852,1.3903299570083618,1.3895000219345093,1.390239953994751
2026-08-28T20:00:00Z,1.3901000022888184,1.3907400369644165,1.3897000551223757,1.3901400566101074
2026-08-28T20:30:00Z,1.390169978141785,1.3909499645233154,1.3896000385284424,1.3902000188827517
2026-08-28T21:00:00Z,1.3901000022888184,1.3901000022888184,1.3901000022888184,1.3901000022888184
2026-08-28T22:00:00Z,1.3902000188827517,1.3902000188827517,1.3902000188827517,1.3902000188827517
2026-08-30T23:00:00Z,1.3903900384902954,1.3904800415039062,1.3896000385284424,1.390169978141785
2026-08-30T23:30:00Z,1.390169978141785,1.3902100324630735,1.3894000053405762,1.3899799585342407
2026-08-31T00:00:00Z,1.389989972114563,1.3907699584960938,1.38919997215271,1.3906500339508057
2026-08-31T00:30:00Z,1.3906500339508057,1.3906899690628052,1.38919997215271,1.389870047569275
2026-08-31T01:00:00Z,1.389870047569275,1.3903700113296509,1.389299988746643,1.3898500204086304
2026-08-31T01:30:00Z,1.3898500204086304,1.3898600339889526,1.3884999752044678,1.3891099691390991
2026-08-31T02:00:00Z,1.3891199827194214,1.389310002326965,1.388399958610535,1.3889399766921997
2026-08-31T02:30:00Z,1.3885999917984009,1.3895299434661863,1.388399958610535,1.3890399932861328
2026-08-31T03:00:00Z,1.3890299797058103,1.3891600370407104,1.388399958610535,1.3890700340270996
2026-08-31T03:30:00Z,1.3890399932861328,1.389240026473999,1.3884999752044678,1.389009952545166
2026-08-31T04:00:00Z,1.389009952545166,1.38919997215271,1.388399958610535,1.388800024986267
2026-08-31T04:30:00Z,1.3891299962997437,1.3891700506210327,1.3884999752044678,1.3889700174331665
2026-08-31T05:00:00Z,1.3889700174331665,1.389549970626831,1.388700008392334,1.3892799615859983
2026-08-31T05:30:00Z,1.3892899751663208,1.389639973640442,1.388800024986267,1.3889000415802002
2026-08-31T06:00:00Z,1.389359951019287,1.389780044555664,1.3889000415802002,1.3896900415420532
2026-08-31T06:30:00Z,1.3896499872207642,1.3898199796676636,1.3889000415802002,1.3897299766540527
2026-08-31T07:00:00Z,1.3897000551223757,1.3900400400161743,1.388800024986267,1.38933002948761
2026-08-31T07:30:00Z,1.389310002326965,1.3901000022888184,1.388800024986267,1.3892799615859983
2026-08-31T08:00:00Z,1.3892500400543213,1.3901100158691406,1.388399958610535,1.3899999856948853
2026-08-31T08:30:00Z,1.390030026435852,1.3901599645614624,1.389299988746643,1.3894000053405762
2026-08-31T09:00:00Z,1.3898299932479858,1.389919996261597,1.3889000415802002,1.389490008354187
2026-08-31T09:30:00Z,1.389490008354187,1.3897199630737305,1.3885999917984009,1.3891500234603882
2026-08-31T10:00:00Z,1.3891199827194214,1.3892300128936768,1.388200044631958,1.388659954071045
2026-08-31T10:30:00Z,1.38864004611969,1.3895200490951538,1.388200044631958,1.3894799947738647
2026-08-31T11:00:00Z,1.389490008354187,1.3896100521087646,1.3880000114440918,1.3885799646377563
2026-08-31T11:30:00Z,1.3885899782180786,1.3889600038528442,1.3878999948501587,1.3886899948120115
2026-08-31T12:00:00Z,1.388700008392334,1.3888399600982666,1.3876999616622925,1.3882399797439575
2026-08-31T12:30:00Z,1.3882399797439575,1.3887200355529783,1.3875000476837158,1.3880300521850586
2026-08-31T13:00:00Z,1.3880300521850586,1.3883600234985352,1.3871999979019165,1.3875800371170044
2026-08-31T13:30:00Z,1.3875800371170044,1.3881800174713137,1.3867000341415403,1.3875999450683594
2026-08-31T14:00:00Z,1.3876099586486816,1.3878999948501587,1.3860000371932983,1.3870799541473389
2026-08-31T14:30:00Z,1.3871099948883057,1.3871300220489502,1.385200023651123,1.3863400220870972
2026-08-31T15:00:00Z,1.3863600492477417,1.3868399858474731,1.385699987411499,1.3863400220870972
2026-08-31T15:30:00Z,1.3863400220870972,1.3864699602127075,1.3854000568389893,1.386199951171875
2026-08-31T16:00:00Z,1.3861700296401978,1.3862700462341309,1.3854000568389893,1.386039972305298
2026-08-31T16:30:00Z,1.3860599994659424,1.3863099813461304,1.3854000568389893,1.3859699964523315
2026-08-31T17:00:00Z,1.3859800100326538,1.3862500190734863,1.38510000705719,1.3858400583267212
2026-08-31T17:30:00Z,1.385849952697754,1.3858599662780762,1.38510000705719,1.3856699466705322
2026-08-31T18:00:00Z,1.3856699466705322,1.3859399557113647,1.38510000705719,1.385759949684143
2026-08-31T18:30:00Z,1.385759949684143,1.3858200311660769,1.3849999904632568,1.3855299949645996
2026-08-31T19:00:00Z,1.385550022125244,1.3857500553131104,1.3849999904632568,1.3856799602508545
2026-08-31T19:30:00Z,1.3856899738311768,1.3860000371932983,1.38510000705719,1.3859100341796875
2026-08-31T20:00:00Z,1.3859100341796875,1.3860000371932983,1.385200023651123,1.3859200477600098
2026-08-31T20:30:00Z,1.3859200477600098,1.3859699964523315,1.3848999738693235,1.38510000705719
2026-08-31T21:00:00Z,1.385200023651123,1.385769963264465,1.3848999738693235,1.385349988937378
2026-08-31T21:30:00Z,1.3853299617767334,1.3854999542236328,1.3848999738693235,1.385390043258667
2026-08-31T22:00:00Z,1.3852800130844116,1.385640025138855,1.3848999738693235,1.3854700326919556
2026-08-31T22:30:00Z,1.3854700326919556,1.385599970817566,1.3849999904632568,1.3854600191116333
2026-08-31T23:00:00Z,1.3854899406433103,1.3857300281524658,1.3848999738693235,1.3853700160980225
2026-08-31T23:30:00Z,1.3853299617767334,1.3855199813842771,1.3847999572753906,1.385210037231445
2026-09-01T00:00:00Z,1.385200023651123,1.3853399753570557,1.383999943733215,1.384559988975525
2026-09-01T00:30:00Z,1.3845499753952026,1.385450005531311,1.3841999769210815,1.385390043258667
2026-09-01T01:00:00Z,1.385390043258667,1.3863600492477417,1.3849999904632568,1.3863099813461304
2026-09-01T01:30:00Z,1.3862799406051636,1.3863999843597412,1.3854999542236328,1.3861199617385864
2026-09-01T02:00:00Z,1.3861199617385864,1.3866000175476074,1.385699987411499,1.386199951171875
2026-09-01T02:30:00Z,1.3862199783325195,1.3864799737930298,1.385699987411499,1.3862099647521973
2026-09-01T03:00:00Z,1.3862099647521973,1.3867000341415403,1.385800004005432,1.3865599632263184
2026-09-01T03:30:00Z,1.3865599632263184,1.3868000507354736,1.3859000205993652,1.3867700099945068
2026-09-01T04:00:00Z,1.3867900371551514,1.3870199918746948,1.386199951171875,1.386980056762695
2026-09-01T04:30:00Z,1.386980056762695,1.3870400190353394,1.386199951171875,1.386620044708252
2026-09-01T05:00:00Z,1.386620044708252,1.3867000341415403,1.3859000205993652,1.3864500522613523
2026-09-01T05:30:00Z,1.3864500522613523,1.3867000341415403,1.3859000205993652,1.3866100311279297
2026-09-01T06:00:00Z,1.3866300582885742,1.386780023574829,1.3854999542236328,1.3867000341415403
2026-09-01T06:30:00Z,1.3867100477218628,1.3870199918746948,1.3860000371932983,1.3866699934005735
2026-09-01T07:00:00Z,1.386680006980896,1.3869600296020508,1.3859000205993652,1.3868999481201172
2026-09-01T07:30:00Z,1.386929988861084,1.387470006942749,1.3863999843597412,1.3868999481201172
2026-09-01T08:00:00Z,1.3872300386428833,1.3875499963760376,1.3867000341415403,1.387279987335205
2026-09-01T08:30:00Z,1.387279987335205,1.387660026550293,1.3863999843597412,1.3870500326156616
2026-09-01T09:00:00Z,1.3870500326156616,1.3872499465942385,1.3863999843597412,1.3868399858474731
2026-09-01T09:30:00Z,1.3868299722671509,1.3871599435806274,1.3861000537872314,1.3868900537490845
2026-09-01T10:00:00Z,1.3868900537490845,1.3875999450683594,1.386299967765808,1.3870899677276611
2026-09-01T10:30:00Z,1.387120008468628,1.387470006942749,1.3866000175476074,1.3869999647140503
2026-09-01T11:00:00Z,1.387310028076172,1.3877999782562256,1.3868999481201172,1.3876099586486816
2026-09-01T11:30:00Z,1.3875900506973269,1.3882499933242798,1.3869999647140503,1.3880399465560913
2026-09-01T12:00:00Z,1.3880399465560913,1.388800024986267,1.3873000144958496,1.3880000114440918
2026-09-01T12:30:00Z,1.3879799842834473,1.388450026512146,1.3873000144958496,1.3882999420166016
2026-09-01T13:00:00Z,1.388100028038025,1.3892699480056765,1.3876999616622925,1.3892300128936768
2026-09-01T13:30:00Z,1.3892199993133545,1.3895200490951538,1.3878999948501587,1.388659954071045
2026-09-01T14:00:00Z,1.3887399435043335,1.3894699811935425,1.3875999450683594,1.3894699811935425
2026-09-01T14:30:00Z,1.3894699811935425,1.3904399871826172,1.3884999752044678,1.3903299570083618
2026-09-01T15:00:00Z,1.3903299570083618,1.3906699419021606,1.3894000053405762,1.390030026435852
2026-09-01T15:30:00Z,1.389799952507019,1.390570044517517,1.38919997215271,1.390339970588684
2026-09-01T16:00:00Z,1.390339970588684,1.390589952468872,1.389299988746643,1.3901000022888184
2026-09-01T16:30:00Z,1.3901100158691406,1.390529990196228,1.3894000053405762,1.3904399871826172
2026-09-01T17:00:00Z,1.390470027923584,1.3906500339508057,1.389799952507019,1.3903100490570068
2026-09-01T17:30:00Z,1.3903299570083618,1.3906400203704834,1.3896000385284424,1.3904900550842283
2026-09-01T18:00:00Z,1.3904900550842283,1.3905600309371948,1.389299988746643,1.3898600339889526
2026-09-01T18:30:00Z,1.3898600339889526,1.3901000022888184,1.3889000415802002,1.389359951019287
2026-09-01T19:00:00Z,1.3893699645996094,1.3895100355148315,1.388700008392334,1.3890999555587769
2026-09-01T19:30:00Z,1.3890999555587769,1.3898099660873413,1.388800024986267,1.3896499872207642
2026-09-01T20:00:00Z,1.3896499872207642,1.389799952507019,1.3890999555587769,1.3897600173950195
2026-09-01T20:30:00Z,1.389739990234375,1.389799952507019,1.3890000581741333,1.3892899751663208
2026-09-01T21:00:00Z,1.389299988746643,1.3899500370025637,1.388700008392334,1.3897000551223757
2026-09-01T21:30:00Z,1.389799952507019,1.390169978141785,1.3895000219345093,1.3900200128555298
2026-09-01T22:00:00Z,1.3900500535964966,1.3900500535964966,1.3889000415802002,1.3895399570465088
2026-09-01T22:30:00Z,1.3895200490951538,1.3897600173950195,1.3890000581741333,1.3894599676132202
2026-09-01T23:00:00Z,1.3894799947738647,1.3896000385284424,1.3890000581741333,1.389559984207153
2026-09-01T23:30:00Z,1.389580011367798,1.3897000551223757,1.3889000415802002,1.389299988746643
2026-09-02T00:00:00Z,1.389580011367798,1.3899099826812744,1.3890999555587769,1.389799952507019
2026-09-02T00:30:00Z,1.3897600173950195,1.3899600505828855,1.3890000581741333,1.389870047569275
2026-09-02T01:00:00Z,1.38988995552063,1.3902100324630735,1.38919997215271,1.389799952507019
2026-09-02T01:30:00Z,1.389799952507019,1.3902699947357178,1.389299988746643,1.389799952507019
2026-09-02T02:00:00Z,1.39014995098114,1.3911999464035034,1.389799952507019,1.3908400535583496
2026-09-02T02:30:00Z,1.3908100128173828,1.3910000324249268,1.3902000188827517,1.3909000158309937
2026-09-02T03:00:00Z,1.3908900022506714,1.3913099765777588,1.3903000354766846,1.3912800550460815
2026-09-02T03:30:00Z,1.3912800550460815,1.391700029373169,1.3906999826431274,1.3911999464035034
2026-09-02T04:00:00Z,1.3915200233459473,1.392199993133545,1.3910000324249268,1.392009973526001
2026-09-02T04:30:00Z,1.392009973526001,1.3921799659729004,1.3913999795913696,1.3921300172805786
2026-09-02T05:00:00Z,1.3921300172805786,1.392300009727478,1.3911999464035034,1.3916000127792358
2026-09-02T05:30:00Z,1.391610026359558,1.3916499614715576,1.3907999992370603,1.3910000324249268
2026-09-02T06:00:00Z,1.391379952430725,1.391759991645813,1.3905999660491943,1.3914300203323364
2026-09-02T06:30:00Z,1.391409993171692,1.392359972000122,1.3909000158309937,1.3923499584197998
2026-09-02T07:00:00Z,1.3922899961471558,1.39274001121521,1.391700029373169,1.3925600051879885
2026-09-02T07:30:00Z,1.3925700187683103,1.392699956893921,1.391800045967102,1.39260995388031
2026-09-02T08:00:00Z,1.39260995388031,1.393399953842163,1.3919999599456787,1.3933700323104858
2026-09-02T08:30:00Z,1.3933900594711304,1.3936699628829956,1.392699956893921,1.3935799598693848
2026-09-02T09:00:00Z,1.3935799598693848,1.3938000202178955,1.392899990081787,1.3936200141906738
2026-09-02T09:30:00Z,1.3936200141906738,1.39382004737854,1.3930000066757202,1.3933000564575195
2026-09-02T10:00:00Z,1.3936699628829956,1.3939800262451172,1.392899990081787,1.3938499689102173
2026-09-02T10:30:00Z,1.3938599824905396,1.393970012664795,1.3926000595092771,1.3930200338363647
2026-09-02T11:00:00Z,1.3930200338363647,1.3931399583816528,1.392199993133545,1.393030047416687
2026-09-02T11:30:00Z,1.3930000066757202,1.3930599689483645,1.3920999765396118,1.3926500082015991
2026-09-02T12:00:00Z,1.3926399946212769,1.392799973487854,1.3905999660491943,1.39136004447937
2026-09-02T12:30:00Z,1.391350030899048,1.3920999765396118,1.3907999992370603,1.3912999629974363
2026-09-02T13:00:00Z,1.3916499614715576,1.391950011253357,1.3896000385284424,1.389899969100952
2026-09-02T13:30:00Z,1.3906300067901611,1.3909000158309937,1.3863999843597412,1.3863999843597412
2026-09-02T14:00:00Z,1.3867900371551514,1.388450026512146,1.3859000205993652,1.3878899812698364
2026-09-02T14:30:00Z,1.3878899812698364,1.3879899978637695,1.3845000267028809,1.3848700523376465
2026-09-02T15:00:00Z,1.384600043296814,1.3851699829101562,1.3834999799728394,1.384029984474182
2026-09-02T15:30:00Z,1.383999943733215,1.3853199481964111,1.3832999467849731,1.3847999572753906
2026-09-02T16:00:00Z,1.3851200342178345,1.385740041732788,1.383999943733215,1.3850699663162231
2026-09-02T16:30:00Z,1.3850899934768677,1.3851200342178345,1.3839000463485718,1.384600043296814
2026-09-02T17:00:00Z,1.3846100568771362,1.3848400115966797,1.383800029754639,1.3846100568771362
2026-09-02T17:30:00Z,1.3846100568771362,1.3848999738693235,1.3835999965667725,1.3843300342559814
2026-09-02T18:00:00Z,1.3843300342559814,1.3844000101089478,1.3832999467849731,1.383810043334961
2026-09-02T18:30:00Z,1.3837900161743164,1.3842099905014038,1.3831000328063965,1.3841400146484375
2026-09-02T19:00:00Z,1.3841300010681152,1.384310007095337,1.3832999467849731,1.3835999965667725
2026-09-02T19:30:00Z,1.3838900327682495,1.384029984474182,1.3832000494003296,1.3838599920272827
2026-09-02T20:00:00Z,1.3838800191879272,1.384619951248169,1.3831000328063965,1.3845700025558472
2026-09-02T20:30:00Z,1.3845700025558472,1.384619951248169,1.3837000131607056,1.383800029754639
2026-09-02T21:00:00Z,1.383970022201538,1.384160041809082,1.3830499649047852,1.383810043334961
2026-09-02T21:30:00Z,1.3839900493621826,1.38441002368927,1.3835999965667725,1.3842099905014038
2026-09-02T22:00:00Z,1.3841899633407593,1.3847600221633911,1.383999943733215,1.384600043296814
2026-09-02T22:30:00Z,1.3845200538635254,1.384600043296814,1.3839000463485718,1.3844000101089478
2026-09-02T23:00:00Z,1.3843799829483032,1.384600043296814,1.3839000463485718,1.3845000267028809
2026-09-02T23:30:00Z,1.3845000267028809,1.3846999406814575,1.383999943733215,1.3845200538635254
2026-09-03T00:00:00Z,1.3841999769210815,1.3846999406814575,1.3832000494003296,1.3836499452590942
2026-09-03T00:30:00Z,1.3836499452590942,1.383999943733215,1.3831000328063965,1.3838599920272827
2026-09-03T01:00:00Z,1.3838599920272827,1.3840999603271484,1.3832000494003296,1.383550047874451
2026-09-03T01:30:00Z,1.383550047874451,1.3838499784469604,1.3827999830245972,1.3832999467849731
2026-09-03T02:00:00Z,1.3836599588394165,1.3839099407196045,1.3828999996185305,1.3833999633789062
2026-09-03T02:30:00Z,1.383370041847229,1.383440017700195,1.3823000192642212,1.3832000494003296
2026-09-03T03:00:00Z,1.3832099437713623,1.3833800554275513,1.3825000524520874,1.3832299709320068
2026-09-03T03:30:00Z,1.383180022239685,1.3833999633789062,1.3824000358581543,1.3829900026321411
2026-09-03T04:00:00Z,1.3829599618911743,1.3831100463867188,1.3824000358581543,1.3829599618911743
2026-09-03T04:30:00Z,1.3829599618911743,1.3833800554275513,1.3823000192642212,1.3831599950790403
2026-09-03T05:00:00Z,1.3831599950790403,1.3833999633789062,1.382599949836731,1.3832099437713623
2026-09-03T05:30:00Z,1.3831700086593628,1.3835999965667725,1.382699966430664,1.383430004119873
2026-09-03T06:00:00Z,1.383440017700195,1.3837000131607056,1.382699966430664,1.3833600282669067
2026-09-03T06:30:00Z,1.3833999633789062,1.3833999633789062,1.381999969482422,1.3829900026321411
2026-09-03T07:00:00Z,1.3829400539398191,1.3830300569534302,1.3818000555038452,1.3825000524520874
2026-09-03T07:30:00Z,1.3824900388717651,1.382539987564087,1.3812999725341797,1.381809949874878
2026-09-03T08:00:00Z,1.3817600011825562,1.3818700313568115,1.3806999921798706,1.3809000253677368
2026-09-03T08:30:00Z,1.3811500072479248,1.381309986114502,1.379899978637695,1.3806500434875488
2026-09-03T09:00:00Z,1.3806400299072266,1.3812899589538574,1.3801000118255615,1.381119966506958
2026-09-03T09:30:00Z,1.3811399936676023,1.3813899755477903,1.3803000450134275,1.380810022354126
2026-09-03T10:00:00Z,1.3808499574661257,1.3812299966812134,1.3802000284194946,1.3809000253677368
2026-09-03T10:30:00Z,1.38086998462677,1.381309986114502,1.379899978637695,1.3804099559783936
2026-09-03T11:00:00Z,1.3801000118255615,1.380810022354126,1.3794000148773191,1.3802800178527832
2026-09-03T11:30:00Z,1.3803199529647827,1.3805700540542605,1.3788000345230105,1.3789000511169434
2026-09-03T12:00:00Z,1.3792400360107422,1.3804199695587158,1.378600001335144,1.3801699876785278
2026-09-03T12:30:00Z,1.380229949951172,1.380229949951172,1.3784799575805664,1.3791799545288086
2026-09-03T13:00:00Z,1.3791999816894531,1.3802499771118164,1.378499984741211,1.3799500465393066
2026-09-03T13:30:00Z,1.379930019378662,1.3807200193405151,1.3792999982833862,1.3798500299453735
2026-09-03T14:00:00Z,1.3797800540924072,1.3803000450134275,1.378999948501587,1.379520058631897
2026-09-03T14:30:00Z,1.3795299530029297,1.3803199529647827,1.3783999681472778,1.3789600133895874
2026-09-03T15:00:00Z,1.378999948501587,1.3790199756622314,1.3777999877929688,1.3787599802017212
2026-09-03T15:30:00Z,1.3787399530410769,1.3789399862289429,1.3777999877929688,1.378239989280701
2026-09-03T16:00:00Z,1.3782700300216677,1.3784500360488892,1.3761999607086182,1.3766800165176392
2026-09-03T16:30:00Z,1.3766800165176392,1.3774199485778809,1.376099944114685,1.377079963684082
2026-09-03T17:00:00Z,1.377079963684082,1.377959966659546,1.3766000270843506,1.377879977226257
2026-09-03T17:30:00Z,1.37785005569458,1.3786100149154663,1.3773000240325928,1.3782000541687012
2026-09-03T18:00:00Z,1.3785500526428225,1.378730058670044,1.377900004386902,1.378640055656433
2026-09-03T18:30:00Z,1.378640055656433,1.3789399862289429,1.378100037574768,1.3788700103759766
2026-09-03T19:00:00Z,1.3788100481033323,1.3796000480651855,1.3782999515533447,1.3794399499893188
2026-09-03T19:30:00Z,1.37909996509552,1.3795599937438965,1.3782000541687012,1.3787399530410769
2026-09-03T20:00:00Z,1.3787399530410769,1.37909996509552,1.377900004386902,1.3790199756622314
2026-09-03T20:30:00Z,1.3790199756622314,1.3794499635696411,1.378499984741211,1.37909996509552
2026-09-03T21:00:00Z,1.378499984741211,1.378999948501587,1.3784199953079224,1.378999948501587
2026-09-03T21:30:00Z,1.3786699771881104,1.3795000314712524,1.3783999681472778,1.3795000314712524
2026-09-03T22:00:00Z,1.3792999982833862,1.3795000314712524,1.3788000345230105,1.3793599605560305
2026-09-03T22:30:00Z,1.379289984703064,1.3794000148773191,1.3787000179290771,1.378999948501587
2026-09-03T23:00:00Z,1.3792200088500977,1.3792699575424194,1.3787000179290771,1.378999948501587
2026-09-03T23:30:00Z,1.3788000345230105,1.3792200088500977,1.3783999681472778,1.3789600133895874
2026-09-04T00:00:00Z,1.3789499998092651,1.3794000148773191,1.378499984741211,1.3793599605560305
2026-09-04T00:30:00Z,1.3793599605560305,1.3794000148773191,1.3783999681472778,1.3789499998092651
2026-09-04T01:00:00Z,1.3789499998092651,1.3793799877166748,1.3783999681472778,1.3789900541305542
2026-09-04T01:30:00Z,1.3789900541305542,1.379080057144165,1.3782000541687012,1.3786699771881104
2026-09-04T02:00:00Z,1.3786699771881104,1.3791500329971311,1.378000020980835,1.378999948501587
2026-09-04T02:30:00Z,1.379040002822876,1.3791600465774536,1.3783999681472778,1.3790700435638428
2026-09-04T03:00:00Z,1.3791099786758425,1.3791999816894531,1.378499984741211,1.3791300058364868
2026-09-04T03:30:00Z,1.3791300058364868,1.3795599937438965,1.3787000179290771,1.3789000511169434
2026-09-04T04:00:00Z,1.37923002243042,1.3792999982833862,1.378499984741211,1.3789900541305542
2026-09-04T04:30:00Z,1.3789499998092651,1.3792599439620972,1.3783999681472778,1.3791099786758425
2026-09-04T05:00:00Z,1.3791099786758425,1.3794000148773191,1.378600001335144,1.3792099952697754
2026-09-04T05:30:00Z,1.3789000511169434,1.3792599439620972,1.378499984741211,1.3790099620819092
2026-09-04T06:00:00Z,1.3787000179290771,1.3794399499893188,1.3783999681472778,1.37909996509552
2026-09-04T06:30:00Z,1.3791099786758425,1.3793100118637085,1.378499984741211,1.3791999816894531
2026-09-04T07:00:00Z,1.3791899681091309,1.3798500299453735,1.378600001335144,1.379420042037964
2026-09-04T07:30:00Z,1.3794499635696411,1.3804199695587158,1.3789000511169434,1.380370020866394
2026-09-04T08:00:00Z,1.3803900480270386,1.3806099891662598,1.3795000314712524,1.3799400329589844
2026-09-04T08:30:00Z,1.379930019378662,1.380519986152649,1.3795000314712524,1.3800599575042725
2026-09-04T09:00:00Z,1.3800599575042725,1.3803000450134275,1.3795000314712524,1.3800300359725952
2026-09-04T09:30:00Z,1.3800300359725952,1.380560040473938,1.3796000480651855,1.380370020866394
2026-09-04T10:00:00Z,1.3803600072860718,1.3804999589920044,1.3796000480651855,1.3802800178527832
2026-09-04T10:30:00Z,1.380270004272461,1.3807400465011597,1.379699945449829,1.3803999423980713
2026-09-04T11:00:00Z,1.3806899785995483,1.3809000253677368,1.379899978637695,1.3808300495147705
2026-09-04T11:30:00Z,1.3808499574661257,1.3809200525283811,1.379699945449829,1.3801599740982056
2026-09-04T12:00:00Z,1.3801699876785278,1.3802200555801392,1.3789000511169434,1.3790899515151978
2026-09-04T12:30:00Z,1.3790299892425537,1.3872100114822388,1.3789000511169434,1.3866499662399292
2026-09-04T13:00:00Z,1.3866300582885742,1.3871699571609497,1.3833999633789062,1.38401997089386
2026-09-04T13:30:00Z,1.384060025215149,1.3859599828720093,1.3832000494003296,1.385550022125244
2026-09-04T14:00:00Z,1.3855799436569214,1.3861199617385864,1.3846999406814575,1.3852800130844116
2026-09-04T14:30:00Z,1.385259985923767,1.385699987411499,1.3837000131607056,1.3842500448226929
2026-09-04T15:00:00Z,1.3842600584030151,1.3846800327301023,1.3830000162124634,1.3834799528121948
2026-09-04T15:30:00Z,1.3834799528121948,1.383829951286316,1.382699966430664,1.3835699558258057
2026-09-04T16:00:00Z,1.3835699558258057,1.383999943733215,1.3828999996185305,1.383929967880249
2026-09-04T16:30:00Z,1.3839099407196045,1.384029984474182,1.3831000328063965,1.3836400508880615
2026-09-04T17:00:00Z,1.3836400508880615,1.3840700387954712,1.3830000162124634,1.3832999467849731
2026-09-04T17:30:00Z,1.3836100101470947,1.384060025215149,1.3828999996185305,1.3839099407196045
2026-09-04T18:00:00Z,1.3839099407196045,1.384160041809082,1.3832000494003296,1.383810043334961
2026-09-04T18:30:00Z,1.383780002593994,1.3840399980545044,1.3831000328063965,1.3839099407196045
2026-09-04T19:00:00Z,1.3839099407196045,1.3839399814605713,1.382599949836731,1.3831100463867188
2026-09-04T19:30:00Z,1.3831100463867188,1.3832499980926514,1.382200002670288,1.3831499814987185
2026-09-04T20:00:00Z,1.3831499814987185,1.3836599588394165,1.382699966430664,1.3833999633789062
2026-09-04T20:30:00Z,1.383620023727417,1.3839499950408936,1.3828999996185305,1.3834999799728394
2026-09-04T21:00:00Z,1.3837000131607056,1.3837000131607056,1.3837000131607056,1.3837000131607056
2026-09-06T23:00:00Z,1.3835099935531616,1.3835599422454834,1.3827999830245972,1.3833099603652954
2026-09-06T23:30:00Z,1.3833199739456177,1.383520007133484,1.3827999830245972,1.3834799528121948
2026-09-07T00:00:00Z,1.383489966392517,1.3838399648666382,1.3828999996185305,1.3835099935531616
2026-09-07T00:30:00Z,1.3832000494003296,1.3835699558258057,1.3825000524520874,1.3831100463867188
2026-09-07T01:00:00Z,1.3831100463867188,1.383550047874451,1.382599949836731,1.3830900192260742
2026-09-07T01:30:00Z,1.3831100463867188,1.383739948272705,1.382599949836731,1.3836300373077393
2026-09-07T02:00:00Z,1.3836300373077393,1.384119987487793,1.3831000328063965,1.3833999633789062
2026-09-07T02:30:00Z,1.3837499618530271,1.3841500282287598,1.3832000494003296,1.3840099573135376
2026-09-07T03:00:00Z,1.3840099573135376,1.3841300010681152,1.3832999467849731,1.383769989013672
2026-09-07T03:30:00Z,1.3837300539016724,1.383970022201538,1.3832000494003296,1.3836599588394165
2026-09-07T04:00:00Z,1.3836300373077393,1.3837599754333496,1.3831000328063965,1.3832999467849731
2026-09-07T04:30:00Z,1.3836899995803833,1.3839099407196045,1.3830000162124634,1.383470058441162
2026-09-07T05:00:00Z,1.383489966392517,1.3837300539016724,1.3830000162124634,1.3835400342941284
2026-09-07T05:30:00Z,1.3835300207138062,1.3836899995803833,1.382599949836731,1.383080005645752
2026-09-07T06:00:00Z,1.3831100463867188,1.3835999965667725,1.382599949836731,1.383080005645752
2026-09-07T06:30:00Z,1.3831199407577517,1.3834999799728394,1.3825000524520874,1.383440017700195
2026-09-07T07:00:00Z,1.3833999633789062,1.383800029754639,1.3827999830245972,1.3830000162124634
2026-09-07T07:30:00Z,1.3833199739456177,1.3837000131607056,1.3825000524520874,1.3829900026321411
2026-09-07T08:00:00Z,1.3829599618911743,1.3831499814987185,1.381500005722046,1.382259964942932
2026-09-07T08:30:00Z,1.382290005683899,1.382699966430664,1.381600022315979,1.382539987564087
2026-09-07T09:00:00Z,1.3825500011444092,1.3827500343322754,1.3818000555038452,1.3825600147247314
2026-09-07T09:30:00Z,1.3825299739837646,1.38264000415802,1.3818000555038452,1.3823800086975098
2026-09-07T10:00:00Z,1.382390022277832,1.3825199604034424,1.381500005722046,1.3819700479507446
2026-09-07T10:30:00Z,1.3819600343704224,1.3820600509643557,1.381100058555603,1.3813999891281128
2026-09-07T11:00:00Z,1.3817600011825562,1.382030010223389,1.381100058555603,1.382009983062744
2026-09-07T11:30:00Z,1.3819899559020996,1.3824000358581543,1.3812999725341797,1.3818000555038452
2026-09-07T12:00:00Z,1.3821200132369995,1.3822300434112549,1.3812999725341797,1.3816900253295898
2026-09-07T12:30:00Z,1.3816800117492676,1.381790041923523,1.3804999589920044,1.381250023841858
2026-09-07T13:00:00Z,1.3809000253677368,1.3818800449371338,1.3805999755859375,1.3817700147628784
2026-09-07T13:30:00Z,1.381780028343201,1.381909966468811,1.3804999589920044,1.3809499740600586
2026-09-07T14:00:00Z,1.3805999755859375,1.381060004234314,1.3799999952316284,1.3809000253677368
2026-09-07T14:30:00Z,1.380929946899414,1.3811999559402466,1.3801000118255615,1.3807300329208374
2026-09-07T15:00:00Z,1.3807100057601929,1.3811500072479248,1.3802000284194946,1.3809000253677368
2026-09-07T15:30:00Z,1.3809000253677368,1.381309986114502,1.3804999589920044,1.3811299800872805
2026-09-07T16:00:00Z,1.3811500072479248,1.381410002708435,1.3805999755859375,1.3811899423599243
2026-09-07T16:30:00Z,1.3811899423599243,1.3812400102615356,1.3803999423980713,1.3809900283813477
2026-09-07T17:00:00Z,1.3809900283813477,1.381250023841858,1.3805999755859375,1.3812299966812134
2026-09-07T17:30:00Z,1.3812299966812134,1.381350040435791,1.3806999921798706,1.3812999725341797
2026-09-07T18:00:00Z,1.3811899423599243,1.3815200328826904,1.3806999921798706,1.3815100193023682
2026-09-07T18:30:00Z,1.381450057029724,1.381600022315979,1.38100004196167,1.3814599514007568
2026-09-07T19:00:00Z,1.3814599514007568,1.3817299604415894,1.38100004196167,1.3812999725341797
2026-09-07T19:30:00Z,1.3816800117492676,1.3818000555038452,1.381100058555603,1.3815699815750122
2026-09-07T20:00:00Z,1.3815699815750122,1.381700038909912,1.3808000087738037,1.381309986114502
2026-09-07T20:30:00Z,1.3812999725341797,1.381440043449402,1.3806999921798706,1.3812799453735352
2026-09-07T21:00:00Z,1.381100058555603,1.381600022315979,1.3809000253677368,1.3812999725341797
2026-09-07T21:30:00Z,1.3813999891281128,1.381700038909912,1.3809700012207031,1.3812999725341797
2026-09-07T22:00:00Z,1.381100058555603,1.3813999891281128,1.3806999921798706,1.3811800479888916
2026-09-07T22:30:00Z,1.3811800479888916,1.381410002708435,1.3806999921798706,1.3806999921798706
2026-09-07T23:00:00Z,1.3811299800872805,1.3812099695205688,1.3803000450134275,1.3808799982070925
2026-09-07T23:30:00Z,1.3808499574661257,1.3809200525283811,1.3799999952316284,1.3804199695587158
2026-09-08T00:00:00Z,1.3804500102996826,1.3808799982070925,1.379699945449829,1.380579948425293
2026-09-08T00:30:00Z,1.380579948425293,1.380929946899414,1.3799999952316284,1.3807899951934814
2026-09-08T01:00:00Z,1.3807599544525146,1.3808300495147705,1.3796000480651855,1.3802200555801392
2026-09-08T01:30:00Z,1.38018000125885,1.3804399967193604,1.379699945449829,1.379899978637695
2026-09-08T02:00:00Z,1.380079984664917,1.3807100057601929,1.3795000314712524,1.380620002746582
2026-09-08T02:30:00Z,1.3805899620056152,1.3811999559402466,1.3801000118255615,1.3808399438858032
2026-09-08T03:00:00Z,1.3808300495147705,1.38100004196167,1.379899978637695,1.3804399967193604
2026-09-08T03:30:00Z,1.3804399967193604,1.3805899620056152,1.3797999620437622,1.3804099559783936
2026-09-08T04:00:00Z,1.3804099559783936,1.3807400465011597,1.379899978637695,1.380489945411682
2026-09-08T04:30:00Z,1.380489945411682,1.380519986152649,1.3797999620437622,1.380270004272461
2026-09-08T05:00:00Z,1.380270004272461,1.380329966545105,1.3796000480651855,1.3801300525665283
2026-09-08T05:30:00Z,1.380139946937561,1.38018000125885,1.3788000345230105,1.3791600465774536
2026-09-08T06:00:00Z,1.3791699409484863,1.3792099952697754,1.3770999908447266,1.378749966621399
2026-09-08T06:30:00Z,1.378749966621399,1.3797600269317627,1.3782999515533447,1.379670023918152
2026-09-08T07:00:00Z,1.379680037498474,1.3797999620437622,1.3783999681472778,1.3794000148773191
2026-09-08T07:30:00Z,1.379390001296997,1.379729986190796,1.3788000345230105,1.3795100450515747
2026-09-08T08:00:00Z,1.3795299530029297,1.379899978637695,1.3787000179290771,1.3795900344848633
2026-09-08T08:30:00Z,1.3795900344848633,1.3803499937057495,1.378999948501587,1.3801599740982056
2026-09-08T09:00:00Z,1.38018000125885,1.3804700374603271,1.3796000480651855,1.380370020866394
2026-09-08T09:30:00Z,1.3803800344467163,1.380620002746582,1.3796000480651855,1.3799999952316284
2026-09-08T10:00:00Z,1.380020022392273,1.3808000087738037,1.3796000480651855,1.380579948425293
2026-09-08T10:30:00Z,1.380579948425293,1.381500005722046,1.3803000450134275,1.3811399936676023
2026-09-08T11:00:00Z,1.3811299800872805,1.3811999559402466,1.3801000118255615,1.3805700540542605
2026-09-08T11:30:00Z,1.3805700540542605,1.3806400299072266,1.3792999982833862,1.3803000450134275
2026-09-08T12:00:00Z,1.3802900314331057,1.3812099695205688,1.379699945449829,1.3803600072860718
2026-09-08T12:30:00Z,1.380370020866394,1.3808599710464478,1.378499984741211,1.3789000511169434
2026-09-08T13:00:00Z,1.378600001335144,1.3791099786758425,1.3769999742507937,1.3780699968338013
2026-09-08T13:30:00Z,1.3780399560928345,1.3788199424743652,1.3775999546051023,1.3785799741744995
2026-09-08T14:00:00Z,1.3785500526428225,1.3786100149154663,1.3761999607086182,1.3767600059509275
2026-09-08T14:30:00Z,1.3765000104904177,1.3780499696731567,1.375499963760376,1.3778400421142578
2026-09-08T15:00:00Z,1.3778400421142578,1.378059983253479,1.3763999938964844,1.3772000074386597
2026-09-08T15:30:00Z,1.377560019493103,1.3781499862670898,1.3770999908447266,1.3780399560928345
2026-09-08T16:00:00Z,1.3780200481414795,1.3791600465774536,1.377500057220459,1.3787000179290771
2026-09-08T16:30:00Z,1.3790099620819092,1.3793400526046753,1.3782999515533447,1.378849983215332
2026-09-08T17:00:00Z,1.378849983215332,1.3789000511169434,1.378000020980835,1.3786200284957886
2026-09-08T17:30:00Z,1.3783999681472778,1.379040002822876,1.3777999877929688,1.3783199787139893
2026-09-08T18:00:00Z,1.378309965133667,1.3783700466156006,1.377500057220459,1.3779900074005127
2026-09-08T18:30:00Z,1.378000020980835,1.378469944000244,1.3772000074386597,1.3781100511550903
2026-09-08T19:00:00Z,1.378119945526123,1.3787100315093994,1.3773000240325928,1.3785799741744995
2026-09-08T19:30:00Z,1.3782999515533447,1.3786499500274658,1.3775999546051023,1.378309965133667
2026-09-08T20:00:00Z,1.3782999515533447,1.3787599802017212,1.377500057220459,1.3784799575805664
2026-09-08T20:30:00Z,1.3782000541687012,1.3791799545288086,1.3775999546051023,1.3780900239944458
2026-09-08T21:00:00Z,1.378100037574768,1.378600001335144,1.3776999711990356,1.3783700466156006
2026-09-08T21:30:00Z,1.378350019454956,1.3787000179290771,1.378000020980835,1.3782800436019895
2026-09-08T22:00:00Z,1.378290057182312,1.378559947013855,1.3777999877929688,1.3782199621200562
2026-09-08T22:30:00Z,1.3782299757003784,1.378469944000244,1.3777999877929688,1.378350019454956
2026-09-08T23:00:00Z,1.3783700466156006,1.378440022468567,1.3776999711990356,1.3780399560928345
2026-09-08T23:30:00Z,1.3780399560928345,1.378119945526123,1.3772000074386597,1.3775800466537476
2026-09-09T00:00:00Z,1.3775999546051023,1.377810001373291,1.3768999576568604,1.3776899576187134
2026-09-09T00:30:00Z,1.3777199983596802,1.37785005569458,1.3769999742507937,1.3774399757385254
2026-09-09T01:00:00Z,1.3774299621582031,1.3782700300216677,1.3769999742507937,1.3777999877929688
2026-09-09T01:30:00Z,1.3781100511550903,1.3782700300216677,1.3773000240325928,1.3777199983596802
2026-09-09T02:00:00Z,1.3777199983596802,1.3781700134277344,1.3773000240325928,1.3781399726867676
2026-09-09T02:30:00Z,1.3781100511550903,1.3781399726867676,1.3770999908447266,1.377619981765747
2026-09-09T03:00:00Z,1.3775800466537476,1.3776400089263916,1.3768999576568604,1.3775800466537476
2026-09-09T03:30:00Z,1.3775899410247805,1.377769947052002,1.3768999576568604,1.3775399923324585
2026-09-09T04:00:00Z,1.3775399923324585,1.3776099681854248,1.3767999410629272,1.3773200511932373
2026-09-09T04:30:00Z,1.377269983291626,1.3775099515914917,1.3767999410629272,1.3772599697113037
2026-09-09T05:00:00Z,1.3772799968719482,1.3773399591445925,1.3765000104904177,1.377020001411438
2026-09-09T05:30:00Z,1.377020001411438,1.377519965171814,1.3766000270843506,1.377400040626526
2026-09-09T06:00:00Z,1.377400040626526,1.3774399757385254,1.3765000104904177,1.3766000270843506
2026-09-09T06:30:00Z,1.3771100044250488,1.3775299787521362,1.3765000104904177,1.3770099878311155
2026-09-09T07:00:00Z,1.3770099878311155,1.3774499893188477,1.3762999773025513,1.3773000240325928
2026-09-09T07:30:00Z,1.3773000240325928,1.3775299787521362,1.3766000270843506,1.3773499727249146
2026-09-09T08:00:00Z,1.3773200511932373,1.377959966659546,1.3767999410629272,1.377400040626526
2026-09-09T08:30:00Z,1.3776899576187134,1.3779200315475464,1.3768999576568604,1.377910017967224
2026-09-09T09:00:00Z,1.377910017967224,1.3782000541687012,1.3773000240325928,1.377500057220459
2026-09-09T09:30:00Z,1.3777600526809692,1.3783700466156006,1.3772000074386597,1.3782299757003784
2026-09-09T10:00:00Z,1.378209948539734,1.3787000179290771,1.3776999711990356,1.3783199787139893
2026-09-09T10:30:00Z,1.3783400058746338,1.378350019454956,1.377400040626526,1.377900004386902
2026-09-09T11:00:00Z,1.378239989280701,1.3783199787139893,1.3767999410629272,1.377210021018982
2026-09-09T11:30:00Z,1.3772499561309814,1.3774399757385254,1.3763999938964844,1.3770699501037598
2026-09-09T12:00:00Z,1.3770699501037598,1.3774499893188477,1.3761999607086182,1.377410054206848
2026-09-09T12:30:00Z,1.3774199485778809,1.378100037574768,1.3767000436782837,1.3777999877929688
2026-09-09T13:00:00Z,1.3777999877929688,1.378499984741211,1.3773000240325928,1.377900004386902
2026-09-09T13:30:00Z,1.3781499862670898,1.3790099620819092,1.3777999877929688,1.3789299726486206
2026-09-09T14:00:00Z,1.3789000511169434,1.3795100450515747,1.378000020980835,1.3792200088500977
2026-09-09T14:30:00Z,1.3792699575424194,1.3801000118255615,1.378600001335144,1.379480004310608
2026-09-09T15:00:00Z,1.3795000314712524,1.3820500373840332,1.3789000511169434,1.3812799453735352
2026-09-09T15:30:00Z,1.381309986114502,1.381600022315979,1.379899978637695,1.3803000450134275
2026-09-09T16:00:00Z,1.380620002746582,1.3809599876403809,1.3795000314712524,1.3806400299072266
2026-09-09T16:30:00Z,1.3806300163269043,1.3807599544525146,1.3796000480651855,1.3805999755859375
2026-09-09T17:00:00Z,1.380620002746582,1.3807200193405151,1.379699945449829,1.3801699876785278
2026-09-09T17:30:00Z,1.3801499605178833,1.3805500268936155,1.379699945449829,1.3802200555801392
2026-09-09T18:00:00Z,1.380229949951172,1.3805400133132937,1.379699945449829,1.380239963531494
2026-09-09T18:30:00Z,1.380270004272461,1.3806999921798706,1.3797999620437622,1.380560040473938
2026-09-09T19:00:00Z,1.3805500268936155,1.3810299634933472,1.3799999952316284,1.381019949913025
2026-09-09T19:30:00Z,1.38100004196167,1.3810399770736694,1.3799999952316284,1.380910038948059
2026-09-09T20:00:00Z,1.3808799982070925,1.381250023841858,1.3803999423980713,1.3809800148010254
2026-09-09T20:30:00Z,1.3809800148010254,1.381019949913025,1.379899978637695,1.3803000450134275
2026-09-09T21:00:00Z,1.379899978637695,1.38100004196167,1.3795000314712524,1.3801900148391724
2026-09-09T21:30:00Z,1.3801900148391724,1.380229949951172,1.37909996509552,1.3797999620437622
2026-09-09T22:00:00Z,1.379830002784729,1.3803900480270386,1.3794000148773191,1.3801000118255615
2026-09-09T22:30:00Z,1.3797999620437622,1.380210041999817,1.3795000314712524,1.3800699710845947
2026-09-09T23:00:00Z,1.380120038986206,1.380210041999817,1.3794000148773191,1.3797999620437622
2026-09-09T23:30:00Z,1.3800300359725952,1.3805999755859375,1.3795000314712524,1.380489945411682
2026-09-10T00:00:00Z,1.3804800510406494,1.380810022354126,1.3799999952316284,1.3807300329208374
2026-09-10T00:30:00Z,1.3807400465011597,1.3809000253677368,1.3799999952316284,1.3808200359344482
2026-09-10T01:00:00Z,1.3807899951934814,1.38100004196167,1.3801000118255615,1.3809000253677368
2026-09-10T01:30:00Z,1.3809399604797363,1.3811899423599243,1.3799999952316284,1.3804399967193604
2026-09-10T02:00:00Z,1.3804399967193604,1.3809000253677368,1.379899978637695,1.3808799982070925
2026-09-10T02:30:00Z,1.3808499574661257,1.381100058555603,1.3799999952316284,1.3804800510406494
2026-09-10T03:00:00Z,1.3804700374603271,1.3809000253677368,1.3799999952316284,1.3807799816131592
2026-09-10T03:30:00Z,1.380769968032837,1.3809000253677368,1.3802000284194946,1.380679965019226
2026-09-10T04:00:00Z,1.3806400299072266,1.3808000087738037,1.3799999952316284,1.3806099891662598
2026-09-10T04:30:00Z,1.380560040473938,1.380910038948059,1.3799999952316284,1.3808799982070925
2026-09-10T05:00:00Z,1.3804999589920044,1.3809800148010254,1.3802000284194946,1.3806699514389038
2026-09-10T05:30:00Z,1.380679965019226,1.3809000253677368,1.3797999620437622,1.380259990692139
2026-09-10T06:00:00Z,1.3802499771118164,1.3810499906539917,1.379899978637695,1.38086998462677
2026-09-10T06:30:00Z,1.3808300495147705,1.3810499906539917,1.3802000284194946,1.380679965019226
2026-09-10T07:00:00Z,1.380679965019226,1.381119966506958,1.3803000450134275,1.3809900283813477
2026-09-10T07:30:00Z,1.3809800148010254,1.3810499906539917,1.3802000284194946,1.3808300495147705
2026-09-10T08:00:00Z,1.3808300495147705,1.381160020828247,1.3799999952316284,1.3806300163269043
2026-09-10T08:30:00Z,1.3806300163269043,1.3808599710464478,1.3799999952316284,1.3804800510406494
2026-09-10T09:00:00Z,1.3804700374603271,1.3807300329208374,1.3796000480651855,1.380660057067871
2026-09-10T09:30:00Z,1.380660057067871,1.381500005722046,1.3803000450134275,1.380929946899414
2026-09-10T10:00:00Z,1.380929946899414,1.381309986114502,1.3802000284194946,1.3811999559402466
2026-09-10T10:30:00Z,1.3812199831008911,1.3818700313568115,1.3806999921798706,1.3816399574279783
2026-09-10T11:00:00Z,1.3816800117492676,1.3824000358581543,1.3811999559402466,1.381700038909912
2026-09-10T11:30:00Z,1.3819299936294556,1.3821300268173218,1.38100004196167,1.3817100524902344
2026-09-10T12:00:00Z,1.381669998168945,1.3821300268173218,1.3808000087738037,1.3811700344085691
2026-09-10T12:30:00Z,1.3811399936676023,1.383489966392517,1.3804399967193604,1.3825700283050537
2026-09-10T13:00:00Z,1.3825600147247314,1.383180022239685,1.3813999891281128,1.3824100494384766
2026-09-10T13:30:00Z,1.3823399543762207,1.3831700086593628,1.381100058555603,1.3819899559020996
2026-09-10T14:00:00Z,1.3819500207901,1.383270025253296,1.3812999725341797,1.3828699588775637
2026-09-10T14:30:00Z,1.3828999996185305,1.3832199573516846,1.3809000253677368,1.381749987602234
2026-09-10T15:00:00Z,1.3817700147628784,1.3821500539779663,1.3805999755859375,1.3818299770355225
2026-09-10T15:30:00Z,1.3818199634552002,1.3819199800491333,1.3802000284194946,1.380679965019226
2026-09-10T16:00:00Z,1.3806999921798706,1.381410002708435,1.3799999952316284,1.3805700540542605
2026-09-10T16:30:00Z,1.3805700540542605,1.3818000555038452,1.3801000118255615,1.381749987602234
2026-09-10T17:00:00Z,1.381749987602234,1.3820699453353882,1.3808000087738037,1.3816399574279783
2026-09-10T17:30:00Z,1.3816299438476562,1.382599949836731,1.3811999559402466,1.382259964942932
2026-09-10T18:00:00Z,1.3822799921035769,1.383020043373108,1.3818999528884888,1.3826099634170532
2026-09-10T18:30:00Z,1.382599949836731,1.3832600116729736,1.382099986076355,1.3828799724578855
2026-09-10T19:00:00Z,1.382930040359497,1.3833999633789062,1.3825000524520874,1.383190035820007
2026-09-10T19:30:00Z,1.3831700086593628,1.383430004119873,1.382599949836731,1.3833400011062622
2026-09-10T20:00:00Z,1.3833199739456177,1.3839499950408936,1.3828999996185305,1.3839099407196045
2026-09-10T20:30:00Z,1.383870005607605,1.3839000463485718,1.3827999830245972,1.3831499814987185
2026-09-10T21:00:00Z,1.3831299543380735,1.383180022239685,1.382200002670288,1.3829799890518188
2026-09-10T21:30:00Z,1.3828999996185305,1.3830100297927856,1.381999969482422,1.382680058479309
2026-09-10T22:00:00Z,1.3826899528503418,1.3835099935531616,1.3824000358581543,1.3834099769592283
2026-09-10T22:30:00Z,1.3833999633789062,1.383550047874451,1.3830000162124634,1.3834500312805176
2026-09-10T23:00:00Z,1.383550047874451,1.383739948272705,1.3830000162124634,1.3835999965667725
2026-09-10T23:30:00Z,1.3836100101470947,1.383739948272705,1.3830000162124634,1.3835300207138062
2026-09-11T00:00:00Z,1.3834999799728394,1.3837000131607056,1.3830000162124634,1.3832000494003296
2026-09-11T00:30:00Z,1.3835699558258057,1.3836400508880615,1.3830000162124634,1.3834600448608398
2026-09-11T01:00:00Z,1.3834600448608398,1.383679986000061,1.3830000162124634,1.3835300207138062
2026-09-11T01:30:00Z,1.3834999799728394,1.3838499784469604,1.3830000162124634,1.3836300373077393
2026-09-11T02:00:00Z,1.3836400508880615,1.3842999935150146,1.3832000494003296,1.3842600584030151
2026-09-11T02:30:00Z,1.3842300176620483,1.38441002368927,1.3835999965667725,1.3841300010681152
2026-09-11T03:00:00Z,1.3840999603271484,1.384559988975525,1.3835999965667725,1.3842999935150146
2026-09-11T03:30:00Z,1.3845200538635254,1.3846299648284912,1.383800029754639,1.383999943733215
2026-09-11T04:00:00Z,1.3842999935150146,1.3844200372695925,1.3832999467849731,1.383829951286316
2026-09-11T04:30:00Z,1.3838200569152832,1.3840999603271484,1.3833999633789062,1.3840099573135376
2026-09-11T05:00:00Z,1.3840099573135376,1.384060025215149,1.3832999467849731,1.3835999965667725
2026-09-11T05:30:00Z,1.3839600086212158,1.3839800357818604,1.3832000494003296,1.3836599588394165
2026-09-11T06:00:00Z,1.3836899995803833,1.3842600584030151,1.3831000328063965,1.3837900161743164
2026-09-11T06:30:00Z,1.383800029754639,1.384160041809082,1.3832999467849731,1.3833999633789062
2026-09-11T07:00:00Z,1.3836899995803833,1.3839600086212158,1.3831000328063965,1.3836400508880615
2026-09-11T07:30:00Z,1.3836400508880615,1.383970022201538,1.3830000162124634,1.383739948272705
2026-09-11T08:00:00Z,1.38372004032135,1.3846100568771362,1.3831000328063965,1.3843599557876587
2026-09-11T08:30:00Z,1.3843899965286257,1.3847299814224243,1.3837000131607056,1.3846499919891355
2026-09-11T09:00:00Z,1.3846800327301023,1.3848199844360352,1.383800029754639,1.3845499753952026
2026-09-11T09:30:00Z,1.3845399618148804,1.385010004043579,1.3840999603271484,1.3848199844360352
2026-09-11T10:00:00Z,1.3848199844360352,1.385200023651123,1.3841999769210815,1.385040044784546
2026-09-11T10:30:00Z,1.3850500583648682,1.3860599994659424,1.3845000267028809,1.3860299587249756
2026-09-11T11:00:00Z,1.3860000371932983,1.386199951171875,1.3854999542236328,1.385949969291687
2026-09-11T11:30:00Z,1.385949969291687,1.3861099481582642,1.3853000402450562,1.385699987411499
2026-09-11T12:00:00Z,1.3859200477600098,1.386379957199097,1.38510000705719,1.3859100341796875
2026-09-11T12:30:00Z,1.385890007019043,1.388219952583313,1.3853199481964111,1.3859000205993652
2026-09-11T13:00:00Z,1.3862099647521973,1.3868600130081177,1.385599970817566,1.3862799406051636
2026-09-11T13:30:00Z,1.3863199949264526,1.3872699737548828,1.385599970817566,1.3864500522613523
2026-09-11T14:00:00Z,1.3863999843597412,1.3869999647140503,1.3854999542236328,1.3868900537490845
2026-09-11T14:30:00Z,1.3868600130081177,1.388010025024414,1.386299967765808,1.387310028076172
2026-09-11T15:00:00Z,1.387310028076172,1.388399958610535,1.3867000341415403,1.3871899843215942
2026-09-11T15:30:00Z,1.3871899843215942,1.3875099420547483,1.3861000537872314,1.3865400552749634
2026-09-11T16:00:00Z,1.3865300416946411,1.3867000341415403,1.385800004005432,1.3863400220870972
2026-09-11T16:30:00Z,1.3860000371932983,1.3867000341415403,1.385699987411499,1.3863199949264526
2026-09-11T17:00:00Z,1.3863500356674194,1.3865300416946411,1.385699987411499,1.3862899541854858
2026-09-11T17:30:00Z,1.3862600326538086,1.3865000009536743,1.385599970817566,1.3864400386810305
2026-09-11T18:00:00Z,1.3864699602127075,1.3865000009536743,1.385699987411499,1.386299967765808
2026-09-11T18:30:00Z,1.3862700462341309,1.3869500160217283,1.3859000205993652,1.386430025100708
2026-09-11T19:00:00Z,1.3864599466323853,1.3867000341415403,1.3859000205993652,1.3866300582885742
2026-09-11T19:30:00Z,1.3866300582885742,1.3870999813079834,1.3860000371932983,1.3864599466323853
2026-09-11T20:00:00Z,1.3864500522613523,1.3867000341415403,1.385800004005432,1.3864799737930298
2026-09-11T20:30:00Z,1.3864799737930298,1.3875000476837158,1.3860000371932983,1.3867000341415403
2026-09-11T21:00:00Z,1.3868999481201172,1.3868999481201172,1.3868999481201172,1.3868999481201172
2026-09-13T23:00:00Z,1.3871300220489502,1.3871999979019165,1.3863999843597412,1.3869600296020508
2026-09-13T23:30:00Z,1.3869099617004397,1.3870999813079834,1.386299967765808,1.3867900371551514
2026-09-14T00:00:00Z,1.3867900371551514,1.3871500492095947,1.3860000371932983,1.3868999481201172
2026-09-14T00:30:00Z,1.387120008468628,1.3871599435806274,1.386199951171875,1.3867100477218628
2026-09-14T01:00:00Z,1.3866900205612185,1.3869999647140503,1.386299967765808,1.3868900537490845
2026-09-14T01:30:00Z,1.3868600130081177,1.3870999813079834,1.386299967765808,1.386929988861084
2026-09-14T02:00:00Z,1.3863999843597412,1.387060046195984,1.386299967765808,1.38673996925354
2026-09-14T02:30:00Z,1.38673996925354,1.387179970741272,1.386299967765808,1.3870999813079834
2026-09-14T03:00:00Z,1.3870899677276611,1.3874599933624268,1.3867000341415403,1.3868999481201172
2026-09-14T03:30:00Z,1.3872300386428833,1.3875199556350708,1.3868000507354736,1.387310028076172
2026-09-14T04:00:00Z,1.3873000144958496,1.3875000476837158,1.3868000507354736,1.3873499631881714
2026-09-14T04:30:00Z,1.3873300552368164,1.3875099420547483,1.3868000507354736,1.3874599933624268
2026-09-14T05:00:00Z,1.3874200582504272,1.3875999450683594,1.3868000507354736,1.3873800039291382
2026-09-14T05:30:00Z,1.3873300552368164,1.3874200582504272,1.3867000341415403,1.3872900009155271
2026-09-14T06:00:00Z,1.3872900009155271,1.3878899812698364,1.3867000341415403,1.387619972229004
2026-09-14T06:30:00Z,1.387619972229004,1.388100028038025,1.3869999647140503,1.387850046157837
2026-09-14T07:00:00Z,1.3878400325775146,1.388100028038025,1.3869999647140503,1.3877300024032593
2026-09-14T07:30:00Z,1.3877300024032593,1.388100028038025,1.3870999813079834,1.3879200220108032
2026-09-14T08:00:00Z,1.3879200220108032,1.3888100385665894,1.3875000476837158,1.3887100219726562
2026-09-14T08:30:00Z,1.388700008392334,1.3897700309753418,1.388200044631958,1.3897000551223757
2026-09-14T09:00:00Z,1.3897000551223757,1.390220046043396,1.3890000581741333,1.3890999555587769
2026-09-14T09:30:00Z,1.389449954032898,1.3896199464797974,1.388700008392334,1.389310002326965
2026-09-14T10:00:00Z,1.389310002326965,1.389799952507019,1.388800024986267,1.3890000581741333
2026-09-14T10:30:00Z,1.389430046081543,1.3898199796676636,1.3889000415802002,1.3895399570465088
2026-09-14T11:00:00Z,1.389549970626831,1.3896000385284424,1.3882999420166016,1.3889800310134888
2026-09-14T11:30:00Z,1.388990044593811,1.3891099691390991,1.388100028038025,1.3886799812316897
2026-09-14T12:00:00Z,1.3886799812316897,1.3906199932098389,1.388200044631958,1.39028000831604
2026-09-14T12:30:00Z,1.3902599811553955,1.391700029373169,1.38988995552063,1.3916300535202026
2026-09-14T13:00:00Z,1.391610026359558,1.392259955406189,1.3910000324249268,1.3920199871063232
2026-09-14T13:30:00Z,1.3919700384140017,1.3927899599075315,1.3914999961853027,1.392490029335022
2026-09-14T14:00:00Z,1.392490029335022,1.3929699659347534,1.3912999629974363,1.391800045967102
2026-09-14T14:30:00Z,1.3921500444412231,1.3923300504684448,1.3904999494552612,1.3919800519943235
2026-09-14T15:00:00Z,1.3919700384140017,1.3923499584197998,1.3909000158309937,1.3916000127792358
2026-09-14T15:30:00Z,1.3916000127792358,1.39205002784729,1.3907999992370603,1.3912700414657593
2026-09-14T16:00:00Z,1.391260027885437,1.3913400173187256,1.389799952507019,1.3903599977493286
2026-09-14T16:30:00Z,1.3903900384902954,1.3907999992370603,1.3895000219345093,1.39028000831604
2026-09-14T17:00:00Z,1.3902499675750732,1.3903000354766846,1.3894000053405762,1.389899969100952
2026-09-14T17:30:00Z,1.3900699615478516,1.3906699419021606,1.3896000385284424,1.390089988708496
2026-09-14T18:00:00Z,1.390089988708496,1.3902100324630735,1.389299988746643,1.3899999856948853
2026-09-14T18:30:00Z,1.3900200128555298,1.3904000520706177,1.3894000053405762,1.3902000188827517
2026-09-14T19:00:00Z,1.3901599645614624,1.390339970588684,1.3895000219345093,1.3902100324630735
2026-09-14T19:30:00Z,1.3902100324630735,1.3904399871826172,1.3897000551223757,1.3903100490570068
2026-09-14T20:00:00Z,1.3903299570083618,1.3905999660491943,1.389799952507019,1.3904500007629397
2026-09-14T20:30:00Z,1.3904600143432615,1.3905099630355835,1.3895000219345093,1.3896000385284424
2026-09-14T21:00:00Z,1.3896000385284424,1.3902299404144287,1.3895000219345093,1.3899400234222412
2026-09-14T21:30:00Z,1.3899799585342407,1.39014995098114,1.3895000219345093,1.38988995552063
2026-09-14T22:00:00Z,1.38988995552063,1.390120029449463,1.3893799781799316,1.38988995552063
2026-09-14T22:30:00Z,1.3898600339889526,1.3899999856948853,1.38919997215271,1.3895000219345093
2026-09-14T23:00:00Z,1.3897199630737305,1.389919996261597,1.3894000053405762,1.3898799419403076
2026-09-14T23:30:00Z,1.389870047569275,1.3902000188827517,1.3894000053405762,1.3897000551223757
2026-09-15T00:00:00Z,1.390030026435852,1.3904399871826172,1.3895000219345093,1.3903700113296509
2026-09-15T00:30:00Z,1.3903900384902954,1.3904999494552612,1.389899969100952,1.3902699947357178
2026-09-15T01:00:00Z,1.3902699947357178,1.3909399509429932,1.389899969100952,1.3907699584960938
2026-09-15T01:30:00Z,1.3907400369644165,1.3910000324249268,1.3902000188827517,1.390720009803772
2026-09-15T02:00:00Z,1.3907300233840942,1.391129970550537,1.3902000188827517,1.391070008277893
2026-09-15T02:30:00Z,1.391080021858215,1.3911999464035034,1.3903000354766846,1.3907699584960938
2026-09-15T03:00:00Z,1.3907699584960938,1.3913099765777588,1.3903000354766846,1.3911800384521484
2026-09-15T03:30:00Z,1.3911399841308594,1.3914599418640137,1.3906999826431274,1.391379952430725
2026-09-15T04:00:00Z,1.391379952430725,1.3916000127792358,1.3909000158309937,1.391569972038269
2026-09-15T04:30:00Z,1.3915400505065918,1.3916000127792358,1.3907999992370603,1.391330003738403
2026-09-15T05:00:00Z,1.391330003738403,1.3914200067520142,1.3906999826431274,1.391219973564148
2026-09-15T05:30:00Z,1.3911900520324707,1.3913999795913696,1.3904000520706177,1.3911399841308594
2026-09-15T06:00:00Z,1.39110004901886,1.3911800384521484,1.3899999856948853,1.39096999168396
2026-09-15T06:30:00Z,1.39096999168396,1.3911199569702148,1.389899969100952,1.39028000831604
2026-09-15T07:00:00Z,1.3902900218963623,1.3904399871826172,1.3896000385284424,1.390030026435852
2026-09-15T07:30:00Z,1.390030026435852,1.3904999494552612,1.3894000053405762,1.3901900053024292
2026-09-15T08:00:00Z,1.3901900053024292,1.3905600309371948,1.389299988746643,1.3902000188827517
2026-09-15T08:30:00Z,1.390179991722107,1.3906300067901611,1.3897000551223757,1.3904500007629397
2026-09-15T09:00:00Z,1.390470027923584,1.3906999826431274,1.389899969100952,1.3901000022888184
2026-09-15T09:30:00Z,1.3902900218963623,1.390589952468872,1.389799952507019,1.3905600309371948
2026-09-15T10:00:00Z,1.3905800580978394,1.390820026397705,1.389899969100952,1.3907300233840942
2026-09-15T10:30:00Z,1.3904999494552612,1.3916499614715576,1.3903000354766846,1.3916000127792358
2026-09-15T11:00:00Z,1.3916000127792358,1.3920199871063232,1.39110004901886,1.3915599584579468
2026-09-15T11:30:00Z,1.3915599584579468,1.3924000263214111,1.3909000158309937,1.3923300504684448
2026-09-15T12:00:00Z,1.3923300504684448,1.3924000263214111,1.3913999795913696,1.391909956932068
2026-09-15T12:30:00Z,1.391890048980713,1.392930030822754,1.3912999629974363,1.392549991607666
2026-09-15T13:00:00Z,1.3925199508666992,1.392799973487854,1.3914999961853027,1.3922200202941897
2026-09-15T13:30:00Z,1.3922200202941897,1.392259955406189,1.3902000188827517,1.3908100128173828
2026-09-15T14:00:00Z,1.3908400535583496,1.391909956932068,1.3904000520706177,1.391669988632202
2026-09-15T14:30:00Z,1.391669988632202,1.392009973526001,1.3906999826431274,1.391319990158081
2026-09-15T15:00:00Z,1.391319990158081,1.392199993133545,1.3907999992370603,1.3916800022125244
2026-09-15T15:30:00Z,1.3916800022125244,1.3922200202941897,1.3911999464035034,1.3917700052261353
2026-09-15T16:00:00Z,1.3917700052261353,1.391950011253357,1.3907999992370603,1.3912999629974363
2026-09-15T16:30:00Z,1.3913099765777588,1.3914200067520142,1.3905999660491943,1.3911499977111816
2026-09-15T17:00:00Z,1.3911099433898926,1.3916000127792358,1.3906999826431274,1.3914899826049805
2026-09-15T17:30:00Z,1.3914899826049805,1.3915200233459473,1.3906999826431274,1.3911999464035034
2026-09-15T18:00:00Z,1.3911999464035034,1.3914999961853027,1.3907999992370603,1.3914599418640137
2026-09-15T18:30:00Z,1.3914300203323364,1.391800045967102,1.3910000324249268,1.3916200399398804
2026-09-15T19:00:00Z,1.3916200399398804,1.3920600414276123,1.3911999464035034,1.391890048980713
2026-09-15T19:30:00Z,1.3918999433517456,1.3920600414276123,1.3911999464035034,1.3917700052261353
2026-09-15T20:00:00Z,1.3917700052261353,1.392300009727478,1.3911999464035034,1.3921799659729004
2026-09-15T20:30:00Z,1.392169952392578,1.3925000429153442,1.3913999795913696,1.3918700218200684
2026-09-15T21:00:00Z,1.391950011253357,1.3919600248336792,1.39110004901886,1.3913999795913696
2026-09-15T21:30:00Z,1.3911900520324707,1.392169952392578,1.39110004901886,1.391569972038269
2026-09-15T22:00:00Z,1.391569972038269,1.3921799659729004,1.391379952430725,1.3919299840927124
2026-09-15T22:30:00Z,1.391909956932068,1.3919999599456787,1.3913999795913696,1.391939997673035
2026-09-15T23:00:00Z,1.39191997051239,1.3923699855804443,1.3916000127792358,1.3923100233078003
2026-09-15T23:30:00Z,1.392300009727478,1.3925700187683103,1.391700029373169,1.3925199508666992
2026-09-16T00:00:00Z,1.3924800157546997,1.3929200172424316,1.3920999765396118,1.392680048942566
2026-09-16T00:30:00Z,1.3926199674606323,1.393100023269653,1.3920999765396118,1.392699956893921
2026-09-16T01:00:00Z,1.3929200172424316,1.3932600021362305,1.3925000429153442,1.3931900262832642
2026-09-16T01:30:00Z,1.3932299613952637,1.3934999704360962,1.392799973487854,1.393460035324097
2026-09-16T02:00:00Z,1.39342999458313,1.3937000036239624,1.392799973487854,1.3933600187301636
2026-09-16T02:30:00Z,1.3933299779891968,1.3933600187301636,1.3925000429153442,1.393030047416687
2026-09-16T03:00:00Z,1.393030047416687,1.393399953842163,1.3926000595092771,1.3933600187301636
2026-09-16T03:30:00Z,1.3933199644088743,1.393399953842163,1.392699956893921,1.3933299779891968
2026-09-16T04:00:00Z,1.3933199644088743,1.393399953842163,1.3925000429153442,1.3930699825286863
2026-09-16T04:30:00Z,1.3930399417877195,1.393100023269653,1.392300009727478,1.3928699493408203
2026-09-16T05:00:00Z,1.3928600549697876,1.392930030822754,1.3920999765396118,1.392680048942566
2026-09-16T05:30:00Z,1.3926600217819214,1.3927199840545654,1.391700029373169,1.3922499418258667
2026-09-16T06:00:00Z,1.3922499418258667,1.3930000066757202,1.391700029373169,1.3929400444030762
2026-09-16T06:30:00Z,1.3929500579833984,1.3935400247573853,1.3924000263214111,1.3932700157165527
2026-09-16T07:00:00Z,1.393239974975586,1.3935999870300293,1.392699956893921,1.39342999458313
2026-09-16T07:30:00Z,1.39342999458313,1.39382004737854,1.392799973487854,1.3933000564575195
2026-09-16T08:00:00Z,1.3936500549316406,1.3937000036239624,1.392799973487854,1.3933199644088743
2026-09-16T08:30:00Z,1.3933199644088743,1.3936100006103516,1.392300009727478,1.3925000429153442
2026-09-16T09:00:00Z,1.392850041389465,1.3930599689483645,1.392199993133545,1.3927799463272097
2026-09-16T09:30:00Z,1.3927600383758545,1.3930000066757202,1.3918999433517456,1.3928899765014648
2026-09-16T10:00:00Z,1.3928899765014648,1.3930599689483645,1.392199993133545,1.3930200338363647
2026-09-16T10:30:00Z,1.3930200338363647,1.3933500051498413,1.3924000263214111,1.3929599523544312
2026-09-16T11:00:00Z,1.3928899765014648,1.393100023269653,1.392199993133545,1.3930399417877195
2026-09-16T11:30:00Z,1.3930399417877195,1.394070029258728,1.3926000595092771,1.3940000534057615
2026-09-16T12:00:00Z,1.3940099477767944,1.3941500186920166,1.3930000066757202,1.3939800262451172
2026-09-16T12:30:00Z,1.3939499855041504,1.3943899869918823,1.393100023269653,1.3935799598693848
2026-09-16T13:00:00Z,1.393589973449707,1.3941999673843384,1.3932000398635864,1.3938299417495728
2026-09-16T13:30:00Z,1.39382004737854,1.3941999673843384,1.393100023269653,1.3938100337982178
2026-09-16T14:00:00Z,1.3938100337982178,1.3940500020980835,1.392899990081787,1.393530011177063
2026-09-16T14:30:00Z,1.3935199975967407,1.3939499855041504,1.3925000429153442,1.3935199975967407
2026-09-16T15:00:00Z,1.3935400247573853,1.3939900398254397,1.392799973487854,1.393679976463318
2026-09-16T15:30:00Z,1.3936400413513184,1.3938299417495728,1.392799973487854,1.393530011177063
2026-09-16T16:00:00Z,1.3935199975967407,1.393720030784607,1.392699956893921,1.393710017204285
2026-09-16T16:30:00Z,1.393710017204285,1.3942099809646606,1.3932000398635864,1.3939900398254397
2026-09-16T17:00:00Z,1.3939900398254397,1.3944000005722046,1.3935999870300293,1.394129991531372
2026-09-16T17:30:00Z,1.3938000202178955,1.394700050354004,1.3933000564575195,1.3935600519180298
2026-09-16T18:00:00Z,1.393460035324097,1.3972400426864624,1.392799973487854,1.3969999551773071
2026-09-16T18:30:00Z,1.3970199823379517,1.3993799686431885,1.3966000080108645,1.398900032043457
2026-09-16T19:00:00Z,1.3993899822235107,1.399500012397766,1.3977999687194824,1.3991600275039673
2026-09-16T19:30:00Z,1.3991400003433228,1.3992600440979004,1.3981000185012815,1.3988800048828125
2026-09-16T20:00:00Z,1.3988699913024902,1.399209976196289,1.3980000019073486,1.3988399505615234
2026-09-16T20:30:00Z,1.3988699913024902,1.39900004863739,1.3982000350952148,1.3985999822616575
2026-09-16T21:00:00Z,1.398550033569336,1.3992999792099,1.3983999490737915,1.398800015449524
2026-09-16T21:30:00Z,1.398669958114624,1.3990999460220337,1.398300051689148,1.398669958114624
2026-09-16T22:00:00Z,1.3987699747085571,1.3991700410842896,1.3981000185012815,1.3987300395965576
2026-09-16T22:30:00Z,1.3987300395965576,1.398900032043457,1.3981000185012815,1.3987699747085571
2026-09-16T23:00:00Z,1.3987699747085571,1.399090051651001,1.3981000185012815,1.399090051651001
2026-09-16T23:30:00Z,1.399090051651001,1.3990999460220337,1.3981000185012815,1.3988800048828125
2026-09-17T00:00:00Z,1.3986999988555908,1.3991400003433228,1.3981000185012815,1.3985999822616575
2026-09-17T00:30:00Z,1.3988800048828125,1.3995100259780884,1.3983999490737915,1.39900004863739
2026-09-17T01:00:00Z,1.3992799520492554,1.399829983711243,1.3985999822616575,1.3991600275039673
2026-09-17T01:30:00Z,1.399049997329712,1.3995599746704102,1.3983999490737915,1.3993300199508667
2026-09-17T02:00:00Z,1.3992999792099,1.399440050125122,1.3986999988555908,1.3993200063705444
2026-09-17T02:30:00Z,1.399340033531189,1.3996000289916992,1.398800015449524,1.3993200063705444
2026-09-17T03:00:00Z,1.3993300199508667,1.399399995803833,1.3985999822616575,1.3992999792099
2026-09-17T03:30:00Z,1.3992700576782229,1.399359941482544,1.3984999656677246,1.399209976196289
2026-09-17T04:00:00Z,1.399209976196289,1.399340033531189,1.3984999656677246,1.3990999460220337
2026-09-17T04:30:00Z,1.3991299867630005,1.3991999626159668,1.3983999490737915,1.3989200592041016
2026-09-17T05:00:00Z,1.3988900184631348,1.3989399671554563,1.3982000350952148,1.3988300561904907
2026-09-17T05:30:00Z,1.398800015449524,1.3990199565887451,1.398300051689148,1.3988699913024902
2026-09-17T06:00:00Z,1.3988699913024902,1.3997000455856323,1.3983999490737915,1.3988100290298462
2026-09-17T06:30:00Z,1.3988200426101685,1.399240016937256,1.3976000547409058,1.3982800245285034
2026-09-17T07:00:00Z,1.3982399702072144,1.3989499807357788,1.3978999853134155,1.3985300064086914
2026-09-17T07:30:00Z,1.3985300064086914,1.398900032043457,1.3980000019073486,1.3985199928283691
2026-09-17T08:00:00Z,1.3985600471496582,1.3992600440979004,1.3981000185012815,1.399090051651001
2026-09-17T08:30:00Z,1.399090051651001,1.3991600275039673,1.3981000185012815,1.3989100456237793
2026-09-17T09:00:00Z,1.3988800048828125,1.399049997329712,1.3982000350952148,1.3988499641418457
2026-09-17T09:30:00Z,1.3988499641418457,1.3994499444961548,1.3982000350952148,1.3994100093841553
2026-09-17T10:00:00Z,1.3994100093841553,1.3996000289916992,1.3983999490737915,1.399219989776611
2026-09-17T10:30:00Z,1.3992300033569336,1.3995699882507324,1.398800015449524,1.399340033531189
2026-09-17T11:00:00Z,1.399340033531189,1.3998199701309204,1.398800015449524,1.399549961090088
2026-09-17T11:30:00Z,1.399549961090088,1.400149941444397,1.39900004863739,1.3998899459838867
2026-09-17T12:00:00Z,1.3998899459838867,1.4000300168991089,1.397699952125549,1.398169994354248
2026-09-17T12:30:00Z,1.398169994354248,1.3989399671554563,1.397699952125549,1.3982499837875366
2026-09-17T13:00:00Z,1.3982499837875366,1.399250030517578,1.3978999853134155,1.3987499475479126
2026-09-17T13:30:00Z,1.3985999822616575,1.3990700244903564,1.3975000381469729,1.3980200290679932
2026-09-17T14:00:00Z,1.3980499505996704,1.3982000350952148,1.3969000577926636,1.3974000215530396
2026-09-17T14:30:00Z,1.3970999717712402,1.3988100290298462,1.3969000577926636,1.3982000350952148
2026-09-17T15:00:00Z,1.3985600471496582,1.3992999792099,1.397699952125549,1.3991899490356443
2026-09-17T15:30:00Z,1.399150013923645,1.3996700048446655,1.3986999988555908,1.399209976196289
2026-09-17T16:00:00Z,1.3991999626159668,1.399749994277954,1.3983999490737915,1.3987200260162354
2026-09-17T16:30:00Z,1.3987300395965576,1.3988300561904907,1.397699952125549,1.3985300064086914
2026-09-17T17:00:00Z,1.3985300064086914,1.398900032043457,1.3981000185012815,1.3987900018692017
2026-09-17T17:30:00Z,1.3988100290298462,1.3989100456237793,1.3982000350952148,1.3986599445343018
2026-09-17T18:00:00Z,1.3986599445343018,1.39900004863739,1.3982000350952148,1.3988699913024902
2026-09-17T18:30:00Z,1.3988699913024902,1.3992999792099,1.3983999490737915,1.3991600275039673
2026-09-17T19:00:00Z,1.3991800546646118,1.3991999626159668,1.3984999656677246,1.3989399671554563
2026-09-17T19:30:00Z,1.3989399671554563,1.399049997329712,1.3981000185012815,1.3988499641418457
2026-09-17T20:00:00Z,1.3988499641418457,1.3990999460220337,1.3982000350952148,1.3988900184631348
2026-09-17T20:30:00Z,1.3988900184631348,1.3992999792099,1.3983999490737915,1.3989499807357788
2026-09-17T21:00:00Z,1.398859977722168,1.3992999792099,1.3978999853134155,1.3991999626159668
2026-09-17T21:30:00Z,1.3991800546646118,1.399399995803833,1.3982000350952148,1.3991999626159668
2026-09-17T22:00:00Z,1.3991999626159668,1.3991999626159668,1.3982000350952148,1.398800015449524
2026-09-17T22:30:00Z,1.3989499807357788,1.3990800380706787,1.3983999490737915,1.3989700078964231
2026-09-17T23:00:00Z,1.39900004863739,1.3990999460220337,1.398300051689148,1.3990099430084229
2026-09-17T23:30:00Z,1.3990099430084229,1.399150013923645,1.398300051689148,1.398800015449524
2026-09-18T00:00:00Z,1.3990600109100342,1.3993500471115112,1.3986999988555908,1.3991199731826782
2026-09-18T00:30:00Z,1.3991299867630005,1.3991999626159668,1.3984999656677246,1.3988699913024902
2026-09-18T01:00:00Z,1.3984999656677246,1.3989700078964231,1.3982000350952148,1.3986999988555908
2026-09-18T01:30:00Z,1.3986999988555908,1.3990700244903564,1.3982000350952148,1.3982000350952148
2026-09-18T02:00:00Z,1.3985400199890137,1.398900032043457,1.3982000350952148,1.3986400365829468
2026-09-18T02:30:00Z,1.3986300230026243,1.3988699913024902,1.3981000185012815,1.398360013961792
2026-09-18T03:00:00Z,1.3983700275421145,1.398550033569336,1.397699952125549,1.3983999490737915
2026-09-18T03:30:00Z,1.398360013961792,1.3985099792480469,1.3976000547409058,1.3979300260543823
2026-09-18T04:00:00Z,1.397879958152771,1.3979400396347046,1.3970999717712402,1.397809982299805
2026-09-18T04:30:00Z,1.3977899551391602,1.3982700109481812,1.3974000215530396,1.398229956626892
2026-09-18T05:00:00Z,1.398229956626892,1.3987200260162354,1.3976000547409058,1.3987200260162354
2026-09-18T05:30:00Z,1.398669958114624,1.3992999792099,1.398300051689148,1.3992600440979004
2026-09-18T06:00:00Z,1.399219989776611,1.399749994277954,1.3985999822616575,1.399530053138733
2026-09-18T06:30:00Z,1.399530053138733,1.399880051612854,1.3990999460220337,1.3995699882507324
2026-09-18T07:00:00Z,1.3995699882507324,1.4003900289535522,1.39900004863739,1.4002100229263306
2026-09-18T07:30:00Z,1.4002100229263306,1.4003299474716189,1.3990999460220337,1.3996000289916992
2026-09-18T08:00:00Z,1.3998899459838867,1.3999300003051758,1.39900004863739,1.399530053138733
2026-09-18T08:30:00Z,1.3995699882507324,1.4003000259399414,1.39900004863739,1.399999976158142
2026-09-18T09:00:00Z,1.4000300168991089,1.4005999565124512,1.399500012397766,1.399899959564209
2026-09-18T09:30:00Z,1.400230050086975,1.4002599716186523,1.3991999626159668,1.3997100591659546
2026-09-18T10:00:00Z,1.3997100591659546,1.4000999927520752,1.3991999626159668,1.3999899625778198
2026-09-18T10:30:00Z,1.3999899625778198,1.4007999897003174,1.399500012397766,1.4004700183868408
2026-09-18T11:00:00Z,1.4004700183868408,1.4006999731063845,1.3997000455856323,1.4006400108337402
2026-09-18T11:30:00Z,1.4006400108337402,1.4014400243759155,1.4003000259399414,1.4010000228881836
2026-09-18T12:00:00Z,1.401010036468506,1.401419997215271,1.4005999565124512,1.4010299444198608
2026-09-18T12:30:00Z,1.4010000228881836,1.401110053062439,1.399899959564209,1.4005000591278076
2026-09-18T13:00:00Z,1.4005199670791626,1.4006799459457395,1.3996000289916992,1.4000999927520752
2026-09-18T13:30:00Z,1.400130033493042,1.401239991188049,1.3997000455856323,1.4008300304412842
2026-09-18T14:00:00Z,1.4008500576019287,1.4010800123214722,1.399899959564209,1.4002000093460083
2026-09-18T14:30:00Z,1.4005099534988403,1.4011600017547607,1.399799942970276,1.4007500410079956
2026-09-18T15:00:00Z,1.4007500410079956,1.4013999700546265,1.4003000259399414,1.4008100032806396
2026-09-18T15:30:00Z,1.4005000591278076,1.401229977607727,1.4003000259399414,1.400820016860962
2026-09-18T16:00:00Z,1.400820016860962,1.4008899927139282,1.4000999927520752,1.400439977645874
2026-09-18T16:30:00Z,1.400439977645874,1.4005399942398071,1.399500012397766,1.4000600576400757
2026-09-18T17:00:00Z,1.4000400304794312,1.4000699520111084,1.3990999460220337,1.3996200561523438
2026-09-18T17:30:00Z,1.3996700048446655,1.399799942970276,1.398900032043457,1.3994300365447998
2026-09-18T18:00:00Z,1.3994300365447998,1.3996000289916992,1.398800015449524,1.3995100259780884
2026-09-18T18:30:00Z,1.399500012397766,1.3996599912643433,1.3986999988555908,1.3992300033569336
2026-09-18T19:00:00Z,1.3991999626159668,1.399359941482544,1.398300051689148,1.3988499641418457
2026-09-18T19:30:00Z,1.3988499641418457,1.399240016937256,1.3983999490737915,1.3991299867630005
2026-09-18T20:00:00Z,1.3991299867630005,1.3991899490356443,1.3982000350952148,1.3988900184631348
2026-09-18T20:30:00Z,1.3988900184631348,1.3990700244903564,1.397699952125549,1.3983999490737915
2026-09-18T21:00:00Z,1.3982000350952148,1.3986999988555908,1.3982000350952148,1.3986999988555908
2026-09-18T21:30:00Z,1.3982000350952148,1.3982000350952148,1.3982000350952148,1.3982000350952148
2026-09-20T23:00:00Z,1.3990000486373901,1.399399995803833,1.3983999490737915,1.3992999792099
2026-09-20T23:30:00Z,1.3992999792099,1.3995000123977661,1.3985999822616577,1.3994100093841553
2026-09-21T00:00:00Z,1.3994100093841553,1.3995699882507324,1.398800015449524,1.3992300033569336
2026-09-21T00:30:00Z,1.3992300033569336,1.3996000289916992,1.3986999988555908,1.3996000289916992
2026-09-21T01:00:00Z,1.3995699882507324,1.3997199535369873,1.3990000486373901,1.3991999626159668
2026-09-21T01:30:00Z,1.3995599746704102,1.3998099565505981,1.3990000486373901,1.3997600078582764
2026-09-21T02:00:00Z,1.399749994277954,1.4000999927520752,1.3992999792099,1.4000600576400757
2026-09-21T02:30:00Z,1.4000200033187866,1.4004000425338745,1.3995000123977661,1.4002200365066528
2026-09-21T03:00:00Z,1.4002699851989746,1.4004600048065186,1.3997000455856323,1.4002399444580078
2026-09-21T03:30:00Z,1.400230050086975,1.400439977645874,1.3997000455856323,1.4003000259399414
2026-09-21T04:00:00Z,1.40024995803833,1.4004499912261963,1.3996000289916992,1.4003900289535522
2026-09-21T04:30:00Z,1.4003900289535522,1.400670051574707,1.399999976158142,1.400439977645874
2026-09-21T05:00:00Z,1.4004600048065186,1.4007600545883179,1.399999976158142,1.4007099866867065
2026-09-21T05:30:00Z,1.4007099866867065,1.4010100364685059,1.4002000093460083,1.4008699655532837
2026-09-21T06:00:00Z,1.4005000591278076,1.402209997177124,1.4005000591278076,1.4017499685287476
2026-09-21T06:30:00Z,1.4017499685287476,1.40215003490448,1.4010000228881836,1.401729941368103
2026-09-21T07:00:00Z,1.4016900062561035,1.4023200273513794,1.4011000394821167,1.4016300439834595
2026-09-21T07:30:00Z,1.4016000032424927,1.4018399715423584,1.4005999565124512,1.40146005153656
2026-09-21T08:00:00Z,1.4014400243759155,1.4015300273895264,1.4006999731063843,1.4007999897003174
2026-09-21T08:30:00Z,1.401129961013794,1.4014400243759155,1.4004000425338745,1.4013899564743042
2026-09-21T09:00:00Z,1.4014300107955933,1.401769995689392,1.4009000062942505,1.4017399549484253
2026-09-21T09:30:00Z,1.4017000198364258,1.402169942855835,1.4012000560760498,1.4020299911499023
2026-09-21T10:00:00Z,1.4019999504089355,1.4021999835968018,1.4012999534606934,1.4019299745559692
2026-09-21T10:30:00Z,1.401919960975647,1.4023000001907349,1.4012999534606934,1.4016499519348145
2026-09-21T11:00:00Z,1.4016499519348145,1.4018000364303589,1.4002000093460083,1.4007500410079956
2026-09-21T11:30:00Z,1.400730013847351,1.4009000062942505,1.399399995803833,1.3997000455856323
2026-09-21T12:00:00Z,1.4000500440597534,1.400670051574707,1.3995000123977661,1.4003599882125854
2026-09-21T12:30:00Z,1.4003599882125854,1.4005500078201294,1.3991999626159668,1.3996299505233765
2026-09-21T13:00:00Z,1.3996599912643433,1.4003000259399414,1.3992999792099,1.3997000455856323
2026-09-21T13:30:00Z,1.4000699520111084,1.401360034942627,1.3997000455856323,1.4012700319290161
2026-09-21T14:00:00Z,1.4012500047683716,1.4021400213241577,1.4009000062942505,1.4015799760818481
2026-09-21T14:30:00Z,1.4015799760818481,1.4021400213241577,1.4006999731063843,1.4015100002288818
2026-09-21T15:00:00Z,1.4014999866485596,1.4021300077438354,1.4005000591278076,1.4020999670028687
2026-09-21T15:30:00Z,1.4021300077438354,1.402500033378601,1.4017000198364258,1.4023100137710571
2026-09-21T16:00:00Z,1.4022799730300903,1.4027199745178223,1.4018000364303589,1.4026299715042114
2026-09-21T16:30:00Z,1.4026199579238892,1.4032100439071655,1.4020999670028687,1.403130054473877
2026-09-21T17:00:00Z,1.4031000137329102,1.4032399654388428,1.402400016784668,1.4027899503707886
2026-09-21T17:30:00Z,1.4027899503707886,1.4033199548721313,1.402400016784668,1.403090000152588
2026-09-21T18:00:00Z,1.403090000152588,1.4032399654388428,1.402500033378601,1.4031800031661987
2026-09-21T18:30:00Z,1.402899980545044,1.403880000114441,1.4027999639511108,1.4038100242614746
2026-09-21T19:00:00Z,1.4038399457931519,1.4039100408554077,1.4027999639511108,1.403309941291809
2026-09-21T19:30:00Z,1.4032800197601318,1.403499960899353,1.4026999473571777,1.4031000137329102
2026-09-21T20:00:00Z,1.4034700393676758,1.4038100242614746,1.402999997138977,1.4036400318145752
2026-09-21T20:30:00Z,1.4035899639129639,1.4036999940872192,1.4027999639511108,1.403190016746521
2026-09-21T21:00:00Z,1.4033399820327759,1.4033399820327759,1.4026000499725342,1.402899980545044
2026-09-21T21:30:00Z,1.402999997138977,1.403059959411621,1.4023000001907349,1.4027999639511108
2026-09-21T22:00:00Z,1.4027800559997559,1.4033399820327759,1.4026000499725342,1.403130054473877
2026-09-21T22:30:00Z,1.403130054473877,1.4033199548721313,1.4026999473571777,1.4032100439071655
2026-09-21T23:00:00Z,1.4032100439071655,1.4033299684524536,1.4026999473571777,1.4032800197601318
2026-09-21T23:30:00Z,1.4032399654388428,1.4034099578857422,1.402899980545044,1.4033199548721313
2026-09-22T00:00:00Z,1.4033399820327759,1.40339994430542,1.4026000499725342,1.4030799865722656
2026-09-22T00:30:00Z,1.4030799865722656,1.4032299518585205,1.402500033378601,1.4030799865722656
2026-09-22T01:00:00Z,1.4030799865722656,1.4039499759674072,1.4027999639511108,1.4037400484085083
2026-09-22T01:30:00Z,1.4037699699401855,1.404360055923462,1.40339994430542,1.404129981994629
2026-09-22T02:00:00Z,1.4041600227355957,1.4042600393295288,1.402999997138977,1.4031000137329102
2026-09-22T02:30:00Z,1.403439998626709,1.403630018234253,1.4027999639511108,1.4033399820327759
2026-09-22T03:00:00Z,1.403309941291809,1.40339994430542,1.402400016784668,1.4026000499725342
2026-09-22T03:30:00Z,1.4029500484466553,1.4031599760055542,1.4021999835968018,1.4028500318527222
2026-09-22T04:00:00Z,1.4027999639511108,1.4029699563980103,1.4020999670028687,1.402649998664856
2026-09-22T04:30:00Z,1.402609944343567,1.4026999473571777,1.4019999504089355,1.4024900197982788
2026-09-22T05:00:00Z,1.4024900197982788,1.4026399850845337,1.4020999670028687,1.4025299549102783
2026-09-22T05:30:00Z,1.4025299549102783,1.4028899669647217,1.4020999670028687,1.4026399850845337
2026-09-22T06:00:00Z,1.4026399850845337,1.4031000137329102,1.4020999670028687,1.4028199911117554
2026-09-22T06:30:00Z,1.4028199911117554,1.402999997138977,1.4021999835968018,1.4021999835968018
2026-09-22T07:00:00Z,1.4025399684906006,1.4029699563980103,1.4020999670028687,1.4026000499725342
2026-09-22T07:30:00Z,1.4029300212860107,1.4039900302886963,1.4026000499725342,1.4039900302886963
2026-09-22T08:00:00Z,1.403980016708374,1.4048999547958374,1.40339994430542,1.4046200513839722
2026-09-22T08:30:00Z,1.4046200513839722,1.4049899578094482,1.402899980545044,1.4039299488067627
2026-09-22T09:00:00Z,1.403939962387085,1.4043899774551392,1.4033000469207764,1.4039700031280518
2026-09-22T09:30:00Z,1.4035999774932861,1.4040499925613403,1.402400016784668,1.4029300212860107
2026-09-22T10:00:00Z,1.4029200077056885,1.4037200212478638,1.402400016784668,1.4035700559616089
2026-09-22T10:30:00Z,1.4035799503326416,1.4035999774932861,1.4026999473571777,1.403249979019165
2026-09-22T11:00:00Z,1.403249979019165,1.4040000438690186,1.4027999639511108,1.4038200378417969
2026-09-22T11:30:00Z,1.4038599729537964,1.404360055923462,1.4033000469207764,1.4039000272750854
2026-09-22T12:00:00Z,1.4042400121688843,1.4045000076293945,1.4035999774932861,1.4041600227355957
2026-09-22T12:30:00Z,1.4041600227355957,1.4047900438308716,1.4036999940872192,1.4047499895095825
2026-09-22T13:00:00Z,1.4047600030899048,1.4052000045776367,1.4041999578475952,1.4050500392913818
2026-09-22T13:30:00Z,1.4050300121307373,1.4056299924850464,1.404099941253662,1.4052599668502808
2026-09-22T14:00:00Z,1.4052599668502808,1.4062800407409668,1.4048999547958374,1.405809998512268
2026-09-22T14:30:00Z,1.4057999849319458,1.4066599607467651,1.4053000211715698,1.4062399864196777
2026-09-22T15:00:00Z,1.406209945678711,1.407099962234497,1.4057999849319458,1.4066799879074097
2026-09-22T15:30:00Z,1.4066799879074097,1.4075100421905518,1.4061000347137451,1.4071600437164307
2026-09-22T16:00:00Z,1.4071600437164307,1.4078799486160278,1.4067000150680542,1.4072500467300415
2026-09-22T16:30:00Z,1.4072200059890747,1.407670021057129,1.406599998474121,1.4070700407028198
2026-09-22T17:00:00Z,1.4068000316619873,1.408229947090149,1.4067000150680542,1.407789945602417
2026-09-22T17:30:00Z,1.4077800512313843,1.4084199666976929,1.406999945640564,1.4075000286102295
2026-09-22T18:00:00Z,1.407520055770874,1.4076999425888062,1.4062000513076782,1.4065699577331543
2026-09-22T18:30:00Z,1.4065699577331543,1.406999945640564,1.4061000347137451,1.4067699909210205
2026-09-22T19:00:00Z,1.4067699909210205,1.4068100452423096,1.4061000347137451,1.4064699411392212
2026-09-22T19:30:00Z,1.4064699411392212,1.4066200256347656,1.4055999517440796,1.4065500497817993
2026-09-22T20:00:00Z,1.4065500497817993,1.4065799713134766,1.4056999683380127,1.4063800573349
2026-09-22T20:30:00Z,1.4063899517059326,1.406599998474121,1.4057999849319458,1.4065099954605103
2026-09-22T21:00:00Z,1.406499981880188,1.4065500497817993,1.4053000211715698,1.4057999849319458
2026-09-22T21:30:00Z,1.4057799577713013,1.4060699939727783,1.4055999517440796,1.405750036239624
2026-09-22T22:00:00Z,1.405750036239624,1.406730055809021,1.4056999683380127,1.4064199924468994
2026-09-22T22:30:00Z,1.4064199924468994,1.4066200256347656,1.406000018119812,1.4063999652862549
2026-09-22T23:00:00Z,1.4065300226211548,1.4066400527954102,1.4061000347137451,1.4065200090408325
2026-09-22T23:30:00Z,1.4061000347137451,1.4066200256347656,1.406000018119812,1.4065699577331543
2026-09-23T00:00:00Z,1.4065699577331543,1.4070099592208862,1.4062000513076782,1.4066400527954102
2026-09-23T00:30:00Z,1.406630039215088,1.4068000316619873,1.406000018119812,1.4067000150680542
2026-09-23T01:00:00Z,1.4067000150680542,1.4076000452041626,1.4063999652862549,1.407520055770874
2026-09-23T01:30:00Z,1.407480001449585,1.407539963722229,1.4067000150680542,1.407349944114685
2026-09-23T02:00:00Z,1.407349944114685,1.4081100225448608,1.406999945640564,1.4078799486160278
2026-09-23T02:30:00Z,1.40788996219635,1.4081699848175049,1.4072999954223633,1.4080599546432495
2026-09-23T03:00:00Z,1.4080499410629272,1.4083399772644043,1.4076000452041626,1.4081300497055054
2026-09-23T03:30:00Z,1.4080899953842163,1.4084999561309814,1.4075000286102295,1.4084700345993042
2026-09-23T04:00:00Z,1.4084199666976929,1.4085999727249146,1.4075000286102295,1.407960057258606
2026-09-23T04:30:00Z,1.407960057258606,1.4084399938583374,1.4075000286102295,1.408310055732727
2026-09-23T05:00:00Z,1.4083199501037598,1.408400058746338,1.4076000452041626,1.408139944076538
2026-09-23T05:30:00Z,1.408139944076538,1.4084999561309814,1.4076000452041626,1.408270001411438
2026-09-23T06:00:00Z,1.4082399606704712,1.4088200330734253,1.4077999591827393,1.4087300300598145
2026-09-23T06:30:00Z,1.4086999893188477,1.4087400436401367,1.4076999425888062,1.408400058746338
2026-09-23T07:00:00Z,1.408400058746338,1.4088200330734253,1.4077999591827393,1.408400058746338
2026-09-23T07:30:00Z,1.4086099863052368,1.409000039100647,1.4078999757766724,1.4089399576187134
2026-09-23T08:00:00Z,1.4089499711990356,1.409190058708191,1.4081000089645386,1.408560037612915
2026-09-23T08:30:00Z,1.408560037612915,1.40871000289917,1.4074000120162964,1.4081300497055054
2026-09-23T09:00:00Z,1.4081100225448608,1.408519983291626,1.4074000120162964,1.4080699682235718
2026-09-23T09:30:00Z,1.408079981803894,1.4085999727249146,1.4075000286102295,1.4084999561309814
2026-09-23T10:00:00Z,1.4084999561309814,1.4088000059127808,1.4077999591827393,1.4084800481796265
2026-09-23T10:30:00Z,1.4084399938583374,1.4087200164794922,1.4077999591827393,1.4085400104522705
2026-09-23T11:00:00Z,1.4085400104522705,1.408959984779358,1.4077999591827393,1.408869981765747
2026-09-23T11:30:00Z,1.4088399410247803,1.409209966659546,1.4082000255584717,1.4089200496673584
2026-09-23T12:00:00Z,1.4089200496673584,1.4093199968338013,1.4082000255584717,1.4092700481414795
2026-09-23T12:30:00Z,1.409309983253479,1.4094300270080566,1.4079999923706055,1.4084500074386597
2026-09-23T13:00:00Z,1.4084399938583374,1.4094300270080566,1.4077999591827393,1.4083199501037598
2026-09-23T13:30:00Z,1.408329963684082,1.409850001335144,1.4078999757766724,1.4098299741744995
2026-09-23T14:00:00Z,1.4098000526428223,1.4106199741363525,1.4088000059127808,1.4105299711227417
2026-09-23T14:30:00Z,1.4105000495910645,1.410539984703064,1.408400058746338,1.4094500541687012
2026-09-23T15:00:00Z,1.409440040588379,1.4101099967956543,1.4089000225067139,1.4091999530792236
2026-09-23T15:30:00Z,1.409540057182312,1.410539984703064,1.40910005569458,1.4093999862670898
2026-09-23T16:00:00Z,1.4097700119018555,1.4100500345230103,1.40910005569458,1.409600019454956
2026-09-23T16:30:00Z,1.4095900058746338,1.4105299711227417,1.409000039100647,1.4101999998092651
2026-09-23T17:00:00Z,1.4103800058364868,1.410979986190796,1.4098000526428223,1.4101500511169434
2026-09-23T17:30:00Z,1.4101500511169434,1.4103200435638428,1.4088000059127808,1.409190058708191
2026-09-23T18:00:00Z,1.4091700315475464,1.4099600315093994,1.4086999893188477,1.4098299741744995
2026-09-23T18:30:00Z,1.4098399877548218,1.4100099802017212,1.4091999530792236,1.4096800088882446
2026-09-23T19:00:00Z,1.4096399545669556,1.4098000526428223,1.409000039100647,1.4092999696731567
2026-09-23T19:30:00Z,1.4096699953079224,1.4101200103759766,1.4091999530792236,1.4100500345230103
2026-09-23T20:00:00Z,1.4100600481033325,1.4101699590682983,1.4092999696731567,1.4100300073623657
2026-09-23T20:30:00Z,1.4100300073623657,1.410599946975708,1.409600019454956,1.4098000526428223
2026-09-23T21:00:00Z,1.4098800420761108,1.4104000329971313,1.408400058746338,1.410099983215332
2026-09-23T21:30:00Z,1.409999966621399,1.410599946975708,1.4093999862670898,1.4098999500274658
2026-09-23T22:00:00Z,1.4101099967956543,1.4104399681091309,1.409500002861023,1.4101200103759766
2026-09-23T22:30:00Z,1.4101200103759766,1.410249948501587,1.4093999862670898,1.4100600481033325
2026-09-23T23:00:00Z,1.4100099802017212,1.4105199575424194,1.4093999862670898,1.4104900360107422
2026-09-23T23:30:00Z,1.41048002243042,1.410539984703064,1.4098000526428223,1.4103800058364868
2026-09-24T00:00:00Z,1.4103699922561646,1.4107999801635742,1.4093999862670898,1.410580039024353
2026-09-24T00:30:00Z,1.410580039024353,1.4112399816513062,1.4103000164031982,1.4107199907302856
2026-09-24T01:00:00Z,1.4107199907302856,1.4108999967575073,1.4098999500274658,1.4106299877166748
2026-09-24T01:30:00Z,1.4106299877166748,1.4110499620437622,1.410099983215332,1.4106999635696411
2026-09-24T02:00:00Z,1.410889983177185,1.4113500118255615,1.4104000329971313,1.4108699560165405
2026-09-24T02:30:00Z,1.4108699560165405,1.410949945449829,1.409600019454956,1.4101699590682983
2026-09-24T03:00:00Z,1.4101699590682983,1.4105099439620972,1.409500002861023,1.4105000495910645
2026-09-24T03:30:00Z,1.4104599952697754,1.4107500314712524,1.4098999500274658,1.4104000329971313
2026-09-24T04:00:00Z,1.4106099605560303,1.4108599424362183,1.409999966621399,1.4105299711227417
2026-09-24T04:30:00Z,1.41048002243042,1.4105299711227417,1.4097000360488892,1.4103599786758423
2026-09-24T05:00:00Z,1.4103599786758423,1.4105099439620972,1.4097000360488892,1.410159945487976
2026-09-24T05:30:00Z,1.410159945487976,1.4107500314712524,1.409600019454956,1.4106700420379639
2026-09-24T06:00:00Z,1.4106800556182861,1.4107400178909302,1.409500002861023,1.4098999500274658
2026-09-24T06:30:00Z,1.409909963607788,1.410599946975708,1.409500002861023,1.4104000329971313
2026-09-24T07:00:00Z,1.410390019416809,1.4108500480651855,1.409600019454956,1.4105900526046753
2026-09-24T07:30:00Z,1.4105900526046753,1.410979986190796,1.4098000526428223,1.4105199575424194
2026-09-24T08:00:00Z,1.4105099439620972,1.4106999635696411,1.4092999696731567,1.4105099439620972
2026-09-24T08:30:00Z,1.4104900360107422,1.4106800556182861,1.409600019454956,1.4105900526046753
2026-09-24T09:00:00Z,1.4105600118637085,1.4110499620437622,1.410099983215332,1.4108400344848633
2026-09-24T09:30:00Z,1.4108699560165405,1.4109699726104736,1.410099983215332,1.4105000495910645
2026-09-24T10:00:00Z,1.4105000495910645,1.4115500450134277,1.4098999500274658,1.4114700555801392
2026-09-24T10:30:00Z,1.411460041999817,1.4118000268936157,1.4107999801635742,1.41143000125885
2026-09-24T11:00:00Z,1.41143000125885,1.4119999408721924,1.4107999801635742,1.4112900495529175
2026-09-24T11:30:00Z,1.4112900495529175,1.411910057067871,1.4107999801635742,1.4117300510406494
2026-09-24T12:00:00Z,1.4117100238800049,1.4119399785995483,1.4111000299453735,1.411679983139038
2026-09-24T12:30:00Z,1.4112600088119507,1.4124300479888916,1.4112000465393066,1.41225004196167
2026-09-24T13:00:00Z,1.4122400283813477,1.4133100509643555,1.4118000268936157,1.4132599830627441
2026-09-24T13:30:00Z,1.4132599830627441,1.4141499996185303,1.4124000072479248,1.4132499694824219
2026-09-24T14:00:00Z,1.4133100509643555,1.4140299558639526,1.4127999544143677,1.4139100313186646
2026-09-24T14:30:00Z,1.413949966430664,1.4140299558639526,1.4128999710083008,1.4137699604034424
2026-09-24T15:00:00Z,1.4137599468231201,1.4148600101470947,1.4133000373840332,1.4144999980926514
2026-09-24T15:30:00Z,1.414739966392517,1.4149600267410278,1.413599967956543,1.4140700101852417
2026-09-24T16:00:00Z,1.4140700101852417,1.4141600131988525,1.4121999740600586,1.4128700494766235
2026-09-24T16:30:00Z,1.412850022315979,1.4135500192642212,1.4122999906539917,1.413409948348999
2026-09-24T17:00:00Z,1.413409948348999,1.4140000343322754,1.4127999544143677,1.413699984550476
2026-09-24T17:30:00Z,1.4139100313186646,1.4142500162124634,1.4134000539779663,1.4141000509262085
2026-09-24T18:00:00Z,1.4141099452972412,1.4146499633789062,1.4134000539779663,1.413599967956543
2026-09-24T18:30:00Z,1.4139000177383423,1.414430022239685,1.413599967956543,1.4141499996185303
2026-09-24T19:00:00Z,1.4141700267791748,1.414180040359497,1.4132000207901,1.4139000177383423
2026-09-24T19:30:00Z,1.413599967956543,1.4141199588775635,1.4132000207901,1.4137099981307983
2026-09-24T20:00:00Z,1.4136899709701538,1.4142500162124634,1.4133000373840332,1.4140700101852417
2026-09-24T20:30:00Z,1.414080023765564,1.414330005645752,1.4128999710083008,1.4132000207901
2026-09-24T21:00:00Z,1.4135299921035767,1.4136699438095093,1.4130100011825562,1.4134999513626099
2026-09-24T21:30:00Z,1.4132399559020996,1.4140100479125977,1.4131499528884888,1.4139800071716309
2026-09-24T22:00:00Z,1.4139699935913086,1.4142999649047852,1.4134999513626099,1.413699984550476
2026-09-24T22:30:00Z,1.4140900373458862,1.414199948310852,1.413699984550476,1.4141499996185303
2026-09-24T23:00:00Z,1.414180040359497,1.4144999980926514,1.4138000011444092,1.4144099950790405
2026-09-24T23:30:00Z,1.4143999814987183,1.4147599935531616,1.4139000177383423,1.414739966392517
2026-09-25T00:00:00Z,1.4147000312805176,1.414739966392517,1.4140000343322754,1.4144599437713623
2026-09-25T00:30:00Z,1.4144599437713623,1.414739966392517,1.4141000509262085,1.4144799709320068
2026-09-25T01:00:00Z,1.4144799709320068,1.4145400524139404,1.413599967956543,1.4141000509262085
2026-09-25T01:30:00Z,1.4143099784851074,1.414620041847229,1.4139000177383423,1.4144500494003296
2026-09-25T02:00:00Z,1.4144500494003296,1.414520025253296,1.4138000011444092,1.4143099784851074
2026-09-25T02:30:00Z,1.4142600297927856,1.4148099422454834,1.4138000011444092,1.4143999814987183
2026-09-25T03:00:00Z,1.4147000312805176,1.414929986000061,1.4143999814987183,1.4144999980926514
2026-09-25T03:30:00Z,1.4148199558258057,1.4148600101470947,1.4142999649047852,1.4147000312805176
2026-09-25T04:00:00Z,1.4147299528121948,1.414929986000061,1.4142999649047852,1.4148499965667725
2026-09-25T04:30:00Z,1.414870023727417,1.41497004032135,1.4143999814987183,1.4148900508880615
2026-09-25T05:00:00Z,1.4148800373077393,1.4149399995803833,1.4142999649047852,1.4148800373077393
2026-09-25T05:30:00Z,1.4148800373077393,1.4150099754333496,1.4142999649047852,1.4148499965667725
2026-09-25T06:00:00Z,1.4148800373077393,1.4154200553894043,1.4144999980926514,1.4148999452590942
2026-09-25T06:30:00Z,1.4148999452590942,1.4150400161743164,1.414199948310852,1.414829969406128
2026-09-25T07:00:00Z,1.4148199558258057,1.4154499769210815,1.414199948310852,1.415079951286316
2026-09-25T07:30:00Z,1.4150899648666382,1.4152499437332153,1.4139000177383423,1.4142800569534302
2026-09-25T08:00:00Z,1.414289951324463,1.4146699905395508,1.413599967956543,1.4145699739456177
2026-09-25T08:30:00Z,1.4145900011062622,1.4150300025939941,1.414199948310852,1.4144999980926514
2026-09-25T09:00:00Z,1.414870023727417,1.4149999618530273,1.4139000177383423,1.4145599603652954
2026-09-25T09:30:00Z,1.414199948310852,1.4147700071334839,1.4139000177383423,1.4144999980926514
2026-09-25T10:00:00Z,1.414489984512329,1.4146300554275513,1.413599967956543,1.4141600131988525
2026-09-25T10:30:00Z,1.4141299724578857,1.4142800569534302,1.4133000373840332,1.4138000011444092
2026-09-25T11:00:00Z,1.4139699935913086,1.4144599437713623,1.4129999876022339,1.4140900373458862
2026-09-25T11:30:00Z,1.4141099452972412,1.414520025253296,1.4134000539779663,1.4144799709320068
2026-09-25T12:00:00Z,1.4144799709320068,1.4149199724197388,1.413100004196167,1.4136600494384766
2026-09-25T12:30:00Z,1.4136600494384766,1.4143699407577515,1.4132000207901,1.4140199422836304
2026-09-25T13:00:00Z,1.4140499830245972,1.4145400524139404,1.413100004196167,1.4142999649047852
2026-09-25T13:30:00Z,1.4143199920654297,1.4143500328063965,1.4132000207901,1.4140700101852417
2026-09-25T14:00:00Z,1.4141099452972412,1.4149199724197388,1.413699984550476,1.414870023727417
2026-09-25T14:30:00Z,1.4148600101470947,1.4148999452590942,1.413100004196167,1.413640022277832
2026-09-25T15:00:00Z,1.4136199951171875,1.4142299890518188,1.4129999876022339,1.4134999513626099
2026-09-25T15:30:00Z,1.413789987564087,1.4148199558258057,1.4133000373840332,1.4140599966049194
2026-09-25T16:00:00Z,1.4140499830245972,1.414680004119873,1.4134000539779663,1.4145699739456177
2026-09-25T16:30:00Z,1.4145699739456177,1.4151899814605713,1.4141000509262085,1.4148000478744507
2026-09-25T17:00:00Z,1.4150899648666382,1.4153300523757935,1.4144999980926514,1.4152799844741821
2026-09-25T17:30:00Z,1.4149999618530273,1.4154399633407593,1.4147000312805176,1.415310025215149
2026-09-25T18:00:00Z,1.4152899980545044,1.4154000282287598,1.4144999980926514,1.4146000146865845
2026-09-25T18:30:00Z,1.414870023727417,1.4148900508880615,1.413699984550476,1.4143699407577515
2026-09-25T19:00:00Z,1.4143999814987183,1.4145599603652954,1.4138000011444092,1.4143600463867188
2026-09-25T19:30:00Z,1.4143600463867188,1.4146900177001953,1.4138000011444092,1.4144599437713623
2026-09-25T20:00:00Z,1.4144400358200073,1.4146000146865845,1.4139000177383423,1.414520025253296
2026-09-25T20:30:00Z,1.4145100116729736,1.414620041847229,1.4134999513626099,1.4139000177383423
2026-09-25T21:00:00Z,1.4141000509262085,1.4141000509262085,1.4141000509262085,1.4141000509262085
2026-09-27T23:00:00Z,1.4153499603271484,1.4155199527740479,1.4144999980926514,1.4150999784469604
2026-09-27T23:30:00Z,1.4150999784469604,1.41566002368927,1.4144999980926514,1.4154399633407593
2026-09-28T00:00:00Z,1.415470004081726,1.4159799814224243,1.4150999784469604,1.4155000448226929
2026-09-28T00:30:00Z,1.4158600568771362,1.4164600372314453,1.4151999950408936,1.4156099557876587
2026-09-28T01:00:00Z,1.4156099557876587,1.415850043296814,1.4148000478744507,1.415310025215149
2026-09-28T01:30:00Z,1.4152799844741821,1.4155999422073364,1.4147000312805176,1.4151999950408936
2026-09-28T02:00:00Z,1.4151999950408936,1.4152499437332153,1.4146000146865845,1.415179967880249
2026-09-28T02:30:00Z,1.415179967880249,1.4154000282287598,1.4147000312805176,1.4152799844741821
2026-09-28T03:00:00Z,1.4152799844741821,1.4154499769210815,1.4144999980926514,1.4151999950408936
2026-09-28T03:30:00Z,1.4152100086212158,1.4154599905014038,1.4146000146865845,1.4151999950408936
2026-09-28T04:00:00Z,1.415179967880249,1.4151999950408936,1.4143999814987183,1.4149800539016724
2026-09-28T04:30:00Z,1.4149800539016724,1.4150999784469604,1.4142999649047852,1.4150199890136719
2026-09-28T05:00:00Z,1.4149999618530273,1.4151999950408936,1.4144999980926514,1.4151300191879272
2026-09-28T05:30:00Z,1.4151300191879272,1.4156500101089478,1.4146000146865845,1.4154499769210815
2026-09-28T06:00:00Z,1.4150999784469604,1.4155800342559814,1.4147000312805176,1.4148999452590942
2026-09-28T06:30:00Z,1.4152300357818604,1.415869951248169,1.4148000478744507,1.4155000448226929
2026-09-28T07:00:00Z,1.415850043296814,1.4162100553512573,1.4153000116348267,1.4154000282287598
2026-09-28T07:30:00Z,1.4157400131225586,1.416200041770935,1.4148999452590942,1.4154399633407593
2026-09-28T08:00:00Z,1.415410041809082,1.415869951248169,1.4144999980926514,1.4153000116348267
2026-09-28T08:30:00Z,1.4155800342559814,1.4159599542617798,1.4149999618530273,1.4156500101089478
2026-09-28T09:00:00Z,1.415619969367981,1.4158200025558472,1.4149999618530273,1.4154200553894043
2026-09-28T09:30:00Z,1.4150999784469604,1.4161299467086792,1.4149999618530273,1.4156999588012695
2026-09-28T10:00:00Z,1.416059970855713,1.416599988937378,1.4155999422073364,1.4161800146102905
2026-09-28T10:30:00Z,1.4161399602890015,1.4164600372314453,1.4155999422073364,1.4163199663162231
2026-09-28T11:00:00Z,1.4163199663162231,1.416700005531311,1.4157999753952026,1.4166300296783447
2026-09-28T11:30:00Z,1.4166300296783447,1.4173500537872314,1.416200041770935,1.4164999723434448
2026-09-28T12:00:00Z,1.4168100357055664,1.4170399904251099,1.416100025177002,1.4166799783706665
2026-09-28T12:30:00Z,1.4166799783706665,1.416949987411499,1.4158999919891357,1.4163999557495117
2026-09-28T13:00:00Z,1.4163999557495117,1.4168399572372437,1.4157999753952026,1.4163299798965454
2026-09-28T13:30:00Z,1.4163199663162231,1.4169800281524658,1.4156999588012695,1.4163999557495117
2026-09-28T14:00:00Z,1.416599988937378,1.4167900085449219,1.4151999950408936,1.4154000282287598
2026-09-28T14:30:00Z,1.415719985961914,1.416700005531311,1.4151999950408936,1.4165199995040894
2026-09-28T15:00:00Z,1.4164999723434448,1.4170600175857544,1.4160000085830688,1.4166100025177002
2026-09-28T15:30:00Z,1.4163000583648682,1.4172999858856201,1.4160000085830688,1.4170299768447876
2026-09-28T16:00:00Z,1.4170500040054321,1.4175200462341309,1.4155000448226929,1.4160300493240356
2026-09-28T16:30:00Z,1.4160100221633911,1.4170000553131104,1.4155000448226929,1.4169000387191772
2026-09-28T17:00:00Z,1.4169199466705322,1.4170000553131104,1.4157999753952026,1.4163199663162231
2026-09-28T17:30:00Z,1.4163199663162231,1.4168000221252441,1.4160000085830688,1.4167200326919556
2026-09-28T18:00:00Z,1.4167200326919556,1.417199969291687,1.4163000583648682,1.4169700145721436
2026-09-28T18:30:00Z,1.4169700145721436,1.417449951171875,1.4164999723434448,1.4171799421310425
2026-09-28T19:00:00Z,1.4171799421310425,1.4173799753189087,1.4164999723434448,1.4170000553131104
2026-09-28T19:30:00Z,1.4172799587249756,1.4176599979400635,1.4168000221252441,1.4174400568008423
2026-09-28T20:00:00Z,1.4174200296401978,1.4178099632263184,1.4170000553131104,1.4176900386810303
2026-09-28T20:30:00Z,1.4177000522613525,1.4177600145339966,1.4169000387191772,1.4171500205993652
2026-09-28T21:00:00Z,1.4168000221252441,1.417199969291687,1.4163000583648682,1.4169800281524658
2026-09-28T21:30:00Z,1.4169800281524658,1.417330026626587,1.4164999723434448,1.4171299934387207
2026-09-28T22:00:00Z,1.4171299934387207,1.4175100326538086,1.4168000221252441,1.4172600507736206
2026-09-28T22:30:00Z,1.4172600507736206,1.4177199602127075,1.4169000387191772,1.4175000190734863
2026-09-28T23:00:00Z,1.4175000190734863,1.4176499843597412,1.417199969291687,1.4176199436187744
2026-09-28T23:30:00Z,1.417580008506775,1.417829990386963,1.417199969291687,1.4177199602127075
2026-09-29T00:00:00Z,1.4177299737930298,1.4184199571609497,1.4172999858856201,1.4183800220489502
2026-09-29T00:30:00Z,1.418370008468628,1.4184999465942383,1.4177000522613525,1.4181300401687622
2026-09-29T01:00:00Z,1.4181400537490845,1.4183000326156616,1.4174000024795532,1.4178800582885742
2026-09-29T01:30:00Z,1.417889952659607,1.4179600477218628,1.4172999858856201,1.4177600145339966
2026-09-29T02:00:00Z,1.4177199602127075,1.417799949645996,1.4169000387191772,1.4175599813461304
2026-09-29T02:30:00Z,1.4175599813461304,1.4177000522613525,1.4169000387191772,1.417199969291687
2026-09-29T03:00:00Z,1.4175699949264526,1.4179199934005737,1.417099952697754,1.4176000356674194
2026-09-29T03:30:00Z,1.4178500175476074,1.4184999465942383,1.4175000190734863,1.4179999828338623
2026-09-29T04:00:00Z,1.4183800220489502,1.4186700582504272,1.417799949645996,1.4186400175094604
2026-09-29T04:30:00Z,1.4186300039291382,1.4189900159835815,1.4177000522613525,1.4188899993896484
2026-09-29T05:00:00Z,1.4188899993896484,1.4189399480819702,1.4180999994277954,1.41867995262146
2026-09-29T05:30:00Z,1.41867995262146,1.4192999601364136,1.4182000160217285,1.4186999797821045
2026-09-29T06:00:00Z,1.418969988822937,1.4190000295639038,1.417799949645996,1.4185099601745605
2026-09-29T06:30:00Z,1.4184800386428833,1.4189000129699707,1.4178999662399292,1.4185199737548828
2026-09-29T07:00:00Z,1.4184800386428833,1.4186999797821045,1.417799949645996,1.4184000492095947
2026-09-29T07:30:00Z,1.418370008468628,1.4191700220108032,1.4179999828338623,1.418779969215393
2026-09-29T08:00:00Z,1.418779969215393,1.4192399978637695,1.4180999994277954,1.4191999435424805
2026-09-29T08:30:00Z,1.4191999435424805,1.419450044631958,1.4185999631881714,1.4191900491714478
2026-09-29T09:00:00Z,1.4191800355911255,1.4197499752044678,1.4185999631881714,1.4196799993515015
2026-09-29T09:30:00Z,1.4196799993515015,1.4200600385665894,1.4191999435424805,1.4199899435043335
2026-09-29T10:00:00Z,1.4199899435043335,1.4201600551605225,1.4191999435424805,1.4195599555969238
2026-09-29T10:30:00Z,1.419569969177246,1.4198999404907227,1.4189000129699707,1.419100046157837
2026-09-29T11:00:00Z,1.419100046157837,1.419510006904602,1.4180999994277954,1.4186500310897827
2026-09-29T11:30:00Z,1.4186500310897827,1.4190000295639038,1.4177000522613525,1.4181599617004395
2026-09-29T12:00:00Z,1.4181499481201172,1.4182100296020508,1.417099952697754,1.4180599451065063
2026-09-29T12:30:00Z,1.4180599451065063,1.4183399677276611,1.4174000024795532,1.418220043182373
2026-09-29T13:00:00Z,1.418220043182373,1.4185199737548828,1.417199969291687,1.4179199934005737
2026-09-29T13:30:00Z,1.4179099798202515,1.4192099571228027,1.4175000190734863,1.4190000295639038
2026-09-29T14:00:00Z,1.4188899993896484,1.4190599918365479,1.417799949645996,1.4187400341033936
2026-09-29T14:30:00Z,1.4187400341033936,1.4193400144577026,1.4179999828338623,1.4193400144577026
2026-09-29T15:00:00Z,1.4193400144577026,1.4198399782180786,1.4185999631881714,1.4196499586105347
2026-09-29T15:30:00Z,1.4196499586105347,1.4197100400924683,1.4185999631881714,1.4190499782562256
2026-09-29T16:00:00Z,1.4190599918365479,1.4194999933242798,1.4185999631881714,1.419100046157837
2026-09-29T16:30:00Z,1.4194400310516357,1.4199999570846558,1.4189000129699707,1.4197800159454346
2026-09-29T17:00:00Z,1.41975998878479,1.419909954071045,1.4191999435424805,1.419700026512146
2026-09-29T17:30:00Z,1.419659972190857,1.4198999404907227,1.4191999435424805,1.419819951057434
2026-09-29T18:00:00Z,1.4197900295257568,1.4197900295257568,1.417799949645996,1.4183000326156616
2026-09-29T18:30:00Z,1.4183100461959839,1.4185999631881714,1.417199969291687,1.417739987373352
2026-09-29T19:00:00Z,1.4177500009536743,1.4178999662399292,1.4172999858856201,1.4178800582885742
2026-09-29T19:30:00Z,1.4178600311279297,1.418660044670105,1.4172999858856201,1.418280005455017
2026-09-29T20:00:00Z,1.4182900190353394,1.4193099737167358,1.4179999828338623,1.4189599752426147
2026-09-29T20:30:00Z,1.4189599752426147,1.4191299676895142,1.4183000326156616,1.4187500476837158
2026-09-29T21:00:00Z,1.4185999631881714,1.4191999435424805,1.4177000522613525,1.4188300371170044
2026-09-29T21:30:00Z,1.4189300537109375,1.4190000295639038,1.4182000160217285,1.4187400341033936
2026-09-29T22:00:00Z,1.418720006942749,1.4191099405288696,1.4184999465942383,1.4190900325775146
2026-09-29T22:30:00Z,1.4190900325775146,1.4191999435424805,1.4185999631881714,1.4190200567245483
2026-09-29T23:00:00Z,1.419119954109192,1.4192999601364136,1.4185999631881714,1.4190800189971924
2026-09-29T23:30:00Z,1.4190800189971924,1.4192999601364136,1.4186999797821045,1.419160008430481
2026-09-30T00:00:00Z,1.4191700220108032,1.419409990310669,1.4186999797821045,1.4191299676895142
2026-09-30T00:30:00Z,1.4192299842834473,1.4193400144577026,1.4186999797821045,1.419219970703125
2026-09-30T01:00:00Z,1.4192299842834473,1.4194999933242798,1.4184999465942383,1.4188599586486816
2026-09-30T01:30:00Z,1.419029951095581,1.419800043106079,1.4186999797821045,1.4194600582122803
2026-09-30T02:00:00Z,1.419569969177246,1.4197299480438232,1.419100046157837,1.419569969177246
2026-09-30T02:30:00Z,1.4194400310516357,1.4196100234985352,1.4189000129699707,1.4191900491714478
2026-09-30T03:00:00Z,1.4193099737167358,1.4193999767303467,1.4186999797821045,1.4190000295639038
2026-09-30T03:30:00Z,1.419319987297058,1.419800043106079,1.4189000129699707,1.4197700023651123
2026-09-30T04:00:00Z,1.4197299480438232,1.4198999404907227,1.4191999435424805,1.4198399782180786
2026-09-30T04:30:00Z,1.4198399782180786,1.420009970664978,1.4192999601364136,1.4198100566864014
2026-09-30T05:00:00Z,1.4198100566864014,1.4198800325393677,1.4190000295639038,1.4193700551986694
2026-09-30T05:30:00Z,1.4193300008773804,1.4194999933242798,1.4182000160217285,1.4188100099563599
2026-09-30T06:00:00Z,1.4187500476837158,1.418869972229004,1.417099952697754,1.4175299406051636
2026-09-30T06:30:00Z,1.4175299406051636,1.4189300537109375,1.417199969291687,1.41867995262146
2026-09-30T07:00:00Z,1.4186899662017822,1.4187300205230713,1.417199969291687,1.4182000160217285
2026-09-30T07:30:00Z,1.4182000160217285,1.4190000295639038,1.417799949645996,1.418470025062561
2026-09-30T08:00:00Z,1.4182000160217285,1.418660044670105,1.4175000190734863,1.4181499481201172
2026-09-30T08:30:00Z,1.4181699752807617,1.4182599782943726,1.4172999858856201,1.4178400039672852
2026-09-30T09:00:00Z,1.417829990386963,1.4187500476837158,1.4172999858856201,1.4184199571609497
2026-09-30T09:30:00Z,1.4184199571609497,1.4185999631881714,1.417799949645996,1.418220043182373
2026-09-30T10:00:00Z,1.4182100296020508,1.418280005455017,1.4175000190734863,1.4177000522613525
2026-09-30T10:30:00Z,1.41798996925354,1.418220043182373,1.4172999858856201,1.4177199602127075
2026-09-30T11:00:00Z,1.4177199602127075,1.4182599782943726,1.4172999858856201,1.4178400039672852
2026-09-30T11:30:00Z,1.417829990386963,1.4184999465942383,1.417199969291687,1.4184199571609497
2026-09-30T12:00:00Z,1.4184199571609497,1.4188899993896484,1.4177000522613525,1.4181400537490845
2026-09-30T12:30:00Z,1.41812002658844,1.41812002658844,1.4150999784469604,1.4175699949264526
2026-09-30T13:00:00Z,1.4175399541854858,1.4180200099945068,1.416599988937378,1.4174699783325195
2026-09-30T13:30:00Z,1.417449951171875,1.4186300039291382,1.417099952697754,1.4179999828338623
2026-09-30T14:00:00Z,1.418370008468628,1.419469952583313,1.417799949645996,1.4192800521850586
2026-09-30T14:30:00Z,1.4193099737167358,1.4197700023651123,1.4180999994277954,1.419700026512146
2026-09-30T15:00:00Z,1.419700026512146,1.4203100204467773,1.419100046157837,1.4196499586105347
2026-09-30T15:30:00Z,1.4196100234985352,1.4212299585342407,1.419100046157837,1.421120047569275
2026-09-30T16:00:00Z,1.421120047569275,1.4221800565719604,1.420799970626831,1.421910047531128
2026-09-30T16:30:00Z,1.4219399690628052,1.4222099781036377,1.4212000370025635,1.4215999841690063
2026-09-30T17:00:00Z,1.4215400218963623,1.421970009803772,1.4208999872207642,1.4218699932098389
2026-09-30T17:30:00Z,1.4218699932098389,1.4224300384521484,1.4213999509811401,1.4223099946975708
2026-09-30T18:00:00Z,1.422279953956604,1.422700047492981,1.4217000007629395,1.4225399494171143
2026-09-30T18:30:00Z,1.4225300550460815,1.4229300022125244,1.4220000505447388,1.4228800535202026
2026-09-30T19:00:00Z,1.4228500127792358,1.4235399961471558,1.4225000143051147,1.4230400323867798
2026-09-30T19:30:00Z,1.4230600595474243,1.423699975013733,1.4225000143051147,1.4229700565338135
2026-09-30T20:00:00Z,1.4229700565338135,1.423699975013733,1.4226000308990479,1.423200011253357
2026-09-30T20:30:00Z,1.423200011253357,1.4234700202941895,1.4226000308990479,1.4229700565338135
2026-09-30T21:00:00Z,1.422719955444336,1.423200011253357,1.4218000173568726,1.4229799509048462
2026-09-30T21:30:00Z,1.4230200052261353,1.4234000444412231,1.4225000143051147,1.4228999614715576
2026-09-30T22:00:00Z,1.4228999614715576,1.4234000444412231,1.4221999645233154,1.4232499599456787
2026-09-30T22:30:00Z,1.4232499599456787,1.4235399961471558,1.4228999614715576,1.4234600067138672
2026-09-30T23:00:00Z,1.4234700202941895,1.4235299825668335,1.4229999780654907,1.4233299493789673
2026-09-30T23:30:00Z,1.4233299493789673,1.4236700534820557,1.4228999614715576,1.423200011253357
2026-10-01T00:00:00Z,1.4235800504684448,1.4238200187683105,1.4229999780654907,1.423490047454834
2026-10-01T00:30:00Z,1.423490047454834,1.423799991607666,1.4227999448776245,1.4236500263214111
2026-10-01T01:00:00Z,1.4236500263214111,1.4239000082015991,1.4230999946594238,1.4236700534820557
2026-10-01T01:30:00Z,1.4236700534820557,1.4242299795150757,1.42330002784729,1.424149990081787
2026-10-01T02:00:00Z,1.4241399765014648,1.4246200323104858,1.423699975013733,1.4244600534439087
2026-10-01T02:30:00Z,1.4244600534439087,1.4246000051498413,1.4240000247955322,1.4244999885559082
2026-10-01T03:00:00Z,1.4244600534439087,1.4247100353240967,1.4240000247955322,1.4246200323104858
2026-10-01T03:30:00Z,1.4246200323104858,1.4247000217437744,1.4235999584197998,1.424049973487854
2026-10-01T04:00:00Z,1.424049973487854,1.4247900247573853,1.4234000444412231,1.4247699975967407
2026-10-01T04:30:00Z,1.424739956855774,1.4248199462890625,1.4242000579833984,1.4247599840164185
2026-10-01T05:00:00Z,1.4247599840164185,1.4249500036239624,1.4242000579833984,1.4246599674224854
2026-10-01T05:30:00Z,1.4247000217437744,1.4248000383377075,1.4241000413894653,1.4247699975967407
2026-10-01T06:00:00Z,1.424720048904419,1.4249099493026733,1.423799991607666,1.4248299598693848
2026-10-01T06:30:00Z,1.4248299598693848,1.4250099658966064,1.42330002784729,1.4237099885940552
2026-10-01T07:00:00Z,1.4237099885940552,1.4240000247955322,1.422700047492981,1.4239599704742432
2026-10-01T07:30:00Z,1.42399001121521,1.4244799613952637,1.423200011253357,1.4240399599075317
2026-10-01T08:00:00Z,1.424049973487854,1.4249999523162842,1.4234000444412231,1.424430012702942
2026-10-01T08:30:00Z,1.424430012702942,1.4249099493026733,1.4239000082015991,1.4247000217437744
2026-10-01T09:00:00Z,1.4246900081634521,1.4249000549316406,1.423799991607666,1.4245799779891968
2026-10-01T09:30:00Z,1.424589991569519,1.425819993019104,1.423799991607666,1.4255000352859497
2026-10-01T10:00:00Z,1.425719976425171,1.4258999824523926,1.4240000247955322,1.4242000579833984
2026-10-01T10:30:00Z,1.4243899583816528,1.4246200323104858,1.4234999418258667,1.424530029296875
2026-10-01T11:00:00Z,1.4245599508285522,1.4253000020980835,1.423799991607666,1.4252300262451172
2026-10-01T11:30:00Z,1.4249000549316406,1.4253699779510498,1.4234000444412231,1.4240100383758545
2026-10-01T12:00:00Z,1.4240000247955322,1.4251400232315063,1.4234999418258667,1.4249999523162842
2026-10-01T12:30:00Z,1.4251099824905396,1.4252599477767944,1.423799991607666,1.424399971961975
2026-10-01T13:00:00Z,1.424399971961975,1.425089955329895,1.4234999418258667,1.424090027809143
2026-10-01T13:30:00Z,1.4240700006484985,1.4243500232696533,1.4227999448776245,1.4236700534820557
2026-10-01T14:00:00Z,1.4236700534820557,1.424630045890808,1.4230999946594238,1.423840045928955
2026-10-01T14:30:00Z,1.4238699674606323,1.4248000383377075,1.4228999614715576,1.424430012702942
2026-10-01T15:00:00Z,1.424430012702942,1.4250999689102173,1.4239000082015991,1.4249600172042847
2026-10-01T15:30:00Z,1.424970030784607,1.4262800216674805,1.424299955368042,1.4254499673843384
2026-10-01T16:00:00Z,1.4250999689102173,1.4257999658584595,1.4241000413894653,1.424649953842163
2026-10-01T16:30:00Z,1.424299955368042,1.4254000186920166,1.4242000579833984,1.4249099493026733
2026-10-01T17:00:00Z,1.424880027770996,1.4251999855041504,1.42330002784729,1.4239599704742432
2026-10-01T17:30:00Z,1.423930048942566,1.4247000217437744,1.422700047492981,1.4241399765014648
2026-10-01T18:00:00Z,1.424149990081787,1.424589991569519,1.4234999418258667,1.4239599704742432
2026-10-01T18:30:00Z,1.423949956893921,1.4242000579833984,1.4229999780654907,1.4236299991607666
2026-10-01T19:00:00Z,1.4236199855804443,1.423740029335022,1.4226000308990479,1.4229899644851685
2026-10-01T19:30:00Z,1.4230300188064575,1.4230300188064575,1.4218000173568726,1.4225399494171143
2026-10-01T20:00:00Z,1.4225200414657593,1.422860026359558,1.4218000173568726,1.422659993171692
2026-10-01T20:30:00Z,1.4226499795913696,1.4226700067520142,1.4217000007629395,1.421929955482483
2026-10-01T21:00:00Z,1.4219599962234497,1.4225000143051147,1.4214999675750732,1.4218000173568726
2026-10-01T21:30:00Z,1.4218000173568726,1.4221299886703491,1.4214999675750732,1.4219399690628052
2026-10-01T22:00:00Z,1.4219199419021606,1.422700047492981,1.4213999509811401,1.4223599433898926
2026-10-01T22:30:00Z,1.4223599433898926,1.4225300550460815,1.4219000339508057,1.42221999168396
2026-10-01T23:00:00Z,1.422260046005249,1.4224200248718262,1.4218000173568726,1.422279953956604
2026-10-01T23:30:00Z,1.4222899675369263,1.4223400354385376,1.4215999841690063,1.4220399856567383
2026-10-02T00:00:00Z,1.4220800399780273,1.4225200414657593,1.4214999675750732,1.4224799871444702
2026-10-02T00:30:00Z,1.4224799871444702,1.4228999614715576,1.4220999479293823,1.422860026359558
2026-10-02T01:00:00Z,1.4228700399398804,1.4234000444412231,1.4223999977111816,1.4233399629592896
2026-10-02T01:30:00Z,1.4233100414276123,1.423550009727478,1.4225000143051147,1.4228399991989136
2026-10-02T02:00:00Z,1.4228500127792358,1.4228800535202026,1.4218000173568726,1.4222700595855713
2026-10-02T02:30:00Z,1.4222500324249268,1.4223400354385376,1.4217000007629395,1.4218000173568726
2026-10-02T03:00:00Z,1.4220900535583496,1.422260046005249,1.4212000370025635,1.421589970588684
2026-10-02T03:30:00Z,1.4216300249099731,1.4216400384902954,1.420799970626831,1.4211900234222412
2026-10-02T04:00:00Z,1.421180009841919,1.4214999675750732,1.420699954032898,1.4211900234222412
2026-10-02T04:30:00Z,1.4211900234222412,1.4214199781417847,1.420699954032898,1.4213199615478516
2026-10-02T05:00:00Z,1.4213199615478516,1.4216500520706177,1.4208999872207642,1.4215099811553955
2026-10-02T05:30:00Z,1.4214999675750732,1.421910047531128,1.4208999872207642,1.4217900037765503
2026-10-02T06:00:00Z,1.4217499494552612,1.421820044517517,1.4205000400543213,1.4211699962615967
2026-10-02T06:30:00Z,1.4211399555206299,1.422279953956604,1.420799970626831,1.4220800399780273
2026-10-02T07:00:00Z,1.4220900535583496,1.4224499464035034,1.4214999675750732,1.422070026397705
2026-10-02T07:30:00Z,1.422070026397705,1.4227700233459473,1.4214999675750732,1.4221400022506714
2026-10-02T08:00:00Z,1.4221199750900269,1.4231499433517456,1.4217000007629395,1.4229799509048462
2026-10-02T08:30:00Z,1.4229600429534912,1.4236500263214111,1.4223999977111816,1.4233900308609009
2026-10-02T09:00:00Z,1.423359990119934,1.4235600233078003,1.422700047492981,1.4231499433517456
2026-10-02T09:30:00Z,1.4231499433517456,1.4239000082015991,1.422700047492981,1.423200011253357
2026-10-02T10:00:00Z,1.423509955406189,1.4240299463272095,1.4228999614715576,1.4233800172805786
2026-10-02T10:30:00Z,1.4233499765396118,1.4240200519561768,1.4230999946594238,1.4239000082015991
2026-10-02T11:00:00Z,1.423930048942566,1.4246000051498413,1.4235999584197998,1.4244999885559082
2026-10-02T11:30:00Z,1.4244400262832642,1.4246000051498413,1.42330002784729,1.423699975013733
2026-10-02T12:00:00Z,1.423699975013733,1.4244799613952637,1.4229999780654907,1.4233200550079346
2026-10-02T12:30:00Z,1.4232200384140015,1.4232200384140015,1.420009970664978,1.4218100309371948
2026-10-02T13:00:00Z,1.4218000173568726,1.4237200021743774,1.4213000535964966,1.4225000143051147
2026-10-02T13:30:00Z,1.4228299856185913,1.4237799644470215,1.4220000505447388,1.4225599765777588
2026-10-02T14:00:00Z,1.4226100444793701,1.4235199689865112,1.4220000505447388,1.422860026359558
2026-10-02T14:30:00Z,1.422860026359558,1.423799991607666,1.4220000505447388,1.4233399629592896
2026-10-02T15:00:00Z,1.4233399629592896,1.425920009613037,1.4228999614715576,1.4254900217056274
2026-10-02T15:30:00Z,1.4254900217056274,1.4256999492645264,1.4248000383377075,1.4254399538040161
2026-10-02T16:00:00Z,1.4254100322723389,1.4258300065994263,1.4249999523162842,1.4258099794387817
2026-10-02T16:30:00Z,1.425819993019104,1.4259699583053589,1.4250999689102173,1.4256800413131714
2026-10-02T17:00:00Z,1.4256600141525269,1.4259599447250366,1.4250999689102173,1.425879955291748
2026-10-02T17:30:00Z,1.425879955291748,1.4259999990463257,1.4250999689102173,1.425529956817627
2026-10-02T18:00:00Z,1.425529956817627,1.4259599447250366,1.4249999523162842,1.4257999658584595
2026-10-02T18:30:00Z,1.4257999658584595,1.4259899854660034,1.4251999855041504,1.4258899688720703
2026-10-02T19:00:00Z,1.4255000352859497,1.4261399507522583,1.4248000383377075,1.4251699447631836
2026-10-02T19:30:00Z,1.4251600503921509,1.4254100322723389,1.4247000217437744,1.4252099990844727
2026-10-02T20:00:00Z,1.4251799583435059,1.4254300594329834,1.4246000051498413,1.4251999855041504
2026-10-02T20:30:00Z,1.4251500368118286,1.42576003074646,1.424399971961975,1.4244999885559082
2026-10-02T21:00:00Z,1.4247000217437744,1.4247000217437744,1.4244999885559082,1.4244999885559082
2026-10-04T23:00:00Z,1.425029993057251,1.4253499507904053,1.4244999885559082,1.4251600503921509
2026-10-04T23:30:00Z,1.4251699447631836,1.4255499839782715,1.4244999885559082,1.4250999689102173
2026-10-05T00:00:00Z,1.4254399538040161,1.425860047340393,1.4248000383377075,1.4255900382995605
2026-10-05T00:30:00Z,1.4255900382995605,1.4261000156402588,1.4251999855041504,1.4258699417114258
2026-10-05T01:00:00Z,1.4258699417114258,1.426200032234192,1.4254000186920166,1.4255000352859497
2026-10-05T01:30:00Z,1.425879955291748,1.4264600276947021,1.4255000352859497,1.4264099597930908
2026-10-05T02:00:00Z,1.4264099597930908,1.427340030670166,1.4259999990463257,1.4272600412368774
2026-10-05T02:30:00Z,1.4272600412368774,1.4288400411605835,1.4266999959945679,1.428689956665039
2026-10-05T03:00:00Z,1.4287199974060059,1.4289699792861938,1.4277000427246094,1.428130030632019
2026-10-05T03:30:00Z,1.428130030632019,1.429029941558838,1.4278000593185425,1.4289599657058716
2026-10-05T04:00:00Z,1.4289599657058716,1.429360032081604,1.4284000396728516,1.4291800260543823
2026-10-05T04:30:00Z,1.4291900396347046,1.4292000532150269,1.4279999732971191,1.428380012512207
2026-10-05T05:00:00Z,1.428380012512207,1.428629994392395,1.42739999294281,1.4280600547790527
2026-10-05T05:30:00Z,1.4280999898910522,1.4282000064849854,1.4275000095367432,1.4278600215911865
2026-10-05T06:00:00Z,1.427880048751831,1.4282599687576294,1.42739999294281,1.4277700185775757
2026-10-05T06:30:00Z,1.4278000593185425,1.4280500411987305,1.426200032234192,1.4265799522399902
2026-10-05T07:00:00Z,1.4265700578689575,1.4271999597549438,1.4258999824523926,1.4267499446868896
2026-10-05T07:30:00Z,1.4267499446868896,1.426990032196045,1.4253000020980835,1.4259599447250366
2026-10-05T08:00:00Z,1.4256000518798828,1.4261499643325806,1.4247000217437744,1.4251799583435059
2026-10-05T08:30:00Z,1.4251899719238281,1.4253400564193726,1.4239000082015991,1.4244099855422974
2026-10-05T09:00:00Z,1.4243799448013306,1.4247499704360962,1.4234000444412231,1.424299955368042
2026-10-05T09:30:00Z,1.4242600202560425,1.4249299764633179,1.423799991607666,1.4246400594711304
2026-10-05T10:00:00Z,1.4246100187301636,1.4249500036239624,1.4240000247955322,1.424720048904419
2026-10-05T10:30:00Z,1.424720048904419,1.4255000352859497,1.424399971961975,1.4254300594329834
2026-10-05T11:00:00Z,1.4253900051116943,1.4260599613189697,1.4247000217437744,1.4254000186920166
2026-10-05T11:30:00Z,1.4256900548934937,1.426200032234192,1.4249999523162842,1.4259099960327148
2026-10-05T12:00:00Z,1.4258999824523926,1.425950050354004,1.4246000051498413,1.4251699447631836
2026-10-05T12:30:00Z,1.4251999855041504,1.4254800081253052,1.424399971961975,1.4251199960708618
2026-10-05T13:00:00Z,1.4251099824905396,1.4260400533676147,1.4247000217437744,1.4255000352859497
2026-10-05T13:30:00Z,1.425920009613037,1.4262399673461914,1.4249000549316406,1.425920009613037
2026-10-05T14:00:00Z,1.4259099960327148,1.426509976387024,1.4250999689102173,1.4257899522781372
2026-10-05T14:30:00Z,1.4257800579071045,1.4259099960327148,1.4234999418258667,1.424299955368042
2026-10-05T15:00:00Z,1.424299955368042,1.42507004737854,1.42330002784729,1.4243199825286865
2026-10-05T15:30:00Z,1.4243600368499756,1.4248299598693848,1.423699975013733,1.4242000579833984
2026-10-05T16:00:00Z,1.4244999885559082,1.4256399869918823,1.4240000247955322,1.4255000352859497
2026-10-05T16:30:00Z,1.425510048866272,1.4257299900054932,1.4248000383377075,1.425570011138916
2026-10-05T17:00:00Z,1.4255499839782715,1.4258999824523926,1.4249999523162842,1.4256099462509155
2026-10-05T17:30:00Z,1.425570011138916,1.4263299703598022,1.4250999689102173,1.4256399869918823
2026-10-05T18:00:00Z,1.4256700277328491,1.4261000156402588,1.4249000549316406,1.425819993019104
2026-10-05T18:30:00Z,1.425819993019104,1.425950050354004,1.4251999855041504,1.42562997341156
2026-10-05T19:00:00Z,1.4256399869918823,1.4257800579071045,1.4249000549316406,1.4255000352859497
2026-10-05T19:30:00Z,1.4254900217056274,1.4259799718856812,1.4250999689102173,1.4256000518798828
2026-10-05T20:00:00Z,1.425950050354004,1.4263399839401245,1.4255000352859497,1.4258999824523926
2026-10-05T20:30:00Z,1.4262200593948364,1.4263800382614136,1.4255000352859497,1.4258500337600708
2026-10-05T21:00:00Z,1.4255000352859497,1.426300048828125,1.4242000579833984,1.4251899719238281
2026-10-05T21:30:00Z,1.4249600172042847,1.4253100156784058,1.4241000413894653,1.4248100519180298
2026-10-05T22:00:00Z,1.4249600172042847,1.4257500171661377,1.4248000383377075,1.4250999689102173
2026-10-05T22:30:00Z,1.4255199432373047,1.4260599613189697,1.4249000549316406,1.425920009613037
2026-10-05T23:00:00Z,1.4260799884796143,1.426110029220581,1.4251999855041504,1.425879955291748
2026-10-05T23:30:00Z,1.4258899688720703,1.4264299869537354,1.4250999689102173,1.4257999658584595
2026-10-06T00:00:00Z,1.426360011100769,1.4268699884414673,1.4259999990463257,1.4267799854278564
2026-10-06T00:30:00Z,1.4267799854278564,1.4268200397491455,1.4258999824523926,1.4261000156402588
2026-10-06T01:00:00Z,1.426300048828125,1.4264500141143799,1.4254000186920166,1.42576003074646
2026-10-06T01:30:00Z,1.4257500171661377,1.4261499643325806,1.4251999855041504,1.426069974899292
2026-10-06T02:00:00Z,1.4260599613189697,1.4263499975204468,1.4256000518798828,1.4258999824523926
2026-10-06T02:30:00Z,1.4262399673461914,1.4267300367355347,1.4257999658584595,1.426200032234192
2026-10-06T03:00:00Z,1.4265199899673462,1.426759958267212,1.4257999658584595,1.4262299537658691
2026-10-06T03:30:00Z,1.4262200593948364,1.4264800548553467,1.4256999492645264,1.4263499975204468
2026-10-06T04:00:00Z,1.4263499975204468,1.4266300201416016,1.4258999824523926,1.4265600442886353
2026-10-06T04:30:00Z,1.4265600442886353,1.4266300201416016,1.4259999990463257,1.4265899658203125
2026-10-06T05:00:00Z,1.4265700578689575,1.4269200563430786,1.4261000156402588,1.426759958267212
2026-10-06T05:30:00Z,1.426759958267212,1.4270399808883667,1.426300048828125,1.4268499612808228
2026-10-06T06:00:00Z,1.4268499612808228,1.427970051765442,1.4264999628067017,1.4276200532913208
2026-10-06T06:30:00Z,1.4276100397109985,1.4281799793243408,1.4271999597549438,1.4278099536895752
2026-10-06T07:00:00Z,1.4277700185775757,1.4285199642181396,1.4271999597549438,1.4281799793243408
2026-10-06T07:30:00Z,1.4281799793243408,1.4282000064849854,1.426200032234192,1.4267699718475342
2026-10-06T08:00:00Z,1.4267499446868896,1.4276599884033203,1.426300048828125,1.426900029182434
2026-10-06T08:30:00Z,1.4271600246429443,1.427299976348877,1.4264999628067017,1.4270399808883667
2026-10-06T09:00:00Z,1.4270299673080444,1.4276200532913208,1.4264999628067017,1.4272700548171997
2026-10-06T09:30:00Z,1.4272899627685547,1.4274499416351318,1.4265999794006348,1.4271199703216553
2026-10-06T10:00:00Z,1.4271299839019775,1.427299976348877,1.426200032234192,1.4272099733352661
2026-10-06T10:30:00Z,1.4272099733352661,1.4277700185775757,1.426900029182434,1.4271999597549438
2026-10-06T11:00:00Z,1.4275000095367432,1.4276000261306763,1.4251999855041504,1.425570011138916
2026-10-06T11:30:00Z,1.425570011138916,1.4258099794387817,1.4240000247955322,1.4250099658966064
2026-10-06T12:00:00Z,1.4250500202178955,1.4254599809646606,1.4240000247955322,1.4252099990844727
2026-10-06T12:30:00Z,1.4252099990844727,1.4255000352859497,1.423699975013733,1.4241199493408203
2026-10-06T13:00:00Z,1.4241199493408203,1.4242099523544312,1.4226000308990479,1.4234399795532227
2026-10-06T13:30:00Z,1.4234399795532227,1.4250799417495728,1.4229999780654907,1.4249299764633179
2026-10-06T14:00:00Z,1.4248900413513184,1.4248900413513184,1.4234999418258667,1.4240399599075317
2026-10-06T14:30:00Z,1.4240100383758545,1.4241700172424316,1.4220999479293823,1.4226499795913696
2026-10-06T15:00:00Z,1.422629952430725,1.4228999614715576,1.4213999509811401,1.421970009803772
2026-10-06T15:30:00Z,1.4217000007629395,1.4221199750900269,1.4210000038146973,1.4220000505447388
2026-10-06T16:00:00Z,1.4220000505447388,1.4225000143051147,1.4213000535964966,1.4219800233840942
2026-10-06T16:30:00Z,1.4219800233840942,1.4224599599838257,1.4214999675750732,1.4218000173568726
2026-10-06T17:00:00Z,1.4221500158309937,1.4222400188446045,1.4212000370025635,1.4218800067901611
2026-10-06T17:30:00Z,1.4218800067901611,1.421970009803772,1.4206000566482544,1.420699954032898
2026-10-06T18:00:00Z,1.4210400581359863,1.421120047569275,1.420300006866455,1.420989990234375
2026-10-06T18:30:00Z,1.4209699630737305,1.4213000535964966,1.4204000234603882,1.4208500385284424
2026-10-06T19:00:00Z,1.4208500385284424,1.4210599660873413,1.420199990272522,1.4210100173950195
2026-10-06T19:30:00Z,1.4210400581359863,1.4215099811553955,1.4205000400543213,1.421090006828308
2026-10-06T20:00:00Z,1.4210699796676636,1.421239972114563,1.4205000400543213,1.4208999872207642
2026-10-06T20:30:00Z,1.4208699464797974,1.4216300249099731,1.420199990272522,1.4205199480056763
2026-10-06T21:00:00Z,1.420549988746643,1.4207799434661865,1.4199999570846558,1.4206299781799316
2026-10-06T21:30:00Z,1.420199990272522,1.420699954032898,1.420199990272522,1.4205800294876099
2026-10-06T22:00:00Z,1.4205800294876099,1.4209100008010864,1.420300006866455,1.4204000234603882
2026-10-06T22:30:00Z,1.4205000400543213,1.4210200309753418,1.4204000234603882,1.4210000038146973
2026-10-06T23:00:00Z,1.4210200309753418,1.4212199449539185,1.4206000566482544,1.4210699796676636
2026-10-06T23:30:00Z,1.4210699796676636,1.4214600324630737,1.4206000566482544,1.4213000535964966
2026-10-07T00:00:00Z,1.4213000535964966,1.4214600324630737,1.4206000566482544,1.4214099645614624
2026-10-07T00:30:00Z,1.421429991722107,1.4215500354766846,1.4208999872207642,1.4214400053024292
2026-10-07T01:00:00Z,1.4213999509811401,1.4216200113296509,1.420799970626831,1.421339988708496
2026-10-07T01:30:00Z,1.421370029449463,1.4217000007629395,1.420699954032898,1.4216599464416504
2026-10-07T02:00:00Z,1.4216300249099731,1.4224499464035034,1.4212000370025635,1.4221199750900269
2026-10-07T02:30:00Z,1.422160029411316,1.4226000308990479,1.4215999841690063,1.4223699569702148
2026-10-07T03:00:00Z,1.422379970550537,1.4223999977111816,1.4217000007629395,1.4221400022506714
2026-10-07T03:30:00Z,1.4221500158309937,1.4222700595855713,1.4215999841690063,1.4221700429916382
2026-10-07T04:00:00Z,1.4221700429916382,1.422569990158081,1.4217000007629395,1.4224300384521484
2026-10-07T04:30:00Z,1.4224300384521484,1.4226100444793701,1.4219000339508057,1.422569990158081
2026-10-07T05:00:00Z,1.4225200414657593,1.4227700233459473,1.4220000505447388,1.4227099418640137
2026-10-07T05:30:00Z,1.422760009765625,1.4228399991989136,1.4219000339508057,1.4224599599838257
2026-10-07T06:00:00Z,1.4224499464035034,1.4225399494171143,1.4215999841690063,1.422379970550537
2026-10-07T06:30:00Z,1.422379970550537,1.4224400520324707,1.4213000535964966,1.4218000173568726
2026-10-07T07:00:00Z,1.4220399856567383,1.4225900173187256,1.4215999841690063,1.4221500158309937
2026-10-07T07:30:00Z,1.4221299886703491,1.4229300022125244,1.4217000007629395,1.4227900505065918
2026-10-07T08:00:00Z,1.4227900505065918,1.423259973526001,1.4220999479293823,1.4226399660110474
2026-10-07T08:30:00Z,1.4226399660110474,1.422700047492981,1.4213999509811401,1.4220999479293823
2026-10-07T09:00:00Z,1.4220999479293823,1.4226000308990479,1.4214999675750732,1.4225399494171143
2026-10-07T09:30:00Z,1.4225599765777588,1.4228099584579468,1.4218000173568726,1.4221099615097046
2026-10-07T10:00:00Z,1.4221099615097046,1.4223999977111816,1.4215999841690063,1.42221999168396
2026-10-07T10:30:00Z,1.4221899509429932,1.4229199886322021,1.4217000007629395,1.4228800535202026
2026-10-07T11:00:00Z,1.4228800535202026,1.4233100414276123,1.4222999811172485,1.4232300519943237
2026-10-07T11:30:00Z,1.4232399463653564,1.4250600337982178,1.4227999448776245,1.4244799613952637
2026-10-07T12:00:00Z,1.4244600534439087,1.4266200065612793,1.4239000082015991,1.4263900518417358
2026-10-07T12:30:00Z,1.4263900518417358,1.42808997631073,1.4259999990463257,1.427090048789978
2026-10-07T13:00:00Z,1.4271199703216553,1.4271199703216553,1.4251999855041504,1.4259799718856812
2026-10-07T13:30:00Z,1.4259899854660034,1.4263399839401245,1.4254800081253052,1.425510048866272
2026-10-07T14:00:00Z,1.4254900217056274,1.4258400201797485,1.424399971961975,1.4245500564575195
2026-10-07T14:30:00Z,1.4245799779891968,1.4248700141906738,1.4238200187683105,1.4247599840164185
2026-10-07T15:00:00Z,1.4247499704360962,1.4261300563812256,1.424720048904419,1.4259899854660034
2026-10-07T15:30:00Z,1.4259899854660034,1.4261000156402588,1.4250999689102173,1.425529956817627
2026-10-07T16:00:00Z,1.4253000020980835,1.4259999990463257,1.4249999523162842,1.4255199432373047
2026-10-07T16:30:00Z,1.4251999855041504,1.426200032234192,1.4250999689102173,1.4255399703979492
2026-10-07T17:00:00Z,1.4255499839782715,1.4258999824523926,1.4246000051498413,1.425719976425171
2026-10-07T17:30:00Z,1.4257400035858154,1.426069974899292,1.4249999523162842,1.4256000518798828
2026-10-07T18:00:00Z,1.42562997341156,1.4258999824523926,1.4249999523162842,1.4256399869918823
2026-10-07T18:30:00Z,1.4256500005722046,1.4257899522781372,1.4249000549316406,1.4251999855041504
2026-10-07T19:00:00Z,1.4255499839782715,1.4257999658584595,1.4249000549316406,1.42576003074646
2026-10-07T19:30:00Z,1.4254000186920166,1.426010012626648,1.4253000020980835,1.42576003074646
2026-10-07T20:00:00Z,1.42576003074646,1.4263999462127686,1.4254000186920166,1.425860047340393
2026-10-07T20:30:00Z,1.4258400201797485,1.426169991493225,1.4250999689102173,1.4254599809646606
2026-10-07T21:00:00Z,1.4251999855041504,1.4256099462509155,1.4246000051498413,1.425320029258728
2026-10-07T21:30:00Z,1.4252099990844727,1.4257999658584595,1.4249999523162842,1.4251899719238281
2026-10-07T22:00:00Z,1.4253300428390503,1.4258699417114258,1.4249999523162842,1.425379991531372
2026-10-07T22:30:00Z,1.4253499507904053,1.4256000518798828,1.4249000549316406,1.425529956817627
2026-10-07T23:00:00Z,1.425379991531372,1.4256399869918823,1.4249999523162842,1.4254000186920166
2026-10-07T23:30:00Z,1.4255800247192383,1.425920009613037,1.4249999523162842,1.4258899688720703
2026-10-08T00:00:00Z,1.4258899688720703,1.4264400005340576,1.4254000186920166,1.426259994506836
2026-10-08T00:30:00Z,1.426259994506836,1.426509976387024,1.4256999492645264,1.4263499975204468
2026-10-08T01:00:00Z,1.426360011100769,1.426800012588501,1.4258999824523926,1.4265600442886353
2026-10-08T01:30:00Z,1.4265300035476685,1.4266999959945679,1.4249999523162842,1.425469994544983
2026-10-08T02:00:00Z,1.4250999689102173,1.4256099462509155,1.4247000217437744,1.4252899885177612
2026-10-08T02:30:00Z,1.4252899885177612,1.4261399507522583,1.4249000549316406,1.4261300563812256
2026-10-08T03:00:00Z,1.4260900020599365,1.4265600442886353,1.4256000518798828,1.4263700246810913
2026-10-08T03:30:00Z,1.4263900518417358,1.4264999628067017,1.4256000518798828,1.4260300397872925
2026-10-08T04:00:00Z,1.4260300397872925,1.4263299703598022,1.4255000352859497,1.4258999824523926
2026-10-08T04:30:00Z,1.426259994506836,1.4264600276947021,1.4256999492645264,1.4259999990463257
2026-10-08T05:00:00Z,1.426200032234192,1.426360011100769,1.4256999492645264,1.4262200593948364
2026-10-08T05:30:00Z,1.4262299537658691,1.4270399808883667,1.4256999492645264,1.4268399477005005
2026-10-08T06:00:00Z,1.4268399477005005,1.4269599914550781,1.4253000020980835,1.4262200593948364
2026-10-08T06:30:00Z,1.4258999824523926,1.4263999462127686,1.4251999855041504,1.426300048828125
2026-10-08T07:00:00Z,1.4263299703598022,1.426419973373413,1.424299955368042,1.4247000217437744
2026-10-08T07:30:00Z,1.424720048904419,1.4253300428390503,1.4242000579833984,1.4247599840164185
2026-10-08T08:00:00Z,1.4247499704360962,1.4249199628829956,1.4239000082015991,1.4246699810028076
2026-10-08T08:30:00Z,1.424649953842163,1.4258999824523926,1.4241000413894653,1.42576003074646
2026-10-08T09:00:00Z,1.4257700443267822,1.426300048828125,1.4251999855041504,1.4259599447250366
2026-10-08T09:30:00Z,1.4259599447250366,1.4265300035476685,1.4254000186920166,1.4263099431991577
2026-10-08T10:00:00Z,1.4263099431991577,1.426800012588501,1.4257999658584595,1.42631995677948
2026-10-08T10:30:00Z,1.42631995677948,1.4263999462127686,1.4250999689102173,1.4256700277328491
2026-10-08T11:00:00Z,1.4256700277328491,1.4277600049972534,1.4254000186920166,1.4273200035095215
2026-10-08T11:30:00Z,1.4272899627685547,1.4276800155639648,1.426200032234192,1.4272300004959106
2026-10-08T12:00:00Z,1.4271999597549438,1.4272700548171997,1.4248000383377075,1.4252899885177612
2026-10-08T12:30:00Z,1.4252500534057617,1.4266999959945679,1.4248600006103516,1.4265300035476685
2026-10-08T13:00:00Z,1.4264899492263794,1.4269800186157227,1.4255000352859497,1.4264400005340576
2026-10-08T13:30:00Z,1.4264099597930908,1.4264500141143799,1.4235999584197998,1.4242500066757202
2026-10-08T14:00:00Z,1.4242500066757202,1.4247599840164185,1.4220999479293823,1.4225599765777588
2026-10-08T14:30:00Z,1.4225900173187256,1.4234299659729004,1.4217000007629395,1.4229199886322021
2026-10-08T15:00:00Z,1.4229400157928467,1.4242600202560425,1.4220000505447388,1.4239799976348877
2026-10-08T15:30:00Z,1.42399001121521,1.4249399900436401,1.4234999418258667,1.424739956855774
2026-10-08T16:00:00Z,1.4247000217437744,1.4251999855041504,1.423699975013733,1.4248299598693848
2026-10-08T16:30:00Z,1.4248299598693848,1.4251199960708618,1.423699975013733,1.4241900444030762
2026-10-08T17:00:00Z,1.4241700172424316,1.4242500066757202,1.4215999841690063,1.4221199750900269
2026-10-08T17:30:00Z,1.4221700429916382,1.4228299856185913,1.4217000007629395,1.4220999479293823
2026-10-08T18:00:00Z,1.4224200248718262,1.4234000444412231,1.4218000173568726,1.4232399463653564
2026-10-08T18:30:00Z,1.4232399463653564,1.4234399795532227,1.4218000173568726,1.4223999977111816
2026-10-08T19:00:00Z,1.422410011291504,1.422629952430725,1.4215999841690063,1.422260046005249
2026-10-08T19:30:00Z,1.422260046005249,1.4223400354385376,1.4213999509811401,1.4218699932098389
2026-10-08T20:00:00Z,1.4218800067901611,1.422469973564148,1.4213000535964966,1.4224499464035034
2026-10-08T20:30:00Z,1.4220999479293823,1.4227399826049805,1.4218000173568726,1.4220000505447388
2026-10-08T21:00:00Z,1.422320008277893,1.4228999614715576,1.4216699600219727,1.4227999448776245
2026-10-08T21:30:00Z,1.4227999448776245,1.4230999946594238,1.4220999479293823,1.4221999645233154
2026-10-08T22:00:00Z,1.4221999645233154,1.422510027885437,1.4215999841690063,1.4219900369644165
2026-10-08T22:30:00Z,1.4219900369644165,1.422410011291504,1.4217000007629395,1.4223599433898926
2026-10-08T23:00:00Z,1.4223400354385376,1.4226000308990479,1.4218000173568726,1.4224599599838257
2026-10-08T23:30:00Z,1.4224499464035034,1.422629952430725,1.4220000505447388,1.4223899841308594
2026-10-09T00:00:00Z,1.4223400354385376,1.4225000143051147,1.4213000535964966,1.4218900203704834
2026-10-09T00:30:00Z,1.4218499660491943,1.4222400188446045,1.4212000370025635,1.4216699600219727
2026-10-09T01:00:00Z,1.4216599464416504,1.4217499494552612,1.420699954032898,1.4211900234222412
2026-10-09T01:30:00Z,1.4212100505828857,1.4212199449539185,1.4204000234603882,1.4210699796676636
2026-10-09T02:00:00Z,1.420699954032898,1.421429991722107,1.4205000400543213,1.4211299419403076
2026-10-09T02:30:00Z,1.4211299419403076,1.4213500022888184,1.4209200143814087,1.421180009841919
2026-10-09T03:00:00Z,1.4211900234222412,1.42153000831604,1.4211599826812744,1.4214799404144287
2026-10-09T03:30:00Z,1.421489953994751,1.4215999841690063,1.421280026435852,1.4213000535964966
2026-10-09T04:00:00Z,1.4212900400161743,1.4214500188827515,1.4210200309753418,1.4214199781417847
2026-10-09T04:30:00Z,1.4213800430297852,1.4214400053024292,1.4211000204086304,1.4211900234222412
2026-10-09T05:00:00Z,1.4212000370025635,1.4212299585342407,1.4207899570465088,1.4209799766540527
2026-10-09T05:30:00Z,1.4209799766540527,1.4213999509811401,1.4206199645996094,1.4212499856948853
2026-10-09T06:00:00Z,1.4212000370025635,1.4217400550842285,1.4211900234222412,1.4215999841690063
2026-10-09T06:30:00Z,1.4216099977493286,1.422070026397705,1.4214799404144287,1.4217900037765503
2026-10-09T07:00:00Z,1.4217900037765503,1.4222400188446045,1.4215999841690063,1.4220099449157715
2026-10-09T07:30:00Z,1.4220099449157715,1.4227399826049805,1.4219399690628052,1.4221899509429932
2026-10-09T08:00:00Z,1.42221999168396,1.4226000308990479,1.4219900369644165,1.4220399856567383
2026-10-09T08:30:00Z,1.4220099449157715,1.4228999614715576,1.4219000339508057,1.422700047492981
2026-10-09T09:00:00Z,1.422700047492981,1.4228999614715576,1.4223899841308594,1.4226700067520142
2026-10-09T09:30:00Z,1.4226700067520142,1.4229600429534912,1.4224200248718262,1.4229099750518799
2026-10-09T10:00:00Z,1.4229300022125244,1.42330002784729,1.4226800203323364,1.4231699705123901
2026-10-09T10:30:00Z,1.423140048980713,1.4239000082015991,1.423140048980713,1.4238899946212769
2026-10-09T11:00:00Z,1.42385995388031,1.4240000247955322,1.4228500127792358,1.4229099750518799
2026-10-09T11:30:00Z,1.4229099750518799,1.422950029373169,1.4219800233840942,1.4229099750518799
2026-10-09T12:00:00Z,1.4229199886322021,1.4234199523925781,1.4225000143051147,1.4230600595474243
2026-10-09T12:30:00Z,1.4232499599456787,1.4298700094223022,1.4229899644851685,1.4284700155258179
2026-10-09T13:00:00Z,1.4284600019454956,1.4290000200271606,1.426800012588501,1.4278700351715088
2026-10-09T13:30:00Z,1.4278700351715088,1.4280200004577637,1.426200032234192,1.4274699687957764
2026-10-09T14:00:00Z,1.4274100065231323,1.4283900260925293,1.4266999959945679,1.4272600412368774
2026-10-09T14:30:00Z,1.4272600412368774,1.4277199506759644,1.4264999628067017,1.42753005027771
2026-10-09T15:00:00Z,1.427489995956421,1.427649974822998,1.4264999628067017,1.4267899990081787
2026-10-09T15:30:00Z,1.4267899990081787,1.4273699522018433,1.426300048828125,1.4270299673080444
2026-10-09T16:00:00Z,1.4270299673080444,1.4275799989700317,1.4266999959945679,1.4275100231170654
2026-10-09T16:30:00Z,1.4274699687957764,1.4278000593185425,1.426900029182434,1.427459955215454
2026-10-09T17:00:00Z,1.427459955215454,1.427649974822998,1.4265999794006348,1.4272199869155884
2026-10-09T17:30:00Z,1.4272300004959106,1.427340030670166,1.4264999628067017,1.4269499778747559
2026-10-09T18:00:00Z,1.4269499778747559,1.4270600080490112,1.426300048828125,1.4269100427627563
2026-10-09T18:30:00Z,1.4269499778747559,1.4273300170898438,1.4261000156402588,1.4265600442886353
2026-10-09T19:00:00Z,1.4265600442886353,1.4265999794006348,1.4257999658584595,1.426509976387024
2026-10-09T19:30:00Z,1.4264999628067017,1.4266999959945679,1.4259999990463257,1.4263900518417358
2026-10-09T20:00:00Z,1.4263800382614136,1.4264899492263794,1.4255000352859497,1.426110029220581
2026-10-09T20:30:00Z,1.4261499643325806,1.4262700080871582,1.4249000549316406,1.425279974937439
2026-10-09T21:00:00Z,1.4254000186920166,1.4254000186920166,1.4254000186920166,1.4254000186920166
