timestamp,open,high,low,close
2026-08-10T23:00:00Z,159.24099731445312,159.2779998779297,159.23199462890625,159.2570037841797
2026-08-10T23:30:00Z,159.2570037841797,159.2899932861328,159.12100219726562,159.14999389648438
2026-08-11T00:00:00Z,159.14999389648438,159.197998046875,159.11300659179688,159.18600463867188
2026-08-11T00:30:00Z,159.1909942626953,159.1959991455078,158.9199981689453,159.14500427246094
2026-08-11T01:00:00Z,159.14199829101562,159.18299865722656,159.06100463867188,159.08200073242188
2026-08-11T01:30:00Z,159.08299255371094,159.17799377441406,159.06399536132812,159.16299438476562
2026-08-11T02:00:00Z,159.16200256347656,159.3090057373047,159.1540069580078,159.2729949951172
2026-08-11T02:30:00Z,159.2790069580078,159.31199645996094,159.24899291992188,159.25999450683594
2026-08-11T03:00:00Z,159.2570037841797,159.27000427246094,159.16000366210938,159.1719970703125
2026-08-11T03:30:00Z,159.16299438476562,159.21200561523438,159.13900756835938,159.1999969482422
2026-08-11T04:00:00Z,159.1959991455078,159.20700073242188,159.15499877929688,159.16799926757812
2026-08-11T04:30:00Z,159.16799926757812,159.25100708007812,159.16799926757812,159.1840057373047
2026-08-11T05:00:00Z,159.18299865722656,159.21400451660156,159.17599487304688,159.177001953125
2026-08-11T05:30:00Z,159.177001953125,159.2310028076172,159.14700317382812,159.2010040283203
2026-08-11T06:00:00Z,159.1999969482422,159.24099731445312,159.17300415039062,159.21800231933594
2026-08-11T06:30:00Z,159.21299743652344,159.24000549316406,159.17599487304688,159.20799255371094
2026-08-11T07:00:00Z,159.2050018310547,159.32200622558594,159.19500732421875,159.26199340820312
2026-08-11T07:30:00Z,159.27000427246094,159.3769989013672,159.26199340820312,159.3560028076172
2026-08-11T08:00:00Z,159.36099243164062,159.36399841308594,159.28700256347656,159.28900146484375
2026-08-11T08:30:00Z,159.2899932861328,159.37100219726562,159.27699279785156,159.3489990234375
2026-08-11T09:00:00Z,159.3489990234375,159.38999938964844,159.32400512695312,159.3300018310547
2026-08-11T09:30:00Z,159.3280029296875,159.3350067138672,159.26499938964844,159.28199768066406
2026-08-11T10:00:00Z,159.2760009765625,159.33099365234375,159.18600463867188,159.25399780273438
2026-08-11T10:30:00Z,159.25399780273438,159.2830047607422,159.20199584960938,159.22500610351562
2026-08-11T11:00:00Z,159.2239990234375,159.24400329589844,159.0489959716797,159.18499755859375
2026-08-11T11:30:00Z,159.17999267578125,159.2530059814453,159.16200256347656,159.24400329589844
2026-08-11T12:00:00Z,159.2449951171875,159.36500549316406,159.1840057373047,159.30799865722656
2026-08-11T12:30:00Z,159.31100463867188,159.31399536132812,159.23800659179688,159.27000427246094
2026-08-11T13:00:00Z,159.26499938964844,159.27099609375,159.16700744628906,159.22000122070312
2026-08-11T13:30:00Z,159.21499633789062,159.25900268554688,159.17799377441406,159.22999572753906
2026-08-11T14:00:00Z,159.22900390625,159.29400634765625,159.21299743652344,159.23899841308594
2026-08-11T14:30:00Z,159.23899841308594,159.25999450683594,159.19200134277344,159.22999572753906
2026-08-11T15:00:00Z,159.22999572753906,159.2729949951172,159.1959991455078,159.26100158691406
2026-08-11T15:30:00Z,159.26800537109375,159.3280029296875,159.24400329589844,159.24400329589844
2026-08-11T16:00:00Z,159.24400329589844,159.25799560546875,159.2050018310547,159.22500610351562
2026-08-11T16:30:00Z,159.22500610351562,159.2689971923828,159.2239990234375,159.26100158691406
2026-08-11T17:00:00Z,159.26499938964844,159.3520050048828,159.25399780273438,159.3300018310547
2026-08-11T17:30:00Z,159.3260040283203,159.35000610351562,159.2830047607422,159.30599975585938
2026-08-11T18:00:00Z,159.31199645996094,159.3459930419922,159.30299377441406,159.3249969482422
2026-08-11T18:30:00Z,159.31900024414062,159.33399963378906,159.2530059814453,159.27099609375
2026-08-11T19:00:00Z,159.25999450683594,159.2969970703125,159.2449951171875,159.28700256347656
2026-08-11T19:30:00Z,159.2790069580078,159.30499267578125,159.24000549316406,159.27999877929688
2026-08-11T20:00:00Z,159.28399658203125,159.30599975585938,159.26800537109375,159.28399658203125
2026-08-11T20:30:00Z,159.281005859375,159.36500549316406,159.23399353027344,159.25999450683594
2026-08-11T21:00:00Z,159.24200439453125,159.3000030517578,159.21800231933594,159.26300048828125
2026-08-11T21:30:00Z,159.23899841308594,159.27499389648438,159.23199462890625,159.25999450683594
2026-08-11T22:00:00Z,159.25999450683594,159.30499267578125,159.25999450683594,159.28799438476562
2026-08-11T22:30:00Z,159.28700256347656,159.29299926757812,159.25100708007812,159.26499938964844
2026-08-11T23:00:00Z,159.25599670410156,159.2989959716797,159.25399780273438,159.28799438476562
2026-08-11T23:30:00Z,159.28799438476562,159.3000030517578,159.2550048828125,159.2760009765625
2026-08-12T00:00:00Z,159.26499938964844,159.28500366210938,159.19400024414062,159.23899841308594
2026-08-12T00:30:00Z,159.23899841308594,159.36900329589844,159.23800659179688,159.33599853515625
2026-08-12T01:00:00Z,159.33599853515625,159.37600708007812,159.3040008544922,159.33999633789062
2026-08-12T01:30:00Z,159.33799743652344,159.3459930419922,159.2899932861328,159.3260040283203
2026-08-12T02:00:00Z,159.33399963378906,159.4320068359375,159.3260040283203,159.39500427246094
2026-08-12T02:30:00Z,159.38999938964844,159.41799926757812,159.36900329589844,159.39199829101562
2026-08-12T03:00:00Z,159.39199829101562,159.45799255371094,159.39199829101562,159.45599365234375
2026-08-12T03:30:00Z,159.45399475097656,159.45700073242188,159.41600036621094,159.42599487304688
2026-08-12T04:00:00Z,159.4199981689453,159.46099853515625,159.41600036621094,159.4340057373047
2026-08-12T04:30:00Z,159.4320068359375,159.44900512695312,159.36199951171875,159.41299438476562
2026-08-12T05:00:00Z,159.4080047607422,159.43699645996094,159.39300537109375,159.4199981689453
2026-08-12T05:30:00Z,159.41900634765625,159.42599487304688,159.30599975585938,159.406005859375
2026-08-12T06:00:00Z,159.40499877929688,159.427001953125,159.33900451660156,159.4029998779297
2026-08-12T06:30:00Z,159.39500427246094,159.42300415039062,159.35499572753906,159.37899780273438
2026-08-12T07:00:00Z,159.3769989013672,159.39700317382812,159.3260040283203,159.37600708007812
2026-08-12T07:30:00Z,159.3679962158203,159.3800048828125,159.33200073242188,159.36500549316406
2026-08-12T08:00:00Z,159.3679962158203,159.3719940185547,159.31100463867188,159.343994140625
2026-08-12T08:30:00Z,159.3419952392578,159.36000061035156,159.27999877929688,159.31500244140625
2026-08-12T09:00:00Z,159.3090057373047,159.33599853515625,158.56700134277344,159.03399658203125
2026-08-12T09:30:00Z,159.02699279785156,159.16200256347656,159.0019989013672,159.14999389648438
2026-08-12T10:00:00Z,159.14999389648438,159.21299743652344,159.13299560546875,159.16000366210938
2026-08-12T10:30:00Z,159.16200256347656,159.2239990234375,159.09100341796875,159.1750030517578
2026-08-12T11:00:00Z,159.17599487304688,159.1820068359375,159.1020050048828,159.1199951171875
2026-08-12T11:30:00Z,159.11199951171875,159.1280059814453,159.0500030517578,159.09300231933594
2026-08-12T12:00:00Z,159.09300231933594,159.10800170898438,158.92100524902344,158.9459991455078
2026-08-12T12:30:00Z,158.92100524902344,159.18899536132812,158.63900756835938,158.802001953125
2026-08-12T13:00:00Z,158.80299377441406,158.906005859375,158.68800354003906,158.83900451660156
2026-08-12T13:30:00Z,158.83900451660156,159.0399932861328,158.8070068359375,159.01499938964844
2026-08-12T14:00:00Z,159.0189971923828,159.15699768066406,158.99000549316406,159.093994140625
2026-08-12T14:30:00Z,159.10000610351562,159.24200439453125,159.0399932861328,159.197998046875
2026-08-12T15:00:00Z,159.197998046875,159.2519989013672,159.17999267578125,159.24000549316406
2026-08-12T15:30:00Z,159.23899841308594,159.2899932861328,159.21299743652344,159.22900390625
2026-08-12T16:00:00Z,159.2259979248047,159.33799743652344,159.1959991455078,159.3179931640625
2026-08-12T16:30:00Z,159.32200622558594,159.41000366210938,159.31500244140625,159.3800048828125
2026-08-12T17:00:00Z,159.38800048828125,159.43299865722656,159.35000610351562,159.4219970703125
2026-08-12T17:30:00Z,159.41700744628906,159.52699279785156,159.41700744628906,159.4949951171875
2026-08-12T18:00:00Z,159.5019989013672,159.54400634765625,159.4239959716797,159.45399475097656
2026-08-12T18:30:00Z,159.45399475097656,159.5,159.43099975585938,159.48899841308594
2026-08-12T19:00:00Z,159.4949951171875,159.51100158691406,159.44900512695312,159.48300170898438
2026-08-12T19:30:00Z,159.47799682617188,159.51600646972656,159.45799255371094,159.48800659179688
2026-08-12T20:00:00Z,159.48599243164062,159.5050048828125,159.4510040283203,159.46099853515625
2026-08-12T20:30:00Z,159.4550018310547,159.47300720214844,159.39199829101562,159.4010009765625
2026-08-12T21:00:00Z,159.3990020751953,159.4250030517578,159.36000061035156,159.39100646972656
2026-08-12T21:30:00Z,159.38600158691406,159.41900634765625,159.3769989013672,159.38800048828125
2026-08-12T22:00:00Z,159.38699340820312,159.45399475097656,159.38699340820312,159.41200256347656
2026-08-12T22:30:00Z,159.41200256347656,159.4340057373047,159.38400268554688,159.38699340820312
2026-08-12T23:00:00Z,159.37899780273438,159.38999938964844,159.31199645996094,159.33700561523438
2026-08-12T23:30:00Z,159.33200073242188,159.38699340820312,159.31300354003906,159.3350067138672
2026-08-13T00:00:00Z,159.33599853515625,159.38400268554688,159.2790069580078,159.3179931640625
2026-08-13T00:30:00Z,159.31300354003906,159.3470001220703,159.23800659179688,159.31399536132812
2026-08-13T01:00:00Z,159.31700134277344,159.33599853515625,159.2729949951172,159.3249969482422
2026-08-13T01:30:00Z,159.31700134277344,159.3679962158203,159.27999877929688,159.3419952392578
2026-08-13T02:00:00Z,159.3419952392578,159.44500732421875,159.33299255371094,159.43299865722656
2026-08-13T02:30:00Z,159.4409942626953,159.48300170898438,159.41400146484375,159.4250030517578
2026-08-13T03:00:00Z,159.4250030517578,159.48800659179688,159.39999389648438,159.46400451660156
2026-08-13T03:30:00Z,159.46400451660156,159.47799682617188,159.41600036621094,159.4290008544922
2026-08-13T04:00:00Z,159.42100524902344,159.4770050048828,159.41900634765625,159.4409942626953
2026-08-13T04:30:00Z,159.4409942626953,159.47500610351562,159.1719970703125,159.2429962158203
2026-08-13T05:00:00Z,159.2429962158203,159.34500122070312,159.22000122070312,159.33299255371094
2026-08-13T05:30:00Z,159.3350067138672,159.37100219726562,159.24000549316406,159.2740020751953
2026-08-13T06:00:00Z,159.2740020751953,159.41099548339844,159.25399780273438,159.39100646972656
2026-08-13T06:30:00Z,159.3939971923828,159.44500732421875,159.35299682617188,159.37899780273438
2026-08-13T07:00:00Z,159.38800048828125,159.41099548339844,159.35800170898438,159.37899780273438
2026-08-13T07:30:00Z,159.37899780273438,159.40199279785156,159.31399536132812,159.35699462890625
2026-08-13T08:00:00Z,159.36099243164062,159.4029998779297,159.33700561523438,159.39700317382812
2026-08-13T08:30:00Z,159.3939971923828,159.41200256347656,159.36500549316406,159.3979949951172
2026-08-13T09:00:00Z,159.3990020751953,159.43699645996094,159.35800170898438,159.37899780273438
2026-08-13T09:30:00Z,159.38699340820312,159.39700317382812,159.3179931640625,159.33399963378906
2026-08-13T10:00:00Z,159.33399963378906,159.36599731445312,159.31700134277344,159.3260040283203
2026-08-13T10:30:00Z,159.3249969482422,159.35800170898438,159.31100463867188,159.33799743652344
2026-08-13T11:00:00Z,159.33799743652344,159.3520050048828,159.24600219726562,159.29299926757812
2026-08-13T11:30:00Z,159.28799438476562,159.3459930419922,159.2790069580078,159.3300018310547
2026-08-13T12:00:00Z,159.33099365234375,159.3719940185547,159.26100158691406,159.343994140625
2026-08-13T12:30:00Z,159.3249969482422,159.41299438476562,159.16799926757812,159.16900634765625
2026-08-13T13:00:00Z,159.1699981689453,159.28700256347656,159.14700317382812,159.281005859375
2026-08-13T13:30:00Z,159.28199768066406,159.33700561523438,159.21099853515625,159.26199340820312
2026-08-13T14:00:00Z,159.26199340820312,159.32699584960938,159.01800537109375,159.13499450683594
2026-08-13T14:30:00Z,159.13600158691406,159.19700622558594,159.10299682617188,159.16299438476562
2026-08-13T15:00:00Z,159.16299438476562,159.3730010986328,159.15199279785156,159.36300659179688
2026-08-13T15:30:00Z,159.36399841308594,159.38699340820312,159.2899932861328,159.3489990234375
2026-08-13T16:00:00Z,159.35000610351562,159.4739990234375,159.33700561523438,159.46800231933594
2026-08-13T16:30:00Z,159.46400451660156,159.4969940185547,159.42599487304688,159.4770050048828
2026-08-13T17:00:00Z,159.47500610351562,159.5240020751953,159.46400451660156,159.52099609375
2026-08-13T17:30:00Z,159.51600646972656,159.56900024414062,159.48899841308594,159.51400756835938
2026-08-13T18:00:00Z,159.51699829101562,159.54200744628906,159.43099975585938,159.4759979248047
2026-08-13T18:30:00Z,159.47900390625,159.51199340820312,159.46400451660156,159.50399780273438
2026-08-13T19:00:00Z,159.50399780273438,159.52099609375,159.48599243164062,159.4969940185547
2026-08-13T19:30:00Z,159.4929962158203,159.54200744628906,159.48300170898438,159.51300048828125
2026-08-13T20:00:00Z,159.51300048828125,159.56300354003906,159.4949951171875,159.54400634765625
2026-08-13T20:30:00Z,159.53900146484375,159.5659942626953,159.46800231933594,159.468994140625
2026-08-13T21:00:00Z,159.45700073242188,159.4929962158203,159.4290008544922,159.45899963378906
2026-08-13T21:30:00Z,159.45799255371094,159.5279998779297,159.43299865722656,159.46400451660156
2026-08-13T22:00:00Z,159.4720001220703,159.52200317382812,159.44500732421875,159.50100708007812
2026-08-13T22:30:00Z,159.50100708007812,159.51699829101562,159.45399475097656,159.4669952392578
2026-08-13T23:00:00Z,159.45799255371094,159.47900390625,159.4340057373047,159.46800231933594
2026-08-13T23:30:00Z,159.46800231933594,159.48399353027344,159.42300415039062,159.4290008544922
2026-08-14T00:00:00Z,159.427001953125,159.50999450683594,159.39100646972656,159.39999389648438
2026-08-14T00:30:00Z,159.39999389648438,159.4530029296875,159.34500122070312,159.3679962158203
2026-08-14T01:00:00Z,159.3679962158203,159.45799255371094,159.34800720214844,159.43499755859375
2026-08-14T01:30:00Z,159.43499755859375,159.4550018310547,159.40499877929688,159.4429931640625
2026-08-14T02:00:00Z,159.4409942626953,159.4510040283203,159.38299560546875,159.3979949951172
2026-08-14T02:30:00Z,159.39500427246094,159.42599487304688,159.3699951171875,159.4040069580078
2026-08-14T03:00:00Z,159.4040069580078,159.42100524902344,159.32000732421875,159.3300018310547
2026-08-14T03:30:00Z,159.33700561523438,159.41200256347656,159.3300018310547,159.375
2026-08-14T04:00:00Z,159.375,159.38600158691406,159.32899475097656,159.35699462890625
2026-08-14T04:30:00Z,159.35699462890625,159.3730010986328,159.33299255371094,159.35299682617188
2026-08-14T05:00:00Z,159.34800720214844,159.3560028076172,159.29200744628906,159.31500244140625
2026-08-14T05:30:00Z,159.31300354003906,159.32899475097656,159.12899780273438,159.25900268554688
2026-08-14T06:00:00Z,159.2550048828125,159.28399658203125,159.13999938964844,159.27099609375
2026-08-14T06:30:00Z,159.26600646972656,159.27699279785156,159.21099853515625,159.23899841308594
2026-08-14T07:00:00Z,159.23899841308594,159.31300354003906,159.21400451660156,159.28599548339844
2026-08-14T07:30:00Z,159.29200744628906,159.29400634765625,159.1959991455078,159.2030029296875
2026-08-14T08:00:00Z,159.1999969482422,159.2270050048828,159.08399963378906,159.125
2026-08-14T08:30:00Z,159.1179962158203,159.18899536132812,159.05599975585938,159.1739959716797
2026-08-14T09:00:00Z,159.16900634765625,159.19400024414062,159.10699462890625,159.16900634765625
2026-08-14T09:30:00Z,159.16299438476562,159.1959991455078,159.11500549316406,159.13699340820312
2026-08-14T10:00:00Z,159.1439971923828,159.1820068359375,159.08200073242188,159.16099548339844
2026-08-14T10:30:00Z,159.15899658203125,159.1929931640625,159.13900756835938,159.1739959716797
2026-08-14T11:00:00Z,159.1739959716797,159.1929931640625,159.1020050048828,159.1439971923828
2026-08-14T11:30:00Z,159.13900756835938,159.16000366210938,159.03399658203125,159.10699462890625
2026-08-14T12:00:00Z,159.10400390625,159.11399841308594,158.75999450683594,158.7989959716797
2026-08-14T12:30:00Z,158.7899932861328,158.95899963378906,158.59500122070312,158.91799926757812
2026-08-14T13:00:00Z,158.92100524902344,159.09300231933594,158.8990020751953,158.97999572753906
2026-08-14T13:30:00Z,158.97999572753906,159.01499938964844,158.78900146484375,158.93600463867188
2026-08-14T14:00:00Z,158.94200134277344,159.06300354003906,158.89100646972656,158.9499969482422
2026-08-14T14:30:00Z,158.9510040283203,159.06100463867188,158.94500732421875,159.0290069580078
2026-08-14T15:00:00Z,159.0260009765625,159.1790008544922,158.9429931640625,159.12899780273438
2026-08-14T15:30:00Z,159.1230010986328,159.21600341796875,159.08599853515625,159.20899963378906
2026-08-14T16:00:00Z,159.20899963378906,159.33299255371094,159.197998046875,159.3260040283203
2026-08-14T16:30:00Z,159.32000732421875,159.3719940185547,159.2519989013672,159.36199951171875
2026-08-14T17:00:00Z,159.36000061035156,159.4010009765625,159.3489990234375,159.36000061035156
2026-08-14T17:30:00Z,159.36099243164062,159.39100646972656,159.33900451660156,159.35800170898438
2026-08-14T18:00:00Z,159.35899353027344,159.39300537109375,159.33999633789062,159.3719940185547
2026-08-14T18:30:00Z,159.36399841308594,159.38699340820312,159.3520050048828,159.37600708007812
2026-08-14T19:00:00Z,159.3730010986328,159.38800048828125,159.36000061035156,159.36599731445312
2026-08-14T19:30:00Z,159.36599731445312,159.3979949951172,159.35699462890625,159.35800170898438
2026-08-14T20:00:00Z,159.35800170898438,159.3699951171875,159.31500244140625,159.32200622558594
2026-08-14T20:30:00Z,159.3209991455078,159.3520050048828,159.24600219726562,159.28500366210938
2026-08-14T21:00:00Z,159.30499267578125,159.30499267578125,159.30499267578125,159.30499267578125
2026-08-16T23:00:00Z,159.13400268554688,159.24099731445312,159.1269989013672,159.20399475097656
2026-08-16T23:30:00Z,159.20399475097656,159.25,159.16099548339844,159.218994140625
2026-08-17T00:00:00Z,159.2220001220703,159.24899291992188,159.0290069580078,159.08799743652344
2026-08-17T00:30:00Z,159.08399963378906,159.11099243164062,158.99899291992188,159.01800537109375
2026-08-17T01:00:00Z,159.02000427246094,159.0760040283203,158.97999572753906,159.0279998779297
2026-08-17T01:30:00Z,159.02999877929688,159.10499572753906,159.02000427246094,159.052001953125
2026-08-17T02:00:00Z,159.052001953125,159.06900024414062,158.9459991455078,158.99200439453125
2026-08-17T02:30:00Z,158.99200439453125,159.04800415039062,158.98699951171875,159.0330047607422
2026-08-17T03:00:00Z,159.03399658203125,159.09500122070312,159.0330047607422,159.0919952392578
2026-08-17T03:30:00Z,159.0850067138672,159.14700317382812,159.0780029296875,159.08900451660156
2026-08-17T04:00:00Z,159.08999633789062,159.10800170898438,159.05099487304688,159.0970001220703
2026-08-17T04:30:00Z,159.09500122070312,159.12899780273438,159.04299926757812,159.1199951171875
2026-08-17T05:00:00Z,159.11500549316406,159.1230010986328,159.0240020751953,159.03799438476562
2026-08-17T05:30:00Z,159.03799438476562,159.0970001220703,158.9720001220703,159.08200073242188
2026-08-17T06:00:00Z,159.08099365234375,159.11099243164062,159.02099609375,159.02099609375
2026-08-17T06:30:00Z,159.02499389648438,159.05799865722656,158.9320068359375,158.95899963378906
2026-08-17T07:00:00Z,158.9600067138672,159.00100708007812,158.85699462890625,158.89300537109375
2026-08-17T07:30:00Z,158.88900756835938,158.98599243164062,158.83900451660156,158.95199584960938
2026-08-17T08:00:00Z,158.94700622558594,159.02099609375,158.9340057373047,158.93600463867188
2026-08-17T08:30:00Z,158.9429931640625,159.14999389648438,158.9250030517578,159.1219940185547
2026-08-17T09:00:00Z,159.1219940185547,159.1790008544922,159.06199645996094,159.1280059814453
2026-08-17T09:30:00Z,159.12399291992188,159.18499755859375,159.10000610351562,159.16700744628906
2026-08-17T10:00:00Z,159.16299438476562,159.20599365234375,159.09800720214844,159.10899353027344
2026-08-17T10:30:00Z,159.11199951171875,159.2010040283203,159.1020050048828,159.18299865722656
2026-08-17T11:00:00Z,159.18299865722656,159.24600219726562,159.1540069580078,159.23500061035156
2026-08-17T11:30:00Z,159.23500061035156,159.28399658203125,159.20799255371094,159.23800659179688
2026-08-17T12:00:00Z,159.23399353027344,159.28599548339844,159.18899536132812,159.26300048828125
2026-08-17T12:30:00Z,159.26199340820312,159.28799438476562,159.23899841308594,159.24600219726562
2026-08-17T13:00:00Z,159.24200439453125,159.28199768066406,159.21200561523438,159.27499389648438
2026-08-17T13:30:00Z,159.2729949951172,159.38400268554688,159.2570037841797,159.26300048828125
2026-08-17T14:00:00Z,159.25999450683594,159.28599548339844,159.1820068359375,159.23899841308594
2026-08-17T14:30:00Z,159.24400329589844,159.30999755859375,159.21299743652344,159.28399658203125
2026-08-17T15:00:00Z,159.28399658203125,159.3730010986328,159.2729949951172,159.34300231933594
2026-08-17T15:30:00Z,159.33900451660156,159.4029998779297,159.3280029296875,159.33900451660156
2026-08-17T16:00:00Z,159.33999633789062,159.39500427246094,159.3260040283203,159.35899353027344
2026-08-17T16:30:00Z,159.35899353027344,159.3780059814453,159.33900451660156,159.36300659179688
2026-08-17T17:00:00Z,159.36099243164062,159.4510040283203,159.3489990234375,159.4239959716797
2026-08-17T17:30:00Z,159.41900634765625,159.5050048828125,159.41600036621094,159.49099731445312
2026-08-17T18:00:00Z,159.4969940185547,159.58900451660156,159.47900390625,159.56300354003906
2026-08-17T18:30:00Z,159.56199645996094,159.5970001220703,159.5399932861328,159.58999633789062
2026-08-17T19:00:00Z,159.58900451660156,159.593994140625,159.4239959716797,159.43299865722656
2026-08-17T19:30:00Z,159.4290008544922,159.47799682617188,159.4040069580078,159.45599365234375
2026-08-17T20:00:00Z,159.45700073242188,159.51199340820312,159.44400024414062,159.48199462890625
2026-08-17T20:30:00Z,159.4810028076172,159.50100708007812,159.4149932861328,159.4149932861328
2026-08-17T21:00:00Z,159.4040069580078,159.49099731445312,159.281005859375,159.37100219726562
2026-08-17T21:30:00Z,159.3719940185547,159.42999267578125,159.35499572753906,159.39700317382812
2026-08-17T22:00:00Z,159.3769989013672,159.4770050048828,159.3509979248047,159.41700744628906
2026-08-17T22:30:00Z,159.40499877929688,159.4340057373047,159.39999389648438,159.41099548339844
2026-08-17T23:00:00Z,159.406005859375,159.4239959716797,159.3520050048828,159.36500549316406
2026-08-17T23:30:00Z,159.36000061035156,159.3719940185547,159.30799865722656,159.3249969482422
2026-08-18T00:00:00Z,159.3249969482422,159.43600463867188,159.3040008544922,159.4250030517578
2026-08-18T00:30:00Z,159.4219970703125,159.5240020751953,159.4199981689453,159.4219970703125
2026-08-18T01:00:00Z,159.4219970703125,159.49400329589844,159.38900756835938,159.44400024414062
2026-08-18T01:30:00Z,159.4429931640625,159.51199340820312,159.3990020751953,159.5
2026-08-18T02:00:00Z,159.4980010986328,159.5449981689453,159.46800231933594,159.48199462890625
2026-08-18T02:30:00Z,159.4770050048828,159.50999450683594,159.44900512695312,159.4550018310547
2026-08-18T03:00:00Z,159.45199584960938,159.51400756835938,159.45199584960938,159.50999450683594
2026-08-18T03:30:00Z,159.50599670410156,159.56900024414062,159.50599670410156,159.54800415039062
2026-08-18T04:00:00Z,159.54800415039062,159.7259979248047,159.54400634765625,159.697998046875
2026-08-18T04:30:00Z,159.69200134277344,159.75,159.66400146484375,159.69700622558594
2026-08-18T05:00:00Z,159.68899536132812,159.73399353027344,159.6540069580078,159.66900634765625
2026-08-18T05:30:00Z,159.6699981689453,159.6999969482422,159.61599731445312,159.66299438476562
2026-08-18T06:00:00Z,159.656005859375,159.7740020751953,159.64300537109375,159.71800231933594
2026-08-18T06:30:00Z,159.71800231933594,159.7790069580078,159.69500732421875,159.71600341796875
2026-08-18T07:00:00Z,159.71800231933594,159.76199340820312,159.6820068359375,159.72799682617188
2026-08-18T07:30:00Z,159.72799682617188,159.75399780273438,159.6719970703125,159.7169952392578
2026-08-18T08:00:00Z,159.7220001220703,159.73599243164062,159.697998046875,159.72500610351562
2026-08-18T08:30:00Z,159.72500610351562,159.74400329589844,159.6269989013672,159.6649932861328
2026-08-18T09:00:00Z,159.66799926757812,159.69400024414062,159.60000610351562,159.61300659179688
2026-08-18T09:30:00Z,159.60899353027344,159.63299560546875,159.58099365234375,159.60400390625
2026-08-18T10:00:00Z,159.60400390625,159.70599365234375,159.5970001220703,159.6719970703125
2026-08-18T10:30:00Z,159.6719970703125,159.71499633789062,159.64599609375,159.70599365234375
2026-08-18T11:00:00Z,159.70199584960938,159.74200439453125,159.69700622558594,159.73399353027344
2026-08-18T11:30:00Z,159.74000549316406,159.7449951171875,159.68800354003906,159.69400024414062
2026-08-18T12:00:00Z,159.69900512695312,159.7100067138672,159.63299560546875,159.66200256347656
2026-08-18T12:30:00Z,159.6750030517578,159.7209930419922,159.6320037841797,159.66400146484375
2026-08-18T13:00:00Z,159.66299438476562,159.67599487304688,159.61199951171875,159.65899658203125
2026-08-18T13:30:00Z,159.65899658203125,159.72300720214844,159.55999755859375,159.57200622558594
2026-08-18T14:00:00Z,159.5800018310547,159.5800018310547,159.44200134277344,159.47900390625
2026-08-18T14:30:00Z,159.4739990234375,159.56900024414062,159.42300415039062,159.5500030517578
2026-08-18T15:00:00Z,159.5489959716797,159.6269989013672,159.48800659179688,159.61700439453125
2026-08-18T15:30:00Z,159.61099243164062,159.64599609375,159.53399658203125,159.5959930419922
2026-08-18T16:00:00Z,159.59300231933594,159.60499572753906,159.53599548339844,159.593994140625
2026-08-18T16:30:00Z,159.593994140625,159.63900756835938,159.5540008544922,159.56700134277344
2026-08-18T17:00:00Z,159.5709991455078,159.61199951171875,159.5570068359375,159.593994140625
2026-08-18T17:30:00Z,159.593994140625,159.63800048828125,159.59300231933594,159.59800720214844
2026-08-18T18:00:00Z,159.5959930419922,159.61500549316406,159.5590057373047,159.58900451660156
2026-08-18T18:30:00Z,159.58399963378906,159.63099670410156,159.58299255371094,159.60000610351562
2026-08-18T19:00:00Z,159.60299682617188,159.6269989013672,159.5709991455078,159.60899353027344
2026-08-18T19:30:00Z,159.6060028076172,159.6490020751953,159.57400512695312,159.63600158691406
2026-08-18T20:00:00Z,159.63800048828125,159.6750030517578,159.63499450683594,159.64999389648438
2026-08-18T20:30:00Z,159.64700317382812,159.66299438476562,159.58399963378906,159.5959930419922
2026-08-18T21:00:00Z,159.5919952392578,159.62100219726562,159.468994140625,159.59800720214844
2026-08-18T21:30:00Z,159.60800170898438,159.61900329589844,159.54299926757812,159.58099365234375
2026-08-18T22:00:00Z,159.57699584960938,159.64500427246094,159.5540008544922,159.62100219726562
2026-08-18T22:30:00Z,159.62600708007812,159.63400268554688,159.58099365234375,159.58900451660156
2026-08-18T23:00:00Z,159.58299255371094,159.59500122070312,159.531005859375,159.57699584960938
2026-08-18T23:30:00Z,159.57699584960938,159.60899353027344,159.53500366210938,159.5500030517578
2026-08-19T00:00:00Z,159.5500030517578,159.55299377441406,159.427001953125,159.49000549316406
2026-08-19T00:30:00Z,159.49899291992188,159.53500366210938,159.38499450683594,159.46200561523438
2026-08-19T01:00:00Z,159.45599365234375,159.52499389648438,159.447998046875,159.5019989013672
2026-08-19T01:30:00Z,159.50100708007812,159.5019989013672,159.43600463867188,159.447998046875
2026-08-19T02:00:00Z,159.4459991455078,159.4709930419922,159.3070068359375,159.36500549316406
2026-08-19T02:30:00Z,159.36500549316406,159.4029998779297,159.28599548339844,159.36399841308594
2026-08-19T03:00:00Z,159.36500549316406,159.3990020751953,159.33099365234375,159.38699340820312
2026-08-19T03:30:00Z,159.3820037841797,159.4429931640625,159.3699951171875,159.4199981689453
2026-08-19T04:00:00Z,159.4199981689453,159.4250030517578,159.34300231933594,159.34500122070312
2026-08-19T04:30:00Z,159.34800720214844,159.3780059814453,159.2310028076172,159.3260040283203
2026-08-19T05:00:00Z,159.3260040283203,159.33200073242188,159.23399353027344,159.27200317382812
2026-08-19T05:30:00Z,159.27099609375,159.32699584960938,159.20399475097656,159.2949981689453
2026-08-19T06:00:00Z,159.2899932861328,159.2969970703125,159.14700317382812,159.1510009765625
2026-08-19T06:30:00Z,159.1540069580078,159.2550048828125,159.11099243164062,159.23899841308594
2026-08-19T07:00:00Z,159.24400329589844,159.281005859375,159.16200256347656,159.19400024414062
2026-08-19T07:30:00Z,159.19400024414062,159.20599365234375,159.1199951171875,159.16299438476562
2026-08-19T08:00:00Z,159.16299438476562,159.1820068359375,159.0489959716797,159.09800720214844
2026-08-19T08:30:00Z,159.09300231933594,159.1719970703125,159.0540008544922,159.16200256347656
2026-08-19T09:00:00Z,159.16200256347656,159.26600646972656,159.15499877929688,159.17799377441406
2026-08-19T09:30:00Z,159.17799377441406,159.1840057373047,159.06500244140625,159.08399963378906
2026-08-19T10:00:00Z,159.08399963378906,159.11099243164062,158.99400329589844,159.05299377441406
2026-08-19T10:30:00Z,159.05299377441406,159.11099243164062,159.02200317382812,159.09500122070312
2026-08-19T11:00:00Z,159.09300231933594,159.16000366210938,159.08099365234375,159.10699462890625
2026-08-19T11:30:00Z,159.10699462890625,159.18699645996094,159.0919952392578,159.13400268554688
2026-08-19T12:00:00Z,159.14199829101562,159.1540069580078,158.92300415039062,159.0330047607422
2026-08-19T12:30:00Z,159.03199768066406,159.03799438476562,158.1540069580078,158.60000610351562
2026-08-19T13:00:00Z,158.58700561523438,158.6009979248047,158.31300354003906,158.41600036621094
2026-08-19T13:30:00Z,158.4080047607422,158.53399658203125,158.35400390625,158.4320068359375
2026-08-19T14:00:00Z,158.4340057373047,158.468994140625,158.23800659179688,158.27999877929688
2026-08-19T14:30:00Z,158.2740020751953,158.38499450683594,158.03799438476562,158.343994140625
2026-08-19T15:00:00Z,158.34800720214844,158.52499389648438,158.3419952392578,158.4949951171875
2026-08-19T15:30:00Z,158.49000549316406,158.5229949951172,158.37600708007812,158.4530029296875
2026-08-19T16:00:00Z,158.4499969482422,158.50100708007812,158.37100219726562,158.41900634765625
2026-08-19T16:30:00Z,158.41099548339844,158.42799377441406,158.30999755859375,158.38499450683594
2026-08-19T17:00:00Z,158.3800048828125,158.5189971923828,158.3179931640625,158.4980010986328
2026-08-19T17:30:00Z,158.49200439453125,158.61399841308594,158.48599243164062,158.58200073242188
2026-08-19T18:00:00Z,158.58399963378906,158.5970001220703,158.35400390625,158.49099731445312
2026-08-19T18:30:00Z,158.47799682617188,158.49200439453125,158.2570037841797,158.31900024414062
2026-08-19T19:00:00Z,158.31300354003906,158.3679962158203,158.1300048828125,158.14599609375
2026-08-19T19:30:00Z,158.1540069580078,158.28799438476562,158.09300231933594,158.13900756835938
2026-08-19T20:00:00Z,158.14500427246094,158.22000122070312,158.0850067138672,158.20599365234375
2026-08-19T20:30:00Z,158.20700073242188,158.22300720214844,158.1300048828125,158.1439971923828
2026-08-19T21:00:00Z,158.1219940185547,158.13499450683594,158.0570068359375,158.0970001220703
2026-08-19T21:30:00Z,158.0970001220703,158.14500427246094,158.07000732421875,158.10000610351562
2026-08-19T22:00:00Z,158.09500122070312,158.11099243164062,158.01199340820312,158.06399536132812
2026-08-19T22:30:00Z,158.06399536132812,158.19700622558594,158.05999755859375,158.1719970703125
2026-08-19T23:00:00Z,158.18099975585938,158.23800659179688,158.17599487304688,158.23500061035156
2026-08-19T23:30:00Z,158.22500610351562,158.281005859375,158.20899963378906,158.25900268554688
2026-08-20T00:00:00Z,158.2550048828125,158.3780059814453,158.15499877929688,158.3419952392578
2026-08-20T00:30:00Z,158.33399963378906,158.43899536132812,158.2779998779297,158.4040069580078
2026-08-20T01:00:00Z,158.3990020751953,158.51499938964844,158.36199951171875,158.37399291992188
2026-08-20T01:30:00Z,158.37600708007812,158.5679931640625,158.32000732421875,158.52999877929688
2026-08-20T02:00:00Z,158.5240020751953,158.53799438476562,158.29800415039062,158.44700622558594
2026-08-20T02:30:00Z,158.447998046875,158.4709930419922,158.38400268554688,158.43899536132812
2026-08-20T03:00:00Z,158.43800354003906,158.49099731445312,158.3699951171875,158.42999267578125
2026-08-20T03:30:00Z,158.4250030517578,158.4770050048828,158.40699768066406,158.42999267578125
2026-08-20T04:00:00Z,158.42799377441406,158.47799682617188,158.41099548339844,158.46499633789062
2026-08-20T04:30:00Z,158.46800231933594,158.63400268554688,158.45899963378906,158.56399536132812
2026-08-20T05:00:00Z,158.56700134277344,158.67999267578125,158.5279998779297,158.6750030517578
2026-08-20T05:30:00Z,158.6719970703125,158.7310028076172,158.60299682617188,158.62899780273438
2026-08-20T06:00:00Z,158.6300048828125,158.65899658203125,158.4550018310547,158.5019989013672
2026-08-20T06:30:00Z,158.5030059814453,158.5469970703125,158.35299682617188,158.36000061035156
2026-08-20T07:00:00Z,158.35899353027344,158.54600524902344,158.32000732421875,158.52099609375
2026-08-20T07:30:00Z,158.52200317382812,158.54299926757812,158.39500427246094,158.43499755859375
2026-08-20T08:00:00Z,158.43699645996094,158.4949951171875,158.36900329589844,158.48699951171875
2026-08-20T08:30:00Z,158.48599243164062,158.53500366210938,158.4340057373047,158.48899841308594
2026-08-20T09:00:00Z,158.49000549316406,158.49600219726562,158.1959991455078,158.29100036621094
2026-08-20T09:30:00Z,158.302001953125,158.3800048828125,158.2480010986328,158.3350067138672
2026-08-20T10:00:00Z,158.33900451660156,158.3769989013672,158.23399353027344,158.26300048828125
2026-08-20T10:30:00Z,158.26400756835938,158.52200317382812,158.25999450683594,158.4669952392578
2026-08-20T11:00:00Z,158.4669952392578,158.63999938964844,158.4669952392578,158.57400512695312
2026-08-20T11:30:00Z,158.5709991455078,158.71099853515625,158.52999877929688,158.65699768066406
2026-08-20T12:00:00Z,158.66000366210938,158.80099487304688,158.62600708007812,158.65199279785156
2026-08-20T12:30:00Z,158.66000366210938,158.7790069580078,158.59300231933594,158.63499450683594
2026-08-20T13:00:00Z,158.63800048828125,158.65899658203125,158.53399658203125,158.6199951171875
2026-08-20T13:30:00Z,158.62899780273438,158.8350067138672,158.5919952392578,158.8249969482422
2026-08-20T14:00:00Z,158.82000732421875,158.89300537109375,158.73599243164062,158.79200744628906
2026-08-20T14:30:00Z,158.7899932861328,158.81399536132812,158.7030029296875,158.72300720214844
2026-08-20T15:00:00Z,158.7209930419922,158.85800170898438,158.48899841308594,158.75799560546875
2026-08-20T15:30:00Z,158.75999450683594,158.9770050048828,158.74899291992188,158.84800720214844
2026-08-20T16:00:00Z,158.85000610351562,159.09800720214844,158.8350067138672,159.0709991455078
2026-08-20T16:30:00Z,159.0709991455078,159.0919952392578,158.9810028076172,158.99400329589844
2026-08-20T17:00:00Z,158.99200439453125,159.0570068359375,158.96400451660156,159.02499389648438
2026-08-20T17:30:00Z,159.02499389648438,159.1009979248047,159.02499389648438,159.0469970703125
2026-08-20T18:00:00Z,159.0489959716797,159.1750030517578,159.031005859375,159.16600036621094
2026-08-20T18:30:00Z,159.16099548339844,159.17100524902344,159.1020050048828,159.14100646972656
2026-08-20T19:00:00Z,159.13499450683594,159.1790008544922,159.10000610351562,159.13800048828125
2026-08-20T19:30:00Z,159.13800048828125,159.15199279785156,159.0989990234375,159.11199951171875
2026-08-20T20:00:00Z,159.11199951171875,159.14100646972656,159.0959930419922,159.11900329589844
2026-08-20T20:30:00Z,159.11900329589844,159.125,159.01300048828125,159.01600646972656
2026-08-20T21:00:00Z,159.01199340820312,159.0749969482422,158.98199462890625,159.03799438476562
2026-08-20T21:30:00Z,159.03399658203125,159.07699584960938,158.98699951171875,159.02000427246094
2026-08-20T22:00:00Z,159.0260009765625,159.07899475097656,158.94500732421875,158.9720001220703
2026-08-20T22:30:00Z,158.97300720214844,159.01199340820312,158.9340057373047,158.9550018310547
2026-08-20T23:00:00Z,158.9510040283203,158.96099853515625,158.86900329589844,158.8990020751953
2026-08-20T23:30:00Z,158.9010009765625,158.94700622558594,158.86399841308594,158.88999938964844
2026-08-21T00:00:00Z,158.89300537109375,159.0240020751953,158.86399841308594,158.99200439453125
2026-08-21T00:30:00Z,158.99600219726562,159.12899780273438,158.99099731445312,159.0970001220703
2026-08-21T01:00:00Z,159.08900451660156,159.13400268554688,158.94400024414062,158.97500610351562
2026-08-21T01:30:00Z,158.97500610351562,159.0019989013672,158.9010009765625,158.94500732421875
2026-08-21T02:00:00Z,158.94900512695312,159.0240020751953,158.91799926757812,158.99400329589844
2026-08-21T02:30:00Z,158.98699951171875,158.9929962158203,158.8719940185547,158.96499633789062
2026-08-21T03:00:00Z,158.96200561523438,159.00599670410156,158.93299865722656,159.0
2026-08-21T03:30:00Z,158.9980010986328,159.08799743652344,158.98399353027344,158.9929962158203
2026-08-21T04:00:00Z,158.99400329589844,159.02999877929688,158.94700622558594,159.00799560546875
2026-08-21T04:30:00Z,159.0070037841797,159.06399536132812,158.98399353027344,158.9969940185547
2026-08-21T05:00:00Z,158.9969940185547,159.031005859375,158.98599243164062,159.01699829101562
2026-08-21T05:30:00Z,159.01800537109375,159.01800537109375,158.80999755859375,158.8300018310547
2026-08-21T06:00:00Z,158.8300018310547,158.97999572753906,158.78500366210938,158.9770050048828
2026-08-21T06:30:00Z,158.9739990234375,158.98800659179688,158.87100219726562,158.88699340820312
2026-08-21T07:00:00Z,158.88900756835938,158.93299865722656,158.8260040283203,158.87600708007812
2026-08-21T07:30:00Z,158.88400268554688,158.89199829101562,158.72900390625,158.81700134277344
2026-08-21T08:00:00Z,158.81700134277344,158.8699951171875,158.71600341796875,158.7239990234375
2026-08-21T08:30:00Z,158.7239990234375,158.75,158.50799560546875,158.52200317382812
2026-08-21T09:00:00Z,158.5279998779297,158.5570068359375,158.3470001220703,158.48599243164062
2026-08-21T09:30:00Z,158.48599243164062,158.60800170898438,158.44200134277344,158.5970001220703
2026-08-21T10:00:00Z,158.60299682617188,158.6479949951172,158.51800537109375,158.52699279785156
2026-08-21T10:30:00Z,158.5330047607422,158.73500061035156,158.52699279785156,158.69500732421875
2026-08-21T11:00:00Z,158.697998046875,158.76800537109375,158.5489959716797,158.55999755859375
2026-08-21T11:30:00Z,158.5540008544922,158.71200561523438,158.5469970703125,158.6820068359375
2026-08-21T12:00:00Z,158.6820068359375,158.7530059814453,158.6179962158203,158.6999969482422
2026-08-21T12:30:00Z,158.6999969482422,158.8459930419922,158.69900512695312,158.7530059814453
2026-08-21T13:00:00Z,158.7469940185547,158.87100219726562,158.71600341796875,158.85299682617188
2026-08-21T13:30:00Z,158.85800170898438,158.89599609375,158.75,158.77000427246094
2026-08-21T14:00:00Z,158.7729949951172,158.89300537109375,158.76300048828125,158.8820037841797
2026-08-21T14:30:00Z,158.88099670410156,159.00799560546875,158.88099670410156,158.95199584960938
2026-08-21T15:00:00Z,158.95199584960938,159.0399932861328,158.91200256347656,158.9759979248047
2026-08-21T15:30:00Z,158.9770050048828,158.99000549316406,158.89700317382812,158.91600036621094
2026-08-21T16:00:00Z,158.91000366210938,158.9810028076172,158.82000732421875,158.947998046875
2026-08-21T16:30:00Z,158.947998046875,158.968994140625,158.91900634765625,158.95899963378906
2026-08-21T17:00:00Z,158.95899963378906,159.04400634765625,158.95700073242188,158.98899841308594
2026-08-21T17:30:00Z,158.98699951171875,159.03700256347656,158.96499633789062,159.01600646972656
2026-08-21T18:00:00Z,159.01199340820312,159.03500366210938,158.97900390625,159.01600646972656
2026-08-21T18:30:00Z,159.01400756835938,159.052001953125,159.0019989013672,159.01400756835938
2026-08-21T19:00:00Z,159.01499938964844,159.04200744628906,159.0019989013672,159.03599548339844
2026-08-21T19:30:00Z,159.02999877929688,159.03799438476562,158.9550018310547,158.9949951171875
2026-08-21T20:00:00Z,158.9980010986328,159.01600646972656,158.96499633789062,159.00399780273438
2026-08-21T20:30:00Z,159.00799560546875,159.01800537109375,158.86199951171875,158.86199951171875
2026-08-21T22:30:00Z,158.94000244140625,158.94000244140625,158.94000244140625,158.94000244140625
2026-08-23T23:00:00Z,158.96299743652344,158.98800659179688,158.93499755859375,158.9669952392578
2026-08-23T23:30:00Z,158.96299743652344,159.0030059814453,158.86399841308594,158.87100219726562
2026-08-24T00:00:00Z,158.8699951171875,158.88800048828125,158.7259979248047,158.7729949951172
2026-08-24T00:30:00Z,158.76600646972656,158.81300354003906,158.697998046875,158.7239990234375
2026-08-24T01:00:00Z,158.7239990234375,158.9239959716797,158.71099853515625,158.91299438476562
2026-08-24T01:30:00Z,158.91700744628906,158.9530029296875,158.822998046875,158.8419952392578
2026-08-24T02:00:00Z,158.83599853515625,158.86300659179688,158.8040008544922,158.85000610351562
2026-08-24T02:30:00Z,158.85299682617188,158.91799926757812,158.8470001220703,158.8730010986328
2026-08-24T03:00:00Z,158.8730010986328,158.9429931640625,158.8719940185547,158.91099548339844
2026-08-24T03:30:00Z,158.91400146484375,158.97000122070312,158.90499877929688,158.927001953125
2026-08-24T04:00:00Z,158.927001953125,158.96299743652344,158.80799865722656,158.83700561523438
2026-08-24T04:30:00Z,158.83700561523438,158.9199981689453,158.82400512695312,158.85800170898438
2026-08-24T05:00:00Z,158.85899353027344,158.93800354003906,158.8509979248047,158.9219970703125
2026-08-24T05:30:00Z,158.9250030517578,158.9759979248047,158.88800048828125,158.8979949951172
2026-08-24T06:00:00Z,158.8979949951172,158.96099853515625,158.8520050048828,158.9459991455078
2026-08-24T06:30:00Z,158.94000244140625,159.03199768066406,158.92599487304688,159.031005859375
2026-08-24T07:00:00Z,159.02699279785156,159.1490020751953,158.97900390625,159.1269989013672
2026-08-24T07:30:00Z,159.1269989013672,159.18699645996094,159.0850067138672,159.1580047607422
2026-08-24T08:00:00Z,159.15499877929688,159.27099609375,159.1439971923828,159.26499938964844
2026-08-24T08:30:00Z,159.26499938964844,159.28199768066406,159.15199279785156,159.18899536132812
2026-08-24T09:00:00Z,159.19200134277344,159.23399353027344,159.14500427246094,159.19500732421875
2026-08-24T09:30:00Z,159.19400024414062,159.22500610351562,159.15499877929688,159.197998046875
2026-08-24T10:00:00Z,159.2050018310547,159.21499633789062,159.1179962158203,159.16900634765625
2026-08-24T10:30:00Z,159.1699981689453,159.20599365234375,159.11500549316406,159.197998046875
2026-08-24T11:00:00Z,159.20599365234375,159.23199462890625,159.16799926757812,159.17799377441406
2026-08-24T11:30:00Z,159.1699981689453,159.20199584960938,158.99000549316406,159.05999755859375
2026-08-24T12:00:00Z,159.06199645996094,159.1219940185547,158.90499877929688,158.94200134277344
2026-08-24T12:30:00Z,158.94200134277344,159.05299377441406,158.8769989013672,159.04200744628906
2026-08-24T13:00:00Z,159.04200744628906,159.16200256347656,159.01100158691406,159.14500427246094
2026-08-24T13:30:00Z,159.14599609375,159.1540069580078,159.05599975585938,159.1009979248047
2026-08-24T14:00:00Z,159.10699462890625,159.17999267578125,159.0679931640625,159.10400390625
2026-08-24T14:30:00Z,159.0970001220703,159.2010040283203,159.0850067138672,159.1959991455078
2026-08-24T15:00:00Z,159.19500732421875,159.2010040283203,159.06300354003906,159.08399963378906
2026-08-24T15:30:00Z,159.07899475097656,159.19400024414062,159.06900024414062,159.1699981689453
2026-08-24T16:00:00Z,159.1699981689453,159.19500732421875,159.04100036621094,159.07899475097656
2026-08-24T16:30:00Z,159.0749969482422,159.12399291992188,159.0,159.072998046875
2026-08-24T17:00:00Z,159.06399536132812,159.1750030517578,158.97999572753906,159.14100646972656
2026-08-24T17:30:00Z,159.1439971923828,159.19200134277344,159.1199951171875,159.15699768066406
2026-08-24T18:00:00Z,159.1540069580078,159.197998046875,159.13099670410156,159.13800048828125
2026-08-24T18:30:00Z,159.13900756835938,159.21400451660156,159.13699340820312,159.1750030517578
2026-08-24T19:00:00Z,159.17599487304688,159.2169952392578,159.1649932861328,159.20799255371094
2026-08-24T19:30:00Z,159.2100067138672,159.21600341796875,159.1199951171875,159.16299438476562
2026-08-24T20:00:00Z,159.1580047607422,159.18099975585938,159.1320037841797,159.14700317382812
2026-08-24T20:30:00Z,159.14599609375,159.1529998779297,159.0570068359375,159.0749969482422
2026-08-24T21:00:00Z,159.06199645996094,159.0760040283203,158.99200439453125,159.03599548339844
2026-08-24T21:30:00Z,159.0500030517578,159.12100219726562,159.0030059814453,159.0659942626953
2026-08-24T22:00:00Z,159.05299377441406,159.12100219726562,159.00799560546875,159.10800170898438
2026-08-24T22:30:00Z,159.10800170898438,159.1219940185547,159.08799743652344,159.093994140625
2026-08-24T23:00:00Z,159.093994140625,159.11599731445312,159.052001953125,159.10699462890625
2026-08-24T23:30:00Z,159.10800170898438,159.15899658203125,159.1060028076172,159.1280059814453
2026-08-25T00:00:00Z,159.1269989013672,159.1649932861328,159.08399963378906,159.1269989013672
2026-08-25T00:30:00Z,159.1269989013672,159.1929931640625,159.0919952392578,159.18600463867188
2026-08-25T01:00:00Z,159.18499755859375,159.22300720214844,159.12100219726562,159.1490020751953
2026-08-25T01:30:00Z,159.1479949951172,159.30999755859375,159.14599609375,159.26800537109375
2026-08-25T02:00:00Z,159.26300048828125,159.3280029296875,159.24400329589844,159.2519989013672
2026-08-25T02:30:00Z,159.2519989013672,159.39700317382812,159.2449951171875,159.35499572753906
2026-08-25T03:00:00Z,159.35499572753906,159.38299560546875,159.32200622558594,159.36900329589844
2026-08-25T03:30:00Z,159.3730010986328,159.3939971923828,159.31399536132812,159.32400512695312
2026-08-25T04:00:00Z,159.32400512695312,159.3699951171875,159.31399536132812,159.33200073242188
2026-08-25T04:30:00Z,159.33200073242188,159.33900451660156,159.20700073242188,159.30099487304688
2026-08-25T05:00:00Z,159.302001953125,159.33900451660156,159.27499389648438,159.3209991455078
2026-08-25T05:30:00Z,159.31500244140625,159.3489990234375,159.30099487304688,159.33200073242188
2026-08-25T06:00:00Z,159.33099365234375,159.36599731445312,159.26800537109375,159.33399963378906
2026-08-25T06:30:00Z,159.3300018310547,159.41099548339844,159.29400634765625,159.4080047607422
2026-08-25T07:00:00Z,159.4029998779297,159.4250030517578,159.30999755859375,159.39599609375
2026-08-25T07:30:00Z,159.39599609375,159.45599365234375,159.39100646972656,159.43899536132812
2026-08-25T08:00:00Z,159.43800354003906,159.49099731445312,159.33799743652344,159.41299438476562
2026-08-25T08:30:00Z,159.41299438476562,159.43699645996094,159.32000732421875,159.33999633789062
2026-08-25T09:00:00Z,159.34100341796875,159.35899353027344,159.21800231933594,159.3090057373047
2026-08-25T09:30:00Z,159.3159942626953,159.34300231933594,159.23300170898438,159.281005859375
2026-08-25T10:00:00Z,159.2760009765625,159.3280029296875,159.23699951171875,159.3040008544922
2026-08-25T10:30:00Z,159.2989959716797,159.30299377441406,159.25,159.2790069580078
2026-08-25T11:00:00Z,159.28199768066406,159.33200073242188,159.2530059814453,159.3070068359375
2026-08-25T11:30:00Z,159.3070068359375,159.31100463867188,159.2270050048828,159.24400329589844
2026-08-25T12:00:00Z,159.24400329589844,159.2790069580078,159.18800354003906,159.24400329589844
2026-08-25T12:30:00Z,159.24899291992188,159.2949981689453,159.2259979248047,159.2899932861328
2026-08-25T13:00:00Z,159.29200744628906,159.30099487304688,159.10800170898438,159.1959991455078
2026-08-25T13:30:00Z,159.19700622558594,159.2740020751953,159.1580047607422,159.19700622558594
2026-08-25T14:00:00Z,159.21099853515625,159.28900146484375,159.19200134277344,159.25599670410156
2026-08-25T14:30:00Z,159.2550048828125,159.3260040283203,159.18299865722656,159.2530059814453
2026-08-25T15:00:00Z,159.2480010986328,159.2899932861328,159.22999572753906,159.28599548339844
2026-08-25T15:30:00Z,159.29100036621094,159.29200744628906,159.1750030517578,159.20799255371094
2026-08-25T16:00:00Z,159.20799255371094,159.2740020751953,159.197998046875,159.26199340820312
2026-08-25T16:30:00Z,159.2570037841797,159.29299926757812,159.24000549316406,159.2729949951172
2026-08-25T17:00:00Z,159.2689971923828,159.31399536132812,159.26699829101562,159.28900146484375
2026-08-25T17:30:00Z,159.28399658203125,159.29200744628906,159.20899963378906,159.21600341796875
2026-08-25T18:00:00Z,159.21499633789062,159.24099731445312,159.18600463867188,159.22999572753906
2026-08-25T18:30:00Z,159.2259979248047,159.2550048828125,159.21800231933594,159.21800231933594
2026-08-25T19:00:00Z,159.22300720214844,159.23699951171875,159.1490020751953,159.1999969482422
2026-08-25T19:30:00Z,159.1959991455078,159.218994140625,159.0749969482422,159.13499450683594
2026-08-25T20:00:00Z,159.13499450683594,159.19700622558594,159.11900329589844,159.17799377441406
2026-08-25T20:30:00Z,159.177001953125,159.23800659179688,159.13600158691406,159.16400146484375
2026-08-25T21:00:00Z,159.13499450683594,159.2209930419922,159.13299560546875,159.2010040283203
2026-08-25T21:30:00Z,159.1909942626953,159.21299743652344,159.16700744628906,159.19500732421875
2026-08-25T22:00:00Z,159.18699645996094,159.23599243164062,159.18099975585938,159.1999969482422
2026-08-25T22:30:00Z,159.20199584960938,159.21299743652344,159.19000244140625,159.1929931640625
2026-08-25T23:00:00Z,159.19200134277344,159.2480010986328,159.19200134277344,159.23899841308594
2026-08-25T23:30:00Z,159.24000549316406,159.26199340820312,159.20700073242188,159.20899963378906
2026-08-26T00:00:00Z,159.23699951171875,159.25900268554688,159.20700073242188,159.22799682617188
2026-08-26T00:30:00Z,159.218994140625,159.2270050048828,159.09800720214844,159.16400146484375
2026-08-26T01:00:00Z,159.1649932861328,159.18499755859375,159.1320037841797,159.15899658203125
2026-08-26T01:30:00Z,159.1580047607422,159.16600036621094,158.95799255371094,159.04400634765625
2026-08-26T02:00:00Z,159.04600524902344,159.05299377441406,158.875,158.96499633789062
2026-08-26T02:30:00Z,158.97000122070312,159.04600524902344,158.9600067138672,159.03199768066406
2026-08-26T03:00:00Z,159.03799438476562,159.03900146484375,158.947998046875,158.97999572753906
2026-08-26T03:30:00Z,158.97500610351562,158.98899841308594,158.89300537109375,158.95599365234375
2026-08-26T04:00:00Z,158.95199584960938,159.02699279785156,158.93600463867188,158.9929962158203
2026-08-26T04:30:00Z,158.9929962158203,159.04100036621094,158.95700073242188,159.02699279785156
2026-08-26T05:00:00Z,159.0330047607422,159.0500030517578,158.9929962158203,159.01300048828125
2026-08-26T05:30:00Z,159.01300048828125,159.0189971923828,158.95700073242188,159.00900268554688
2026-08-26T06:00:00Z,159.0070037841797,159.0919952392578,159.0,159.05099487304688
2026-08-26T06:30:00Z,159.0570068359375,159.1230010986328,159.04100036621094,159.05499267578125
2026-08-26T07:00:00Z,159.0500030517578,159.06199645996094,158.95799255371094,159.04299926757812
2026-08-26T07:30:00Z,159.03700256347656,159.04600524902344,158.97000122070312,159.00399780273438
2026-08-26T08:00:00Z,159.01199340820312,159.01499938964844,158.9250030517578,158.9499969482422
2026-08-26T08:30:00Z,158.9499969482422,159.0330047607422,158.947998046875,159.00599670410156
2026-08-26T09:00:00Z,159.00599670410156,159.0570068359375,158.96400451660156,159.0
2026-08-26T09:30:00Z,158.99899291992188,159.00599670410156,158.9510040283203,158.98199462890625
2026-08-26T10:00:00Z,158.98500061035156,159.04400634765625,158.97799682617188,159.0330047607422
2026-08-26T10:30:00Z,159.0279998779297,159.12100219726562,159.00999450683594,159.08900451660156
2026-08-26T11:00:00Z,159.08700561523438,159.16099548339844,159.0540008544922,159.13900756835938
2026-08-26T11:30:00Z,159.13900756835938,159.15699768066406,159.0780029296875,159.0780029296875
2026-08-26T12:00:00Z,159.0780029296875,159.08700561523438,158.9409942626953,158.95899963378906
2026-08-26T12:30:00Z,158.9409942626953,159.2550048828125,158.88800048828125,159.22999572753906
2026-08-26T13:00:00Z,159.22999572753906,159.32400512695312,159.2259979248047,159.2760009765625
2026-08-26T13:30:00Z,159.2760009765625,159.39500427246094,159.2570037841797,159.39500427246094
2026-08-26T14:00:00Z,159.38999938964844,159.44400024414062,159.35699462890625,159.4199981689453
2026-08-26T14:30:00Z,159.41299438476562,159.4429931640625,159.34100341796875,159.4029998779297
2026-08-26T15:00:00Z,159.4029998779297,159.41299438476562,159.3350067138672,159.36500549316406
2026-08-26T15:30:00Z,159.3699951171875,159.39300537109375,159.31300354003906,159.36500549316406
2026-08-26T16:00:00Z,159.36199951171875,159.3719940185547,159.29400634765625,159.34300231933594
2026-08-26T16:30:00Z,159.34500122070312,159.42799377441406,159.33799743652344,159.41700744628906
2026-08-26T17:00:00Z,159.41200256347656,159.427001953125,159.3679962158203,159.3769989013672
2026-08-26T17:30:00Z,159.37100219726562,159.41700744628906,159.3560028076172,159.38699340820312
2026-08-26T18:00:00Z,159.38800048828125,159.4040069580078,159.3679962158203,159.39599609375
2026-08-26T18:30:00Z,159.39500427246094,159.41700744628906,159.38099670410156,159.39599609375
2026-08-26T19:00:00Z,159.39599609375,159.41200256347656,159.35699462890625,159.37399291992188
2026-08-26T19:30:00Z,159.37399291992188,159.3820037841797,159.31900024414062,159.34500122070312
2026-08-26T20:00:00Z,159.34100341796875,159.36300659179688,159.31199645996094,159.31399536132812
2026-08-26T20:30:00Z,159.31500244140625,159.3249969482422,159.2779998779297,159.28599548339844
2026-08-26T21:00:00Z,159.2740020751953,159.2760009765625,159.2259979248047,159.25799560546875
2026-08-26T21:30:00Z,159.25399780273438,159.3179931640625,159.2310028076172,159.24400329589844
2026-08-26T22:00:00Z,159.26199340820312,159.33299255371094,159.24099731445312,159.26800537109375
2026-08-26T22:30:00Z,159.26100158691406,159.281005859375,159.23800659179688,159.26800537109375
2026-08-26T23:00:00Z,159.25799560546875,159.27000427246094,159.2030029296875,159.2519989013672
2026-08-26T23:30:00Z,159.24600219726562,159.2740020751953,159.2270050048828,159.2449951171875
2026-08-27T00:00:00Z,159.24899291992188,159.2550048828125,159.11500549316406,159.13800048828125
2026-08-27T00:30:00Z,159.14300537109375,159.19500732421875,159.10800170898438,159.17599487304688
2026-08-27T01:00:00Z,159.177001953125,159.20799255371094,159.14700317382812,159.16099548339844
2026-08-27T01:30:00Z,159.15499877929688,159.28199768066406,159.12600708007812,159.2530059814453
2026-08-27T02:00:00Z,159.24600219726562,159.37899780273438,159.24400329589844,159.375
2026-08-27T02:30:00Z,159.36700439453125,159.39999389648438,159.29400634765625,159.32699584960938
2026-08-27T03:00:00Z,159.33299255371094,159.35299682617188,159.30099487304688,159.34100341796875
2026-08-27T03:30:00Z,159.34100341796875,159.37399291992188,159.32899475097656,159.34300231933594
2026-08-27T04:00:00Z,159.3419952392578,159.3719940185547,159.3249969482422,159.36500549316406
2026-08-27T04:30:00Z,159.36300659179688,159.38400268554688,159.343994140625,159.36099243164062
2026-08-27T05:00:00Z,159.35499572753906,159.38600158691406,159.28799438476562,159.29299926757812
2026-08-27T05:30:00Z,159.29100036621094,159.38299560546875,159.2790069580078,159.36000061035156
2026-08-27T06:00:00Z,159.36000061035156,159.38999938964844,159.3300018310547,159.34300231933594
2026-08-27T06:30:00Z,159.34300231933594,159.3820037841797,159.3300018310547,159.3520050048828
2026-08-27T07:00:00Z,159.3520050048828,159.35899353027344,159.26800537109375,159.32400512695312
2026-08-27T07:30:00Z,159.32400512695312,159.3730010986328,159.3040008544922,159.3520050048828
2026-08-27T08:00:00Z,159.3520050048828,159.3679962158203,159.2830047607422,159.3260040283203
2026-08-27T08:30:00Z,159.3249969482422,159.3489990234375,159.27499389648438,159.3179931640625
2026-08-27T09:00:00Z,159.31900024414062,159.41299438476562,159.30499267578125,159.38999938964844
2026-08-27T09:30:00Z,159.39500427246094,159.49000549316406,159.38800048828125,159.47300720214844
2026-08-27T10:00:00Z,159.4709930419922,159.49000549316406,159.41299438476562,159.44500732421875
2026-08-27T10:30:00Z,159.44900512695312,159.5260009765625,159.44500732421875,159.4739990234375
2026-08-27T11:00:00Z,159.4709930419922,159.4980010986328,159.4459991455078,159.46299743652344
2026-08-27T11:30:00Z,159.46099853515625,159.51499938964844,159.41200256347656,159.4340057373047
2026-08-27T12:00:00Z,159.4340057373047,159.4429931640625,159.3419952392578,159.3990020751953
2026-08-27T12:30:00Z,159.39999389648438,159.44700622558594,159.36500549316406,159.4080047607422
2026-08-27T13:00:00Z,159.41000366210938,159.4669952392578,159.33999633789062,159.36199951171875
2026-08-27T13:30:00Z,159.36199951171875,159.42100524902344,159.3350067138672,159.36099243164062
2026-08-27T14:00:00Z,159.36300659179688,159.375,159.2899932861328,159.33799743652344
2026-08-27T14:30:00Z,159.33799743652344,159.3459930419922,159.27000427246094,159.3260040283203
2026-08-27T15:00:00Z,159.33099365234375,159.33099365234375,159.27000427246094,159.30599975585938
2026-08-27T15:30:00Z,159.30599975585938,159.31500244140625,159.23300170898438,159.26199340820312
2026-08-27T16:00:00Z,159.25799560546875,159.29299926757812,159.24000549316406,159.2550048828125
2026-08-27T16:30:00Z,159.25399780273438,159.30599975585938,159.24000549316406,159.28900146484375
2026-08-27T17:00:00Z,159.28900146484375,159.33099365234375,159.25999450683594,159.30999755859375
2026-08-27T17:30:00Z,159.30499267578125,159.4080047607422,159.30499267578125,159.40199279785156
2026-08-27T18:00:00Z,159.39999389648438,159.4600067138672,159.39599609375,159.4219970703125
2026-08-27T18:30:00Z,159.41799926757812,159.44000244140625,159.40499877929688,159.4290008544922
2026-08-27T19:00:00Z,159.42799377441406,159.447998046875,159.39500427246094,159.43499755859375
2026-08-27T19:30:00Z,159.42999267578125,159.4409942626953,159.39599609375,159.41600036621094
2026-08-27T20:00:00Z,159.41200256347656,159.4219970703125,159.38099670410156,159.39199829101562
2026-08-27T20:30:00Z,159.39100646972656,159.41400146484375,159.36199951171875,159.36700439453125
2026-08-27T21:00:00Z,159.37600708007812,159.41700744628906,159.3040008544922,159.36199951171875
2026-08-27T21:30:00Z,159.37100219726562,159.3990020751953,159.35400390625,159.36199951171875
2026-08-27T22:00:00Z,159.36199951171875,159.39500427246094,159.3470001220703,159.38699340820312
2026-08-27T22:30:00Z,159.3800048828125,159.39300537109375,159.3489990234375,159.3509979248047
2026-08-27T23:00:00Z,159.35000610351562,159.3719940185547,159.33900451660156,159.3520050048828
2026-08-27T23:30:00Z,159.3520050048828,159.37399291992188,159.3040008544922,159.30799865722656
2026-08-28T00:00:00Z,159.3070068359375,159.38999938964844,159.29200744628906,159.36199951171875
2026-08-28T00:30:00Z,159.36000061035156,159.3730010986328,159.30999755859375,159.36399841308594
2026-08-28T01:00:00Z,159.36399841308594,159.38400268554688,159.3249969482422,159.3719940185547
2026-08-28T01:30:00Z,159.36700439453125,159.44500732421875,159.3419952392578,159.42599487304688
2026-08-28T02:00:00Z,159.42599487304688,159.45700073242188,159.38600158691406,159.40899658203125
2026-08-28T02:30:00Z,159.40699768066406,159.4669952392578,159.406005859375,159.43299865722656
2026-08-28T03:00:00Z,159.43600463867188,159.46400451660156,159.42799377441406,159.42999267578125
2026-08-28T03:30:00Z,159.43600463867188,159.46099853515625,159.4290008544922,159.44400024414062
2026-08-28T04:00:00Z,159.44400024414062,159.49000549316406,159.44400024414062,159.47900390625
2026-08-28T04:30:00Z,159.47900390625,159.51499938964844,159.46600341796875,159.4929962158203
2026-08-28T05:00:00Z,159.4929962158203,159.55999755859375,159.49200439453125,159.53599548339844
2026-08-28T05:30:00Z,159.53599548339844,159.552001953125,159.4949951171875,159.51800537109375
2026-08-28T06:00:00Z,159.5229949951172,159.54200744628906,159.46600341796875,159.4739990234375
2026-08-28T06:30:00Z,159.4739990234375,159.5070037841797,159.4080047607422,159.41400146484375
2026-08-28T07:00:00Z,159.4149932861328,159.5050048828125,159.4040069580078,159.46299743652344
2026-08-28T07:30:00Z,159.46200561523438,159.5070037841797,159.43499755859375,159.50100708007812
2026-08-28T08:00:00Z,159.5019989013672,159.5760040283203,159.4949951171875,159.56900024414062
2026-08-28T08:30:00Z,159.56500244140625,159.58799743652344,159.52000427246094,159.5679931640625
2026-08-28T09:00:00Z,159.5679931640625,159.6510009765625,159.56399536132812,159.63099670410156
2026-08-28T09:30:00Z,159.6320037841797,159.69200134277344,159.6280059814453,159.68299865722656
2026-08-28T10:00:00Z,159.68299865722656,159.69400024414062,159.64999389648438,159.6719970703125
2026-08-28T10:30:00Z,159.66700744628906,159.68600463867188,159.63099670410156,159.63299560546875
2026-08-28T11:00:00Z,159.63299560546875,159.6750030517578,159.6269989013672,159.65899658203125
2026-08-28T11:30:00Z,159.65899658203125,159.68600463867188,159.6479949951172,159.6479949951172
2026-08-28T12:00:00Z,159.6479949951172,159.6790008544922,159.58799743652344,159.593994140625
2026-08-28T12:30:00Z,159.593994140625,159.64199829101562,159.55799865722656,159.5749969482422
2026-08-28T13:00:00Z,159.57000732421875,159.65699768066406,159.55999755859375,159.63600158691406
2026-08-28T13:30:00Z,159.6320037841797,159.6929931640625,159.531005859375,159.66200256347656
2026-08-28T14:00:00Z,159.63999938964844,159.94500732421875,159.38499450683594,159.88800048828125
2026-08-28T14:30:00Z,159.8820037841797,159.93699645996094,159.83700561523438,159.8679962158203
2026-08-28T15:00:00Z,159.8719940185547,159.98800659179688,159.8249969482422,159.97300720214844
2026-08-28T15:30:00Z,159.97799682617188,160.05999755859375,159.9510040283203,159.97500610351562
2026-08-28T16:00:00Z,159.97500610351562,160.1540069580078,159.95399475097656,160.13299560546875
2026-08-28T16:30:00Z,160.13600158691406,160.20199584960938,160.11000061035156,160.19500732421875
2026-08-28T17:00:00Z,160.18899536132812,160.2010040283203,160.1320037841797,160.15699768066406
2026-08-28T17:30:00Z,160.15699768066406,160.20199584960938,160.15199279785156,160.17799377441406
2026-08-28T18:00:00Z,160.17599487304688,160.1909942626953,160.12899780273438,160.14599609375
2026-08-28T18:30:00Z,160.1479949951172,160.17999267578125,160.12899780273438,160.13299560546875
2026-08-28T19:00:00Z,160.13699340820312,160.1479949951172,160.0590057373047,160.06300354003906
2026-08-28T19:30:00Z,160.06199645996094,160.1060028076172,160.04299926757812,160.0780029296875
2026-08-28T20:00:00Z,160.08099365234375,160.10000610351562,160.0590057373047,160.06399536132812
2026-08-28T20:30:00Z,160.05999755859375,160.13999938964844,160.00399780273438,160.03799438476562
2026-08-30T23:00:00Z,160.10400390625,160.2010040283203,160.1020050048828,160.16700744628906
2026-08-30T23:30:00Z,160.16000366210938,160.16799926757812,160.10800170898438,160.11099243164062
2026-08-31T00:00:00Z,160.11399841308594,160.11700439453125,159.9499969482422,160.0399932861328
2026-08-31T00:30:00Z,160.0399932861328,160.05299377441406,159.9510040283203,159.95899963378906
2026-08-31T01:00:00Z,159.9600067138672,159.9810028076172,159.80299377441406,159.822998046875
2026-08-31T01:30:00Z,159.8209991455078,159.86500549316406,159.7480010986328,159.8179931640625
2026-08-31T02:00:00Z,159.8179931640625,159.843994140625,159.7259979248047,159.75399780273438
2026-08-31T02:30:00Z,159.7530059814453,159.81500244140625,159.74400329589844,159.7689971923828
2026-08-31T03:00:00Z,159.76800537109375,159.7989959716797,159.7449951171875,159.79200744628906
2026-08-31T03:30:00Z,159.79200744628906,159.84300231933594,159.781005859375,159.79600524902344
2026-08-31T04:00:00Z,159.79600524902344,159.822998046875,159.74000549316406,159.8179931640625
2026-08-31T04:30:00Z,159.81500244140625,159.83099365234375,159.75,159.78700256347656
2026-08-31T05:00:00Z,159.78500366210938,159.83099365234375,159.76100158691406,159.76699829101562
2026-08-31T05:30:00Z,159.7740020751953,159.875,159.76699829101562,159.8280029296875
2026-08-31T06:00:00Z,159.822998046875,159.87399291992188,159.77999877929688,159.86399841308594
2026-08-31T06:30:00Z,159.8560028076172,159.9149932861328,159.79400634765625,159.8000030517578
2026-08-31T07:00:00Z,159.7949981689453,159.81900024414062,159.54600524902344,159.593994140625
2026-08-31T07:30:00Z,159.58799743652344,159.64300537109375,159.53900146484375,159.5760040283203
2026-08-31T08:00:00Z,159.5749969482422,159.62399291992188,159.47000122070312,159.61599731445312
2026-08-31T08:30:00Z,159.61500549316406,159.75,159.60699462890625,159.73500061035156
2026-08-31T09:00:00Z,159.73699951171875,159.75599670410156,159.6840057373047,159.6999969482422
2026-08-31T09:30:00Z,159.69400024414062,159.76699829101562,159.69400024414062,159.72799682617188
2026-08-31T10:00:00Z,159.73500061035156,159.77699279785156,159.697998046875,159.72999572753906
2026-08-31T10:30:00Z,159.72500610351562,159.7530059814453,159.6999969482422,159.7209930419922
2026-08-31T11:00:00Z,159.7209930419922,159.73300170898438,159.61599731445312,159.6199951171875
2026-08-31T11:30:00Z,159.6199951171875,159.7100067138672,159.60000610351562,159.70700073242188
2026-08-31T12:00:00Z,159.70199584960938,159.7760009765625,159.67300415039062,159.7760009765625
2026-08-31T12:30:00Z,159.77000427246094,159.88499450683594,159.76300048828125,159.875
2026-08-31T13:00:00Z,159.8780059814453,159.89599609375,159.75999450683594,159.78599548339844
2026-08-31T13:30:00Z,159.78399658203125,159.8719940185547,159.77499389648438,159.82400512695312
2026-08-31T14:00:00Z,159.8249969482422,159.8560028076172,159.7530059814453,159.7779998779297
2026-08-31T14:30:00Z,159.78399658203125,159.8070068359375,159.59300231933594,159.7030029296875
2026-08-31T15:00:00Z,159.70700073242188,159.8000030517578,159.67799377441406,159.74899291992188
2026-08-31T15:30:00Z,159.75100708007812,159.7729949951172,159.68800354003906,159.7429962158203
2026-08-31T16:00:00Z,159.73800659179688,159.74200439453125,159.66000366210938,159.68699645996094
2026-08-31T16:30:00Z,159.6929931640625,159.73199462890625,159.66299438476562,159.6790008544922
2026-08-31T17:00:00Z,159.67999267578125,159.70599365234375,159.66400146484375,159.69000244140625
2026-08-31T17:30:00Z,159.6909942626953,159.7209930419922,159.66200256347656,159.68699645996094
2026-08-31T18:00:00Z,159.68899536132812,159.72300720214844,159.67100524902344,159.70899963378906
2026-08-31T18:30:00Z,159.70899963378906,159.81500244140625,159.70799255371094,159.79299926757812
2026-08-31T19:00:00Z,159.7949981689453,159.81399536132812,159.71299743652344,159.7259979248047
2026-08-31T19:30:00Z,159.72999572753906,159.7989959716797,159.7030029296875,159.7449951171875
2026-08-31T20:00:00Z,159.7469940185547,159.75599670410156,159.71800231933594,159.74600219726562
2026-08-31T20:30:00Z,159.7469940185547,159.7740020751953,159.71600341796875,159.7259979248047
2026-08-31T21:00:00Z,159.72500610351562,159.76400756835938,159.69900512695312,159.74099731445312
2026-08-31T21:30:00Z,159.74099731445312,159.76499938964844,159.70199584960938,159.70700073242188
2026-08-31T22:00:00Z,159.70899963378906,159.78399658203125,159.69400024414062,159.74200439453125
2026-08-31T22:30:00Z,159.74899291992188,159.78199768066406,159.73800659179688,159.76800537109375
2026-08-31T23:00:00Z,159.76800537109375,159.8300018310547,159.76699829101562,159.79100036621094
2026-08-31T23:30:00Z,159.79400634765625,159.8090057373047,159.73399353027344,159.75
2026-09-01T00:00:00Z,159.74400329589844,159.83700561523438,159.6280059814453,159.65899658203125
2026-09-01T00:30:00Z,159.65899658203125,159.81300354003906,159.6510009765625,159.7969970703125
2026-09-01T01:00:00Z,159.79200744628906,159.85000610351562,159.7570037841797,159.80799865722656
2026-09-01T01:30:00Z,159.80799865722656,159.83700561523438,159.697998046875,159.75399780273438
2026-09-01T02:00:00Z,159.7449951171875,159.84500122070312,159.7449951171875,159.76100158691406
2026-09-01T02:30:00Z,159.76100158691406,159.81300354003906,159.76100158691406,159.77999877929688
2026-09-01T03:00:00Z,159.77999877929688,159.81300354003906,159.76300048828125,159.78700256347656
2026-09-01T03:30:00Z,159.78599548339844,159.81199645996094,159.7760009765625,159.7989959716797
2026-09-01T04:00:00Z,159.80599975585938,159.86199951171875,159.7949981689453,159.83900451660156
2026-09-01T04:30:00Z,159.83900451660156,159.8820037841797,159.82699584960938,159.86599731445312
2026-09-01T05:00:00Z,159.86599731445312,159.90499877929688,159.83700561523438,159.8719940185547
2026-09-01T05:30:00Z,159.86500549316406,159.89700317382812,159.82200622558594,159.87399291992188
2026-09-01T06:00:00Z,159.8800048828125,159.95599365234375,159.86000061035156,159.94200134277344
2026-09-01T06:30:00Z,159.94200134277344,159.98199462890625,159.92799377441406,159.9459991455078
2026-09-01T07:00:00Z,159.94000244140625,159.99099731445312,159.91400146484375,159.98399353027344
2026-09-01T07:30:00Z,159.97799682617188,160.0229949951172,159.9669952392578,159.97900390625
2026-09-01T08:00:00Z,159.97900390625,160.0240020751953,159.927001953125,159.98500061035156
2026-09-01T08:30:00Z,159.98300170898438,159.99099731445312,159.91799926757812,159.92100524902344
2026-09-01T09:00:00Z,159.9199981689453,159.9739990234375,159.88600158691406,159.96800231933594
2026-09-01T09:30:00Z,159.96800231933594,160.06100463867188,159.9499969482422,160.0489959716797
2026-09-01T10:00:00Z,160.0489959716797,160.06500244140625,159.97500610351562,160.00100708007812
2026-09-01T10:30:00Z,160.0070037841797,160.11300659179688,160.00100708007812,160.08299255371094
2026-09-01T11:00:00Z,160.08599853515625,160.1479949951172,159.98300170898438,160.06300354003906
2026-09-01T11:30:00Z,160.0590057373047,160.1269989013672,160.0330047607422,160.10800170898438
2026-09-01T12:00:00Z,160.10800170898438,160.17599487304688,160.1060028076172,160.16099548339844
2026-09-01T12:30:00Z,160.16099548339844,160.20899963378906,160.00999450683594,160.1009979248047
2026-09-01T13:00:00Z,160.1020050048828,160.16299438476562,160.07000732421875,160.08200073242188
2026-09-01T13:30:00Z,160.08700561523438,160.09500122070312,159.99200439453125,159.99200439453125
2026-09-01T14:00:00Z,160.00399780273438,160.0780029296875,159.88800048828125,159.94900512695312
2026-09-01T14:30:00Z,159.947998046875,160.08999633789062,159.89100646972656,160.0709991455078
2026-09-01T15:00:00Z,160.0659942626953,160.10800170898438,160.0330047607422,160.072998046875
2026-09-01T15:30:00Z,160.07699584960938,160.093994140625,160.01300048828125,160.0279998779297
2026-09-01T16:00:00Z,160.0260009765625,160.16299438476562,160.0,160.16299438476562
2026-09-01T16:30:00Z,160.16099548339844,160.177001953125,160.0970001220703,160.16099548339844
2026-09-01T17:00:00Z,160.16099548339844,160.20899963378906,160.14100646972656,160.16799926757812
2026-09-01T17:30:00Z,160.16700744628906,160.2480010986328,160.14199829101562,160.23800659179688
2026-09-01T18:00:00Z,160.24099731445312,160.2480010986328,160.1929931640625,160.23500061035156
2026-09-01T18:30:00Z,160.23399353027344,160.27200317382812,160.18600463867188,160.197998046875
2026-09-01T19:00:00Z,160.19900512695312,160.22999572753906,160.1719970703125,160.22500610351562
2026-09-01T19:30:00Z,160.22500610351562,160.24899291992188,160.1820068359375,160.22000122070312
2026-09-01T20:00:00Z,160.22000122070312,160.24400329589844,160.18899536132812,160.197998046875
2026-09-01T20:30:00Z,160.19000244140625,160.22300720214844,160.15199279785156,160.16299438476562
2026-09-01T21:00:00Z,160.14100646972656,160.18499755859375,160.1230010986328,160.13600158691406
2026-09-01T21:30:00Z,160.13600158691406,160.18800354003906,160.093994140625,160.13999938964844
2026-09-01T22:00:00Z,160.13600158691406,160.1820068359375,160.11399841308594,160.1719970703125
2026-09-01T22:30:00Z,160.16700744628906,160.20799255371094,160.1510009765625,160.1929931640625
2026-09-01T23:00:00Z,160.19400024414062,160.23399353027344,160.18800354003906,160.20399475097656
2026-09-01T23:30:00Z,160.19400024414062,160.21200561523438,160.14700317382812,160.1929931640625
2026-09-02T00:00:00Z,160.19400024414062,160.23300170898438,160.12899780273438,160.18699645996094
2026-09-02T00:30:00Z,160.18800354003906,160.29299926757812,160.16000366210938,160.28399658203125
2026-09-02T01:00:00Z,160.28399658203125,160.322998046875,160.26100158691406,160.2740020751953
2026-09-02T01:30:00Z,160.27699279785156,160.3939971923828,160.26800537109375,160.36500549316406
2026-09-02T02:00:00Z,160.36500549316406,160.3939971923828,160.3070068359375,160.31399536132812
2026-09-02T02:30:00Z,160.30799865722656,160.31700134277344,160.24000549316406,160.25799560546875
2026-09-02T03:00:00Z,160.25799560546875,160.2729949951172,160.22000122070312,160.25100708007812
2026-09-02T03:30:00Z,160.2519989013672,160.25799560546875,160.19400024414062,160.20599365234375
2026-09-02T04:00:00Z,160.20599365234375,160.2169952392578,160.1580047607422,160.1999969482422
2026-09-02T04:30:00Z,160.19500732421875,160.20899963378906,160.02999877929688,160.10400390625
2026-09-02T05:00:00Z,160.10299682617188,160.13299560546875,159.947998046875,159.97000122070312
2026-09-02T05:30:00Z,159.9759979248047,160.0030059814453,159.79299926757812,159.82400512695312
2026-09-02T06:00:00Z,159.81700134277344,159.81900024414062,159.427001953125,159.63400268554688
2026-09-02T06:30:00Z,159.63299560546875,159.66099548339844,159.45799255371094,159.59500122070312
2026-09-02T07:00:00Z,159.58999633789062,159.76800537109375,159.58999633789062,159.6580047607422
2026-09-02T07:30:00Z,159.65699768066406,159.7050018310547,159.54200744628906,159.68699645996094
2026-09-02T08:00:00Z,159.68699645996094,159.76400756835938,159.63800048828125,159.66299438476562
2026-09-02T08:30:00Z,159.66400146484375,159.85499572753906,159.64700317382812,159.8459930419922
2026-09-02T09:00:00Z,159.8459930419922,159.8820037841797,159.76699829101562,159.83799743652344
2026-09-02T09:30:00Z,159.83099365234375,159.86900329589844,159.7969970703125,159.85299682617188
2026-09-02T10:00:00Z,159.85400390625,159.89199829101562,159.8350067138672,159.88600158691406
2026-09-02T10:30:00Z,159.88600158691406,159.9219970703125,159.85000610351562,159.88800048828125
2026-09-02T11:00:00Z,159.88800048828125,159.90499877929688,159.74099731445312,159.76400756835938
2026-09-02T11:30:00Z,159.76400756835938,159.77099609375,159.61399841308594,159.6300048828125
2026-09-02T12:00:00Z,159.6300048828125,159.65499877929688,159.4929962158203,159.62399291992188
2026-09-02T12:30:00Z,159.6219940185547,159.71099853515625,159.58200073242188,159.58700561523438
2026-09-02T13:00:00Z,159.58599853515625,159.61599731445312,158.19400024414062,158.8509979248047
2026-09-02T13:30:00Z,158.8459930419922,159.04800415039062,158.48399353027344,158.5659942626953
2026-09-02T14:00:00Z,158.56100463867188,158.8209991455078,158.5469970703125,158.71400451660156
2026-09-02T14:30:00Z,158.71800231933594,158.85699462890625,158.4969940185547,158.7429962158203
2026-09-02T15:00:00Z,158.73800659179688,158.80999755859375,158.61599731445312,158.6529998779297
2026-09-02T15:30:00Z,158.65699768066406,158.8249969482422,158.6009979248047,158.79200744628906
2026-09-02T16:00:00Z,158.79299926757812,158.875,158.7779998779297,158.8679962158203
2026-09-02T16:30:00Z,158.87100219726562,158.88299560546875,158.7899932861328,158.8419952392578
2026-09-02T17:00:00Z,158.84300231933594,158.96400451660156,158.81300354003906,158.93099975585938
2026-09-02T17:30:00Z,158.93699645996094,158.95599365234375,158.76499938964844,158.8730010986328
2026-09-02T18:00:00Z,158.87399291992188,158.97500610351562,158.82000732421875,158.93800354003906
2026-09-02T18:30:00Z,158.93099975585938,158.9720001220703,158.89100646972656,158.93099975585938
2026-09-02T19:00:00Z,158.93699645996094,159.01300048828125,158.90899658203125,158.92100524902344
2026-09-02T19:30:00Z,158.91600036621094,158.94500732421875,158.75100708007812,158.76199340820312
2026-09-02T20:00:00Z,158.76199340820312,158.78399658203125,158.60499572753906,158.68600463867188
2026-09-02T20:30:00Z,158.6929931640625,158.72900390625,158.6739959716797,158.69500732421875
2026-09-02T21:00:00Z,158.6739959716797,158.6999969482422,158.6269989013672,158.65499877929688
2026-09-02T21:30:00Z,158.65499877929688,158.7220001220703,158.64700317382812,158.66299438476562
2026-09-02T22:00:00Z,158.6739959716797,158.79600524902344,158.656005859375,158.7570037841797
2026-09-02T22:30:00Z,158.75599670410156,158.83999633789062,158.74099731445312,158.78900146484375
2026-09-02T23:00:00Z,158.76800537109375,158.86700439453125,158.75100708007812,158.8260040283203
2026-09-02T23:30:00Z,158.82000732421875,158.93499755859375,158.81700134277344,158.90199279785156
2026-09-03T00:00:00Z,158.89300537109375,158.96800231933594,158.80299377441406,158.81500244140625
2026-09-03T00:30:00Z,158.822998046875,158.82699584960938,158.54200744628906,158.70799255371094
2026-09-03T01:00:00Z,158.70599365234375,158.7259979248047,158.4080047607422,158.4080047607422
2026-09-03T01:30:00Z,158.4080047607422,158.5290069580078,158.21800231933594,158.50799560546875
2026-09-03T02:00:00Z,158.5,158.5290069580078,158.06700134277344,158.08999633789062
2026-09-03T02:30:00Z,158.08200073242188,158.15699768066406,157.91000366210938,158.02200317382812
2026-09-03T03:00:00Z,158.0330047607422,158.0330047607422,157.61599731445312,157.79400634765625
2026-09-03T03:30:00Z,157.78599548339844,157.91700744628906,157.7239990234375,157.76800537109375
2026-09-03T04:00:00Z,157.76499938964844,157.8719940185547,157.69700622558594,157.6999969482422
2026-09-03T04:30:00Z,157.6999969482422,157.75900268554688,157.53599548339844,157.6790008544922
2026-09-03T05:00:00Z,157.6790008544922,157.78599548339844,157.5469970703125,157.60499572753906
2026-09-03T05:30:00Z,157.60499572753906,157.6820068359375,157.36099243164062,157.36900329589844
2026-09-03T06:00:00Z,157.36500549316406,157.43600463867188,157.21800231933594,157.23399353027344
2026-09-03T06:30:00Z,157.24099731445312,157.33299255371094,156.99400329589844,157.125
2026-09-03T07:00:00Z,157.1230010986328,157.1300048828125,156.34300231933594,156.7779998779297
2026-09-03T07:30:00Z,156.77999877929688,157.36099243164062,156.552001953125,157.0500030517578
2026-09-03T08:00:00Z,157.0399932861328,157.14500427246094,156.802001953125,156.87899780273438
2026-09-03T08:30:00Z,156.8820037841797,156.98899841308594,156.5240020751953,156.697998046875
2026-09-03T09:00:00Z,156.69400024414062,156.85499572753906,156.4029998779297,156.49099731445312
2026-09-03T09:30:00Z,156.4949951171875,156.58299255371094,156.18800354003906,156.40899658203125
2026-09-03T10:00:00Z,156.4010009765625,156.47300720214844,156.16799926757812,156.26199340820312
2026-09-03T10:30:00Z,156.25799560546875,156.4770050048828,156.25,156.31700134277344
2026-09-03T11:00:00Z,156.3179931640625,156.36500549316406,155.8300018310547,156.08900451660156
2026-09-03T11:30:00Z,156.0989990234375,156.24600219726562,156.04600524902344,156.08799743652344
2026-09-03T12:00:00Z,156.08399963378906,156.16000366210938,155.697998046875,155.73800659179688
2026-09-03T12:30:00Z,155.781005859375,155.8280029296875,155.38600158691406,155.5590057373047
2026-09-03T13:00:00Z,155.56300354003906,155.74200439453125,155.50100708007812,155.60000610351562
2026-09-03T13:30:00Z,155.60499572753906,155.72900390625,155.3679962158203,155.3769989013672
2026-09-03T14:00:00Z,155.37899780273438,155.57400512695312,155.33599853515625,155.52999877929688
2026-09-03T14:30:00Z,155.52999877929688,155.7830047607422,155.38600158691406,155.41600036621094
2026-09-03T15:00:00Z,155.4199981689453,155.75100708007812,155.343994140625,155.57899475097656
2026-09-03T15:30:00Z,155.57899475097656,155.58900451660156,155.36500549316406,155.38800048828125
2026-09-03T16:00:00Z,155.38400268554688,155.4409942626953,155.32400512695312,155.39999389648438
2026-09-03T16:30:00Z,155.3990020751953,155.3990020751953,155.29400634765625,155.3509979248047
2026-09-03T17:00:00Z,155.3509979248047,155.49099731445312,155.3459930419922,155.39999389648438
2026-09-03T17:30:00Z,155.39999389648438,155.47000122070312,155.3780059814453,155.46299743652344
2026-09-03T18:00:00Z,155.46499633789062,155.48699951171875,155.38400268554688,155.43899536132812
2026-09-03T18:30:00Z,155.43600463867188,155.58099365234375,155.43099975585938,155.4949951171875
2026-09-03T19:00:00Z,155.48899841308594,155.7830047607422,155.4759979248047,155.76300048828125
2026-09-03T19:30:00Z,155.76400756835938,155.8509979248047,155.68899536132812,155.74899291992188
2026-09-03T20:00:00Z,155.74899291992188,155.79600524902344,155.7220001220703,155.7550048828125
2026-09-03T20:30:00Z,155.75999450683594,155.81500244140625,155.75,155.80499267578125
2026-09-03T21:00:00Z,155.7790069580078,155.88999938964844,155.7689971923828,155.88400268554688
2026-09-03T21:30:00Z,155.88099670410156,155.88800048828125,155.79400634765625,155.84800720214844
2026-09-03T22:00:00Z,155.84800720214844,155.88099670410156,155.7740020751953,155.85699462890625
2026-09-03T22:30:00Z,155.8560028076172,156.1230010986328,155.85400390625,156.12100219726562
2026-09-03T23:00:00Z,156.10800170898438,156.16700744628906,155.96099853515625,155.96400451660156
2026-09-03T23:30:00Z,155.96200561523438,155.97500610351562,155.6199951171875,155.63400268554688
2026-09-04T00:00:00Z,155.63400268554688,155.85299682617188,155.28199768066406,155.85299682617188
2026-09-04T00:30:00Z,155.84300231933594,155.95599365234375,155.52999877929688,155.76300048828125
2026-09-04T01:00:00Z,155.76100158691406,156.0399932861328,155.66799926757812,155.9040069580078
2026-09-04T01:30:00Z,155.9040069580078,156.07699584960938,155.8470001220703,155.84800720214844
2026-09-04T02:00:00Z,155.84800720214844,156.05099487304688,155.7689971923828,155.98699951171875
2026-09-04T02:30:00Z,155.99000549316406,156.09500122070312,155.91700744628906,156.06100463867188
2026-09-04T03:00:00Z,156.06500244140625,156.11599731445312,156.0279998779297,156.0919952392578
2026-09-04T03:30:00Z,156.0919952392578,156.4409942626953,156.09100341796875,156.36500549316406
2026-09-04T04:00:00Z,156.35800170898438,156.447998046875,156.26800537109375,156.36300659179688
2026-09-04T04:30:00Z,156.36199951171875,156.38699340820312,156.2480010986328,156.32000732421875
2026-09-04T05:00:00Z,156.31700134277344,156.41799926757812,156.22999572753906,156.29800415039062
2026-09-04T05:30:00Z,156.2949981689453,156.41700744628906,156.27200317382812,156.3280029296875
2026-09-04T06:00:00Z,156.3280029296875,156.44700622558594,156.16700744628906,156.1750030517578
2026-09-04T06:30:00Z,156.1820068359375,156.28700256347656,156.0749969482422,156.2760009765625
2026-09-04T07:00:00Z,156.27000427246094,156.41200256347656,156.2449951171875,156.2729949951172
2026-09-04T07:30:00Z,156.2729949951172,156.3459930419922,156.20799255371094,156.2969970703125
2026-09-04T08:00:00Z,156.30299377441406,156.4029998779297,156.29200744628906,156.31500244140625
2026-09-04T08:30:00Z,156.32000732421875,156.43699645996094,156.28399658203125,156.41000366210938
2026-09-04T09:00:00Z,156.4080047607422,156.44000244140625,156.3000030517578,156.3719940185547
2026-09-04T09:30:00Z,156.3679962158203,156.58099365234375,156.3679962158203,156.47900390625
2026-09-04T10:00:00Z,156.4720001220703,156.48300170898438,156.2949981689453,156.33200073242188
2026-09-04T10:30:00Z,156.33099365234375,156.39500427246094,156.27499389648438,156.322998046875
2026-09-04T11:00:00Z,156.32000732421875,156.36700439453125,156.25399780273438,156.28700256347656
2026-09-04T11:30:00Z,156.28700256347656,156.31300354003906,156.1699981689453,156.25900268554688
2026-09-04T12:00:00Z,156.26199340820312,156.2740020751953,155.9600067138672,156.00799560546875
2026-09-04T12:30:00Z,156.01100158691406,156.7519989013672,155.3419952392578,155.68499755859375
2026-09-04T13:00:00Z,155.6840057373047,156.14500427246094,155.593994140625,155.6060028076172
2026-09-04T13:30:00Z,155.61199951171875,155.90199279785156,155.47799682617188,155.84100341796875
2026-09-04T14:00:00Z,155.83900451660156,156.14999389648438,155.8280029296875,156.03700256347656
2026-09-04T14:30:00Z,156.03700256347656,156.1959991455078,155.85400390625,156.11900329589844
2026-09-04T15:00:00Z,156.1179962158203,156.17100524902344,155.92599487304688,156.0489959716797
2026-09-04T15:30:00Z,156.05499267578125,156.12399291992188,155.9770050048828,156.10699462890625
2026-09-04T16:00:00Z,156.10899353027344,156.13600158691406,155.99200439453125,156.0780029296875
2026-09-04T16:30:00Z,156.08399963378906,156.10299682617188,155.96400451660156,155.99099731445312
2026-09-04T17:00:00Z,156.0240020751953,156.1929931640625,155.98599243164062,156.11599731445312
2026-09-04T17:30:00Z,156.11599731445312,156.1529998779297,156.04800415039062,156.13999938964844
2026-09-04T18:00:00Z,156.13800048828125,156.18600463867188,156.11399841308594,156.18299865722656
2026-09-04T18:30:00Z,156.17599487304688,156.2830047607422,156.156005859375,156.2169952392578
2026-09-04T19:00:00Z,156.218994140625,156.2449951171875,156.19200134277344,156.21600341796875
2026-09-04T19:30:00Z,156.21600341796875,156.25799560546875,156.2050018310547,156.2310028076172
2026-09-04T20:00:00Z,156.2310028076172,156.2740020751953,156.16900634765625,156.2270050048828
2026-09-04T20:30:00Z,156.23199462890625,156.2760009765625,156.197998046875,156.2209930419922
2026-09-06T23:00:00Z,156.20799255371094,156.2239990234375,156.09800720214844,156.125
2026-09-06T23:30:00Z,156.1230010986328,156.24400329589844,156.08299255371094,156.197998046875
2026-09-07T00:00:00Z,156.197998046875,156.25900268554688,155.88400268554688,155.89199829101562
2026-09-07T00:30:00Z,155.9010009765625,155.9669952392578,155.7949981689453,155.88900756835938
2026-09-07T01:00:00Z,155.8820037841797,156.0749969482422,155.843994140625,156.0279998779297
2026-09-07T01:30:00Z,156.0290069580078,156.125,155.9810028076172,156.02699279785156
2026-09-07T02:00:00Z,156.0330047607422,156.2050018310547,156.01400756835938,156.1219940185547
2026-09-07T02:30:00Z,156.125,156.2449951171875,156.09800720214844,156.18499755859375
2026-09-07T03:00:00Z,156.18499755859375,156.21499633789062,156.04299926757812,156.0590057373047
2026-09-07T03:30:00Z,156.052001953125,156.1439971923828,156.03500366210938,156.0449981689453
2026-09-07T04:00:00Z,156.04800415039062,156.17300415039062,156.03900146484375,156.16000366210938
2026-09-07T04:30:00Z,156.16799926757812,156.1739959716797,156.0240020751953,156.03900146484375
2026-09-07T05:00:00Z,156.05099487304688,156.10000610351562,156.00999450683594,156.03199768066406
2026-09-07T05:30:00Z,156.03199768066406,156.05099487304688,155.7779998779297,155.7969970703125
2026-09-07T06:00:00Z,155.8000030517578,155.9080047607422,155.5330047607422,155.68699645996094
2026-09-07T06:30:00Z,155.69200134277344,155.8730010986328,155.61700439453125,155.86199951171875
2026-09-07T07:00:00Z,155.8699951171875,155.90499877929688,155.65699768066406,155.66000366210938
2026-09-07T07:30:00Z,155.656005859375,155.8179931640625,155.51499938964844,155.54400634765625
2026-09-07T08:00:00Z,155.5469970703125,155.572998046875,154.12100219726562,154.156005859375
2026-09-07T08:30:00Z,154.13400268554688,154.57000732421875,154.04800415039062,154.4550018310547
2026-09-07T09:00:00Z,154.4600067138672,154.51800537109375,154.21099853515625,154.23699951171875
2026-09-07T09:30:00Z,154.24400329589844,154.56900024414062,154.23399353027344,154.49600219726562
2026-09-07T10:00:00Z,154.49899291992188,154.70399475097656,154.4550018310547,154.66900634765625
2026-09-07T10:30:00Z,154.66900634765625,154.75100708007812,154.5749969482422,154.64599609375
2026-09-07T11:00:00Z,154.64199829101562,154.77200317382812,154.63800048828125,154.65699768066406
2026-09-07T11:30:00Z,154.65199279785156,154.73300170898438,154.60299682617188,154.7270050048828
2026-09-07T12:00:00Z,154.72300720214844,154.8070068359375,154.46600341796875,154.4770050048828
2026-09-07T12:30:00Z,154.4739990234375,154.50799560546875,154.24200439453125,154.47999572753906
2026-09-07T13:00:00Z,154.48199462890625,154.54299926757812,154.3520050048828,154.46600341796875
2026-09-07T13:30:00Z,154.46099853515625,154.58299255371094,154.3780059814453,154.50799560546875
2026-09-07T14:00:00Z,154.50799560546875,154.63600158691406,154.34300231933594,154.36099243164062
2026-09-07T14:30:00Z,154.36000061035156,154.4669952392578,154.26400756835938,154.28399658203125
2026-09-07T15:00:00Z,154.2830047607422,154.4149932861328,154.24899291992188,154.26300048828125
2026-09-07T15:30:00Z,154.26699829101562,154.44000244140625,154.22300720214844,154.38900756835938
2026-09-07T16:00:00Z,154.38499450683594,154.42999267578125,154.35499572753906,154.36700439453125
2026-09-07T16:30:00Z,154.36700439453125,154.37399291992188,154.27000427246094,154.28599548339844
2026-09-07T17:00:00Z,154.28799438476562,154.33700561523438,154.2830047607422,154.3179931640625
2026-09-07T17:30:00Z,154.3179931640625,154.38800048828125,154.3179931640625,154.3459930419922
2026-09-07T18:00:00Z,154.3459930419922,154.36300659179688,154.33799743652344,154.35299682617188
2026-09-07T18:30:00Z,154.34800720214844,154.36000061035156,154.33099365234375,154.33399963378906
2026-09-07T19:00:00Z,154.33200073242188,154.3780059814453,154.3280029296875,154.33599853515625
2026-09-07T19:30:00Z,154.33299255371094,154.37600708007812,154.33099365234375,154.3509979248047
2026-09-07T20:00:00Z,154.35000610351562,154.38600158691406,154.33799743652344,154.3520050048828
2026-09-07T20:30:00Z,154.3560028076172,154.3769989013672,154.302001953125,154.343994140625
2026-09-07T21:00:00Z,154.3470001220703,154.3470001220703,154.27699279785156,154.31100463867188
2026-09-07T21:30:00Z,154.30099487304688,154.37899780273438,154.30099487304688,154.32899475097656
2026-09-07T22:00:00Z,154.3280029296875,154.37399291992188,154.1479949951172,154.1580047607422
2026-09-07T22:30:00Z,154.1580047607422,154.26300048828125,154.14500427246094,154.1649932861328
2026-09-07T23:00:00Z,154.14999389648438,154.16700744628906,153.79100036621094,153.93800354003906
2026-09-07T23:30:00Z,153.94500732421875,154.0399932861328,153.7949981689453,153.8179931640625
2026-09-08T00:00:00Z,153.82699584960938,153.89300537109375,153.53199768066406,153.54200744628906
2026-09-08T00:30:00Z,153.5500030517578,153.8280029296875,153.52099609375,153.78900146484375
2026-09-08T01:00:00Z,153.78399658203125,153.80999755859375,153.41400146484375,153.43699645996094
2026-09-08T01:30:00Z,153.42999267578125,153.61900329589844,153.3489990234375,153.3489990234375
2026-09-08T02:00:00Z,153.36399841308594,153.36500549316406,152.88099670410156,153.0229949951172
2026-09-08T02:30:00Z,153.0229949951172,153.36900329589844,153.02099609375,153.34100341796875
2026-09-08T03:00:00Z,153.3520050048828,153.36199951171875,153.1739959716797,153.28599548339844
2026-09-08T03:30:00Z,153.2790069580078,153.3560028076172,153.11399841308594,153.32200622558594
2026-09-08T04:00:00Z,153.32899475097656,153.51600646972656,153.22799682617188,153.48199462890625
2026-09-08T04:30:00Z,153.48300170898438,153.58399963378906,153.42799377441406,153.46099853515625
2026-09-08T05:00:00Z,153.46099853515625,153.53500366210938,153.2729949951172,153.53500366210938
2026-09-08T05:30:00Z,153.53900146484375,153.5919952392578,153.31399536132812,153.3159942626953
2026-09-08T06:00:00Z,153.3209991455078,153.79200744628906,153.2530059814453,153.72799682617188
2026-09-08T06:30:00Z,153.72999572753906,153.92100524902344,153.66900634765625,153.77699279785156
2026-09-08T07:00:00Z,153.7740020751953,153.96099853515625,153.71600341796875,153.82400512695312
2026-09-08T07:30:00Z,153.82000732421875,153.97000122070312,153.7530059814453,153.8000030517578
2026-09-08T08:00:00Z,153.7949981689453,154.0749969482422,153.72799682617188,153.88400268554688
2026-09-08T08:30:00Z,153.88800048828125,154.28799438476562,153.87600708007812,154.1649932861328
2026-09-08T09:00:00Z,154.1719970703125,154.18800354003906,153.97500610351562,154.0019989013672
2026-09-08T09:30:00Z,154.0030059814453,154.11500549316406,153.8090057373047,153.91299438476562
2026-09-08T10:00:00Z,153.9029998779297,154.11199951171875,153.90199279785156,154.10000610351562
2026-09-08T10:30:00Z,154.1060028076172,154.25900268554688,154.10000610351562,154.24099731445312
2026-09-08T11:00:00Z,154.23300170898438,154.42300415039062,154.21499633789062,154.2239990234375
2026-09-08T11:30:00Z,154.21499633789062,154.38699340820312,154.13600158691406,154.25599670410156
2026-09-08T12:00:00Z,154.2570037841797,154.3159942626953,153.927001953125,153.96200561523438
2026-09-08T12:30:00Z,153.9709930419922,154.0780029296875,153.78700256347656,153.80499267578125
2026-09-08T13:00:00Z,153.79299926757812,153.9290008544922,153.70899963378906,153.77999877929688
2026-09-08T13:30:00Z,153.77200317382812,153.92300415039062,153.69500732421875,153.80499267578125
2026-09-08T14:00:00Z,153.80499267578125,154.12899780273438,153.78199768066406,154.0500030517578
2026-09-08T14:30:00Z,154.04299926757812,154.05499267578125,153.89999389648438,154.0019989013672
2026-09-08T15:00:00Z,153.9980010986328,154.26400756835938,153.99600219726562,154.20599365234375
2026-09-08T15:30:00Z,154.1999969482422,154.2469940185547,154.10699462890625,154.24400329589844
2026-09-08T16:00:00Z,154.23599243164062,154.38299560546875,154.21200561523438,154.28900146484375
2026-09-08T16:30:00Z,154.2899932861328,154.3470001220703,154.23899841308594,154.27499389648438
2026-09-08T17:00:00Z,154.26400756835938,154.28599548339844,154.2100067138672,154.24099731445312
2026-09-08T17:30:00Z,154.24400329589844,154.3249969482422,154.2169952392578,154.21800231933594
2026-09-08T18:00:00Z,154.2169952392578,154.39300537109375,154.20700073242188,154.23699951171875
2026-09-08T18:30:00Z,154.24200439453125,154.31900024414062,153.43899536132812,153.58200073242188
2026-09-08T19:00:00Z,153.59100341796875,153.9510040283203,153.59100341796875,153.947998046875
2026-09-08T19:30:00Z,153.94200134277344,154.0070037841797,153.80999755859375,153.9810028076172
2026-09-08T20:00:00Z,153.98599243164062,154.01300048828125,153.91700744628906,153.99400329589844
2026-09-08T20:30:00Z,153.98699951171875,154.0189971923828,153.9499969482422,153.95700073242188
2026-09-08T21:00:00Z,153.93899536132812,153.97999572753906,153.8699951171875,153.9080047607422
2026-09-08T21:30:00Z,153.90499877929688,153.9409942626953,153.8159942626953,153.8509979248047
2026-09-08T22:00:00Z,153.83099365234375,153.9739990234375,153.6510009765625,153.6510009765625
2026-09-08T22:30:00Z,153.65699768066406,153.7729949951172,153.61300659179688,153.7480010986328
2026-09-08T23:00:00Z,153.7220001220703,153.73699951171875,153.50399780273438,153.5489959716797
2026-09-08T23:30:00Z,153.5489959716797,153.64199829101562,153.41700744628906,153.44400024414062
2026-09-09T00:00:00Z,153.44400024414062,153.46200561523438,153.24600219726562,153.35400390625
2026-09-09T00:30:00Z,153.36099243164062,153.74000549316406,153.3520050048828,153.5659942626953
2026-09-09T01:00:00Z,153.5679931640625,153.83099365234375,153.56500244140625,153.79200744628906
2026-09-09T01:30:00Z,153.79200744628906,153.80999755859375,153.53399658203125,153.552001953125
2026-09-09T02:00:00Z,153.5469970703125,153.7050018310547,153.53399658203125,153.66400146484375
2026-09-09T02:30:00Z,153.66400146484375,153.68099975585938,153.45199584960938,153.50999450683594
2026-09-09T03:00:00Z,153.5050048828125,153.59800720214844,153.4739990234375,153.53700256347656
2026-09-09T03:30:00Z,153.53700256347656,153.55999755859375,153.3300018310547,153.44700622558594
2026-09-09T04:00:00Z,153.44000244140625,153.468994140625,153.2969970703125,153.32000732421875
2026-09-09T04:30:00Z,153.322998046875,153.48699951171875,153.2969970703125,153.46499633789062
2026-09-09T05:00:00Z,153.45899963378906,153.48399353027344,153.2899932861328,153.3040008544922
2026-09-09T05:30:00Z,153.30099487304688,153.41099548339844,153.22799682617188,153.3000030517578
2026-09-09T06:00:00Z,153.29400634765625,153.3249969482422,152.92999267578125,153.13800048828125
2026-09-09T06:30:00Z,153.14599609375,153.39300537109375,153.13800048828125,153.33799743652344
2026-09-09T07:00:00Z,153.33900451660156,153.36099243164062,153.08700561523438,153.29299926757812
2026-09-09T07:30:00Z,153.29299926757812,153.3719940185547,153.08599853515625,153.10299682617188
2026-09-09T08:00:00Z,153.10899353027344,153.55999755859375,153.0970001220703,153.54200744628906
2026-09-09T08:30:00Z,153.5399932861328,153.6820068359375,153.53199768066406,153.65499877929688
2026-09-09T09:00:00Z,153.64199829101562,153.66099548339844,153.4669952392578,153.4709930419922
2026-09-09T09:30:00Z,153.4770050048828,153.66400146484375,153.40699768066406,153.6479949951172
2026-09-09T10:00:00Z,153.63999938964844,153.72799682617188,153.5240020751953,153.56199645996094
2026-09-09T10:30:00Z,153.56199645996094,153.6280059814453,153.4810028076172,153.5489959716797
2026-09-09T11:00:00Z,153.55299377441406,153.58299255371094,153.3159942626953,153.322998046875
2026-09-09T11:30:00Z,153.32899475097656,153.39199829101562,153.18800354003906,153.22500610351562
2026-09-09T12:00:00Z,153.22799682617188,153.4510040283203,153.19000244140625,153.42799377441406
2026-09-09T12:30:00Z,153.4320068359375,153.48599243164062,153.30099487304688,153.33399963378906
2026-09-09T13:00:00Z,153.32400512695312,153.36000061035156,153.24099731445312,153.33200073242188
2026-09-09T13:30:00Z,153.32400512695312,153.44700622558594,153.22999572753906,153.2790069580078
2026-09-09T14:00:00Z,153.2790069580078,153.32699584960938,153.0959930419922,153.22799682617188
2026-09-09T14:30:00Z,153.22900390625,153.3470001220703,153.16099548339844,153.19700622558594
2026-09-09T15:00:00Z,153.19700622558594,153.80099487304688,153.1439971923828,153.57000732421875
2026-09-09T15:30:00Z,153.57000732421875,153.5959930419922,153.2969970703125,153.53399658203125
2026-09-09T16:00:00Z,153.53399658203125,153.68499755859375,153.41900634765625,153.61000061035156
2026-09-09T16:30:00Z,153.61000061035156,153.63299560546875,153.4709930419922,153.5709991455078
2026-09-09T17:00:00Z,153.5709991455078,153.59100341796875,153.45899963378906,153.51100158691406
2026-09-09T17:30:00Z,153.51199340820312,153.5970001220703,153.45799255371094,153.4669952392578
2026-09-09T18:00:00Z,153.46499633789062,153.51199340820312,153.43299865722656,153.4810028076172
2026-09-09T18:30:00Z,153.4810028076172,153.67100524902344,153.4709930419922,153.59300231933594
2026-09-09T19:00:00Z,153.59300231933594,153.7270050048828,153.58999633789062,153.64999389648438
2026-09-09T19:30:00Z,153.64700317382812,153.656005859375,153.57699584960938,153.6320037841797
2026-09-09T20:00:00Z,153.63299560546875,153.68899536132812,153.59800720214844,153.60899353027344
2026-09-09T20:30:00Z,153.60899353027344,153.61399841308594,153.5019989013672,153.54600524902344
2026-09-09T21:00:00Z,153.50100708007812,153.593994140625,153.47999572753906,153.55999755859375
2026-09-09T21:30:00Z,153.5659942626953,153.5659942626953,153.49400329589844,153.53500366210938
2026-09-09T22:00:00Z,153.53700256347656,153.59500122070312,153.3679962158203,153.38299560546875
2026-09-09T22:30:00Z,153.38299560546875,153.39500427246094,153.31900024414062,153.33299255371094
2026-09-09T23:00:00Z,153.3419952392578,153.3979949951172,153.2969970703125,153.3719940185547
2026-09-09T23:30:00Z,153.3719940185547,153.6199951171875,153.3350067138672,153.5290069580078
2026-09-10T00:00:00Z,153.53399658203125,153.64700317382812,153.4720001220703,153.63499450683594
2026-09-10T00:30:00Z,153.63699340820312,153.71499633789062,153.58599853515625,153.697998046875
2026-09-10T01:00:00Z,153.70199584960938,153.7239990234375,153.5399932861328,153.68800354003906
2026-09-10T01:30:00Z,153.68800354003906,153.74400329589844,153.41900634765625,153.43299865722656
2026-09-10T02:00:00Z,153.4320068359375,153.5590057373047,153.27499389648438,153.53599548339844
2026-09-10T02:30:00Z,153.52999877929688,153.5970001220703,153.40199279785156,153.40699768066406
2026-09-10T03:00:00Z,153.40899658203125,153.48800659179688,153.3730010986328,153.43099975585938
2026-09-10T03:30:00Z,153.4320068359375,153.45799255371094,153.36199951171875,153.38299560546875
2026-09-10T04:00:00Z,153.3800048828125,153.43600463867188,153.29100036621094,153.427001953125
2026-09-10T04:30:00Z,153.427001953125,153.47500610351562,153.38499450683594,153.46499633789062
2026-09-10T05:00:00Z,153.46499633789062,153.49899291992188,153.43099975585938,153.4429931640625
2026-09-10T05:30:00Z,153.44700622558594,153.6790008544922,153.39100646972656,153.60400390625
2026-09-10T06:00:00Z,153.5919952392578,153.6179962158203,153.46099853515625,153.531005859375
2026-09-10T06:30:00Z,153.52000427246094,153.61199951171875,153.40499877929688,153.4149932861328
2026-09-10T07:00:00Z,153.41600036621094,153.56500244140625,153.39500427246094,153.41000366210938
2026-09-10T07:30:00Z,153.40899658203125,153.44400024414062,153.31500244140625,153.38900756835938
2026-09-10T08:00:00Z,153.3939971923828,153.62899780273438,153.38699340820312,153.572998046875
2026-09-10T08:30:00Z,153.56900024414062,153.69200134277344,153.56500244140625,153.62100219726562
2026-09-10T09:00:00Z,153.6269989013672,153.7469940185547,153.54800415039062,153.71099853515625
2026-09-10T09:30:00Z,153.70700073242188,153.7760009765625,153.6540069580078,153.69400024414062
2026-09-10T10:00:00Z,153.69400024414062,153.8800048828125,153.6540069580078,153.86900329589844
2026-09-10T10:30:00Z,153.86900329589844,154.1739959716797,153.83299255371094,154.06900024414062
2026-09-10T11:00:00Z,154.07400512695312,154.2010040283203,154.031005859375,154.10899353027344
2026-09-10T11:30:00Z,154.10400390625,154.1790008544922,154.0449981689453,154.15199279785156
2026-09-10T12:00:00Z,154.15199279785156,154.3780059814453,154.1300048828125,154.35800170898438
2026-09-10T12:30:00Z,154.35299682617188,154.6699981689453,154.20599365234375,154.34500122070312
2026-09-10T13:00:00Z,154.34500122070312,154.36399841308594,154.18699645996094,154.21600341796875
2026-09-10T13:30:00Z,154.218994140625,154.25599670410156,153.96800231933594,154.04200744628906
2026-09-10T14:00:00Z,154.0469970703125,154.0679931640625,153.84100341796875,153.96499633789062
2026-09-10T14:30:00Z,153.97799682617188,154.08299255371094,153.8780059814453,153.88499450683594
2026-09-10T15:00:00Z,153.88699340820312,154.0290069580078,153.8459930419922,154.0279998779297
2026-09-10T15:30:00Z,154.0229949951172,154.11900329589844,154.00599670410156,154.05999755859375
2026-09-10T16:00:00Z,154.05999755859375,154.2899932861328,154.04400634765625,154.27200317382812
2026-09-10T16:30:00Z,154.27699279785156,154.39300537109375,154.2480010986328,154.2689971923828
2026-09-10T17:00:00Z,154.27499389648438,154.34800720214844,154.20199584960938,154.25799560546875
2026-09-10T17:30:00Z,154.2550048828125,154.3419952392578,154.22799682617188,154.2519989013672
2026-09-10T18:00:00Z,154.2519989013672,154.3990020751953,154.23599243164062,154.35000610351562
2026-09-10T18:30:00Z,154.3489990234375,154.38299560546875,154.29400634765625,154.31700134277344
2026-09-10T19:00:00Z,154.31199645996094,154.39500427246094,154.30499267578125,154.33399963378906
2026-09-10T19:30:00Z,154.33900451660156,154.3560028076172,154.30299377441406,154.33999633789062
2026-09-10T20:00:00Z,154.33399963378906,154.4340057373047,154.33200073242188,154.42300415039062
2026-09-10T20:30:00Z,154.427001953125,154.50399780273438,154.39599609375,154.41099548339844
2026-09-10T21:00:00Z,154.4040069580078,154.40499877929688,154.30499267578125,154.36099243164062
2026-09-10T21:30:00Z,154.3509979248047,154.38800048828125,154.34500122070312,154.36599731445312
2026-09-10T22:00:00Z,154.3560028076172,154.53599548339844,154.3470001220703,154.43600463867188
2026-09-10T22:30:00Z,154.42799377441406,154.45399475097656,154.35400390625,154.38299560546875
2026-09-10T23:00:00Z,154.36700439453125,154.552001953125,154.35699462890625,154.53399658203125
2026-09-10T23:30:00Z,154.53799438476562,154.61700439453125,154.45199584960938,154.45599365234375
2026-09-11T00:00:00Z,154.46499633789062,154.53500366210938,154.31100463867188,154.5019989013672
2026-09-11T00:30:00Z,154.5,154.60699462890625,154.45899963378906,154.49600219726562
2026-09-11T01:00:00Z,154.49600219726562,154.531005859375,154.2550048828125,154.3179931640625
2026-09-11T01:30:00Z,154.31900024414062,154.40899658203125,154.20399475097656,154.35000610351562
2026-09-11T02:00:00Z,154.3459930419922,154.4969940185547,154.31300354003906,154.4739990234375
2026-09-11T02:30:00Z,154.4739990234375,154.52200317382812,154.36000061035156,154.38600158691406
2026-09-11T03:00:00Z,154.37899780273438,154.48399353027344,154.31900024414062,154.48399353027344
2026-09-11T03:30:00Z,154.47500610351562,154.50799560546875,154.35400390625,154.39300537109375
2026-09-11T04:00:00Z,154.39300537109375,154.41299438476562,154.28199768066406,154.33299255371094
2026-09-11T04:30:00Z,154.33299255371094,154.41200256347656,154.25799560546875,154.33999633789062
2026-09-11T05:00:00Z,154.34500122070312,154.35299682617188,154.13900756835938,154.16900634765625
2026-09-11T05:30:00Z,154.16900634765625,154.1929931640625,154.00399780273438,154.052001953125
2026-09-11T06:00:00Z,154.052001953125,154.1300048828125,153.95599365234375,154.08799743652344
2026-09-11T06:30:00Z,154.08700561523438,154.22000122070312,154.0749969482422,154.16799926757812
2026-09-11T07:00:00Z,154.16900634765625,154.2310028076172,154.07000732421875,154.2100067138672
2026-09-11T07:30:00Z,154.21299743652344,154.28399658203125,154.156005859375,154.2169952392578
2026-09-11T08:00:00Z,154.22000122070312,154.37399291992188,154.20199584960938,154.31199645996094
2026-09-11T08:30:00Z,154.3090057373047,154.3350067138672,154.0399932861328,154.10000610351562
2026-09-11T09:00:00Z,154.0959930419922,154.19500732421875,154.02999877929688,154.14500427246094
2026-09-11T09:30:00Z,154.14500427246094,154.22999572753906,154.04100036621094,154.09800720214844
2026-09-11T10:00:00Z,154.0970001220703,154.16600036621094,154.0290069580078,154.1179962158203
2026-09-11T10:30:00Z,154.1219940185547,154.1269989013672,153.94900512695312,153.96600341796875
2026-09-11T11:00:00Z,153.96499633789062,154.08999633789062,153.8979949951172,154.04100036621094
2026-09-11T11:30:00Z,154.03399658203125,154.0800018310547,153.8730010986328,154.0229949951172
2026-09-11T12:00:00Z,154.0229949951172,154.07699584960938,153.85699462890625,153.92100524902344
2026-09-11T12:30:00Z,153.91700744628906,154.49200439453125,153.43099975585938,153.4530029296875
2026-09-11T13:00:00Z,153.46099853515625,153.64100646972656,153.23399353027344,153.49600219726562
2026-09-11T13:30:00Z,153.50799560546875,153.54400634765625,153.3000030517578,153.43099975585938
2026-09-11T14:00:00Z,153.41799926757812,153.593994140625,153.3939971923828,153.58399963378906
2026-09-11T14:30:00Z,153.58200073242188,153.65699768066406,153.45799255371094,153.4810028076172
2026-09-11T15:00:00Z,153.47999572753906,153.62100219726562,153.41400146484375,153.57699584960938
2026-09-11T15:30:00Z,153.57699584960938,153.73800659179688,153.5679931640625,153.70399475097656
2026-09-11T16:00:00Z,153.7050018310547,153.73699951171875,153.63600158691406,153.70399475097656
2026-09-11T16:30:00Z,153.69700622558594,153.72300720214844,153.63099670410156,153.70399475097656
2026-09-11T17:00:00Z,153.70399475097656,153.7570037841797,153.6540069580078,153.70799255371094
2026-09-11T17:30:00Z,153.6999969482422,153.73599243164062,153.6719970703125,153.6929931640625
2026-09-11T18:00:00Z,153.6929931640625,153.7519989013672,153.66900634765625,153.7169952392578
2026-09-11T18:30:00Z,153.71200561523438,153.76100158691406,153.6999969482422,153.72300720214844
2026-09-11T19:00:00Z,153.71800231933594,153.77499389648438,153.6929931640625,153.71200561523438
2026-09-11T19:30:00Z,153.70599365234375,153.72999572753906,153.6750030517578,153.6820068359375
2026-09-11T20:00:00Z,153.69000244140625,153.6929931640625,153.6479949951172,153.66400146484375
2026-09-11T20:30:00Z,153.6739959716797,153.75999450683594,153.43800354003906,153.5540008544922
2026-09-13T23:00:00Z,153.6750030517578,153.73599243164062,153.60299682617188,153.60400390625
2026-09-13T23:30:00Z,153.60800170898438,153.63600158691406,153.39199829101562,153.41099548339844
2026-09-14T00:00:00Z,153.41799926757812,153.68299865722656,153.3679962158203,153.65699768066406
2026-09-14T00:30:00Z,153.66000366210938,153.75900268554688,153.5970001220703,153.64500427246094
2026-09-14T01:00:00Z,153.6510009765625,153.8730010986328,153.62399291992188,153.68800354003906
2026-09-14T01:30:00Z,153.69500732421875,153.7530059814453,153.64300537109375,153.73199462890625
2026-09-14T02:00:00Z,153.73300170898438,153.92300415039062,153.73199462890625,153.88400268554688
2026-09-14T02:30:00Z,153.8769989013672,154.06199645996094,153.87600708007812,154.0229949951172
2026-09-14T03:00:00Z,154.02200317382812,154.1230010986328,154.00100708007812,154.01800537109375
2026-09-14T03:30:00Z,154.0189971923828,154.14100646972656,154.01800537109375,154.052001953125
2026-09-14T04:00:00Z,154.04800415039062,154.0850067138672,153.97900390625,154.0279998779297
2026-09-14T04:30:00Z,154.03500366210938,154.0709991455078,153.93099975585938,154.02099609375
2026-09-14T05:00:00Z,154.02000427246094,154.03700256347656,153.95399475097656,153.98599243164062
2026-09-14T05:30:00Z,153.98599243164062,154.10699462890625,153.94400024414062,154.0240020751953
2026-09-14T06:00:00Z,154.01800537109375,154.24600219726562,153.98599243164062,154.22000122070312
2026-09-14T06:30:00Z,154.2220001220703,154.33200073242188,154.18499755859375,154.27499389648438
2026-09-14T07:00:00Z,154.27000427246094,154.38900756835938,154.2429962158203,154.38900756835938
2026-09-14T07:30:00Z,154.38400268554688,154.46299743652344,154.30999755859375,154.38800048828125
2026-09-14T08:00:00Z,154.38800048828125,154.5279998779297,154.35299682617188,154.51499938964844
2026-09-14T08:30:00Z,154.52099609375,154.61199951171875,154.4669952392578,154.55799865722656
2026-09-14T09:00:00Z,154.55299377441406,154.58999633789062,154.46099853515625,154.4810028076172
2026-09-14T09:30:00Z,154.4810028076172,154.58200073242188,154.44500732421875,154.54800415039062
2026-09-14T10:00:00Z,154.5540008544922,154.75,154.53799438476562,154.57899475097656
2026-09-14T10:30:00Z,154.58399963378906,154.656005859375,154.54600524902344,154.5679931640625
2026-09-14T11:00:00Z,154.56700134277344,154.5679931640625,154.4770050048828,154.49899291992188
2026-09-14T11:30:00Z,154.4949951171875,154.63099670410156,154.4720001220703,154.57400512695312
2026-09-14T12:00:00Z,154.57400512695312,154.68299865722656,154.49400329589844,154.677001953125
2026-09-14T12:30:00Z,154.6699981689453,154.88900756835938,154.63299560546875,154.8560028076172
2026-09-14T13:00:00Z,154.8560028076172,154.89999389648438,154.78799438476562,154.8719940185547
2026-09-14T13:30:00Z,154.86500549316406,155.0,154.82699584960938,154.91799926757812
2026-09-14T14:00:00Z,154.91200256347656,154.96200561523438,154.72000122070312,154.83999633789062
2026-09-14T14:30:00Z,154.8419952392578,154.86099243164062,154.6219940185547,154.7169952392578
2026-09-14T15:00:00Z,154.71299743652344,154.7310028076172,154.5189971923828,154.57000732421875
2026-09-14T15:30:00Z,154.57000732421875,154.60499572753906,154.33200073242188,154.4239959716797
2026-09-14T16:00:00Z,154.41799926757812,154.45799255371094,154.31100463867188,154.38800048828125
2026-09-14T16:30:00Z,154.38999938964844,154.43800354003906,154.26100158691406,154.32000732421875
2026-09-14T17:00:00Z,154.31900024414062,154.41900634765625,154.29400634765625,154.3979949951172
2026-09-14T17:30:00Z,154.3939971923828,154.42599487304688,154.35499572753906,154.39500427246094
2026-09-14T18:00:00Z,154.3990020751953,154.41299438476562,154.27999877929688,154.2949981689453
2026-09-14T18:30:00Z,154.29200744628906,154.29800415039062,153.968994140625,154.02200317382812
2026-09-14T19:00:00Z,154.02699279785156,154.26100158691406,154.02699279785156,154.2530059814453
2026-09-14T19:30:00Z,154.2530059814453,154.36099243164062,154.22900390625,154.35000610351562
2026-09-14T20:00:00Z,154.35000610351562,154.41900634765625,154.35000610351562,154.38999938964844
2026-09-14T20:30:00Z,154.39300537109375,154.41799926757812,154.31399536132812,154.322998046875
2026-09-14T21:00:00Z,154.31700134277344,154.3350067138672,154.27099609375,154.28799438476562
2026-09-14T21:30:00Z,154.29400634765625,154.3249969482422,154.27099609375,154.3000030517578
2026-09-14T22:00:00Z,154.32200622558594,154.3699951171875,154.27200317382812,154.3419952392578
2026-09-14T22:30:00Z,154.3419952392578,154.36199951171875,154.25,154.2530059814453
2026-09-14T23:00:00Z,154.2519989013672,154.38800048828125,154.20199584960938,154.36900329589844
2026-09-14T23:30:00Z,154.36900329589844,154.4429931640625,154.3350067138672,154.4219970703125
2026-09-15T00:00:00Z,154.41400146484375,154.58799743652344,154.39700317382812,154.57000732421875
2026-09-15T00:30:00Z,154.5659942626953,154.66900634765625,154.54100036621094,154.66400146484375
2026-09-15T01:00:00Z,154.66000366210938,154.73500061035156,154.6060028076172,154.7010040283203
2026-09-15T01:30:00Z,154.6999969482422,154.76800537109375,154.6719970703125,154.74400329589844
2026-09-15T02:00:00Z,154.73699951171875,154.85699462890625,154.70599365234375,154.84300231933594
2026-09-15T02:30:00Z,154.85000610351562,154.89300537109375,154.7779998779297,154.78399658203125
2026-09-15T03:00:00Z,154.78599548339844,154.79200744628906,154.68699645996094,154.71400451660156
2026-09-15T03:30:00Z,154.7169952392578,154.75399780273438,154.6230010986328,154.6479949951172
2026-09-15T04:00:00Z,154.6529998779297,154.74200439453125,154.6269989013672,154.73599243164062
2026-09-15T04:30:00Z,154.73199462890625,154.74600219726562,154.62100219726562,154.73699951171875
2026-09-15T05:00:00Z,154.73199462890625,154.91299438476562,154.66600036621094,154.8470001220703
2026-09-15T05:30:00Z,154.83999633789062,154.91200256347656,154.74899291992188,154.80499267578125
2026-09-15T06:00:00Z,154.80799865722656,154.83999633789062,154.70599365234375,154.7760009765625
2026-09-15T06:30:00Z,154.77699279785156,154.95199584960938,154.7530059814453,154.906005859375
2026-09-15T07:00:00Z,154.906005859375,154.94900512695312,154.8000030517578,154.8730010986328
2026-09-15T07:30:00Z,154.8699951171875,154.9219970703125,154.7519989013672,154.88400268554688
2026-09-15T08:00:00Z,154.875,155.23800659179688,154.7790069580078,154.88600158691406
2026-09-15T08:30:00Z,154.8820037841797,155.0570068359375,154.83399963378906,154.9969940185547
2026-09-15T09:00:00Z,154.99200439453125,155.05799865722656,154.89500427246094,154.99400329589844
2026-09-15T09:30:00Z,155.0,155.0229949951172,154.86700439453125,154.91400146484375
2026-09-15T10:00:00Z,154.9080047607422,154.91299438476562,154.72500610351562,154.8040008544922
2026-09-15T10:30:00Z,154.7969970703125,154.85499572753906,154.75,154.84500122070312
2026-09-15T11:00:00Z,154.843994140625,154.85899353027344,154.7550048828125,154.7760009765625
2026-09-15T11:30:00Z,154.7760009765625,154.90199279785156,154.69400024414062,154.8939971923828
2026-09-15T12:00:00Z,154.8939971923828,155.08700561523438,154.88999938964844,154.9980010986328
2026-09-15T12:30:00Z,155.0,155.01800537109375,154.8260040283203,154.96099853515625
2026-09-15T13:00:00Z,154.96099853515625,155.06300354003906,154.88699340820312,155.06199645996094
2026-09-15T13:30:00Z,155.05799865722656,155.16600036621094,154.90499877929688,154.97900390625
2026-09-15T14:00:00Z,154.9810028076172,155.04299926757812,154.89700317382812,154.968994140625
2026-09-15T14:30:00Z,154.96800231933594,155.08599853515625,154.8820037841797,155.0780029296875
2026-09-15T15:00:00Z,155.0780029296875,155.16900634765625,155.01100158691406,155.11700439453125
2026-09-15T15:30:00Z,155.11199951171875,155.15899658203125,154.99600219726562,155.1060028076172
2026-09-15T16:00:00Z,155.1009979248047,155.1580047607422,155.05799865722656,155.08299255371094
2026-09-15T16:30:00Z,155.08399963378906,155.1060028076172,155.03399658203125,155.06300354003906
2026-09-15T17:00:00Z,155.06300354003906,155.19000244140625,155.02499389648438,155.17300415039062
2026-09-15T17:30:00Z,155.1699981689453,155.1929931640625,155.1269989013672,155.16700744628906
2026-09-15T18:00:00Z,155.16200256347656,155.20799255371094,155.08200073242188,155.09800720214844
2026-09-15T18:30:00Z,155.0970001220703,155.16299438476562,155.072998046875,155.08399963378906
2026-09-15T19:00:00Z,155.08599853515625,155.14100646972656,155.05799865722656,155.1300048828125
2026-09-15T19:30:00Z,155.1300048828125,155.14100646972656,155.08099365234375,155.1219940185547
2026-09-15T20:00:00Z,155.125,155.1510009765625,155.093994140625,155.1320037841797
2026-09-15T20:30:00Z,155.13099670410156,155.13999938964844,155.06399536132812,155.1009979248047
2026-09-15T21:00:00Z,155.10000610351562,155.1219940185547,155.01699829101562,155.0989990234375
2026-09-15T21:30:00Z,155.1060028076172,155.1230010986328,155.052001953125,155.0679931640625
2026-09-15T22:00:00Z,155.07200622558594,155.11599731445312,155.02699279785156,155.06199645996094
2026-09-15T22:30:00Z,155.06199645996094,155.0970001220703,155.00799560546875,155.0919952392578
2026-09-15T23:00:00Z,155.10800170898438,155.21299743652344,155.10499572753906,155.16900634765625
2026-09-15T23:30:00Z,155.1699981689453,155.42799377441406,155.14100646972656,155.28500366210938
2026-09-16T00:00:00Z,155.2740020751953,155.31199645996094,155.13400268554688,155.2030029296875
2026-09-16T00:30:00Z,155.19400024414062,155.43499755859375,155.19400024414062,155.3679962158203
2026-09-16T01:00:00Z,155.36099243164062,155.4429931640625,155.2949981689453,155.44200134277344
2026-09-16T01:30:00Z,155.4340057373047,155.49000549316406,155.39199829101562,155.41700744628906
2026-09-16T02:00:00Z,155.41700744628906,155.4499969482422,155.26800537109375,155.3459930419922
2026-09-16T02:30:00Z,155.34500122070312,155.34500122070312,155.23399353027344,155.24200439453125
2026-09-16T03:00:00Z,155.2449951171875,155.33799743652344,155.2169952392578,155.33200073242188
2026-09-16T03:30:00Z,155.33200073242188,155.40199279785156,155.3090057373047,155.36900329589844
2026-09-16T04:00:00Z,155.36700439453125,155.38099670410156,155.30799865722656,155.3179931640625
2026-09-16T04:30:00Z,155.3260040283203,155.35400390625,155.28500366210938,155.2969970703125
2026-09-16T05:00:00Z,155.3000030517578,155.33999633789062,155.2570037841797,155.25900268554688
2026-09-16T05:30:00Z,155.26499938964844,155.28799438476562,155.1320037841797,155.1840057373047
2026-09-16T06:00:00Z,155.18299865722656,155.23300170898438,155.0030059814453,155.1060028076172
2026-09-16T06:30:00Z,155.0989990234375,155.13400268554688,154.95799255371094,154.9669952392578
2026-09-16T07:00:00Z,154.96600341796875,155.0679931640625,154.8769989013672,154.9199981689453
2026-09-16T07:30:00Z,154.9219970703125,154.9969940185547,154.89500427246094,154.97799682617188
2026-09-16T08:00:00Z,154.9720001220703,155.0749969482422,154.94700622558594,155.01100158691406
2026-09-16T08:30:00Z,155.01199340820312,155.11700439453125,155.0050048828125,155.10400390625
2026-09-16T09:00:00Z,155.10699462890625,155.13400268554688,155.0399932861328,155.0709991455078
2026-09-16T09:30:00Z,155.0659942626953,155.15699768066406,155.0290069580078,155.13299560546875
2026-09-16T10:00:00Z,155.1269989013672,155.18600463867188,155.09100341796875,155.1750030517578
2026-09-16T10:30:00Z,155.1750030517578,155.197998046875,155.09800720214844,155.11500549316406
2026-09-16T11:00:00Z,155.0919952392578,155.1529998779297,154.99400329589844,155.0279998779297
2026-09-16T11:30:00Z,155.0229949951172,155.072998046875,154.93800354003906,155.03199768066406
2026-09-16T12:00:00Z,155.03199768066406,155.17999267578125,155.00599670410156,155.14999389648438
2026-09-16T12:30:00Z,155.1479949951172,155.25599670410156,155.11000061035156,155.21499633789062
2026-09-16T13:00:00Z,155.21600341796875,155.2989959716797,155.18899536132812,155.2899932861328
2026-09-16T13:30:00Z,155.2899932861328,155.3000030517578,155.2030029296875,155.2790069580078
2026-09-16T14:00:00Z,155.281005859375,155.3260040283203,155.1479949951172,155.1719970703125
2026-09-16T14:30:00Z,155.16799926757812,155.1959991455078,155.06399536132812,155.08099365234375
2026-09-16T15:00:00Z,155.0780029296875,155.10899353027344,154.99600219726562,155.08700561523438
2026-09-16T15:30:00Z,155.08999633789062,155.11599731445312,154.97000122070312,155.08099365234375
2026-09-16T16:00:00Z,155.08099365234375,155.25100708007812,155.07699584960938,155.17599487304688
2026-09-16T16:30:00Z,155.1719970703125,155.1840057373047,155.06199645996094,155.11300659179688
2026-09-16T17:00:00Z,155.11399841308594,155.1580047607422,155.0970001220703,155.10000610351562
2026-09-16T17:30:00Z,155.10000610351562,155.15499877929688,154.9550018310547,154.99000549316406
2026-09-16T18:00:00Z,155.0240020751953,155.5760040283203,154.81700134277344,155.50399780273438
2026-09-16T18:30:00Z,155.49899291992188,155.9320068359375,155.4929962158203,155.9219970703125
2026-09-16T19:00:00Z,155.9149932861328,156.1929931640625,155.75399780273438,156.17599487304688
2026-09-16T19:30:00Z,156.17300415039062,156.19700622558594,156.05499267578125,156.16299438476562
2026-09-16T20:00:00Z,156.16000366210938,156.41600036621094,156.10699462890625,156.3769989013672
2026-09-16T20:30:00Z,156.38800048828125,156.4149932861328,156.23800659179688,156.2429962158203
2026-09-16T21:00:00Z,156.22999572753906,156.24099731445312,156.16700744628906,156.20399475097656
2026-09-16T21:30:00Z,156.20399475097656,156.24200439453125,156.17999267578125,156.22900390625
2026-09-16T22:00:00Z,156.2310028076172,156.3179931640625,156.19500732421875,156.218994140625
2026-09-16T22:30:00Z,156.2239990234375,156.2689971923828,156.1999969482422,156.2270050048828
2026-09-16T23:00:00Z,156.24000549316406,156.29100036621094,156.13299560546875,156.1750030517578
2026-09-16T23:30:00Z,156.1750030517578,156.18899536132812,156.00900268554688,156.04100036621094
2026-09-17T00:00:00Z,156.0330047607422,156.08700561523438,155.86900329589844,156.04600524902344
2026-09-17T00:30:00Z,156.0449981689453,156.21200561523438,155.98699951171875,156.20799255371094
2026-09-17T01:00:00Z,156.2010040283203,156.2689971923828,156.0540008544922,156.06900024414062
2026-09-17T01:30:00Z,156.06399536132812,156.19500732421875,156.0070037841797,156.16200256347656
2026-09-17T02:00:00Z,156.16200256347656,156.21800231933594,156.0989990234375,156.20599365234375
2026-09-17T02:30:00Z,156.19700622558594,156.2779998779297,156.1750030517578,156.18800354003906
2026-09-17T03:00:00Z,156.18499755859375,156.197998046875,156.02499389648438,156.1219940185547
2026-09-17T03:30:00Z,156.11700439453125,156.14100646972656,156.04400634765625,156.11599731445312
2026-09-17T04:00:00Z,156.11399841308594,156.13400268554688,156.0469970703125,156.06399536132812
2026-09-17T04:30:00Z,156.06900024414062,156.0959930419922,156.00900268554688,156.02699279785156
2026-09-17T05:00:00Z,156.0229949951172,156.0290069580078,155.93699645996094,155.95199584960938
2026-09-17T05:30:00Z,155.94500732421875,155.9770050048828,155.6490020751953,155.7030029296875
2026-09-17T06:00:00Z,155.697998046875,155.7790069580078,155.53700256347656,155.5780029296875
2026-09-17T06:30:00Z,155.5780029296875,155.67599487304688,155.52000427246094,155.63400268554688
2026-09-17T07:00:00Z,155.63400268554688,155.71499633789062,155.5399932861328,155.61000061035156
2026-09-17T07:30:00Z,155.61000061035156,155.76699829101562,155.60800170898438,155.67300415039062
2026-09-17T08:00:00Z,155.67300415039062,155.87600708007812,155.65699768066406,155.80599975585938
2026-09-17T08:30:00Z,155.80599975585938,155.83900451660156,155.72999572753906,155.75799560546875
2026-09-17T09:00:00Z,155.75900268554688,155.77699279785156,155.552001953125,155.6199951171875
2026-09-17T09:30:00Z,155.61599731445312,155.76300048828125,155.6009979248047,155.73899841308594
2026-09-17T10:00:00Z,155.73899841308594,155.74899291992188,155.60299682617188,155.62100219726562
2026-09-17T10:30:00Z,155.62100219726562,155.65899658203125,155.5500030517578,155.64700317382812
2026-09-17T11:00:00Z,155.64199829101562,155.85000610351562,155.61500549316406,155.81399536132812
2026-09-17T11:30:00Z,155.81399536132812,155.91000366210938,155.78900146484375,155.8719940185547
2026-09-17T12:00:00Z,155.8800048828125,155.91700744628906,155.29100036621094,155.3280029296875
2026-09-17T12:30:00Z,155.32899475097656,155.68099975585938,155.29400634765625,155.5800018310547
2026-09-17T13:00:00Z,155.5749969482422,155.75,155.55499267578125,155.73699951171875
2026-09-17T13:30:00Z,155.74000549316406,155.802001953125,155.6269989013672,155.6649932861328
2026-09-17T14:00:00Z,155.66900634765625,155.7220001220703,155.5850067138672,155.70599365234375
2026-09-17T14:30:00Z,155.71299743652344,155.75799560546875,155.64500427246094,155.72999572753906
2026-09-17T15:00:00Z,155.72999572753906,155.8280029296875,155.67999267578125,155.80499267578125
2026-09-17T15:30:00Z,155.802001953125,155.88600158691406,155.8000030517578,155.85000610351562
2026-09-17T16:00:00Z,155.8489990234375,155.96099853515625,155.82699584960938,155.94700622558594
2026-09-17T16:30:00Z,155.94200134277344,156.06500244140625,155.90899658203125,156.052001953125
2026-09-17T17:00:00Z,156.052001953125,156.10299682617188,156.0189971923828,156.0279998779297
2026-09-17T17:30:00Z,156.0279998779297,156.0279998779297,155.97000122070312,155.99600219726562
2026-09-17T18:00:00Z,155.9949951171875,156.0679931640625,155.98899841308594,156.04800415039062
2026-09-17T18:30:00Z,156.04400634765625,156.06700134277344,156.01699829101562,156.031005859375
2026-09-17T19:00:00Z,156.03599548339844,156.04600524902344,155.97500610351562,155.98399353027344
2026-09-17T19:30:00Z,155.9810028076172,155.99099731445312,155.92999267578125,155.9810028076172
2026-09-17T20:00:00Z,155.97900390625,156.03199768066406,155.9510040283203,155.95899963378906
2026-09-17T20:30:00Z,155.96400451660156,155.97900390625,155.9340057373047,155.9340057373047
2026-09-17T21:00:00Z,155.93600463867188,155.96499633789062,155.90499877929688,155.91099548339844
2026-09-17T21:30:00Z,155.91099548339844,155.96499633789062,155.88400268554688,155.94700622558594
2026-09-17T22:00:00Z,155.9250030517578,156.0260009765625,155.9199981689453,155.99200439453125
2026-09-17T22:30:00Z,155.98500061035156,156.02499389648438,155.93299865722656,155.94200134277344
2026-09-17T23:00:00Z,155.94500732421875,155.9929962158203,155.86399841308594,155.9810028076172
2026-09-17T23:30:00Z,155.9759979248047,156.16900634765625,155.9759979248047,156.14599609375
2026-09-18T00:00:00Z,156.156005859375,156.2100067138672,156.11199951171875,156.19700622558594
2026-09-18T00:30:00Z,156.1959991455078,156.28599548339844,156.1490020751953,156.17300415039062
2026-09-18T01:00:00Z,156.17300415039062,156.3040008544922,156.13800048828125,156.2790069580078
2026-09-18T01:30:00Z,156.2830047607422,156.31900024414062,156.21299743652344,156.21800231933594
2026-09-18T02:00:00Z,156.21400451660156,156.31399536132812,156.1580047607422,156.1699981689453
2026-09-18T02:30:00Z,156.16000366210938,156.8679962158203,156.1269989013672,156.63900756835938
2026-09-18T03:00:00Z,156.6649932861328,157.0590057373047,156.54200744628906,156.93899536132812
2026-09-18T03:30:00Z,156.93299865722656,157.14599609375,156.88299560546875,157.04100036621094
2026-09-18T04:00:00Z,157.04200744628906,157.0749969482422,156.88099670410156,156.9739990234375
2026-09-18T04:30:00Z,156.9810028076172,157.1580047607422,156.94900512695312,157.13400268554688
2026-09-18T05:00:00Z,157.1269989013672,157.32699584960938,157.11099243164062,157.2989959716797
2026-09-18T05:30:00Z,157.2989959716797,157.32699584960938,157.0760040283203,157.18699645996094
2026-09-18T06:00:00Z,157.18600463867188,157.2530059814453,157.0399932861328,157.11599731445312
2026-09-18T06:30:00Z,157.10899353027344,157.3159942626953,156.4929962158203,156.86300659179688
2026-09-18T07:00:00Z,156.86300659179688,157.33399963378906,156.73399353027344,157.281005859375
2026-09-18T07:30:00Z,157.2779998779297,157.5469970703125,157.22799682617188,157.48800659179688
2026-09-18T08:00:00Z,157.4949951171875,157.84100341796875,157.48500061035156,157.79400634765625
2026-09-18T08:30:00Z,157.80499267578125,157.91000366210938,157.72000122070312,157.79100036621094
2026-09-18T09:00:00Z,157.79200744628906,157.90899658203125,157.61700439453125,157.8979949951172
2026-09-18T09:30:00Z,157.89199829101562,158.0540008544922,157.82899475097656,157.9459991455078
2026-09-18T10:00:00Z,157.9459991455078,157.9980010986328,157.81500244140625,157.91600036621094
2026-09-18T10:30:00Z,157.9080047607422,158.01199340820312,157.7469940185547,157.75399780273438
2026-09-18T11:00:00Z,157.75100708007812,157.8979949951172,157.71099853515625,157.7570037841797
2026-09-18T11:30:00Z,157.76699829101562,157.89199829101562,157.6719970703125,157.8260040283203
2026-09-18T12:00:00Z,157.83599853515625,157.94400024414062,157.74400329589844,157.90499877929688
2026-09-18T12:30:00Z,157.906005859375,157.96299743652344,157.69400024414062,157.6999969482422
2026-09-18T13:00:00Z,157.6999969482422,157.81900024414062,157.63699340820312,157.79800415039062
2026-09-18T13:30:00Z,157.80299377441406,157.89100646972656,157.73599243164062,157.86399841308594
2026-09-18T14:00:00Z,157.86500549316406,157.89599609375,157.73399353027344,157.875
2026-09-18T14:30:00Z,157.87899780273438,157.88099670410156,156.96499633789062,157.4429931640625
2026-09-18T15:00:00Z,157.44200134277344,157.5070037841797,156.8419952392578,156.96099853515625
2026-09-18T15:30:00Z,156.9530029296875,157.03199768066406,156.74600219726562,156.875
2026-09-18T16:00:00Z,156.86700439453125,156.92300415039062,156.67100524902344,156.6959991455078
2026-09-18T16:30:00Z,156.7030029296875,156.8090057373047,156.68600463867188,156.78700256347656
2026-09-18T17:00:00Z,156.78700256347656,156.79400634765625,156.59800720214844,156.7050018310547
2026-09-18T17:30:00Z,156.71600341796875,156.7469940185547,156.6280059814453,156.66700744628906
2026-09-18T18:00:00Z,156.67300415039062,156.7469940185547,156.64500427246094,156.6999969482422
2026-09-18T18:30:00Z,156.70199584960938,156.7899932861328,156.65199279785156,156.67599487304688
2026-09-18T19:00:00Z,156.6790008544922,156.7220001220703,156.59500122070312,156.6750030517578
2026-09-18T19:30:00Z,156.6750030517578,156.76800537109375,156.64500427246094,156.72999572753906
2026-09-18T20:00:00Z,156.72500610351562,156.78399658203125,156.70199584960938,156.76699829101562
2026-09-18T20:30:00Z,156.75399780273438,156.9029998779297,156.7429962158203,156.84300231933594
2026-09-18T21:00:00Z,156.85499572753906,156.85499572753906,156.85499572753906,156.85499572753906
2026-09-20T23:00:00Z,157.05999755859375,157.11000061035156,156.89500427246094,156.96600341796875
2026-09-20T23:30:00Z,156.96600341796875,157.10800170898438,156.94500732421875,156.9810028076172
2026-09-21T00:00:00Z,156.98399353027344,157.06900024414062,156.86399841308594,156.88900756835938
2026-09-21T00:30:00Z,156.88900756835938,156.94400024414062,156.66700744628906,156.86199951171875
2026-09-21T01:00:00Z,156.85899353027344,156.90699768066406,156.57000732421875,156.63999938964844
2026-09-21T01:30:00Z,156.63699340820312,156.7310028076172,156.61000061035156,156.71400451660156
2026-09-21T02:00:00Z,156.71200561523438,156.86700439453125,156.69900512695312,156.822998046875
2026-09-21T02:30:00Z,156.8260040283203,156.89300537109375,156.76199340820312,156.8820037841797
2026-09-21T03:00:00Z,156.8820037841797,156.9550018310547,156.86900329589844,156.9290008544922
2026-09-21T03:30:00Z,156.927001953125,156.9739990234375,156.8719940185547,156.94400024414062
2026-09-21T04:00:00Z,156.9499969482422,157.08399963378906,156.93899536132812,156.9969940185547
2026-09-21T04:30:00Z,156.9929962158203,157.0469970703125,156.96400451660156,157.02000427246094
2026-09-21T05:00:00Z,157.01400756835938,157.0449981689453,156.96800231933594,157.02000427246094
2026-09-21T05:30:00Z,157.01199340820312,157.14199829101562,156.98899841308594,157.05599975585938
2026-09-21T06:00:00Z,157.0570068359375,157.11900329589844,157.0019989013672,157.00399780273438
2026-09-21T06:30:00Z,157.00399780273438,157.07200622558594,156.98199462890625,157.06100463867188
2026-09-21T07:00:00Z,157.06100463867188,157.25799560546875,157.04800415039062,157.1750030517578
2026-09-21T07:30:00Z,157.1750030517578,157.2779998779297,157.13900756835938,157.26499938964844
2026-09-21T08:00:00Z,157.26499938964844,157.27200317382812,157.11099243164062,157.13400268554688
2026-09-21T08:30:00Z,157.13499450683594,157.2469940185547,157.09800720214844,157.23899841308594
2026-09-21T09:00:00Z,157.24099731445312,157.26300048828125,157.16299438476562,157.23399353027344
2026-09-21T09:30:00Z,157.22900390625,157.31399536132812,157.22500610351562,157.25599670410156
2026-09-21T10:00:00Z,157.25,157.27000427246094,157.1909942626953,157.21499633789062
2026-09-21T10:30:00Z,157.2169952392578,157.2830047607422,157.16099548339844,157.27200317382812
2026-09-21T11:00:00Z,157.2740020751953,157.302001953125,157.2100067138672,157.21800231933594
2026-09-21T11:30:00Z,157.2169952392578,157.2530059814453,157.16200256347656,157.20599365234375
2026-09-21T12:00:00Z,157.20599365234375,157.37100219726562,157.16200256347656,157.3489990234375
2026-09-21T12:30:00Z,157.3419952392578,157.36700439453125,157.26100158691406,157.32400512695312
2026-09-21T13:00:00Z,157.3280029296875,157.3419952392578,157.28399658203125,157.29400634765625
2026-09-21T13:30:00Z,157.29200744628906,157.43800354003906,157.27699279785156,157.42799377441406
2026-09-21T14:00:00Z,157.4250030517578,157.47000122070312,157.35000610351562,157.36000061035156
2026-09-21T14:30:00Z,157.36000061035156,157.52200317382812,157.31900024414062,157.45899963378906
2026-09-21T15:00:00Z,157.45399475097656,157.5050048828125,157.41099548339844,157.4739990234375
2026-09-21T15:30:00Z,157.47000122070312,157.5290069580078,157.44400024414062,157.48500061035156
2026-09-21T16:00:00Z,157.48300170898438,157.4929962158203,157.30599975585938,157.38800048828125
2026-09-21T16:30:00Z,157.38499450683594,157.4409942626953,157.35499572753906,157.4199981689453
2026-09-21T17:00:00Z,157.4199981689453,157.44700622558594,157.39199829101562,157.41000366210938
2026-09-21T17:30:00Z,157.41600036621094,157.48800659179688,157.406005859375,157.46400451660156
2026-09-21T18:00:00Z,157.46299743652344,157.5050048828125,157.4499969482422,157.468994140625
2026-09-21T18:30:00Z,157.46299743652344,157.49899291992188,157.43600463867188,157.44500732421875
2026-09-21T19:00:00Z,157.447998046875,157.50599670410156,157.37600708007812,157.40499877929688
2026-09-21T19:30:00Z,157.39999389648438,157.4239959716797,157.3350067138672,157.42100524902344
2026-09-21T20:00:00Z,157.41799926757812,157.44200134277344,157.38699340820312,157.40499877929688
2026-09-21T20:30:00Z,157.39700317382812,157.41000366210938,157.302001953125,157.302001953125
2026-09-21T21:00:00Z,157.31100463867188,157.3679962158203,157.218994140625,157.33799743652344
2026-09-21T21:30:00Z,157.33799743652344,157.35699462890625,157.24400329589844,157.31700134277344
2026-09-21T22:00:00Z,157.27999877929688,157.44400024414062,157.27999877929688,157.34300231933594
2026-09-21T22:30:00Z,157.35299682617188,157.36900329589844,157.28700256347656,157.31100463867188
2026-09-21T23:00:00Z,157.30099487304688,157.38800048828125,157.28399658203125,157.36500549316406
2026-09-21T23:30:00Z,157.36900329589844,157.3990020751953,157.30799865722656,157.375
2026-09-22T00:00:00Z,157.37399291992188,157.40499877929688,157.3179931640625,157.33999633789062
2026-09-22T00:30:00Z,157.33799743652344,157.3820037841797,157.25799560546875,157.3470001220703
2026-09-22T01:00:00Z,157.3470001220703,157.47900390625,157.3470001220703,157.45399475097656
2026-09-22T01:30:00Z,157.46299743652344,157.57000732421875,157.4290008544922,157.51800537109375
2026-09-22T02:00:00Z,157.5290069580078,157.5290069580078,157.4239959716797,157.4459991455078
2026-09-22T02:30:00Z,157.44400024414062,157.50100708007812,157.41700744628906,157.4929962158203
2026-09-22T03:00:00Z,157.49200439453125,157.52499389648438,157.44700622558594,157.4669952392578
2026-09-22T03:30:00Z,157.4600067138672,157.5019989013672,157.38400268554688,157.49000549316406
2026-09-22T04:00:00Z,157.48300170898438,157.52999877929688,157.45399475097656,157.46499633789062
2026-09-22T04:30:00Z,157.46200561523438,157.4969940185547,157.4340057373047,157.46200561523438
2026-09-22T05:00:00Z,157.4550018310547,157.48599243164062,157.4239959716797,157.43299865722656
2026-09-22T05:30:00Z,157.43299865722656,157.49600219726562,157.43299865722656,157.45599365234375
2026-09-22T06:00:00Z,157.45599365234375,157.66299438476562,157.45399475097656,157.6300048828125
2026-09-22T06:30:00Z,157.63099670410156,157.68800354003906,157.5989990234375,157.60400390625
2026-09-22T07:00:00Z,157.60400390625,157.7469940185547,157.60400390625,157.71299743652344
2026-09-22T07:30:00Z,157.70700073242188,157.75900268554688,157.63999938964844,157.73699951171875
2026-09-22T08:00:00Z,157.7310028076172,157.7760009765625,157.6540069580078,157.6840057373047
2026-09-22T08:30:00Z,157.68699645996094,157.7259979248047,156.8470001220703,157.17100524902344
2026-09-22T09:00:00Z,157.16200256347656,157.29200744628906,157.11000061035156,157.125
2026-09-22T09:30:00Z,157.125,157.20700073242188,156.8489990234375,156.8679962158203
2026-09-22T10:00:00Z,156.87600708007812,157.10499572753906,156.8159942626953,157.06100463867188
2026-09-22T10:30:00Z,157.052001953125,157.08599853515625,156.9429931640625,157.01800537109375
2026-09-22T11:00:00Z,157.01800537109375,157.1909942626953,157.01400756835938,157.12600708007812
2026-09-22T11:30:00Z,157.1269989013672,157.218994140625,157.10299682617188,157.16000366210938
2026-09-22T12:00:00Z,157.15699768066406,157.2169952392578,157.06900024414062,157.16000366210938
2026-09-22T12:30:00Z,157.16200256347656,157.36099243164062,157.14999389648438,157.29600524902344
2026-09-22T13:00:00Z,157.3000030517578,157.34500122070312,157.1999969482422,157.33799743652344
2026-09-22T13:30:00Z,157.3300018310547,157.33999633789062,157.1649932861328,157.2779998779297
2026-09-22T14:00:00Z,157.27000427246094,157.3419952392578,157.21299743652344,157.21299743652344
2026-09-22T14:30:00Z,157.21400451660156,157.38400268554688,157.1540069580078,157.26800537109375
2026-09-22T15:00:00Z,157.26699829101562,157.39599609375,157.26699829101562,157.38299560546875
2026-09-22T15:30:00Z,157.3780059814453,157.56300354003906,157.36700439453125,157.552001953125
2026-09-22T16:00:00Z,157.54400634765625,157.60400390625,157.54400634765625,157.57899475097656
2026-09-22T16:30:00Z,157.5749969482422,157.58599853515625,157.43600463867188,157.4550018310547
2026-09-22T17:00:00Z,157.4550018310547,157.552001953125,157.45399475097656,157.48800659179688
2026-09-22T17:30:00Z,157.48199462890625,157.58999633789062,157.35499572753906,157.40899658203125
2026-09-22T18:00:00Z,157.4080047607422,157.45199584960938,157.343994140625,157.447998046875
2026-09-22T18:30:00Z,157.44400024414062,157.51600646972656,157.4320068359375,157.49099731445312
2026-09-22T19:00:00Z,157.4980010986328,157.51100158691406,157.4040069580078,157.40499877929688
2026-09-22T19:30:00Z,157.40499877929688,157.4219970703125,157.2259979248047,157.41600036621094
2026-09-22T20:00:00Z,157.40899658203125,157.4199981689453,157.35899353027344,157.37100219726562
2026-09-22T20:30:00Z,157.36599731445312,157.41600036621094,157.3419952392578,157.39500427246094
2026-09-22T21:00:00Z,157.30799865722656,157.41799926757812,157.30799865722656,157.41299438476562
2026-09-22T21:30:00Z,157.406005859375,157.41700744628906,157.30599975585938,157.34300231933594
2026-09-22T22:00:00Z,157.33799743652344,157.47999572753906,157.2899932861328,157.44200134277344
2026-09-22T22:30:00Z,157.44700622558594,157.49000549316406,157.41400146484375,157.47000122070312
2026-09-22T23:00:00Z,157.43899536132812,157.50399780273438,157.42799377441406,157.46499633789062
2026-09-22T23:30:00Z,157.46299743652344,157.4980010986328,157.43600463867188,157.46099853515625
2026-09-23T00:00:00Z,157.45199584960938,157.5659942626953,157.4250030517578,157.4759979248047
2026-09-23T00:30:00Z,157.48399353027344,157.58299255371094,157.4669952392578,157.57899475097656
2026-09-23T01:00:00Z,157.5749969482422,157.6649932861328,157.55299377441406,157.6479949951172
2026-09-23T01:30:00Z,157.64500427246094,157.66000366210938,157.55599975585938,157.5760040283203
2026-09-23T02:00:00Z,157.5749969482422,157.65199279785156,157.5749969482422,157.61000061035156
2026-09-23T02:30:00Z,157.60499572753906,157.6490020751953,157.59500122070312,157.625
2026-09-23T03:00:00Z,157.625,157.65499877929688,157.5749969482422,157.60899353027344
2026-09-23T03:30:00Z,157.6009979248047,157.67599487304688,157.5919952392578,157.66299438476562
2026-09-23T04:00:00Z,157.66299438476562,157.677001953125,157.50599670410156,157.51199340820312
2026-09-23T04:30:00Z,157.51199340820312,157.6009979248047,157.51100158691406,157.58700561523438
2026-09-23T05:00:00Z,157.58700561523438,157.6219940185547,157.56700134277344,157.6219940185547
2026-09-23T05:30:00Z,157.61300659179688,157.68099975585938,157.61199951171875,157.64599609375
2026-09-23T06:00:00Z,157.64599609375,157.71400451660156,157.61599731445312,157.69400024414062
2026-09-23T06:30:00Z,157.69400024414062,157.71400451660156,157.6540069580078,157.70199584960938
2026-09-23T07:00:00Z,157.6999969482422,157.7899932861328,157.6929931640625,157.76699829101562
2026-09-23T07:30:00Z,157.76699829101562,157.85699462890625,157.75599670410156,157.75999450683594
2026-09-23T08:00:00Z,157.75999450683594,157.843994140625,157.73899841308594,157.8040008544922
2026-09-23T08:30:00Z,157.8040008544922,157.87899780273438,157.7689971923828,157.8780059814453
2026-09-23T09:00:00Z,157.87100219726562,157.89999389648438,157.8489990234375,157.875
2026-09-23T09:30:00Z,157.87899780273438,157.91799926757812,157.82899475097656,157.8459930419922
2026-09-23T10:00:00Z,157.83799743652344,157.85899353027344,157.7689971923828,157.82400512695312
2026-09-23T10:30:00Z,157.8249969482422,157.86700439453125,157.7969970703125,157.822998046875
2026-09-23T11:00:00Z,157.82200622558594,157.947998046875,157.7989959716797,157.91099548339844
2026-09-23T11:30:00Z,157.9040069580078,157.9739990234375,157.87899780273438,157.91600036621094
2026-09-23T12:00:00Z,157.91200256347656,157.97500610351562,157.9010009765625,157.9340057373047
2026-09-23T12:30:00Z,157.92999267578125,157.98500061035156,157.8769989013672,157.8800048828125
2026-09-23T13:00:00Z,157.8800048828125,157.99200439453125,157.79299926757812,157.7969970703125
2026-09-23T13:30:00Z,157.79400634765625,158.28500366210938,157.76400756835938,158.23199462890625
2026-09-23T14:00:00Z,158.24099731445312,158.36500549316406,158.1219940185547,158.3520050048828
2026-09-23T14:30:00Z,158.34500122070312,158.35299682617188,158.01499938964844,158.18499755859375
2026-09-23T15:00:00Z,158.18299865722656,158.35299682617188,158.15899658203125,158.33700561523438
2026-09-23T15:30:00Z,158.33700561523438,158.3990020751953,158.2899932861328,158.29400634765625
2026-09-23T16:00:00Z,158.29400634765625,158.35299682617188,158.23300170898438,158.23800659179688
2026-09-23T16:30:00Z,158.24400329589844,158.38299560546875,158.20799255371094,158.36399841308594
2026-09-23T17:00:00Z,158.35699462890625,158.4010009765625,158.3040008544922,158.31300354003906
2026-09-23T17:30:00Z,158.30499267578125,158.38699340820312,158.0970001220703,158.1929931640625
2026-09-23T18:00:00Z,158.19200134277344,158.3249969482422,158.14599609375,158.30499267578125
2026-09-23T18:30:00Z,158.2989959716797,158.33099365234375,158.25799560546875,158.25999450683594
2026-09-23T19:00:00Z,158.26800537109375,158.33200073242188,158.2429962158203,158.29100036621094
2026-09-23T19:30:00Z,158.2949981689453,158.36700439453125,158.24200439453125,158.3459930419922
2026-09-23T20:00:00Z,158.3520050048828,158.36500549316406,158.28900146484375,158.31900024414062
2026-09-23T20:30:00Z,158.31500244140625,158.36900329589844,158.28700256347656,158.30499267578125
2026-09-23T21:00:00Z,158.28700256347656,158.3509979248047,158.21400451660156,158.23699951171875
2026-09-23T21:30:00Z,158.24099731445312,158.30299377441406,158.177001953125,158.2779998779297
2026-09-23T22:00:00Z,158.2790069580078,158.31900024414062,158.22799682617188,158.26800537109375
2026-09-23T22:30:00Z,158.26800537109375,158.3090057373047,158.25999450683594,158.26600646972656
2026-09-23T23:00:00Z,158.25399780273438,158.35000610351562,158.218994140625,158.3459930419922
2026-09-23T23:30:00Z,158.33599853515625,158.36900329589844,158.24200439453125,158.25799560546875
2026-09-24T00:00:00Z,158.26800537109375,158.3509979248047,158.1269989013672,158.19400024414062
2026-09-24T00:30:00Z,158.1909942626953,158.3159942626953,157.8990020751953,158.05599975585938
2026-09-24T01:00:00Z,158.05499267578125,158.10299682617188,157.8350067138672,157.9010009765625
2026-09-24T01:30:00Z,157.90199279785156,157.99099731445312,157.82899475097656,157.86599731445312
2026-09-24T02:00:00Z,157.86599731445312,157.968994140625,157.8000030517578,157.82699584960938
2026-09-24T02:30:00Z,157.81900024414062,157.90499877929688,157.79100036621094,157.89500427246094
2026-09-24T03:00:00Z,157.89599609375,158.0399932861328,157.8560028076172,158.02699279785156
2026-09-24T03:30:00Z,158.02699279785156,158.09800720214844,158.01499938964844,158.03500366210938
2026-09-24T04:00:00Z,158.031005859375,158.0760040283203,157.9459991455078,157.97799682617188
2026-09-24T04:30:00Z,157.968994140625,157.9810028076172,157.83900451660156,157.88600158691406
2026-09-24T05:00:00Z,157.88699340820312,157.98500061035156,157.83799743652344,157.95199584960938
2026-09-24T05:30:00Z,157.95199584960938,158.2449951171875,157.94900512695312,158.2169952392578
2026-09-24T06:00:00Z,158.2169952392578,158.41299438476562,158.15699768066406,158.3979949951172
2026-09-24T06:30:00Z,158.39599609375,158.48599243164062,158.36500549316406,158.43099975585938
2026-09-24T07:00:00Z,158.4320068359375,158.4550018310547,158.32899475097656,158.32899475097656
2026-09-24T07:30:00Z,158.32899475097656,158.36599731445312,158.0659942626953,158.20899963378906
2026-09-24T08:00:00Z,158.20199584960938,158.43699645996094,158.10499572753906,158.41700744628906
2026-09-24T08:30:00Z,158.4149932861328,158.4929962158203,158.32200622558594,158.48300170898438
2026-09-24T09:00:00Z,158.48699951171875,158.73399353027344,158.48399353027344,158.69000244140625
2026-09-24T09:30:00Z,158.6959991455078,158.78700256347656,158.63800048828125,158.7469940185547
2026-09-24T10:00:00Z,158.7469940185547,158.80299377441406,158.72799682617188,158.781005859375
2026-09-24T10:30:00Z,158.7729949951172,158.7949981689453,158.70700073242188,158.73699951171875
2026-09-24T11:00:00Z,158.73800659179688,158.7969970703125,158.63900756835938,158.78700256347656
2026-09-24T11:30:00Z,158.78799438476562,158.88699340820312,158.7469940185547,158.8209991455078
2026-09-24T12:00:00Z,158.8179931640625,158.86599731445312,158.74899291992188,158.7760009765625
2026-09-24T12:30:00Z,158.76100158691406,158.8509979248047,158.65699768066406,158.68899536132812
2026-09-24T13:00:00Z,158.6820068359375,158.84300231933594,158.6009979248047,158.8350067138672
2026-09-24T13:30:00Z,158.83200073242188,158.8730010986328,158.6929931640625,158.6959991455078
2026-09-24T14:00:00Z,158.69900512695312,158.8260040283203,158.65199279785156,158.781005859375
2026-09-24T14:30:00Z,158.77999877929688,158.9010009765625,158.72900390625,158.89100646972656
2026-09-24T15:00:00Z,158.89500427246094,158.99000549316406,158.8730010986328,158.97799682617188
2026-09-24T15:30:00Z,158.9720001220703,159.03599548339844,158.86599731445312,158.91900634765625
2026-09-24T16:00:00Z,158.91900634765625,158.93800354003906,158.61700439453125,158.73800659179688
2026-09-24T16:30:00Z,158.72999572753906,158.8179931640625,158.6490020751953,158.80099487304688
2026-09-24T17:00:00Z,158.80499267578125,158.89599609375,158.67999267578125,158.88800048828125
2026-09-24T17:30:00Z,158.88600158691406,158.93899536132812,158.8350067138672,158.91000366210938
2026-09-24T18:00:00Z,158.91000366210938,159.02999877929688,158.79800415039062,158.8070068359375
2026-09-24T18:30:00Z,158.81100463867188,158.87600708007812,158.7570037841797,158.8520050048828
2026-09-24T19:00:00Z,158.8509979248047,158.94400024414062,158.8179931640625,158.9040069580078
2026-09-24T19:30:00Z,158.9040069580078,158.91200256347656,158.83299255371094,158.88900756835938
2026-09-24T20:00:00Z,158.88999938964844,158.947998046875,158.8719940185547,158.9250030517578
2026-09-24T20:30:00Z,158.9199981689453,158.94700622558594,158.82000732421875,158.83200073242188
2026-09-24T21:00:00Z,158.83599853515625,158.92599487304688,158.7480010986328,158.78700256347656
2026-09-24T21:30:00Z,158.78500366210938,158.8179931640625,158.73300170898438,158.79600524902344
2026-09-24T22:00:00Z,158.7969970703125,158.8560028076172,158.7519989013672,158.7790069580078
2026-09-24T22:30:00Z,158.7790069580078,158.81399536132812,158.72500610351562,158.7550048828125
2026-09-24T23:00:00Z,158.7550048828125,158.8459930419922,158.74000549316406,158.81900024414062
2026-09-24T23:30:00Z,158.82000732421875,158.84500122070312,158.76499938964844,158.83900451660156
2026-09-25T00:00:00Z,158.8300018310547,158.8509979248047,158.71600341796875,158.7209930419922
2026-09-25T00:30:00Z,158.7209930419922,158.7469940185547,158.63400268554688,158.64599609375
2026-09-25T01:00:00Z,158.64599609375,158.69400024414062,158.6060028076172,158.66600036621094
2026-09-25T01:30:00Z,158.6649932861328,158.70599365234375,158.5800018310547,158.60400390625
2026-09-25T02:00:00Z,158.60400390625,158.61199951171875,158.31700134277344,158.4010009765625
2026-09-25T02:30:00Z,158.39999389648438,158.5,158.37899780273438,158.46499633789062
2026-09-25T03:00:00Z,158.46600341796875,158.47000122070312,158.35499572753906,158.42300415039062
2026-09-25T03:30:00Z,158.41700744628906,158.4510040283203,158.302001953125,158.35499572753906
2026-09-25T04:00:00Z,158.35499572753906,158.38900756835938,158.27200317382812,158.37399291992188
2026-09-25T04:30:00Z,158.37899780273438,158.45700073242188,158.36599731445312,158.41400146484375
2026-09-25T05:00:00Z,158.41799926757812,158.4239959716797,158.10899353027344,158.17300415039062
2026-09-25T05:30:00Z,158.16700744628906,158.2740020751953,158.11099243164062,158.26199340820312
2026-09-25T06:00:00Z,158.2550048828125,158.25599670410156,157.94500732421875,158.14700317382812
2026-09-25T06:30:00Z,158.14700317382812,158.16200256347656,157.95700073242188,158.04800415039062
2026-09-25T07:00:00Z,158.04800415039062,158.11099243164062,157.9459991455078,158.0919952392578
2026-09-25T07:30:00Z,158.08700561523438,158.1580047607422,158.01300048828125,158.0919952392578
2026-09-25T08:00:00Z,158.0850067138672,158.29400634765625,158.08399963378906,158.25900268554688
2026-09-25T08:30:00Z,158.25900268554688,158.27099609375,158.093994140625,158.11900329589844
2026-09-25T09:00:00Z,158.1219940185547,158.14500427246094,157.6540069580078,157.92100524902344
2026-09-25T09:30:00Z,157.9149932861328,158.1179962158203,157.8699951171875,158.05099487304688
2026-09-25T10:00:00Z,158.0570068359375,158.0679931640625,157.78500366210938,157.86099243164062
2026-09-25T10:30:00Z,157.86099243164062,157.87399291992188,157.72500610351562,157.83399963378906
2026-09-25T11:00:00Z,157.83700561523438,157.85800170898438,157.53799438476562,157.66700744628906
2026-09-25T11:30:00Z,157.66799926757812,157.70799255371094,157.48800659179688,157.58399963378906
2026-09-25T12:00:00Z,157.58900451660156,157.70399475097656,157.53399658203125,157.65199279785156
2026-09-25T12:30:00Z,157.64500427246094,157.76699829101562,157.49600219726562,157.49899291992188
2026-09-25T13:00:00Z,157.50900268554688,157.531005859375,156.968994140625,157.0540008544922
2026-09-25T13:30:00Z,157.05999755859375,157.15499877929688,156.9320068359375,157.02999877929688
2026-09-25T14:00:00Z,157.0240020751953,157.45799255371094,156.99899291992188,157.4499969482422
2026-09-25T14:30:00Z,157.44900512695312,157.4720001220703,157.13299560546875,157.1479949951172
2026-09-25T15:00:00Z,157.14199829101562,157.43800354003906,157.1300048828125,157.36199951171875
2026-09-25T15:30:00Z,157.36700439453125,157.44700622558594,157.16600036621094,157.17599487304688
2026-09-25T16:00:00Z,157.1820068359375,157.18499755859375,156.96400451660156,157.10499572753906
2026-09-25T16:30:00Z,157.09800720214844,157.2550048828125,157.093994140625,157.197998046875
2026-09-25T17:00:00Z,157.19900512695312,157.33700561523438,157.19000244140625,157.3070068359375
2026-09-25T17:30:00Z,157.30799865722656,157.37600708007812,157.2100067138672,157.2469940185547
2026-09-25T18:00:00Z,157.24000549316406,157.30999755859375,157.21099853515625,157.23699951171875
2026-09-25T18:30:00Z,157.23699951171875,157.24899291992188,157.10800170898438,157.12600708007812
2026-09-25T19:00:00Z,157.1269989013672,157.21200561523438,157.10400390625,157.19900512695312
2026-09-25T19:30:00Z,157.19700622558594,157.26100158691406,157.1280059814453,157.26100158691406
2026-09-25T20:00:00Z,157.2530059814453,157.2969970703125,157.1929931640625,157.26300048828125
2026-09-25T20:30:00Z,157.26300048828125,157.33399963378906,157.25,157.25799560546875
2026-09-25T21:00:00Z,157.18499755859375,157.18499755859375,157.18499755859375,157.18499755859375
2026-09-27T23:00:00Z,157.62100219726562,157.63400268554688,157.5229949951172,157.5679931640625
2026-09-27T23:30:00Z,157.56500244140625,157.63099670410156,157.41799926757812,157.4320068359375
2026-09-28T00:00:00Z,157.42300415039062,157.7949981689453,157.41600036621094,157.73500061035156
2026-09-28T00:30:00Z,157.73800659179688,157.84100341796875,157.67100524902344,157.802001953125
2026-09-28T01:00:00Z,157.79800415039062,157.85699462890625,157.70799255371094,157.73800659179688
2026-09-28T01:30:00Z,157.7429962158203,157.8470001220703,157.69200134277344,157.73899841308594
2026-09-28T02:00:00Z,157.7310028076172,157.76600646972656,157.65499877929688,157.7239990234375
2026-09-28T02:30:00Z,157.72300720214844,157.7689971923828,157.66799926757812,157.68800354003906
2026-09-28T03:00:00Z,157.68299865722656,157.7969970703125,157.66000366210938,157.74600219726562
2026-09-28T03:30:00Z,157.74600219726562,157.8260040283203,157.74000549316406,157.77999877929688
2026-09-28T04:00:00Z,157.78199768066406,157.80799865722656,157.7050018310547,157.7220001220703
2026-09-28T04:30:00Z,157.71499633789062,157.80299377441406,157.64999389648438,157.76100158691406
2026-09-28T05:00:00Z,157.75900268554688,157.802001953125,157.7030029296875,157.73399353027344
2026-09-28T05:30:00Z,157.7270050048828,157.77000427246094,157.64599609375,157.6719970703125
2026-09-28T06:00:00Z,157.6649932861328,157.77999877929688,157.57699584960938,157.63299560546875
2026-09-28T06:30:00Z,157.6269989013672,157.6439971923828,157.36199951171875,157.49400329589844
2026-09-28T07:00:00Z,157.49400329589844,157.60499572753906,157.4409942626953,157.45599365234375
2026-09-28T07:30:00Z,157.4499969482422,157.56300354003906,157.2030029296875,157.2259979248047
2026-09-28T08:00:00Z,157.22500610351562,157.23500061035156,156.4980010986328,156.78900146484375
2026-09-28T08:30:00Z,156.7830047607422,156.947998046875,156.63499450683594,156.8990020751953
2026-09-28T09:00:00Z,156.90199279785156,157.0760040283203,156.8280029296875,157.06399536132812
2026-09-28T09:30:00Z,157.0570068359375,157.0800018310547,156.95399475097656,156.9759979248047
2026-09-28T10:00:00Z,156.96400451660156,157.1490020751953,156.9499969482422,157.0760040283203
2026-09-28T10:30:00Z,157.0679931640625,157.1300048828125,157.00399780273438,157.0229949951172
2026-09-28T11:00:00Z,157.031005859375,157.11000061035156,156.87600708007812,156.8800048828125
2026-09-28T11:30:00Z,156.87899780273438,157.0330047607422,156.8459930419922,156.96299743652344
2026-09-28T12:00:00Z,156.9669952392578,157.08799743652344,156.84100341796875,157.07699584960938
2026-09-28T12:30:00Z,157.07200622558594,157.24400329589844,157.03700256347656,157.15499877929688
2026-09-28T13:00:00Z,157.16099548339844,157.2570037841797,157.1280059814453,157.1540069580078
2026-09-28T13:30:00Z,157.1540069580078,157.21099853515625,157.03399658203125,157.14199829101562
2026-09-28T14:00:00Z,157.13600158691406,157.24400329589844,157.07200622558594,157.21400451660156
2026-09-28T14:30:00Z,157.21499633789062,157.5659942626953,157.17999267578125,157.54600524902344
2026-09-28T15:00:00Z,157.54400634765625,157.5850067138672,157.36599731445312,157.39599609375
2026-09-28T15:30:00Z,157.39599609375,157.45799255371094,157.36599731445312,157.4429931640625
2026-09-28T16:00:00Z,157.43699645996094,157.4459991455078,156.98899841308594,157.07000732421875
2026-09-28T16:30:00Z,157.07000732421875,157.33700561523438,157.0540008544922,157.302001953125
2026-09-28T17:00:00Z,157.3070068359375,157.40199279785156,157.06199645996094,157.22900390625
2026-09-28T17:30:00Z,157.23199462890625,157.281005859375,157.18899536132812,157.25999450683594
2026-09-28T18:00:00Z,157.25799560546875,157.3459930419922,157.21200561523438,157.3350067138672
2026-09-28T18:30:00Z,157.33399963378906,157.45700073242188,157.31199645996094,157.39599609375
2026-09-28T19:00:00Z,157.39999389648438,157.4739990234375,157.36500549316406,157.3699951171875
2026-09-28T19:30:00Z,157.3699951171875,157.45199584960938,157.34800720214844,157.4250030517578
2026-09-28T20:00:00Z,157.41799926757812,157.43899536132812,157.35800170898438,157.3780059814453
2026-09-28T20:30:00Z,157.38600158691406,157.41299438476562,157.33599853515625,157.33599853515625
2026-09-28T21:00:00Z,157.36599731445312,157.42999267578125,157.31199645996094,157.3509979248047
2026-09-28T21:30:00Z,157.36700439453125,157.39100646972656,157.33200073242188,157.375
2026-09-28T22:00:00Z,157.3800048828125,157.41700744628906,157.3489990234375,157.3489990234375
2026-09-28T22:30:00Z,157.3489990234375,157.43800354003906,157.3489990234375,157.43299865722656
2026-09-28T23:00:00Z,157.38699340820312,157.4409942626953,157.38699340820312,157.38999938964844
2026-09-28T23:30:00Z,157.38999938964844,157.39700317382812,157.29200744628906,157.36199951171875
2026-09-29T00:00:00Z,157.3520050048828,157.49400329589844,157.34100341796875,157.44900512695312
2026-09-29T00:30:00Z,157.4409942626953,157.53500366210938,157.3179931640625,157.3419952392578
2026-09-29T01:00:00Z,157.3489990234375,157.41299438476562,157.2259979248047,157.38299560546875
2026-09-29T01:30:00Z,157.37600708007812,157.5850067138672,157.32899475097656,157.4739990234375
2026-09-29T02:00:00Z,157.47900390625,157.4969940185547,157.2969970703125,157.33299255371094
2026-09-29T02:30:00Z,157.33399963378906,157.4010009765625,157.2570037841797,157.3560028076172
2026-09-29T03:00:00Z,157.3560028076172,157.38800048828125,157.19900512695312,157.25999450683594
2026-09-29T03:30:00Z,157.26800537109375,157.43600463867188,157.25599670410156,157.41400146484375
2026-09-29T04:00:00Z,157.40699768066406,157.46200561523438,157.38699340820312,157.4290008544922
2026-09-29T04:30:00Z,157.4290008544922,157.55099487304688,157.4290008544922,157.53799438476562
2026-09-29T05:00:00Z,157.5399932861328,157.55599975585938,157.42599487304688,157.43099975585938
2026-09-29T05:30:00Z,157.427001953125,157.5050048828125,157.31399536132812,157.3489990234375
2026-09-29T06:00:00Z,157.34500122070312,157.35499572753906,157.21800231933594,157.33200073242188
2026-09-29T06:30:00Z,157.33299255371094,157.47300720214844,157.33099365234375,157.46499633789062
2026-09-29T07:00:00Z,157.46800231933594,157.52699279785156,157.25,157.26600646972656
2026-09-29T07:30:00Z,157.26600646972656,157.40699768066406,157.23199462890625,157.37600708007812
2026-09-29T08:00:00Z,157.3769989013672,157.4759979248047,157.36900329589844,157.4239959716797
2026-09-29T08:30:00Z,157.42300415039062,157.45399475097656,157.35499572753906,157.36000061035156
2026-09-29T09:00:00Z,157.36000061035156,157.47300720214844,157.35400390625,157.4199981689453
2026-09-29T09:30:00Z,157.42100524902344,157.7030029296875,157.3699951171875,157.69500732421875
2026-09-29T10:00:00Z,157.69500732421875,157.71600341796875,157.45899963378906,157.4600067138672
2026-09-29T10:30:00Z,157.46499633789062,157.4929962158203,157.18899536132812,157.197998046875
2026-09-29T11:00:00Z,157.1959991455078,157.3090057373047,157.18499755859375,157.26499938964844
2026-09-29T11:30:00Z,157.26100158691406,157.31700134277344,157.1269989013672,157.16000366210938
2026-09-29T12:00:00Z,157.1580047607422,157.26699829101562,156.9759979248047,157.218994140625
2026-09-29T12:30:00Z,157.22300720214844,157.35499572753906,157.18600463867188,157.33999633789062
2026-09-29T13:00:00Z,157.33999633789062,157.3939971923828,157.2949981689453,157.343994140625
2026-09-29T13:30:00Z,157.3470001220703,157.53500366210938,157.34100341796875,157.4600067138672
2026-09-29T14:00:00Z,157.4600067138672,157.48399353027344,157.33799743652344,157.3769989013672
2026-09-29T14:30:00Z,157.38299560546875,157.58700561523438,157.30099487304688,157.5749969482422
2026-09-29T15:00:00Z,157.57200622558594,157.6959991455078,157.53399658203125,157.67799377441406
2026-09-29T15:30:00Z,157.6790008544922,157.68299865722656,157.43499755859375,157.5
2026-09-29T16:00:00Z,157.4969940185547,157.5290069580078,157.41000366210938,157.427001953125
2026-09-29T16:30:00Z,157.4239959716797,157.5279998779297,157.3800048828125,157.46099853515625
2026-09-29T17:00:00Z,157.45599365234375,157.5,157.3939971923828,157.40899658203125
2026-09-29T17:30:00Z,157.4080047607422,157.5240020751953,157.38299560546875,157.48599243164062
2026-09-29T18:00:00Z,157.48500061035156,157.48800659179688,157.1959991455078,157.22000122070312
2026-09-29T18:30:00Z,157.2270050048828,157.28500366210938,157.15499877929688,157.20899963378906
2026-09-29T19:00:00Z,157.21299743652344,157.2740020751953,157.18499755859375,157.24400329589844
2026-09-29T19:30:00Z,157.2449951171875,157.33599853515625,157.21800231933594,157.33200073242188
2026-09-29T20:00:00Z,157.33099365234375,157.3939971923828,157.31199645996094,157.3699951171875
2026-09-29T20:30:00Z,157.3699951171875,157.3820037841797,157.25900268554688,157.2760009765625
2026-09-29T21:00:00Z,157.27000427246094,157.31100463867188,157.26100158691406,157.27200317382812
2026-09-29T21:30:00Z,157.2760009765625,157.2989959716797,157.2239990234375,157.26400756835938
2026-09-29T22:00:00Z,157.26199340820312,157.34100341796875,157.22500610351562,157.31399536132812
2026-09-29T22:30:00Z,157.32200622558594,157.37399291992188,157.31300354003906,157.35899353027344
2026-09-29T23:00:00Z,157.35899353027344,157.39599609375,157.3300018310547,157.3730010986328
2026-09-29T23:30:00Z,157.3719940185547,157.46099853515625,157.3719940185547,157.4199981689453
2026-09-30T00:00:00Z,157.4199981689453,157.43699645996094,157.29600524902344,157.3209991455078
2026-09-30T00:30:00Z,157.32400512695312,157.3719940185547,157.0330047607422,157.1179962158203
2026-09-30T01:00:00Z,157.11599731445312,157.1479949951172,156.8260040283203,156.9029998779297
2026-09-30T01:30:00Z,156.9080047607422,156.91900634765625,156.60899353027344,156.74600219726562
2026-09-30T02:00:00Z,156.7530059814453,156.7830047607422,156.3699951171875,156.43699645996094
2026-09-30T02:30:00Z,156.4290008544922,156.72999572753906,156.41299438476562,156.66200256347656
2026-09-30T03:00:00Z,156.66000366210938,156.7570037841797,156.54600524902344,156.5590057373047
2026-09-30T03:30:00Z,156.55599975585938,156.89300537109375,156.55599975585938,156.8679962158203
2026-09-30T04:00:00Z,156.87600708007812,156.98599243164062,156.79200744628906,156.97000122070312
2026-09-30T04:30:00Z,156.97799682617188,157.25900268554688,156.9550018310547,157.13600158691406
2026-09-30T05:00:00Z,157.1439971923828,157.1580047607422,156.98199462890625,156.98699951171875
2026-09-30T05:30:00Z,156.98599243164062,157.03599548339844,156.85699462890625,156.88800048828125
2026-09-30T06:00:00Z,156.88400268554688,156.99600219726562,156.73500061035156,156.8070068359375
2026-09-30T06:30:00Z,156.80499267578125,157.0469970703125,156.77499389648438,156.83299255371094
2026-09-30T07:00:00Z,156.83900451660156,156.88299560546875,156.64599609375,156.86700439453125
2026-09-30T07:30:00Z,156.86399841308594,156.9199981689453,156.76499938964844,156.88299560546875
2026-09-30T08:00:00Z,156.89300537109375,156.99600219726562,156.8509979248047,156.94000244140625
2026-09-30T08:30:00Z,156.94000244140625,157.0050048828125,156.85499572753906,156.95700073242188
2026-09-30T09:00:00Z,156.96400451660156,157.08700561523438,156.94700622558594,157.08399963378906
2026-09-30T09:30:00Z,157.08099365234375,157.10000610351562,157.02200317382812,157.06100463867188
2026-09-30T10:00:00Z,157.05599975585938,157.06700134277344,156.875,156.9250030517578
2026-09-30T10:30:00Z,156.93299865722656,157.0850067138672,156.906005859375,157.0260009765625
2026-09-30T11:00:00Z,157.03399658203125,157.13900756835938,156.91000366210938,156.95199584960938
2026-09-30T11:30:00Z,156.9499969482422,157.0989990234375,156.93499755859375,157.02200317382812
2026-09-30T12:00:00Z,157.02200317382812,157.08900451660156,156.9010009765625,156.92599487304688
2026-09-30T12:30:00Z,156.9340057373047,157.0570068359375,156.6439971923828,156.8560028076172
2026-09-30T13:00:00Z,156.85699462890625,156.9510040283203,156.75799560546875,156.85800170898438
2026-09-30T13:30:00Z,156.8520050048828,156.9199981689453,156.72300720214844,156.79299926757812
2026-09-30T14:00:00Z,156.7989959716797,157.00399780273438,156.78799438476562,156.96600341796875
2026-09-30T14:30:00Z,156.96499633789062,157.1699981689453,156.89500427246094,157.13400268554688
2026-09-30T15:00:00Z,157.12600708007812,157.24099731445312,157.0449981689453,157.14599609375
2026-09-30T15:30:00Z,157.14500427246094,157.26600646972656,157.13499450683594,157.24400329589844
2026-09-30T16:00:00Z,157.24400329589844,157.3679962158203,157.24400329589844,157.3090057373047
2026-09-30T16:30:00Z,157.3090057373047,157.35499572753906,157.25799560546875,157.26699829101562
2026-09-30T17:00:00Z,157.26600646972656,157.29299926757812,157.22999572753906,157.26199340820312
2026-09-30T17:30:00Z,157.26300048828125,157.33700561523438,157.2530059814453,157.3000030517578
2026-09-30T18:00:00Z,157.3000030517578,157.39300537109375,157.2949981689453,157.30599975585938
2026-09-30T18:30:00Z,157.31100463867188,157.35899353027344,157.29400634765625,157.3280029296875
2026-09-30T19:00:00Z,157.3209991455078,157.37399291992188,157.3159942626953,157.33599853515625
2026-09-30T19:30:00Z,157.33599853515625,157.43099975585938,157.33099365234375,157.38600158691406
2026-09-30T20:00:00Z,157.3990020751953,157.54100036621094,157.38400268554688,157.4720001220703
2026-09-30T20:30:00Z,157.46400451660156,157.48300170898438,157.38099670410156,157.39199829101562
2026-09-30T21:00:00Z,157.37899780273438,157.45199584960938,157.3260040283203,157.343994140625
2026-09-30T21:30:00Z,157.32899475097656,157.3769989013672,157.30999755859375,157.32699584960938
2026-09-30T22:00:00Z,157.30799865722656,157.44500732421875,157.30299377441406,157.43299865722656
2026-09-30T22:30:00Z,157.42300415039062,157.44900512695312,157.38499450683594,157.4340057373047
2026-09-30T23:00:00Z,157.41700744628906,157.43499755859375,157.36500549316406,157.38699340820312
2026-09-30T23:30:00Z,157.39199829101562,157.58599853515625,157.37600708007812,157.5659942626953
2026-10-01T00:00:00Z,157.55799865722656,157.7689971923828,157.5489959716797,157.71200561523438
2026-10-01T00:30:00Z,157.70899963378906,157.93899536132812,157.70899963378906,157.91799926757812
2026-10-01T01:00:00Z,157.9080047607422,157.99200439453125,157.80999755859375,157.98399353027344
2026-10-01T01:30:00Z,157.9810028076172,158.21600341796875,157.9770050048828,158.15699768066406
2026-10-01T02:00:00Z,158.14300537109375,158.2220001220703,158.0489959716797,158.06100463867188
2026-10-01T02:30:00Z,158.06100463867188,158.19900512695312,158.0399932861328,158.10899353027344
2026-10-01T03:00:00Z,158.11199951171875,158.177001953125,158.06700134277344,158.1439971923828
2026-10-01T03:30:00Z,158.1439971923828,158.1909942626953,158.0780029296875,158.11099243164062
2026-10-01T04:00:00Z,158.11000061035156,158.2989959716797,158.0989990234375,158.26400756835938
2026-10-01T04:30:00Z,158.26600646972656,158.30099487304688,158.17999267578125,158.2790069580078
2026-10-01T05:00:00Z,158.2689971923828,158.35499572753906,158.2530059814453,158.30999755859375
2026-10-01T05:30:00Z,158.31100463867188,158.40199279785156,158.2689971923828,158.3820037841797
2026-10-01T06:00:00Z,158.37600708007812,158.38900756835938,158.16299438476562,158.27499389648438
2026-10-01T06:30:00Z,158.26699829101562,158.29400634765625,158.09300231933594,158.1479949951172
2026-10-01T07:00:00Z,158.14500427246094,158.45399475097656,158.12899780273438,158.4219970703125
2026-10-01T07:30:00Z,158.42599487304688,158.447998046875,158.1959991455078,158.38099670410156
2026-10-01T08:00:00Z,158.3780059814453,158.44700622558594,158.25399780273438,158.36199951171875
2026-10-01T08:30:00Z,158.36000061035156,158.4429931640625,158.24600219726562,158.37899780273438
2026-10-01T09:00:00Z,158.3780059814453,158.39199829101562,158.26499938964844,158.37899780273438
2026-10-01T09:30:00Z,158.38499450683594,158.4530029296875,158.33099365234375,158.34800720214844
2026-10-01T10:00:00Z,158.35000610351562,158.39300537109375,158.1739959716797,158.1739959716797
2026-10-01T10:30:00Z,158.17300415039062,158.2449951171875,158.07000732421875,158.1199951171875
2026-10-01T11:00:00Z,158.1269989013672,158.24400329589844,158.0540008544922,158.20599365234375
2026-10-01T11:30:00Z,158.2050018310547,158.21800231933594,157.8679962158203,157.93600463867188
2026-10-01T12:00:00Z,157.94500732421875,158.0240020751953,157.8699951171875,157.9770050048828
2026-10-01T12:30:00Z,157.96200561523438,158.0449981689453,157.87600708007812,158.01699829101562
2026-10-01T13:00:00Z,158.0240020751953,158.05299377441406,157.9320068359375,157.98699951171875
2026-10-01T13:30:00Z,157.98599243164062,158.01800537109375,157.86500549316406,157.89300537109375
2026-10-01T14:00:00Z,157.9040069580078,158.13499450683594,157.85800170898438,157.90499877929688
2026-10-01T14:30:00Z,157.90899658203125,157.9219970703125,157.21499633789062,157.73899841308594
2026-10-01T15:00:00Z,157.73500061035156,157.9239959716797,157.43699645996094,157.48899841308594
2026-10-01T15:30:00Z,157.49099731445312,157.6909942626953,157.36900329589844,157.6269989013672
2026-10-01T16:00:00Z,157.63499450683594,157.72799682617188,157.5070037841797,157.6790008544922
2026-10-01T16:30:00Z,157.67999267578125,157.8769989013672,157.64199829101562,157.822998046875
2026-10-01T17:00:00Z,157.8179931640625,157.83900451660156,157.61300659179688,157.7429962158203
2026-10-01T17:30:00Z,157.74600219726562,158.07400512695312,157.6020050048828,158.06199645996094
2026-10-01T18:00:00Z,158.06199645996094,158.25799560546875,158.0570068359375,158.22300720214844
2026-10-01T18:30:00Z,158.2209930419922,158.25100708007812,158.07699584960938,158.12100219726562
2026-10-01T19:00:00Z,158.11700439453125,158.1280059814453,158.03199768066406,158.04400634765625
2026-10-01T19:30:00Z,158.03799438476562,158.15199279785156,157.98699951171875,158.125
2026-10-01T20:00:00Z,158.12600708007812,158.15699768066406,158.031005859375,158.06300354003906
2026-10-01T20:30:00Z,158.072998046875,158.093994140625,158.0050048828125,158.0570068359375
2026-10-01T21:00:00Z,158.06399536132812,158.1479949951172,158.0229949951172,158.04299926757812
2026-10-01T21:30:00Z,158.06100463867188,158.0850067138672,158.031005859375,158.06100463867188
2026-10-01T22:00:00Z,158.04600524902344,158.1750030517578,158.03199768066406,158.0919952392578
2026-10-01T22:30:00Z,158.07699584960938,158.10299682617188,158.02000427246094,158.02999877929688
2026-10-01T23:00:00Z,158.01499938964844,158.0570068359375,157.91299438476562,157.9770050048828
2026-10-01T23:30:00Z,157.98300170898438,157.99099731445312,157.8159942626953,157.93699645996094
2026-10-02T00:00:00Z,157.92999267578125,158.0570068359375,157.7790069580078,157.92799377441406
2026-10-02T00:30:00Z,157.9199981689453,158.15199279785156,157.90199279785156,158.13900756835938
2026-10-02T01:00:00Z,158.1300048828125,158.2209930419922,158.06900024414062,158.14100646972656
2026-10-02T01:30:00Z,158.14999389648438,158.1699981689453,158.07000732421875,158.0709991455078
2026-10-02T02:00:00Z,158.07200622558594,158.0919952392578,157.8040008544922,157.91700744628906
2026-10-02T02:30:00Z,157.9239959716797,158.0260009765625,157.91299438476562,157.968994140625
2026-10-02T03:00:00Z,157.96299743652344,157.98199462890625,157.87600708007812,157.88499450683594
2026-10-02T03:30:00Z,157.8939971923828,157.96499633789062,157.86300659179688,157.87600708007812
2026-10-02T04:00:00Z,157.87899780273438,157.92799377441406,157.80999755859375,157.86099243164062
2026-10-02T04:30:00Z,157.85400390625,157.88999938964844,157.75599670410156,157.85299682617188
2026-10-02T05:00:00Z,157.86099243164062,157.88600158691406,157.78799438476562,157.88299560546875
2026-10-02T05:30:00Z,157.8780059814453,157.8979949951172,157.7830047607422,157.8280029296875
2026-10-02T06:00:00Z,157.8300018310547,157.83200073242188,157.5290069580078,157.6280059814453
2026-10-02T06:30:00Z,157.63400268554688,157.85699462890625,157.6219940185547,157.81700134277344
2026-10-02T07:00:00Z,157.81700134277344,157.92300415039062,157.76600646972656,157.8419952392578
2026-10-02T07:30:00Z,157.8419952392578,157.8489990234375,157.50900268554688,157.58099365234375
2026-10-02T08:00:00Z,157.58700561523438,157.63999938964844,157.4669952392578,157.56900024414062
2026-10-02T08:30:00Z,157.57000732421875,157.6649932861328,157.5449981689453,157.552001953125
2026-10-02T09:00:00Z,157.5469970703125,157.63900756835938,157.4770050048828,157.49899291992188
2026-10-02T09:30:00Z,157.50100708007812,157.67999267578125,157.4969940185547,157.5679931640625
2026-10-02T10:00:00Z,157.56100463867188,157.71400451660156,157.5500030517578,157.62100219726562
2026-10-02T10:30:00Z,157.61599731445312,157.74200439453125,157.5279998779297,157.70700073242188
2026-10-02T11:00:00Z,157.71200561523438,157.81300354003906,157.67999267578125,157.802001953125
2026-10-02T11:30:00Z,157.7989959716797,157.80999755859375,157.56700134277344,157.68299865722656
2026-10-02T12:00:00Z,157.68099975585938,157.71600341796875,157.51199340820312,157.51199340820312
2026-10-02T12:30:00Z,157.53399658203125,157.5449981689453,156.93299865722656,157.16099548339844
2026-10-02T13:00:00Z,157.16900634765625,157.50399780273438,157.05299377441406,157.4239959716797
2026-10-02T13:30:00Z,157.4199981689453,157.63400268554688,157.41700744628906,157.47799682617188
2026-10-02T14:00:00Z,157.48300170898438,157.65899658203125,157.41700744628906,157.50399780273438
2026-10-02T14:30:00Z,157.50999450683594,157.75900268554688,157.406005859375,157.6580047607422
2026-10-02T15:00:00Z,157.66099548339844,157.802001953125,157.63999938964844,157.71299743652344
2026-10-02T15:30:00Z,157.71299743652344,157.8419952392578,157.63400268554688,157.8040008544922
2026-10-02T16:00:00Z,157.8000030517578,157.8719940185547,157.73800659179688,157.8520050048828
2026-10-02T16:30:00Z,157.8520050048828,157.91600036621094,157.82899475097656,157.85699462890625
2026-10-02T17:00:00Z,157.8509979248047,157.91400146484375,157.78399658203125,157.9040069580078
2026-10-02T17:30:00Z,157.9029998779297,157.90899658203125,157.76300048828125,157.80999755859375
2026-10-02T18:00:00Z,157.80999755859375,157.85000610351562,157.77000427246094,157.79100036621094
2026-10-02T18:30:00Z,157.78900146484375,157.84300231933594,157.7790069580078,157.7949981689453
2026-10-02T19:00:00Z,157.7989959716797,157.83999633789062,157.77999877929688,157.81500244140625
2026-10-02T19:30:00Z,157.8179931640625,157.87399291992188,157.7969970703125,157.8159942626953
2026-10-02T20:00:00Z,157.822998046875,157.87399291992188,157.80499267578125,157.8300018310547
2026-10-02T20:30:00Z,157.8209991455078,157.87899780273438,157.7790069580078,157.7790069580078
2026-10-02T21:00:00Z,157.8300018310547,157.8300018310547,157.8300018310547,157.8300018310547
2026-10-04T23:00:00Z,157.76199340820312,157.80099487304688,157.61700439453125,157.6649932861328
2026-10-04T23:30:00Z,157.6790008544922,157.81900024414062,157.6269989013672,157.75100708007812
2026-10-05T00:00:00Z,157.75100708007812,157.79800415039062,157.5959930419922,157.70899963378906
2026-10-05T00:30:00Z,157.7209930419922,157.83399963378906,157.6490020751953,157.718994140625
2026-10-05T01:00:00Z,157.72900390625,157.7969970703125,157.4320068359375,157.45899963378906
2026-10-05T01:30:00Z,157.45899963378906,157.61300659179688,157.44500732421875,157.5959930419922
2026-10-05T02:00:00Z,157.58999633789062,157.83799743652344,157.54200744628906,157.8040008544922
2026-10-05T02:30:00Z,157.79600524902344,158.0290069580078,157.75,157.9929962158203
2026-10-05T03:00:00Z,158.00100708007812,158.05799865722656,157.9080047607422,157.94200134277344
2026-10-05T03:30:00Z,157.95199584960938,158.11399841308594,157.94200134277344,158.10499572753906
2026-10-05T04:00:00Z,158.10499572753906,158.17300415039062,158.0260009765625,158.10699462890625
2026-10-05T04:30:00Z,158.10000610351562,158.17100524902344,158.06399536132812,158.093994140625
2026-10-05T05:00:00Z,158.1009979248047,158.10499572753906,157.9320068359375,158.00599670410156
2026-10-05T05:30:00Z,158.00599670410156,158.05499267578125,157.8040008544922,157.83599853515625
2026-10-05T06:00:00Z,157.83999633789062,157.85699462890625,157.70199584960938,157.79200744628906
2026-10-05T06:30:00Z,157.79800415039062,157.8249969482422,157.62600708007812,157.65499877929688
2026-10-05T07:00:00Z,157.64999389648438,157.8070068359375,157.63600158691406,157.71800231933594
2026-10-05T07:30:00Z,157.72300720214844,157.76800537109375,157.6009979248047,157.6540069580078
2026-10-05T08:00:00Z,157.6540069580078,157.7969970703125,157.56100463867188,157.78700256347656
2026-10-05T08:30:00Z,157.7790069580078,157.91299438476562,157.75100708007812,157.84500122070312
2026-10-05T09:00:00Z,157.85299682617188,157.89500427246094,157.79600524902344,157.88499450683594
2026-10-05T09:30:00Z,157.88499450683594,157.9709930419922,157.86099243164062,157.93499755859375
2026-10-05T10:00:00Z,157.94000244140625,157.98399353027344,157.88499450683594,157.9600067138672
2026-10-05T10:30:00Z,157.9550018310547,157.98199462890625,157.86900329589844,157.91600036621094
2026-10-05T11:00:00Z,157.91099548339844,158.24600219726562,157.8990020751953,158.07000732421875
2026-10-05T11:30:00Z,158.0780029296875,158.28900146484375,158.02000427246094,158.21099853515625
2026-10-05T12:00:00Z,158.2050018310547,158.23300170898438,158.16299438476562,158.17799377441406
2026-10-05T12:30:00Z,158.1840057373047,158.28900146484375,158.14500427246094,158.25999450683594
2026-10-05T13:00:00Z,158.26199340820312,158.29800415039062,158.1999969482422,158.26600646972656
2026-10-05T13:30:00Z,158.26600646972656,158.28799438476562,158.0989990234375,158.13299560546875
2026-10-05T14:00:00Z,158.125,158.18299865722656,158.06199645996094,158.1479949951172
2026-10-05T14:30:00Z,158.1540069580078,158.1649932861328,157.98300170898438,158.0030059814453
2026-10-05T15:00:00Z,157.99600219726562,158.08900451660156,157.91400146484375,157.98899841308594
2026-10-05T15:30:00Z,157.9980010986328,158.05099487304688,157.96499633789062,157.9759979248047
2026-10-05T16:00:00Z,157.97000122070312,158.08099365234375,157.96800231933594,158.06100463867188
2026-10-05T16:30:00Z,158.06199645996094,158.09500122070312,158.03700256347656,158.08700561523438
2026-10-05T17:00:00Z,158.08700561523438,158.1580047607422,158.08700561523438,158.1020050048828
2026-10-05T17:30:00Z,158.1020050048828,158.13099670410156,158.03599548339844,158.03700256347656
2026-10-05T18:00:00Z,158.03700256347656,158.09800720214844,157.98300170898438,158.07000732421875
2026-10-05T18:30:00Z,158.0760040283203,158.08399963378906,157.97799682617188,158.0
2026-10-05T19:00:00Z,157.99899291992188,158.0279998779297,157.94400024414062,157.9669952392578
2026-10-05T19:30:00Z,157.9669952392578,157.9949951171875,157.92799377441406,157.95599365234375
2026-10-05T20:00:00Z,157.95700073242188,158.0030059814453,157.95599365234375,157.9770050048828
2026-10-05T20:30:00Z,157.97799682617188,157.9969940185547,157.8730010986328,157.8730010986328
2026-10-05T21:00:00Z,157.87399291992188,158.00399780273438,157.8719940185547,157.92599487304688
2026-10-05T21:30:00Z,157.927001953125,157.97300720214844,157.80299377441406,157.90499877929688
2026-10-05T22:00:00Z,157.9029998779297,157.98399353027344,157.8070068359375,157.87600708007812
2026-10-05T22:30:00Z,157.86399841308594,157.9080047607422,157.85499572753906,157.906005859375
2026-10-05T23:00:00Z,157.89199829101562,157.93699645996094,157.86399841308594,157.8800048828125
2026-10-05T23:30:00Z,157.8769989013672,157.98399353027344,157.86500549316406,157.95399475097656
2026-10-06T00:00:00Z,157.95399475097656,158.0019989013672,157.81500244140625,157.91700744628906
2026-10-06T00:30:00Z,157.91400146484375,157.94500732421875,157.79200744628906,157.8090057373047
2026-10-06T01:00:00Z,157.8070068359375,157.9980010986328,157.7779998779297,157.79400634765625
2026-10-06T01:30:00Z,157.802001953125,157.91000366210938,157.76199340820312,157.88999938964844
2026-10-06T02:00:00Z,157.8939971923828,157.9669952392578,157.875,157.92799377441406
2026-10-06T02:30:00Z,157.9320068359375,158.01199340820312,157.9080047607422,158.00100708007812
2026-10-06T03:00:00Z,157.9949951171875,158.05499267578125,157.95799255371094,157.97900390625
2026-10-06T03:30:00Z,157.97999572753906,157.99600219726562,157.9080047607422,157.9669952392578
2026-10-06T04:00:00Z,157.95899963378906,158.11099243164062,157.95899963378906,158.10299682617188
2026-10-06T04:30:00Z,158.09500122070312,158.1929931640625,158.09300231933594,158.13900756835938
2026-10-06T05:00:00Z,158.13900756835938,158.2209930419922,158.1179962158203,158.1840057373047
2026-10-06T05:30:00Z,158.17999267578125,158.1929931640625,158.052001953125,158.06500244140625
2026-10-06T06:00:00Z,158.07699584960938,158.23399353027344,158.02099609375,158.18800354003906
2026-10-06T06:30:00Z,158.18099975585938,158.24600219726562,158.072998046875,158.14199829101562
2026-10-06T07:00:00Z,158.14300537109375,158.23500061035156,158.08399963378906,158.1699981689453
2026-10-06T07:30:00Z,158.1750030517578,158.21400451660156,158.04800415039062,158.10699462890625
2026-10-06T08:00:00Z,158.1020050048828,158.23800659179688,158.09800720214844,158.17300415039062
2026-10-06T08:30:00Z,158.17799377441406,158.2169952392578,158.13400268554688,158.19900512695312
2026-10-06T09:00:00Z,158.20700073242188,158.22900390625,158.1479949951172,158.2209930419922
2026-10-06T09:30:00Z,158.2169952392578,158.2469940185547,158.16799926757812,158.21800231933594
2026-10-06T10:00:00Z,158.2239990234375,158.22900390625,158.156005859375,158.21200561523438
2026-10-06T10:30:00Z,158.21200561523438,158.2220001220703,158.1580047607422,158.20199584960938
2026-10-06T11:00:00Z,158.2010040283203,158.21499633789062,158.06900024414062,158.1009979248047
2026-10-06T11:30:00Z,158.093994140625,158.10499572753906,157.906005859375,157.99000549316406
2026-10-06T12:00:00Z,157.9969940185547,158.2220001220703,157.97799682617188,158.1999969482422
2026-10-06T12:30:00Z,158.19400024414062,158.22000122070312,158.04100036621094,158.10899353027344
2026-10-06T13:00:00Z,158.0989990234375,158.1320037841797,157.90899658203125,158.00900268554688
2026-10-06T13:30:00Z,158.00399780273438,158.1269989013672,157.93699645996094,158.1020050048828
2026-10-06T14:00:00Z,158.0959930419922,158.15499877929688,158.0019989013672,158.11300659179688
2026-10-06T14:30:00Z,158.11500549316406,158.13800048828125,158.0030059814453,158.05599975585938
2026-10-06T15:00:00Z,158.0540008544922,158.11399841308594,158.031005859375,158.0850067138672
2026-10-06T15:30:00Z,158.09300231933594,158.13499450683594,158.0399932861328,158.12100219726562
2026-10-06T16:00:00Z,158.12100219726562,158.1840057373047,158.10000610351562,158.1479949951172
2026-10-06T16:30:00Z,158.14999389648438,158.18600463867188,158.1300048828125,158.1529998779297
2026-10-06T17:00:00Z,158.15899658203125,158.2010040283203,158.13499450683594,158.16900634765625
2026-10-06T17:30:00Z,158.1739959716797,158.19000244140625,158.0959930419922,158.10400390625
2026-10-06T18:00:00Z,158.09800720214844,158.125,158.05599975585938,158.08799743652344
2026-10-06T18:30:00Z,158.08799743652344,158.1479949951172,158.08700561523438,158.11300659179688
2026-10-06T19:00:00Z,158.1179962158203,158.1719970703125,158.0970001220703,158.16099548339844
2026-10-06T19:30:00Z,158.16099548339844,158.17799377441406,158.1320037841797,158.16600036621094
2026-10-06T20:00:00Z,158.16400146484375,158.1739959716797,158.1280059814453,158.13600158691406
2026-10-06T20:30:00Z,158.13999938964844,158.16299438476562,158.0570068359375,158.07200622558594
2026-10-06T21:00:00Z,158.05599975585938,158.14100646972656,158.05599975585938,158.11399841308594
2026-10-06T21:30:00Z,158.11900329589844,158.1230010986328,158.05799865722656,158.1020050048828
2026-10-06T22:00:00Z,158.1020050048828,158.18299865722656,158.02999877929688,158.1510009765625
2026-10-06T22:30:00Z,158.1510009765625,158.18299865722656,158.13900756835938,158.15899658203125
2026-10-06T23:00:00Z,158.16200256347656,158.26400756835938,158.16200256347656,158.22300720214844
2026-10-06T23:30:00Z,158.2239990234375,158.3249969482422,158.21499633789062,158.302001953125
2026-10-07T00:00:00Z,158.302001953125,158.4709930419922,158.302001953125,158.45700073242188
2026-10-07T00:30:00Z,158.45700073242188,158.47500610351562,158.38800048828125,158.41600036621094
2026-10-07T01:00:00Z,158.41799926757812,158.51199340820312,158.31100463867188,158.375
2026-10-07T01:30:00Z,158.3820037841797,158.4219970703125,158.2949981689453,158.38099670410156
2026-10-07T02:00:00Z,158.37399291992188,158.43899536132812,158.30799865722656,158.39500427246094
2026-10-07T02:30:00Z,158.40199279785156,158.4709930419922,158.39500427246094,158.43099975585938
2026-10-07T03:00:00Z,158.43699645996094,158.4669952392578,158.38499450683594,158.4029998779297
2026-10-07T03:30:00Z,158.39700317382812,158.427001953125,158.343994140625,158.42300415039062
2026-10-07T04:00:00Z,158.41900634765625,158.46600341796875,158.38400268554688,158.41200256347656
2026-10-07T04:30:00Z,158.41000366210938,158.4290008544922,158.38999938964844,158.41700744628906
2026-10-07T05:00:00Z,158.4239959716797,158.45599365234375,158.3990020751953,158.42599487304688
2026-10-07T05:30:00Z,158.42100524902344,158.43499755859375,158.33200073242188,158.3470001220703
2026-10-07T06:00:00Z,158.3470001220703,158.4029998779297,158.2740020751953,158.3509979248047
2026-10-07T06:30:00Z,158.3459930419922,158.3560028076172,158.2310028076172,158.29600524902344
2026-10-07T07:00:00Z,158.302001953125,158.3979949951172,158.29600524902344,158.3249969482422
2026-10-07T07:30:00Z,158.32000732421875,158.33599853515625,158.031005859375,158.0970001220703
2026-10-07T08:00:00Z,158.09800720214844,158.13099670410156,157.8419952392578,158.10899353027344
2026-10-07T08:30:00Z,158.10400390625,158.1840057373047,158.05099487304688,158.1790008544922
2026-10-07T09:00:00Z,158.1739959716797,158.25399780273438,158.14999389648438,158.24099731445312
2026-10-07T09:30:00Z,158.23399353027344,158.3489990234375,158.20899963378906,158.34100341796875
2026-10-07T10:00:00Z,158.3350067138672,158.34500122070312,158.2689971923828,158.3090057373047
2026-10-07T10:30:00Z,158.3090057373047,158.3419952392578,158.2779998779297,158.31300354003906
2026-10-07T11:00:00Z,158.32000732421875,158.39999389648438,158.2899932861328,158.3350067138672
2026-10-07T11:30:00Z,158.3350067138672,158.38999938964844,158.1529998779297,158.197998046875
2026-10-07T12:00:00Z,158.19000244140625,158.28900146484375,158.1739959716797,158.28199768066406
2026-10-07T12:30:00Z,158.2760009765625,158.29299926757812,158.17300415039062,158.1999969482422
2026-10-07T13:00:00Z,158.2050018310547,158.39999389648438,158.18299865722656,158.36199951171875
2026-10-07T13:30:00Z,158.3560028076172,158.38800048828125,158.1719970703125,158.17799377441406
2026-10-07T14:00:00Z,158.1719970703125,158.2100067138672,158.06900024414062,158.1540069580078
2026-10-07T14:30:00Z,158.16299438476562,158.1840057373047,158.06300354003906,158.08799743652344
2026-10-07T15:00:00Z,158.08799743652344,158.177001953125,158.0540008544922,158.15699768066406
2026-10-07T15:30:00Z,158.1490020751953,158.16900634765625,158.09100341796875,158.11099243164062
2026-10-07T16:00:00Z,158.10499572753906,158.13499450683594,157.98199462890625,158.05799865722656
2026-10-07T16:30:00Z,158.05499267578125,158.11199951171875,158.02000427246094,158.031005859375
2026-10-07T17:00:00Z,158.02200317382812,158.04600524902344,157.9250030517578,158.0
2026-10-07T17:30:00Z,158.0,158.01499938964844,157.93800354003906,157.9459991455078
2026-10-07T18:00:00Z,157.947998046875,157.98599243164062,157.9080047607422,157.9530029296875
2026-10-07T18:30:00Z,157.9550018310547,157.98300170898438,157.88900756835938,157.95399475097656
2026-10-07T19:00:00Z,157.95199584960938,158.03599548339844,157.93899536132812,158.0030059814453
2026-10-07T19:30:00Z,157.9969940185547,158.07000732421875,157.99000549316406,158.0399932861328
2026-10-07T20:00:00Z,158.04200744628906,158.08799743652344,158.0279998779297,158.0500030517578
2026-10-07T20:30:00Z,158.04200744628906,158.10800170898438,158.04200744628906,158.05299377441406
2026-10-07T21:00:00Z,158.0500030517578,158.05499267578125,158.00799560546875,158.0290069580078
2026-10-07T21:30:00Z,158.0330047607422,158.0540008544922,158.0019989013672,158.0070037841797
2026-10-07T22:00:00Z,158.0330047607422,158.0679931640625,157.96600341796875,157.98399353027344
2026-10-07T22:30:00Z,157.97799682617188,158.0260009765625,157.968994140625,157.99200439453125
2026-10-07T23:00:00Z,158.0070037841797,158.0229949951172,157.97900390625,158.01100158691406
2026-10-07T23:30:00Z,158.01100158691406,158.10800170898438,157.93800354003906,158.08900451660156
2026-10-08T00:00:00Z,158.093994140625,158.11000061035156,157.79400634765625,157.85699462890625
2026-10-08T00:30:00Z,157.84800720214844,157.88499450683594,157.572998046875,157.83999633789062
2026-10-08T01:00:00Z,157.83999633789062,157.9029998779297,157.71499633789062,157.82899475097656
2026-10-08T01:30:00Z,157.82400512695312,157.88800048828125,157.7779998779297,157.80599975585938
2026-10-08T02:00:00Z,157.7989959716797,157.91200256347656,157.73800659179688,157.906005859375
2026-10-08T02:30:00Z,157.8990020751953,158.20700073242188,157.89700317382812,158.156005859375
2026-10-08T03:00:00Z,158.16099548339844,158.22500610351562,158.1300048828125,158.1999969482422
2026-10-08T03:30:00Z,158.2010040283203,158.2239990234375,158.10800170898438,158.1230010986328
2026-10-08T04:00:00Z,158.11500549316406,158.2030029296875,158.10499572753906,158.1999969482422
2026-10-08T04:30:00Z,158.1929931640625,158.23800659179688,158.1540069580078,158.22500610351562
2026-10-08T05:00:00Z,158.23199462890625,158.24899291992188,158.16099548339844,158.20899963378906
2026-10-08T05:30:00Z,158.21600341796875,158.28799438476562,158.1649932861328,158.21499633789062
2026-10-08T06:00:00Z,158.20599365234375,158.21499633789062,158.0850067138672,158.13800048828125
2026-10-08T06:30:00Z,158.13800048828125,158.23199462890625,158.11900329589844,158.2100067138672
2026-10-08T07:00:00Z,158.2100067138672,158.2270050048828,158.09500122070312,158.18899536132812
2026-10-08T07:30:00Z,158.19200134277344,158.2689971923828,158.16000366210938,158.17999267578125
2026-10-08T08:00:00Z,158.18800354003906,158.20799255371094,158.13999938964844,158.19400024414062
2026-10-08T08:30:00Z,158.19500732421875,158.25999450683594,158.1540069580078,158.23500061035156
2026-10-08T09:00:00Z,158.23500061035156,158.2449951171875,158.19400024414062,158.21299743652344
2026-10-08T09:30:00Z,158.21400451660156,158.29200744628906,158.18499755859375,158.26699829101562
2026-10-08T10:00:00Z,158.2689971923828,158.3040008544922,158.19000244140625,158.1999969482422
2026-10-08T10:30:00Z,158.20399475097656,158.26800537109375,158.197998046875,158.2270050048828
2026-10-08T11:00:00Z,158.23199462890625,158.29600524902344,158.22500610351562,158.27499389648438
2026-10-08T11:30:00Z,158.2689971923828,158.29400634765625,158.21400451660156,158.2779998779297
2026-10-08T12:00:00Z,158.27699279785156,158.29400634765625,158.1529998779297,158.15499877929688
2026-10-08T12:30:00Z,158.1580047607422,158.24600219726562,158.12100219726562,158.2209930419922
2026-10-08T13:00:00Z,158.2209930419922,158.2469940185547,158.15199279785156,158.16299438476562
2026-10-08T13:30:00Z,158.16200256347656,158.2010040283203,158.10499572753906,158.12399291992188
2026-10-08T14:00:00Z,158.1199951171875,158.1649932861328,158.0489959716797,158.05799865722656
2026-10-08T14:30:00Z,158.0570068359375,158.21099853515625,158.0449981689453,158.2010040283203
2026-10-08T15:00:00Z,158.1999969482422,158.3000030517578,158.19500732421875,158.26800537109375
2026-10-08T15:30:00Z,158.27000427246094,158.3699951171875,158.218994140625,158.3260040283203
2026-10-08T16:00:00Z,158.33200073242188,158.33599853515625,158.10800170898438,158.17599487304688
2026-10-08T16:30:00Z,158.17999267578125,158.1959991455078,157.97999572753906,158.0070037841797
2026-10-08T17:00:00Z,158.00599670410156,158.0070037841797,157.50399780273438,157.56900024414062
2026-10-08T17:30:00Z,157.5709991455078,157.75999450683594,157.55299377441406,157.7220001220703
2026-10-08T18:00:00Z,157.71800231933594,157.96200561523438,157.69900512695312,157.91700744628906
2026-10-08T18:30:00Z,157.9250030517578,157.92799377441406,157.7949981689453,157.8560028076172
2026-10-08T19:00:00Z,157.85499572753906,157.86700439453125,157.79600524902344,157.85800170898438
2026-10-08T19:30:00Z,157.85499572753906,157.9029998779297,157.822998046875,157.87100219726562
2026-10-08T20:00:00Z,157.86700439453125,157.9250030517578,157.82899475097656,157.91700744628906
2026-10-08T20:30:00Z,157.91799926757812,157.93499755859375,157.86000061035156,157.86000061035156
2026-10-08T21:00:00Z,157.85400390625,157.85400390625,157.75100708007812,157.79400634765625
2026-10-08T21:30:00Z,157.78700256347656,157.87600708007812,157.7740020751953,157.81399536132812
2026-10-08T22:00:00Z,157.79400634765625,157.87399291992188,157.7779998779297,157.85800170898438
2026-10-08T22:30:00Z,157.8520050048828,157.8820037841797,157.83299255371094,157.88099670410156
2026-10-08T23:00:00Z,157.8730010986328,158.0330047607422,157.87100219726562,158.0
2026-10-08T23:30:00Z,158.0,158.125,158.0,158.05499267578125
2026-10-09T00:00:00Z,158.0449981689453,158.12399291992188,157.9759979248047,158.06900024414062
2026-10-09T00:30:00Z,158.06500244140625,158.14199829101562,158.00599670410156,158.02999877929688
2026-10-09T01:00:00Z,158.02099609375,158.0469970703125,157.7969970703125,157.80499267578125
2026-10-09T01:30:00Z,157.80599975585938,157.8820037841797,157.7519989013672,157.86300659179688
2026-10-09T02:00:00Z,157.85400390625,158.0449981689453,157.83900451660156,158.0290069580078
2026-10-09T02:30:00Z,158.02000427246094,158.11599731445312,157.9929962158203,158.06300354003906
2026-10-09T03:00:00Z,158.0679931640625,158.09100341796875,157.97999572753906,158.0449981689453
2026-10-09T03:30:00Z,158.03799438476562,158.0749969482422,158.01300048828125,158.04600524902344
2026-10-09T04:00:00Z,158.04600524902344,158.11700439453125,158.0019989013672,158.08399963378906
2026-10-09T04:30:00Z,158.0780029296875,158.11300659179688,158.0399932861328,158.0970001220703
2026-10-09T05:00:00Z,158.1009979248047,158.11199951171875,158.0500030517578,158.07000732421875
2026-10-09T05:30:00Z,158.06900024414062,158.1909942626953,158.0189971923828,158.15199279785156
2026-10-09T06:00:00Z,158.15199279785156,158.21600341796875,158.1179962158203,158.20700073242188
2026-10-09T06:30:00Z,158.20700073242188,158.25799560546875,158.177001953125,158.2100067138672
2026-10-09T07:00:00Z,158.20399475097656,158.28799438476562,158.19500732421875,158.2530059814453
2026-10-09T07:30:00Z,158.2530059814453,158.37899780273438,158.2530059814453,158.3280029296875
2026-10-09T08:00:00Z,158.32400512695312,158.4219970703125,158.27999877929688,158.32699584960938
2026-10-09T08:30:00Z,158.32000732421875,158.3260040283203,158.04299926757812,158.08900451660156
2026-10-09T09:00:00Z,158.08599853515625,158.23500061035156,158.08599853515625,158.20899963378906
2026-10-09T09:30:00Z,158.20799255371094,158.33399963378906,158.20700073242188,158.322998046875
2026-10-09T10:00:00Z,158.32400512695312,158.3300018310547,158.26800537109375,158.30999755859375
2026-10-09T10:30:00Z,158.30999755859375,158.33700561523438,158.28799438476562,158.31300354003906
2026-10-09T11:00:00Z,158.31300354003906,158.32699584960938,158.2169952392578,158.24099731445312
2026-10-09T11:30:00Z,158.24000549316406,158.27499389648438,158.2169952392578,158.25900268554688
2026-10-09T12:00:00Z,158.25999450683594,158.2729949951172,158.19700622558594,158.2519989013672
2026-10-09T12:30:00Z,158.25,158.32400512695312,158.22000122070312,158.281005859375
2026-10-09T13:00:00Z,158.27999877929688,158.3459930419922,158.25999450683594,158.30599975585938
2026-10-09T13:30:00Z,158.31199645996094,158.40199279785156,158.2899932861328,158.3509979248047
2026-10-09T14:00:00Z,158.3520050048828,158.3730010986328,158.2830047607422,158.31700134277344
2026-10-09T14:30:00Z,158.31700134277344,158.42999267578125,158.31700134277344,158.41799926757812
2026-10-09T15:00:00Z,158.4149932861328,158.43099975585938,158.32200622558594,158.33399963378906
2026-10-09T15:30:00Z,158.33399963378906,158.41700744628906,158.3209991455078,158.34300231933594
2026-10-09T16:00:00Z,158.33399963378906,158.35400390625,158.29400634765625,158.32699584960938
2026-10-09T16:30:00Z,158.32200622558594,158.32899475097656,158.28199768066406,158.30299377441406
2026-10-09T17:00:00Z,158.3070068359375,158.31100463867188,158.23199462890625,158.27999877929688
2026-10-09T17:30:00Z,158.2760009765625,158.281005859375,158.24200439453125,158.25100708007812
2026-10-09T18:00:00Z,158.25100708007812,158.2790069580078,158.2100067138672,158.26600646972656
2026-10-09T18:30:00Z,158.2689971923828,158.28700256347656,158.1490020751953,158.20399475097656
2026-10-09T19:00:00Z,158.20399475097656,158.28199768066406,158.1909942626953,158.26199340820312
2026-10-09T19:30:00Z,158.26199340820312,158.28799438476562,158.23199462890625,158.26699829101562
2026-10-09T20:00:00Z,158.2740020751953,158.2830047607422,158.22799682617188,158.2469940185547
2026-10-09T20:30:00Z,158.2519989013672,158.31900024414062,158.23599243164062,158.24600219726562
