timestamp,open,high,low,close
2026-08-10T23:00:00Z,9.492259979248047,9.495369911193848,9.49155044555664,9.492650032043457
2026-08-10T23:30:00Z,9.493499755859375,9.49431037902832,9.48600959777832,9.487250328063965
2026-08-11T00:00:00Z,9.487730026245117,9.490300178527832,9.4798002243042,9.483050346374512
2026-08-11T00:30:00Z,9.483050346374512,9.486960411071777,9.479990005493164,9.48563003540039
2026-08-11T01:00:00Z,9.48684024810791,9.490449905395508,9.480290412902832,9.480649948120117
2026-08-11T01:30:00Z,9.480549812316895,9.486129760742188,9.478650093078613,9.485349655151367
2026-08-11T02:00:00Z,9.485349655151367,9.493260383605957,9.484609603881836,9.492250442504883
2026-08-11T02:30:00Z,9.492250442504883,9.494850158691406,9.489009857177734,9.491829872131348
2026-08-11T03:00:00Z,9.491700172424316,9.493539810180664,9.485150337219238,9.485349655151367
2026-08-11T03:30:00Z,9.485349655151367,9.489899635314941,9.48484992980957,9.489450454711914
2026-08-11T04:00:00Z,9.489450454711914,9.490639686584473,9.484649658203125,9.484649658203125
2026-08-11T04:30:00Z,9.4862699508667,9.494449615478516,9.484649658203125,9.488849639892578
2026-08-11T05:00:00Z,9.488849639892578,9.493289947509766,9.488750457763672,9.49114990234375
2026-08-11T05:30:00Z,9.49114990234375,9.494389533996582,9.488800048828125,9.489709854125977
2026-08-11T06:00:00Z,9.489649772644043,9.504420280456543,9.487950325012207,9.502650260925293
2026-08-11T06:30:00Z,9.503000259399414,9.508219718933105,9.500829696655273,9.501839637756348
2026-08-11T07:00:00Z,9.501520156860352,9.503140449523926,9.494549751281738,9.502409934997559
2026-08-11T07:30:00Z,9.502229690551758,9.51338005065918,9.5010404586792,9.511839866638184
2026-08-11T08:00:00Z,9.51179027557373,9.515299797058105,9.508879661560059,9.514510154724121
2026-08-11T08:30:00Z,9.51453971862793,9.515190124511719,9.504190444946289,9.508489608764648
2026-08-11T09:00:00Z,9.50864028930664,9.511300086975098,9.506810188293457,9.507989883422852
2026-08-11T09:30:00Z,9.508090019226074,9.509530067443848,9.504449844360352,9.506349563598633
2026-08-11T10:00:00Z,9.506150245666504,9.511300086975098,9.502209663391113,9.505049705505371
2026-08-11T10:30:00Z,9.505319595336914,9.51138973236084,9.504190444946289,9.509819984436035
2026-08-11T11:00:00Z,9.510129928588867,9.512499809265137,9.496139526367188,9.50039005279541
2026-08-11T11:30:00Z,9.500309944152832,9.506999969482422,9.499679565429688,9.506580352783203
2026-08-11T12:00:00Z,9.506380081176758,9.512689590454102,9.498740196228027,9.502070426940918
2026-08-11T12:30:00Z,9.502169609069824,9.506319999694824,9.495909690856934,9.499850273132324
2026-08-11T13:00:00Z,9.500149726867676,9.500639915466309,9.494850158691406,9.498459815979004
2026-08-11T13:30:00Z,9.498310089111328,9.502619743347168,9.490730285644531,9.496769905090332
2026-08-11T14:00:00Z,9.493800163269043,9.504670143127441,9.493300437927246,9.503199577331543
2026-08-11T14:30:00Z,9.50314998626709,9.51278018951416,9.499250411987305,9.510869979858398
2026-08-11T15:00:00Z,9.510720252990723,9.518589973449707,9.50724983215332,9.511509895324707
2026-08-11T15:30:00Z,9.511409759521484,9.52180004119873,9.510199546813965,9.516079902648926
2026-08-11T16:00:00Z,9.51572036743164,9.518219947814941,9.512809753417969,9.514860153198242
2026-08-11T16:30:00Z,9.51453971862793,9.518400192260742,9.513250350952148,9.517230033874512
2026-08-11T17:00:00Z,9.517239570617676,9.52560043334961,9.514309883117676,9.523550033569336
2026-08-11T17:30:00Z,9.523550033569336,9.526559829711914,9.518349647521973,9.521400451660156
2026-08-11T18:00:00Z,9.521289825439453,9.529500007629395,9.520899772644043,9.528360366821289
2026-08-11T18:30:00Z,9.52869987487793,9.52910041809082,9.522049903869629,9.52400016784668
2026-08-11T19:00:00Z,9.523650169372559,9.524319648742676,9.518250465393066,9.518349647521973
2026-08-11T19:30:00Z,9.518250465393066,9.520759582519531,9.517609596252441,9.518610000610352
2026-08-11T20:00:00Z,9.518610000610352,9.520529747009277,9.515439987182617,9.518919944763184
2026-08-11T20:30:00Z,9.518919944763184,9.522109985351562,9.510210037231445,9.517330169677734
2026-08-11T21:00:00Z,9.515219688415527,9.5175199508667,9.498270034790039,9.511759757995605
2026-08-11T21:30:00Z,9.508199691772461,9.520310401916504,9.500570297241211,9.510700225830078
2026-08-11T22:00:00Z,9.516819953918457,9.521849632263184,9.496199607849121,9.51570987701416
2026-08-11T22:30:00Z,9.51570987701416,9.51980972290039,9.511210441589355,9.516189575195312
2026-08-11T23:00:00Z,9.516400337219238,9.519089698791504,9.514069557189941,9.517849922180176
2026-08-11T23:30:00Z,9.517860412597656,9.520170211791992,9.51615047454834,9.5177001953125
2026-08-12T00:00:00Z,9.51786994934082,9.521559715270996,9.516770362854004,9.517550468444824
2026-08-12T00:30:00Z,9.518150329589844,9.524809837341309,9.517550468444824,9.5216703414917
2026-08-12T01:00:00Z,9.522939682006836,9.527299880981445,9.521180152893066,9.52439022064209
2026-08-12T01:30:00Z,9.525039672851562,9.527009963989258,9.522709846496582,9.525890350341797
2026-08-12T02:00:00Z,9.525919914245605,9.532010078430176,9.52550983428955,9.529749870300293
2026-08-12T02:30:00Z,9.530420303344727,9.53052043914795,9.52550983428955,9.525750160217285
2026-08-12T03:00:00Z,9.525750160217285,9.529629707336426,9.525750160217285,9.528349876403809
2026-08-12T03:30:00Z,9.528400421142578,9.533599853515625,9.526869773864746,9.532659530639648
2026-08-12T04:00:00Z,9.532039642333984,9.53557014465332,9.530909538269043,9.53345012664795
2026-08-12T04:30:00Z,9.53345012664795,9.533980369567871,9.530110359191895,9.531209945678711
2026-08-12T05:00:00Z,9.531209945678711,9.536100387573242,9.531009674072266,9.533550262451172
2026-08-12T05:30:00Z,9.533550262451172,9.5343599319458,9.526949882507324,9.528949737548828
2026-08-12T06:00:00Z,9.527250289916992,9.529439926147461,9.525609970092773,9.526689529418945
2026-08-12T06:30:00Z,9.526769638061523,9.53052043914795,9.525930404663086,9.52595043182373
2026-08-12T07:00:00Z,9.52612018585205,9.5337495803833,9.524250030517578,9.533300399780273
2026-08-12T07:30:00Z,9.533349990844727,9.53905963897705,9.532779693603516,9.535039901733398
2026-08-12T08:00:00Z,9.535900115966797,9.543669700622559,9.534210205078125,9.538049697875977
2026-08-12T08:30:00Z,9.538049697875977,9.539219856262207,9.533550262451172,9.536870002746582
2026-08-12T09:00:00Z,9.537249565124512,9.542200088500977,9.50391960144043,9.523900032043457
2026-08-12T09:30:00Z,9.523630142211914,9.538359642028809,9.520549774169922,9.53717041015625
2026-08-12T10:00:00Z,9.537050247192383,9.539299964904785,9.52931022644043,9.531120300292969
2026-08-12T10:30:00Z,9.531550407409668,9.540980339050293,9.529060363769531,9.535490036010742
2026-08-12T11:00:00Z,9.535599708557129,9.536999702453613,9.529600143432617,9.530059814453125
2026-08-12T11:30:00Z,9.530050277709961,9.533060073852539,9.521989822387695,9.523500442504883
2026-08-12T12:00:00Z,9.523500442504883,9.530929565429688,9.509329795837402,9.515190124511719
2026-08-12T12:30:00Z,9.514670372009277,9.539299964904785,9.486709594726562,9.502750396728516
2026-08-12T13:00:00Z,9.502820014953613,9.519579887390137,9.497650146484375,9.510740280151367
2026-08-12T13:30:00Z,9.511019706726074,9.524259567260742,9.506609916687012,9.517660140991211
2026-08-12T14:00:00Z,9.517769813537598,9.523150444030762,9.513910293579102,9.521880149841309
2026-08-12T14:30:00Z,9.521880149841309,9.542220115661621,9.518309593200684,9.538350105285645
2026-08-12T15:00:00Z,9.538200378417969,9.547080039978027,9.536049842834473,9.546429634094238
2026-08-12T15:30:00Z,9.54679012298584,9.55642032623291,9.54500961303711,9.553400039672852
2026-08-12T16:00:00Z,9.552789688110352,9.565179824829102,9.550350189208984,9.563309669494629
2026-08-12T16:30:00Z,9.563579559326172,9.574919700622559,9.562520027160645,9.570710182189941
2026-08-12T17:00:00Z,9.570710182189941,9.573960304260254,9.5656099319458,9.570910453796387
2026-08-12T17:30:00Z,9.57151985168457,9.586600303649902,9.569709777832031,9.584609985351562
2026-08-12T18:00:00Z,9.584420204162598,9.587920188903809,9.577210426330566,9.580550193786621
2026-08-12T18:30:00Z,9.580550193786621,9.58821964263916,9.580510139465332,9.584810256958008
2026-08-12T19:00:00Z,9.584810256958008,9.585479736328125,9.581339836120605,9.584750175476074
2026-08-12T19:30:00Z,9.584750175476074,9.591899871826172,9.582209587097168,9.587849617004395
2026-08-12T20:00:00Z,9.587849617004395,9.590510368347168,9.581170082092285,9.581509590148926
2026-08-12T20:30:00Z,9.582369804382324,9.584239959716797,9.559800148010254,9.572640419006348
2026-08-12T21:00:00Z,9.568519592285156,9.574740409851074,9.553899765014648,9.558199882507324
2026-08-12T21:30:00Z,9.558199882507324,9.584059715270996,9.555540084838867,9.57588005065918
2026-08-12T22:00:00Z,9.57588005065918,9.583660125732422,9.571590423583984,9.580360412597656
2026-08-12T22:30:00Z,9.58180046081543,9.586039543151855,9.580360412597656,9.582650184631348
2026-08-12T23:00:00Z,9.583149909973145,9.58530044555664,9.5733003616333,9.579170227050781
2026-08-12T23:30:00Z,9.577799797058105,9.581040382385254,9.574700355529785,9.57903003692627
2026-08-13T00:00:00Z,9.57761001586914,9.578920364379883,9.573969841003418,9.576149940490723
2026-08-13T00:30:00Z,9.576149940490723,9.578280448913574,9.572549819946289,9.573610305786133
2026-08-13T01:00:00Z,9.57427978515625,9.577179908752441,9.571220397949219,9.573209762573242
2026-08-13T01:30:00Z,9.573530197143555,9.58154010772705,9.569950103759766,9.579050064086914
2026-08-13T02:00:00Z,9.579050064086914,9.58253002166748,9.577850341796875,9.581450462341309
2026-08-13T02:30:00Z,9.581450462341309,9.587120056152344,9.579540252685547,9.581350326538086
2026-08-13T03:00:00Z,9.581350326538086,9.588139533996582,9.578849792480469,9.584449768066406
2026-08-13T03:30:00Z,9.584449768066406,9.587820053100586,9.584110260009766,9.586709976196289
2026-08-13T04:00:00Z,9.586709976196289,9.592300415039062,9.585599899291992,9.589409828186035
2026-08-13T04:30:00Z,9.589710235595703,9.59154987335205,9.582449913024902,9.583649635314941
2026-08-13T05:00:00Z,9.583649635314941,9.585530281066895,9.580949783325195,9.582449913024902
2026-08-13T05:30:00Z,9.58234977722168,9.586150169372559,9.577910423278809,9.579620361328125
2026-08-13T06:00:00Z,9.579660415649414,9.590310096740723,9.575750350952148,9.588419914245605
2026-08-13T06:30:00Z,9.588540077209473,9.598950386047363,9.580809593200684,9.58218002319336
2026-08-13T07:00:00Z,9.582229614257812,9.583809852600098,9.572979927062988,9.5733003616333
2026-08-13T07:30:00Z,9.573249816894531,9.580809593200684,9.56029987335205,9.566559791564941
2026-08-13T08:00:00Z,9.567850112915039,9.572919845581055,9.553290367126465,9.563650131225586
2026-08-13T08:30:00Z,9.563759803771973,9.567540168762207,9.558989524841309,9.563850402832031
2026-08-13T09:00:00Z,9.56425952911377,9.568829536437988,9.555500030517578,9.558549880981445
2026-08-13T09:30:00Z,9.55862045288086,9.561519622802734,9.553750038146973,9.554550170898438
2026-08-13T10:00:00Z,9.554349899291992,9.558130264282227,9.552450180053711,9.553079605102539
2026-08-13T10:30:00Z,9.55331039428711,9.56017017364502,9.552550315856934,9.558329582214355
2026-08-13T11:00:00Z,9.558150291442871,9.559800148010254,9.55465030670166,9.556599617004395
2026-08-13T11:30:00Z,9.556349754333496,9.563759803771973,9.555749893188477,9.562150001525879
2026-08-13T12:00:00Z,9.562150001525879,9.56879997253418,9.559249877929688,9.562950134277344
2026-08-13T12:30:00Z,9.562939643859863,9.571029663085938,9.538089752197266,9.538869857788086
2026-08-13T13:00:00Z,9.538849830627441,9.550820350646973,9.532389640808105,9.549869537353516
2026-08-13T13:30:00Z,9.549850463867188,9.562769889831543,9.549650192260742,9.556150436401367
2026-08-13T14:00:00Z,9.556249618530273,9.556249618530273,9.539310455322266,9.547809600830078
2026-08-13T14:30:00Z,9.547209739685059,9.552929878234863,9.544819831848145,9.548850059509277
2026-08-13T15:00:00Z,9.548500061035156,9.567410469055176,9.547820091247559,9.566100120544434
2026-08-13T15:30:00Z,9.56620979309082,9.569230079650879,9.561309814453125,9.56814956665039
2026-08-13T16:00:00Z,9.568099975585938,9.57433032989502,9.563810348510742,9.571269989013672
2026-08-13T16:30:00Z,9.571049690246582,9.57252025604248,9.565509796142578,9.567070007324219
2026-08-13T17:00:00Z,9.567079544067383,9.572159767150879,9.563509941101074,9.571820259094238
2026-08-13T17:30:00Z,9.571049690246582,9.572039604187012,9.565710067749023,9.56842041015625
2026-08-13T18:00:00Z,9.56842041015625,9.570610046386719,9.562310218811035,9.56762981414795
2026-08-13T18:30:00Z,9.56762981414795,9.569499969482422,9.56464958190918,9.566749572753906
2026-08-13T19:00:00Z,9.566749572753906,9.56742000579834,9.56270980834961,9.562910079956055
2026-08-13T19:30:00Z,9.56326961517334,9.569259643554688,9.562809944152832,9.565719604492188
2026-08-13T20:00:00Z,9.565449714660645,9.5693998336792,9.564629554748535,9.566349983215332
2026-08-13T20:30:00Z,9.566800117492676,9.568449974060059,9.560480117797852,9.563850402832031
2026-08-13T21:00:00Z,9.556719779968262,9.559109687805176,9.539250373840332,9.547320365905762
2026-08-13T21:30:00Z,9.546839714050293,9.560890197753906,9.537779808044434,9.551969528198242
2026-08-13T22:00:00Z,9.553319931030273,9.56564998626709,9.541899681091309,9.56074047088623
2026-08-13T22:30:00Z,9.561860084533691,9.565360069274902,9.55780029296875,9.563070297241211
2026-08-13T23:00:00Z,9.560839653015137,9.563150405883789,9.556500434875488,9.560959815979004
2026-08-13T23:30:00Z,9.560959815979004,9.563130378723145,9.552909851074219,9.558460235595703
2026-08-14T00:00:00Z,9.558389663696289,9.560159683227539,9.55331039428711,9.554450035095215
2026-08-14T00:30:00Z,9.554409980773926,9.559450149536133,9.553350448608398,9.554530143737793
2026-08-14T01:00:00Z,9.553910255432129,9.564359664916992,9.553709983825684,9.560750007629395
2026-08-14T01:30:00Z,9.560750007629395,9.562740325927734,9.55700969696045,9.561750411987305
2026-08-14T02:00:00Z,9.562080383300781,9.562729835510254,9.556949615478516,9.558270454406738
2026-08-14T02:30:00Z,9.558289527893066,9.560879707336426,9.555150032043457,9.560319900512695
2026-08-14T03:00:00Z,9.559410095214844,9.561880111694336,9.553250312805176,9.553620338439941
2026-08-14T03:30:00Z,9.553520202636719,9.557629585266113,9.553009986877441,9.556050300598145
2026-08-14T04:00:00Z,9.55636978149414,9.557809829711914,9.55171012878418,9.556639671325684
2026-08-14T04:30:00Z,9.556529998779297,9.55696964263916,9.55066967010498,9.553279876708984
2026-08-14T05:00:00Z,9.553279876708984,9.554659843444824,9.550410270690918,9.55072021484375
2026-08-14T05:30:00Z,9.551549911499023,9.553420066833496,9.545550346374512,9.545610427856445
2026-08-14T06:00:00Z,9.545550346374512,9.552180290222168,9.543100357055664,9.551010131835938
2026-08-14T06:30:00Z,9.550749778747559,9.553400039672852,9.542949676513672,9.543060302734375
2026-08-14T07:00:00Z,9.543149948120117,9.54580020904541,9.53909969329834,9.54224967956543
2026-08-14T07:30:00Z,9.541950225830078,9.544699668884277,9.532679557800293,9.534449577331543
2026-08-14T08:00:00Z,9.534250259399414,9.542699813842773,9.531009674072266,9.534509658813477
2026-08-14T08:30:00Z,9.534500122070312,9.536299705505371,9.529009819030762,9.531999588012695
2026-08-14T09:00:00Z,9.53225040435791,9.534740447998047,9.522069931030273,9.5308198928833
2026-08-14T09:30:00Z,9.531060218811035,9.53518009185791,9.529600143432617,9.531049728393555
2026-08-14T10:00:00Z,9.531180381774902,9.534979820251465,9.52750015258789,9.533109664916992
2026-08-14T10:30:00Z,9.533049583435059,9.536919593811035,9.532210350036621,9.532349586486816
2026-08-14T11:00:00Z,9.532349586486816,9.534330368041992,9.51791000366211,9.519140243530273
2026-08-14T11:30:00Z,9.519140243530273,9.520400047302246,9.506400108337402,9.512049674987793
2026-08-14T12:00:00Z,9.512419700622559,9.513520240783691,9.501150131225586,9.501879692077637
2026-08-14T12:30:00Z,9.502949714660645,9.518059730529785,9.484720230102539,9.514479637145996
2026-08-14T13:00:00Z,9.513790130615234,9.527700424194336,9.512510299682617,9.513819694519043
2026-08-14T13:30:00Z,9.513669967651367,9.516519546508789,9.496199607849121,9.503190040588379
2026-08-14T14:00:00Z,9.503210067749023,9.511560440063477,9.494999885559082,9.502750396728516
2026-08-14T14:30:00Z,9.502750396728516,9.511919975280762,9.50177001953125,9.503959655761719
2026-08-14T15:00:00Z,9.503950119018555,9.512999534606934,9.497309684753418,9.508749961853027
2026-08-14T15:30:00Z,9.508810043334961,9.512160301208496,9.500809669494629,9.511899948120117
2026-08-14T16:00:00Z,9.51121997833252,9.517399787902832,9.509110450744629,9.516610145568848
2026-08-14T16:30:00Z,9.517180442810059,9.522520065307617,9.510910034179688,9.521360397338867
2026-08-14T17:00:00Z,9.521510124206543,9.531020164489746,9.520609855651855,9.528349876403809
2026-08-14T17:30:00Z,9.527759552001953,9.530059814453125,9.52550983428955,9.525859832763672
2026-08-14T18:00:00Z,9.525859832763672,9.528900146484375,9.523710250854492,9.524709701538086
2026-08-14T18:30:00Z,9.524649620056152,9.52772045135498,9.521909713745117,9.523289680480957
2026-08-14T19:00:00Z,9.523309707641602,9.524809837341309,9.51671028137207,9.517959594726562
2026-08-14T19:30:00Z,9.517720222473145,9.522820472717285,9.517510414123535,9.518340110778809
2026-08-14T20:00:00Z,9.518340110778809,9.521329879760742,9.515560150146484,9.517419815063477
2026-08-14T20:30:00Z,9.517419815063477,9.524740219116211,9.508150100708008,9.519949913024902
2026-08-14T21:00:00Z,9.51609992980957,9.51609992980957,9.51609992980957,9.51609992980957
2026-08-16T23:00:00Z,9.516949653625488,9.517399787902832,9.511899948120117,9.512999534606934
2026-08-16T23:30:00Z,9.512999534606934,9.518380165100098,9.51060962677002,9.515649795532227
2026-08-17T00:00:00Z,9.516260147094727,9.517620086669922,9.507610321044922,9.509010314941406
2026-08-17T00:30:00Z,9.508950233459473,9.511870384216309,9.5066499710083,9.507060050964355
2026-08-17T01:00:00Z,9.50691032409668,9.512229919433594,9.505049705505371,9.506349563598633
2026-08-17T01:30:00Z,9.507309913635254,9.512720108032227,9.50374984741211,9.504110336303711
2026-08-17T02:00:00Z,9.50391960144043,9.507169723510742,9.502710342407227,9.502849578857422
2026-08-17T02:30:00Z,9.502849578857422,9.511159896850586,9.502209663391113,9.509770393371582
2026-08-17T03:00:00Z,9.509770393371582,9.512069702148438,9.507610321044922,9.50944995880127
2026-08-17T03:30:00Z,9.50944995880127,9.512109756469727,9.504050254821777,9.504249572753906
2026-08-17T04:00:00Z,9.504249572753906,9.50629997253418,9.499099731445312,9.502889633178711
2026-08-17T04:30:00Z,9.502309799194336,9.503589630126953,9.49901008605957,9.500349998474121
2026-08-17T05:00:00Z,9.500349998474121,9.504400253295898,9.497309684753418,9.497710227966309
2026-08-17T05:30:00Z,9.497650146484375,9.502599716186523,9.495349884033203,9.495739936828613
2026-08-17T06:00:00Z,9.495789527893066,9.504719734191895,9.49351978302002,9.494050025939941
2026-08-17T06:30:00Z,9.494050025939941,9.499699592590332,9.487150192260742,9.489310264587402
2026-08-17T07:00:00Z,9.489310264587402,9.494219779968262,9.484910011291504,9.485389709472656
2026-08-17T07:30:00Z,9.485349655151367,9.493300437927246,9.477700233459473,9.492199897766113
2026-08-17T08:00:00Z,9.491950035095215,9.495420455932617,9.47599983215332,9.4762601852417
2026-08-17T08:30:00Z,9.476280212402344,9.492349624633789,9.475410461425781,9.488160133361816
2026-08-17T09:00:00Z,9.48805046081543,9.49254035949707,9.481760025024414,9.4821195602417
2026-08-17T09:30:00Z,9.481900215148926,9.486100196838379,9.480090141296387,9.48384952545166
2026-08-17T10:00:00Z,9.48384952545166,9.488920211791992,9.477529525756836,9.478619575500488
2026-08-17T10:30:00Z,9.47815990447998,9.493619918823242,9.476300239562988,9.492939949035645
2026-08-17T11:00:00Z,9.492850303649902,9.495220184326172,9.48550033569336,9.49275016784668
2026-08-17T11:30:00Z,9.49275016784668,9.495220184326172,9.48801040649414,9.48865032196045
2026-08-17T12:00:00Z,9.488920211791992,9.497400283813477,9.482580184936523,9.491999626159668
2026-08-17T12:30:00Z,9.492600440979004,9.497130393981934,9.481539726257324,9.481949806213379
2026-08-17T13:00:00Z,9.481710433959961,9.48666000366211,9.4762601852417,9.483710289001465
2026-08-17T13:30:00Z,9.48369026184082,9.496319770812988,9.479599952697754,9.483530044555664
2026-08-17T14:00:00Z,9.483180046081543,9.488829612731934,9.47700023651123,9.483610153198242
2026-08-17T14:30:00Z,9.483909606933594,9.496919631958008,9.482009887695312,9.493590354919434
2026-08-17T15:00:00Z,9.493550300598145,9.50022029876709,9.489179611206055,9.493080139160156
2026-08-17T15:30:00Z,9.493470191955566,9.50100040435791,9.49092960357666,9.491780281066895
2026-08-17T16:00:00Z,9.491250038146973,9.497480392456055,9.490300178527832,9.491209983825684
2026-08-17T16:30:00Z,9.491620063781738,9.496100425720215,9.490889549255371,9.494930267333984
2026-08-17T17:00:00Z,9.495389938354492,9.502989768981934,9.494409561157227,9.499910354614258
2026-08-17T17:30:00Z,9.500510215759277,9.514120101928711,9.499250411987305,9.51321029663086
2026-08-17T18:00:00Z,9.513150215148926,9.51990032196045,9.512100219726562,9.51786994934082
2026-08-17T18:30:00Z,9.51786994934082,9.522899627685547,9.516010284423828,9.518309593200684
2026-08-17T19:00:00Z,9.518150329589844,9.522700309753418,9.511210441589355,9.511590003967285
2026-08-17T19:30:00Z,9.511409759521484,9.513799667358398,9.507909774780273,9.512419700622559
2026-08-17T20:00:00Z,9.512470245361328,9.515310287475586,9.510899543762207,9.515279769897461
2026-08-17T20:30:00Z,9.51455020904541,9.51675033569336,9.507570266723633,9.507570266723633
2026-08-17T21:30:00Z,9.510939598083496,9.516200065612793,9.507189750671387,9.507619857788086
2026-08-17T22:00:00Z,9.511030197143555,9.519049644470215,9.509119987487793,9.514860153198242
2026-08-17T22:30:00Z,9.517350196838379,9.517789840698242,9.51039981842041,9.510990142822266
2026-08-17T23:00:00Z,9.511460304260254,9.514289855957031,9.50864028930664,9.508689880371094
2026-08-17T23:30:00Z,9.508689880371094,9.510950088500977,9.505559921264648,9.5064697265625
2026-08-18T00:00:00Z,9.508179664611816,9.512579917907715,9.503829956054688,9.511540412902832
2026-08-18T00:30:00Z,9.511540412902832,9.516329765319824,9.508009910583496,9.509110450744629
2026-08-18T01:00:00Z,9.508040428161621,9.514129638671875,9.504240036010742,9.508469581604004
2026-08-18T01:30:00Z,9.508469581604004,9.515979766845703,9.505539894104004,9.514069557189941
2026-08-18T02:00:00Z,9.51416015625,9.519539833068848,9.513219833374023,9.517120361328125
2026-08-18T02:30:00Z,9.51653003692627,9.52025032043457,9.511449813842773,9.512519836425781
2026-08-18T03:00:00Z,9.51183032989502,9.519000053405762,9.511659622192383,9.516249656677246
2026-08-18T03:30:00Z,9.516249656677246,9.52140998840332,9.516249656677246,9.519800186157227
2026-08-18T04:00:00Z,9.518950462341309,9.524499893188477,9.517550468444824,9.519350051879883
2026-08-18T04:30:00Z,9.519350051879883,9.52219009399414,9.517049789428711,9.52085018157959
2026-08-18T05:00:00Z,9.52085018157959,9.526869773864746,9.52025032043457,9.522330284118652
2026-08-18T05:30:00Z,9.521550178527832,9.523599624633789,9.518549919128418,9.52101993560791
2026-08-18T06:00:00Z,9.520279884338379,9.53052043914795,9.518610000610352,9.52064037322998
2026-08-18T06:30:00Z,9.520259857177734,9.52422046661377,9.516850471496582,9.517040252685547
2026-08-18T07:00:00Z,9.516850471496582,9.52202033996582,9.51360034942627,9.519100189208984
2026-08-18T07:30:00Z,9.519350051879883,9.527449607849121,9.515580177307129,9.526809692382812
2026-08-18T08:00:00Z,9.526809692382812,9.533510208129883,9.525500297546387,9.528059959411621
2026-08-18T08:30:00Z,9.528129577636719,9.531020164489746,9.524459838867188,9.526479721069336
2026-08-18T09:00:00Z,9.525420188903809,9.5306396484375,9.524009704589844,9.52655029296875
2026-08-18T09:30:00Z,9.52655029296875,9.527700424194336,9.516280174255371,9.51924991607666
2026-08-18T10:00:00Z,9.51924991607666,9.529060363769531,9.516389846801758,9.524009704589844
2026-08-18T10:30:00Z,9.524789810180664,9.52910041809082,9.523810386657715,9.527409553527832
2026-08-18T11:00:00Z,9.527409553527832,9.532349586486816,9.527409553527832,9.530940055847168
2026-08-18T11:30:00Z,9.530940055847168,9.531700134277344,9.525879859924316,9.526100158691406
2026-08-18T12:00:00Z,9.526260375976562,9.528019905090332,9.518269538879395,9.526089668273926
2026-08-18T12:30:00Z,9.52692985534668,9.531299591064453,9.51710033416748,9.519309997558594
2026-08-18T13:00:00Z,9.519729614257812,9.527520179748535,9.513509750366211,9.52322006225586
2026-08-18T13:30:00Z,9.523369789123535,9.531410217285156,9.509209632873535,9.52040958404541
2026-08-18T14:00:00Z,9.521039962768555,9.523670196533203,9.515600204467773,9.521900177001953
2026-08-18T14:30:00Z,9.521909713745117,9.530900001525879,9.519960403442383,9.529359817504883
2026-08-18T15:00:00Z,9.529179573059082,9.534979820251465,9.519309997558594,9.531339645385742
2026-08-18T15:30:00Z,9.531590461730957,9.534210205078125,9.528420448303223,9.531189918518066
2026-08-18T16:00:00Z,9.531189918518066,9.532380104064941,9.525520324707031,9.531379699707031
2026-08-18T16:30:00Z,9.531379699707031,9.535920143127441,9.530420303344727,9.535309791564941
2026-08-18T17:00:00Z,9.535019874572754,9.539569854736328,9.534709930419922,9.535920143127441
2026-08-18T17:30:00Z,9.536319732666016,9.540679931640625,9.535920143127441,9.538339614868164
2026-08-18T18:00:00Z,9.538339614868164,9.541799545288086,9.534919738769531,9.536649703979492
2026-08-18T18:30:00Z,9.536649703979492,9.540340423583984,9.536419868469238,9.538430213928223
2026-08-18T19:00:00Z,9.538430213928223,9.54069995880127,9.534520149230957,9.536789894104004
2026-08-18T19:30:00Z,9.536789894104004,9.539199829101562,9.531120300292969,9.537579536437988
2026-08-18T20:00:00Z,9.537610054016113,9.540229797363281,9.536120414733887,9.53849983215332
2026-08-18T20:30:00Z,9.53849983215332,9.538869857788086,9.527560234069824,9.528149604797363
2026-08-18T21:00:00Z,9.526300430297852,9.526300430297852,9.526300430297852,9.526300430297852
2026-08-18T21:30:00Z,9.5272798538208,9.533300399780273,9.526229858398438,9.52931022644043
2026-08-18T22:00:00Z,9.530679702758789,9.537569999694824,9.52698040008545,9.53612995147705
2026-08-18T22:30:00Z,9.53612995147705,9.537280082702637,9.531350135803223,9.533699989318848
2026-08-18T23:00:00Z,9.532299995422363,9.535799980163574,9.530599594116211,9.53439998626709
2026-08-18T23:30:00Z,9.53439998626709,9.538920402526855,9.53320026397705,9.534549713134766
2026-08-19T00:00:00Z,9.534420013427734,9.536430358886719,9.527009963989258,9.532970428466797
2026-08-19T00:30:00Z,9.532970428466797,9.54071044921875,9.531510353088379,9.538960456848145
2026-08-19T01:00:00Z,9.539190292358398,9.544870376586914,9.537890434265137,9.538749694824219
2026-08-19T01:30:00Z,9.538749694824219,9.539219856262207,9.532299995422363,9.532910346984863
2026-08-19T02:00:00Z,9.532910346984863,9.534879684448242,9.522130012512207,9.530759811401367
2026-08-19T02:30:00Z,9.530170440673828,9.53108024597168,9.521860122680664,9.527199745178223
2026-08-19T03:00:00Z,9.527689933776855,9.534000396728516,9.524700164794922,9.529800415039062
2026-08-19T03:30:00Z,9.53052043914795,9.534799575805664,9.528900146484375,9.534199714660645
2026-08-19T04:00:00Z,9.533729553222656,9.535470008850098,9.529950141906738,9.53219985961914
2026-08-19T04:30:00Z,9.531609535217285,9.536009788513184,9.527910232543945,9.529450416564941
2026-08-19T05:00:00Z,9.529450416564941,9.532620429992676,9.526789665222168,9.530349731445312
2026-08-19T05:30:00Z,9.530349731445312,9.533120155334473,9.525300025939941,9.52748966217041
2026-08-19T06:00:00Z,9.527520179748535,9.529020309448242,9.514880180358887,9.517339706420898
2026-08-19T06:30:00Z,9.517279624938965,9.522069931030273,9.515839576721191,9.519379615783691
2026-08-19T07:00:00Z,9.51924991607666,9.527130126953125,9.51653003692627,9.521430015563965
2026-08-19T07:30:00Z,9.521430015563965,9.529520034790039,9.520099639892578,9.522910118103027
2026-08-19T08:00:00Z,9.523119926452637,9.525529861450195,9.51200008392334,9.519570350646973
2026-08-19T08:30:00Z,9.519499778747559,9.520600318908691,9.512900352478027,9.515569686889648
2026-08-19T09:00:00Z,9.514479637145996,9.51609992980957,9.509690284729004,9.511119842529297
2026-08-19T09:30:00Z,9.511500358581543,9.51222038269043,9.504590034484863,9.505849838256836
2026-08-19T10:00:00Z,9.505849838256836,9.5106201171875,9.501299858093262,9.505260467529297
2026-08-19T10:30:00Z,9.505109786987305,9.510700225830078,9.501790046691895,9.509909629821777
2026-08-19T11:00:00Z,9.51002025604248,9.514619827270508,9.506409645080566,9.510950088500977
2026-08-19T11:30:00Z,9.510950088500977,9.519109725952148,9.510299682617188,9.515419960021973
2026-08-19T12:00:00Z,9.51576042175293,9.517020225524902,9.504719734191895,9.51039981842041
2026-08-19T12:30:00Z,9.510490417480469,9.51117992401123,9.468799591064453,9.480030059814453
2026-08-19T13:00:00Z,9.480330467224121,9.480460166931152,9.460490226745605,9.460800170898438
2026-08-19T13:30:00Z,9.460960388183594,9.462329864501953,9.441370010375977,9.447099685668945
2026-08-19T14:00:00Z,9.446599960327148,9.449930191040039,9.43280029296875,9.4381103515625
2026-08-19T14:30:00Z,9.438150405883789,9.453129768371582,9.42870044708252,9.449009895324707
2026-08-19T15:00:00Z,9.44890022277832,9.456819534301758,9.4441499710083,9.450530052185059
2026-08-19T15:30:00Z,9.45110034942627,9.451530456542969,9.4406099319458,9.446709632873535
2026-08-19T16:00:00Z,9.44651985168457,9.446920394897461,9.434410095214844,9.43960952758789
2026-08-19T16:30:00Z,9.440099716186523,9.442469596862793,9.436610221862793,9.441490173339844
2026-08-19T17:00:00Z,9.441189765930176,9.449930191040039,9.436010360717773,9.446809768676758
2026-08-19T17:30:00Z,9.447620391845703,9.45403003692627,9.445509910583496,9.452910423278809
2026-08-19T18:00:00Z,9.453410148620605,9.453800201416016,9.438469886779785,9.45071029663086
2026-08-19T18:30:00Z,9.451330184936523,9.451530456542969,9.434309959411621,9.437250137329102
2026-08-19T19:00:00Z,9.437250137329102,9.44262981414795,9.433509826660156,9.434530258178711
2026-08-19T19:30:00Z,9.434530258178711,9.442700386047363,9.433300018310547,9.436229705810547
2026-08-19T20:00:00Z,9.43651008605957,9.43970012664795,9.434309959411621,9.438650131225586
2026-08-19T20:30:00Z,9.438650131225586,9.438920021057129,9.431710243225098,9.435009956359863
2026-08-19T21:00:00Z,9.43362045288086,9.43362045288086,9.42704963684082,9.428290367126465
2026-08-19T21:30:00Z,9.429129600524902,9.431539535522461,9.42588996887207,9.43080997467041
2026-08-19T22:00:00Z,9.43082046508789,9.43628978729248,9.426870346069336,9.432290077209473
2026-08-19T22:30:00Z,9.432209968566895,9.436949729919434,9.431010246276855,9.434200286865234
2026-08-19T23:00:00Z,9.434820175170898,9.438150405883789,9.430939674377441,9.436300277709961
2026-08-19T23:30:00Z,9.437239646911621,9.441749572753906,9.436249732971191,9.440549850463867
2026-08-20T00:00:00Z,9.441189765930176,9.442850112915039,9.43278980255127,9.440710067749023
2026-08-20T00:30:00Z,9.440250396728516,9.444419860839844,9.437410354614258,9.44260025024414
2026-08-20T01:00:00Z,9.44225025177002,9.448780059814453,9.432550430297852,9.432559967041016
2026-08-20T01:30:00Z,9.433950424194336,9.443929672241211,9.43181037902832,9.438300132751465
2026-08-20T02:00:00Z,9.438460350036621,9.442469596862793,9.42549991607666,9.440250396728516
2026-08-20T02:30:00Z,9.439419746398926,9.441869735717773,9.436409950256348,9.439949989318848
2026-08-20T03:00:00Z,9.439949989318848,9.440699577331543,9.432310104370117,9.436920166015625
2026-08-20T03:30:00Z,9.436920166015625,9.439720153808594,9.433110237121582,9.434499740600586
2026-08-20T04:00:00Z,9.433850288391113,9.436300277709961,9.43080997467041,9.435970306396484
2026-08-20T04:30:00Z,9.435210227966309,9.442330360412598,9.434499740600586,9.440309524536133
2026-08-20T05:00:00Z,9.440400123596191,9.443289756774902,9.43651008605957,9.443140029907227
2026-08-20T05:30:00Z,9.442279815673828,9.443519592285156,9.433609962463379,9.435110092163086
2026-08-20T06:00:00Z,9.434849739074707,9.438699722290039,9.429610252380371,9.432149887084961
2026-08-20T06:30:00Z,9.43235969543457,9.43535041809082,9.417510032653809,9.420519828796387
2026-08-20T07:00:00Z,9.420680046081543,9.43494987487793,9.41819953918457,9.43241024017334
2026-08-20T07:30:00Z,9.43202018737793,9.451990127563477,9.422100067138672,9.43910026550293
2026-08-20T08:00:00Z,9.438949584960938,9.458829879760742,9.438899993896484,9.454950332641602
2026-08-20T08:30:00Z,9.455340385437012,9.459549903869629,9.44202995300293,9.446499824523926
2026-08-20T09:00:00Z,9.446499824523926,9.454150199890137,9.435099601745605,9.439729690551758
2026-08-20T09:30:00Z,9.43960952758789,9.455730438232422,9.439140319824219,9.447150230407715
2026-08-20T10:00:00Z,9.447620391845703,9.45259952545166,9.440899848937988,9.44795036315918
2026-08-20T10:30:00Z,9.44795036315918,9.474989891052246,9.444609642028809,9.469809532165527
2026-08-20T11:00:00Z,9.469980239868164,9.475310325622559,9.463299751281738,9.471190452575684
2026-08-20T11:30:00Z,9.47089958190918,9.48762035369873,9.466019630432129,9.483969688415527
2026-08-20T12:00:00Z,9.483499526977539,9.494119644165039,9.47566032409668,9.480799674987793
2026-08-20T12:30:00Z,9.48190975189209,9.49131965637207,9.469719886779785,9.473270416259766
2026-08-20T13:00:00Z,9.473409652709961,9.478719711303711,9.465229988098145,9.470999717712402
2026-08-20T13:30:00Z,9.471659660339355,9.48740005493164,9.468770027160645,9.484809875488281
2026-08-20T14:00:00Z,9.485360145568848,9.490920066833496,9.480299949645996,9.481579780578613
2026-08-20T14:30:00Z,9.481220245361328,9.48740005493164,9.476499557495117,9.485219955444336
2026-08-20T15:00:00Z,9.485099792480469,9.489819526672363,9.465100288391113,9.475910186767578
2026-08-20T15:30:00Z,9.475740432739258,9.495710372924805,9.474809646606445,9.487739562988281
2026-08-20T16:00:00Z,9.487739562988281,9.49767017364502,9.485639572143555,9.49629020690918
2026-08-20T16:30:00Z,9.495779991149902,9.49802017211914,9.490249633789062,9.492300033569336
2026-08-20T17:00:00Z,9.492300033569336,9.497920036315918,9.489500045776367,9.494219779968262
2026-08-20T17:30:00Z,9.494219779968262,9.497699737548828,9.490309715270996,9.491000175476074
2026-08-20T18:00:00Z,9.491000175476074,9.497220039367676,9.489310264587402,9.493720054626465
2026-08-20T18:30:00Z,9.493510246276855,9.494500160217285,9.48859977722168,9.489819526672363
2026-08-20T19:00:00Z,9.489740371704102,9.492910385131836,9.484809875488281,9.485930442810059
2026-08-20T19:30:00Z,9.485930442810059,9.487210273742676,9.482549667358398,9.486029624938965
2026-08-20T20:00:00Z,9.485300064086914,9.48882007598877,9.484169960021973,9.487110137939453
2026-08-20T20:30:00Z,9.487669944763184,9.488309860229492,9.47815990447998,9.483530044555664
2026-08-20T21:30:00Z,9.474320411682129,9.474419593811035,9.474320411682129,9.474419593811035
2026-08-20T22:00:00Z,9.476519584655762,9.479689598083496,9.474570274353027,9.476849555969238
2026-08-20T22:30:00Z,9.476849555969238,9.481380462646484,9.475299835205078,9.479990005493164
2026-08-20T23:00:00Z,9.479450225830078,9.481789588928223,9.475799560546875,9.479100227355957
2026-08-20T23:30:00Z,9.479669570922852,9.481289863586426,9.474309921264648,9.47488021850586
2026-08-21T00:00:00Z,9.474820137023926,9.479880332946777,9.470410346984863,9.474349975585938
2026-08-21T00:30:00Z,9.474349975585938,9.48034954071045,9.473509788513184,9.479310035705566
2026-08-21T01:00:00Z,9.479410171508789,9.480500221252441,9.467809677124023,9.46819019317627
2026-08-21T01:30:00Z,9.46819019317627,9.47307014465332,9.465800285339355,9.469019889831543
2026-08-21T02:00:00Z,9.468420028686523,9.471570014953613,9.458410263061523,9.461150169372559
2026-08-21T02:30:00Z,9.461090087890625,9.465609550476074,9.455209732055664,9.464449882507324
2026-08-21T03:00:00Z,9.464449882507324,9.467769622802734,9.461609840393066,9.465740203857422
2026-08-21T03:30:00Z,9.465740203857422,9.470629692077637,9.464599609375,9.465149879455566
2026-08-21T04:00:00Z,9.465149879455566,9.467650413513184,9.462610244750977,9.465950012207031
2026-08-21T04:30:00Z,9.465950012207031,9.469050407409668,9.463910102844238,9.464449882507324
2026-08-21T05:00:00Z,9.465069770812988,9.468910217285156,9.463109970092773,9.46815013885498
2026-08-21T05:30:00Z,9.46815013885498,9.469670295715332,9.454010009765625,9.45592975616455
2026-08-21T06:00:00Z,9.456330299377441,9.465929985046387,9.453630447387695,9.462550163269043
2026-08-21T06:30:00Z,9.46261978149414,9.465330123901367,9.458109855651855,9.45853042602539
2026-08-21T07:00:00Z,9.458399772644043,9.465200424194336,9.454500198364258,9.464770317077637
2026-08-21T07:30:00Z,9.464529991149902,9.474530220031738,9.46030044555664,9.47035026550293
2026-08-21T08:00:00Z,9.469650268554688,9.475910186767578,9.466190338134766,9.467399597167969
2026-08-21T08:30:00Z,9.467399597167969,9.470330238342285,9.456709861755371,9.459480285644531
2026-08-21T09:00:00Z,9.459650039672852,9.463489532470703,9.453100204467773,9.461299896240234
2026-08-21T09:30:00Z,9.461529731750488,9.464690208435059,9.458020210266113,9.464189529418945
2026-08-21T10:00:00Z,9.464489936828613,9.46679973602295,9.455900192260742,9.456979751586914
2026-08-21T10:30:00Z,9.456899642944336,9.465620040893555,9.45674991607666,9.463800430297852
2026-08-21T11:00:00Z,9.463769912719727,9.465020179748535,9.446800231933594,9.447019577026367
2026-08-21T11:30:00Z,9.447019577026367,9.462329864501953,9.446410179138184,9.45753002166748
2026-08-21T12:00:00Z,9.457460403442383,9.458450317382812,9.448909759521484,9.451709747314453
2026-08-21T12:30:00Z,9.451899528503418,9.4689302444458,9.450200080871582,9.45580005645752
2026-08-21T13:00:00Z,9.455960273742676,9.468000411987305,9.450699806213379,9.462189674377441
2026-08-21T13:30:00Z,9.462539672851562,9.469550132751465,9.453550338745117,9.456520080566406
2026-08-21T14:00:00Z,9.456009864807129,9.467009544372559,9.454400062561035,9.464280128479004
2026-08-21T14:30:00Z,9.464280128479004,9.47566032409668,9.462329864501953,9.467249870300293
2026-08-21T15:00:00Z,9.467399597167969,9.472009658813477,9.463500022888184,9.468409538269043
2026-08-21T15:30:00Z,9.468420028686523,9.470600128173828,9.460410118103027,9.463459968566895
2026-08-21T16:00:00Z,9.463199615478516,9.468669891357422,9.447110176086426,9.46362018585205
2026-08-21T16:30:00Z,9.46362018585205,9.46716022491455,9.462109565734863,9.462909698486328
2026-08-21T17:00:00Z,9.463589668273926,9.470000267028809,9.462800025939941,9.464369773864746
2026-08-21T17:30:00Z,9.464619636535645,9.467100143432617,9.461910247802734,9.46420955657959
2026-08-21T18:00:00Z,9.464150428771973,9.464570045471191,9.459409713745117,9.460650444030762
2026-08-21T18:30:00Z,9.460650444030762,9.464889526367188,9.459710121154785,9.461810111999512
2026-08-21T19:00:00Z,9.461810111999512,9.467249870300293,9.46010971069336,9.46580982208252
2026-08-21T19:30:00Z,9.466119766235352,9.47070026397705,9.464110374450684,9.470250129699707
2026-08-21T20:00:00Z,9.470109939575195,9.472590446472168,9.464859962463379,9.469610214233398
2026-08-21T20:30:00Z,9.470840454101562,9.474140167236328,9.464380264282227,9.470800399780273
2026-08-21T21:00:00Z,9.462200164794922,9.462200164794922,9.462200164794922,9.462200164794922
2026-08-23T23:00:00Z,9.47642993927002,9.478219985961914,9.470499992370605,9.476739883422852
2026-08-23T23:30:00Z,9.476739883422852,9.477370262145996,9.466910362243652,9.467009544372559
2026-08-24T00:00:00Z,9.467490196228027,9.469169616699219,9.460909843444824,9.467809677124023
2026-08-24T00:30:00Z,9.467889785766602,9.470279693603516,9.462209701538086,9.462550163269043
2026-08-24T01:00:00Z,9.463669776916504,9.475760459899902,9.4618501663208,9.47445011138916
2026-08-24T01:30:00Z,9.47445011138916,9.47716999053955,9.468700408935547,9.470009803771973
2026-08-24T02:00:00Z,9.470009803771973,9.472149848937988,9.464309692382812,9.46796989440918
2026-08-24T02:30:00Z,9.467140197753906,9.473420143127441,9.466609954833984,9.468059539794922
2026-08-24T03:00:00Z,9.468890190124512,9.475130081176758,9.468009948730469,9.470809936523438
2026-08-24T03:30:00Z,9.471599578857422,9.474260330200195,9.469710350036621,9.472350120544434
2026-08-24T04:00:00Z,9.472900390625,9.477359771728516,9.470149993896484,9.47095012664795
2026-08-24T04:30:00Z,9.471670150756836,9.474309921264648,9.468549728393555,9.468609809875488
2026-08-24T05:00:00Z,9.468549728393555,9.473469734191895,9.467209815979004,9.471549987792969
2026-08-24T05:30:00Z,9.471549987792969,9.477649688720703,9.469209671020508,9.470890045166016
2026-08-24T06:00:00Z,9.469949722290039,9.473819732666016,9.466090202331543,9.472000122070312
2026-08-24T06:30:00Z,9.472530364990234,9.478919982910156,9.468210220336914,9.473429679870605
2026-08-24T07:00:00Z,9.473219871520996,9.478090286254883,9.466959953308105,9.474220275878906
2026-08-24T07:30:00Z,9.474579811096191,9.48721981048584,9.469079971313477,9.482150077819824
2026-08-24T08:00:00Z,9.482099533081055,9.491479873657227,9.481040000915527,9.489049911499023
2026-08-24T08:30:00Z,9.489520072937012,9.48958969116211,9.477510452270508,9.482950210571289
2026-08-24T09:00:00Z,9.482500076293945,9.490519523620605,9.480119705200195,9.487899780273438
2026-08-24T09:30:00Z,9.488120079040527,9.492019653320312,9.482000350952148,9.488730430603027
2026-08-24T10:00:00Z,9.4889497756958,9.492210388183594,9.486749649047852,9.489669799804688
2026-08-24T10:30:00Z,9.489350318908691,9.50076961517334,9.48820972442627,9.499099731445312
2026-08-24T11:00:00Z,9.499039649963379,9.50841999053955,9.497309684753418,9.502470016479492
2026-08-24T11:30:00Z,9.501999855041504,9.503239631652832,9.488409996032715,9.496390342712402
2026-08-24T12:00:00Z,9.49612045288086,9.504059791564941,9.484310150146484,9.484930038452148
2026-08-24T12:30:00Z,9.484930038452148,9.498740196228027,9.48451042175293,9.492870330810547
2026-08-24T13:00:00Z,9.4924898147583,9.493820190429688,9.484210014343262,9.49059009552002
2026-08-24T13:30:00Z,9.490739822387695,9.49551010131836,9.487139701843262,9.494709968566895
2026-08-24T14:00:00Z,9.494850158691406,9.500570297241211,9.489109992980957,9.489669799804688
2026-08-24T14:30:00Z,9.489660263061523,9.500040054321289,9.48904037475586,9.498299598693848
2026-08-24T15:00:00Z,9.498350143432617,9.499640464782715,9.4854097366333,9.485610008239746
2026-08-24T15:30:00Z,9.486459732055664,9.498880386352539,9.485400199890137,9.494609832763672
2026-08-24T16:00:00Z,9.496419906616211,9.498089790344238,9.473409652709961,9.493980407714844
2026-08-24T16:30:00Z,9.493980407714844,9.499079704284668,9.490730285644531,9.494379997253418
2026-08-24T17:00:00Z,9.4939603805542,9.506010055541992,9.489709854125977,9.503820419311523
2026-08-24T17:30:00Z,9.50352954864502,9.505290031433105,9.49923038482666,9.500320434570312
2026-08-24T18:00:00Z,9.50022029876709,9.502809524536133,9.493410110473633,9.49370002746582
2026-08-24T18:30:00Z,9.493760108947754,9.500020027160645,9.492509841918945,9.495380401611328
2026-08-24T19:00:00Z,9.495699882507324,9.500329971313477,9.494250297546387,9.499509811401367
2026-08-24T19:30:00Z,9.499730110168457,9.500659942626953,9.494110107421875,9.4970703125
2026-08-24T20:00:00Z,9.497830390930176,9.49921989440918,9.49081039428711,9.493029594421387
2026-08-24T20:30:00Z,9.492919921875,9.494330406188965,9.48904037475586,9.49213981628418
2026-08-24T21:00:00Z,9.49213981628418,9.49213981628418,9.474909782409668,9.476900100708008
2026-08-24T21:30:00Z,9.479889869689941,9.490309715270996,9.474590301513672,9.481829643249512
2026-08-24T22:00:00Z,9.48112964630127,9.49446964263916,9.480600357055664,9.492799758911133
2026-08-24T22:30:00Z,9.493399620056152,9.49487018585205,9.491100311279297,9.494039535522461
2026-08-24T23:00:00Z,9.493809700012207,9.496479988098145,9.491999626159668,9.495200157165527
2026-08-24T23:30:00Z,9.495490074157715,9.496620178222656,9.490209579467773,9.490710258483887
2026-08-25T00:00:00Z,9.490710258483887,9.492030143737793,9.48606014251709,9.487850189208984
2026-08-25T00:30:00Z,9.487850189208984,9.493430137634277,9.485710144042969,9.49114990234375
2026-08-25T01:00:00Z,9.491419792175293,9.49740982055664,9.489410400390625,9.491920471191406
2026-08-25T01:30:00Z,9.491920471191406,9.498530387878418,9.489709854125977,9.496450424194336
2026-08-25T02:00:00Z,9.496450424194336,9.499300003051758,9.493709564208984,9.495050430297852
2026-08-25T02:30:00Z,9.495539665222168,9.503339767456055,9.49491024017334,9.500909805297852
2026-08-25T03:00:00Z,9.501440048217773,9.501790046691895,9.497349739074707,9.498749732971191
2026-08-25T03:30:00Z,9.499409675598145,9.501029968261719,9.496210098266602,9.498350143432617
2026-08-25T04:00:00Z,9.498769760131836,9.504670143127441,9.49806022644043,9.503560066223145
2026-08-25T04:30:00Z,9.503560066223145,9.505069732666016,9.50121021270752,9.503350257873535
2026-08-25T05:00:00Z,9.504119873046875,9.505069732666016,9.499309539794922,9.499959945678711
2026-08-25T05:30:00Z,9.499659538269043,9.50432014465332,9.498909950256348,9.501150131225586
2026-08-25T06:00:00Z,9.502010345458984,9.504549980163574,9.498470306396484,9.498820304870605
2026-08-25T06:30:00Z,9.498820304870605,9.51926040649414,9.498640060424805,9.517339706420898
2026-08-25T07:00:00Z,9.517660140991211,9.51908016204834,9.508399963378906,9.513520240783691
2026-08-25T07:30:00Z,9.513469696044922,9.519920349121094,9.51179027557373,9.517120361328125
2026-08-25T08:00:00Z,9.51786994934082,9.522720336914062,9.507399559020996,9.513819694519043
2026-08-25T08:30:00Z,9.513480186462402,9.518250465393066,9.50609016418457,9.506219863891602
2026-08-25T09:00:00Z,9.506529808044434,9.508319854736328,9.49053955078125,9.500370025634766
2026-08-25T09:30:00Z,9.499899864196777,9.500510215759277,9.48270034790039,9.488120079040527
2026-08-25T10:00:00Z,9.488260269165039,9.496410369873047,9.484700202941895,9.496020317077637
2026-08-25T10:30:00Z,9.49612045288086,9.498600006103516,9.489399909973145,9.490920066833496
2026-08-25T11:00:00Z,9.490920066833496,9.498769760131836,9.49020004272461,9.491040229797363
2026-08-25T11:30:00Z,9.49131965637207,9.493820190429688,9.481209754943848,9.493300437927246
2026-08-25T12:00:00Z,9.493289947509766,9.493300437927246,9.484299659729004,9.484519958496094
2026-08-25T12:30:00Z,9.48488998413086,9.489680290222168,9.478509902954102,9.478790283203125
2026-08-25T13:00:00Z,9.478790283203125,9.480819702148438,9.458880424499512,9.472550392150879
2026-08-25T13:30:00Z,9.472029685974121,9.475569725036621,9.46426010131836,9.467129707336426
2026-08-25T14:00:00Z,9.467470169067383,9.474109649658203,9.464010238647461,9.468390464782715
2026-08-25T14:30:00Z,9.468709945678711,9.47620964050293,9.46129035949707,9.46969985961914
2026-08-25T15:00:00Z,9.47012996673584,9.473620414733887,9.465539932250977,9.470270156860352
2026-08-25T15:30:00Z,9.470270156860352,9.470600128173828,9.460309982299805,9.467499732971191
2026-08-25T16:00:00Z,9.46741008758545,9.473919868469238,9.465410232543945,9.471739768981934
2026-08-25T16:30:00Z,9.472220420837402,9.476619720458984,9.469209671020508,9.472020149230957
2026-08-25T17:00:00Z,9.472330093383789,9.475460052490234,9.470609664916992,9.472450256347656
2026-08-25T17:30:00Z,9.472450256347656,9.473799705505371,9.466830253601074,9.467840194702148
2026-08-25T18:00:00Z,9.467840194702148,9.470330238342285,9.464630126953125,9.466389656066895
2026-08-25T18:30:00Z,9.466389656066895,9.467329978942871,9.463210105895996,9.46481990814209
2026-08-25T19:00:00Z,9.465189933776855,9.466529846191406,9.460610389709473,9.465510368347168
2026-08-25T19:30:00Z,9.466150283813477,9.467510223388672,9.451589584350586,9.45324993133545
2026-08-25T20:00:00Z,9.453319549560547,9.456450462341309,9.441360473632812,9.444990158081055
2026-08-25T20:30:00Z,9.444990158081055,9.451669692993164,9.441370010375977,9.449210166931152
2026-08-25T21:00:00Z,9.445469856262207,9.452549934387207,9.434300422668457,9.441189765930176
2026-08-25T21:30:00Z,9.443010330200195,9.452850341796875,9.435970306396484,9.445599555969238
2026-08-25T22:00:00Z,9.445599555969238,9.454429626464844,9.432000160217285,9.450759887695312
2026-08-25T22:30:00Z,9.452079772949219,9.45361042022705,9.443519592285156,9.44987964630127
2026-08-25T23:00:00Z,9.450079917907715,9.454569816589355,9.44480037689209,9.453880310058594
2026-08-25T23:30:00Z,9.453880310058594,9.455289840698242,9.449910163879395,9.452619552612305
2026-08-26T00:00:00Z,9.45324993133545,9.456310272216797,9.448209762573242,9.45145034790039
2026-08-26T00:30:00Z,9.452469825744629,9.456890106201172,9.450189590454102,9.455710411071777
2026-08-26T01:00:00Z,9.45656967163086,9.461970329284668,9.454110145568848,9.459309577941895
2026-08-26T01:30:00Z,9.459930419921875,9.461020469665527,9.454910278320312,9.457850456237793
2026-08-26T02:00:00Z,9.458889961242676,9.459309577941895,9.453590393066406,9.456330299377441
2026-08-26T02:30:00Z,9.456330299377441,9.459090232849121,9.453109741210938,9.457220077514648
2026-08-26T03:00:00Z,9.45753002166748,9.461469650268555,9.456299781799316,9.459150314331055
2026-08-26T03:30:00Z,9.459989547729492,9.463410377502441,9.458250045776367,9.462249755859375
2026-08-26T04:00:00Z,9.462249755859375,9.465020179748535,9.460309982299805,9.462050437927246
2026-08-26T04:30:00Z,9.46267032623291,9.467550277709961,9.461509704589844,9.466230392456055
2026-08-26T05:00:00Z,9.46541976928711,9.468330383300781,9.461709976196289,9.462889671325684
2026-08-26T05:30:00Z,9.462969779968262,9.463769912719727,9.457710266113281,9.460800170898438
2026-08-26T06:00:00Z,9.461970329284668,9.469820022583008,9.459099769592285,9.469659805297852
2026-08-26T06:30:00Z,9.469260215759277,9.476059913635254,9.467860221862793,9.47542953491211
2026-08-26T07:00:00Z,9.475310325622559,9.491399765014648,9.468799591064453,9.490340232849121
2026-08-26T07:30:00Z,9.490340232849121,9.491419792175293,9.481900215148926,9.484180450439453
2026-08-26T08:00:00Z,9.484180450439453,9.487730026245117,9.482399940490723,9.484620094299316
2026-08-26T08:30:00Z,9.484439849853516,9.49209976196289,9.483619689941406,9.488909721374512
2026-08-26T09:00:00Z,9.488900184631348,9.491840362548828,9.486100196838379,9.489709854125977
2026-08-26T09:30:00Z,9.489419937133789,9.490119934082031,9.484199523925781,9.486639976501465
2026-08-26T10:00:00Z,9.486820220947266,9.49215030670166,9.48589038848877,9.490850448608398
2026-08-26T10:30:00Z,9.49094009399414,9.494839668273926,9.48921012878418,9.494529724121094
2026-08-26T11:00:00Z,9.494529724121094,9.498220443725586,9.488510131835938,9.496990203857422
2026-08-26T11:30:00Z,9.496950149536133,9.500519752502441,9.490209579467773,9.491820335388184
2026-08-26T12:00:00Z,9.491510391235352,9.494489669799805,9.4854097366333,9.488369941711426
2026-08-26T12:30:00Z,9.487310409545898,9.521989822387695,9.476349830627441,9.521659851074219
2026-08-26T13:00:00Z,9.521920204162598,9.523599624633789,9.509200096130371,9.51101016998291
2026-08-26T13:30:00Z,9.51121997833252,9.518619537353516,9.50691032409668,9.517129898071289
2026-08-26T14:00:00Z,9.516969680786133,9.542400360107422,9.514969825744629,9.538200378417969
2026-08-26T14:30:00Z,9.538200378417969,9.539340019226074,9.525409698486328,9.536160469055176
2026-08-26T15:00:00Z,9.536370277404785,9.537389755249023,9.52910041809082,9.532879829406738
2026-08-26T15:30:00Z,9.532890319824219,9.5378999710083,9.522109985351562,9.536800384521484
2026-08-26T16:00:00Z,9.537659645080566,9.541330337524414,9.531780242919922,9.538849830627441
2026-08-26T16:30:00Z,9.539340019226074,9.541799545288086,9.535650253295898,9.538459777832031
2026-08-26T17:00:00Z,9.538459777832031,9.540300369262695,9.531109809875488,9.531149864196777
2026-08-26T17:30:00Z,9.531149864196777,9.533780097961426,9.529410362243652,9.53052043914795
2026-08-26T18:00:00Z,9.530949592590332,9.533149719238281,9.527009963989258,9.530509948730469
2026-08-26T18:30:00Z,9.530770301818848,9.533980369567871,9.529609680175781,9.53184986114502
2026-08-26T19:00:00Z,9.531840324401855,9.534070014953613,9.529410362243652,9.530830383300781
2026-08-26T19:30:00Z,9.530940055847168,9.533599853515625,9.529210090637207,9.53024959564209
2026-08-26T20:00:00Z,9.530130386352539,9.533729553222656,9.529330253601074,9.530719757080078
2026-08-26T20:30:00Z,9.531049728393555,9.531129837036133,9.514809608459473,9.530699729919434
2026-08-26T21:00:00Z,9.5281400680542,9.5281400680542,9.500499725341797,9.506890296936035
2026-08-26T21:30:00Z,9.518819808959961,9.522330284118652,9.495260238647461,9.512350082397461
2026-08-26T22:00:00Z,9.51764965057373,9.529069900512695,9.511019706726074,9.525130271911621
2026-08-26T22:30:00Z,9.525859832763672,9.527759552001953,9.523139953613281,9.526630401611328
2026-08-26T23:00:00Z,9.526410102844238,9.527739524841309,9.519789695739746,9.526020050048828
2026-08-26T23:30:00Z,9.524979591369629,9.526350021362305,9.523139953613281,9.524510383605957
2026-08-27T00:00:00Z,9.52538013458252,9.527660369873047,9.521949768066406,9.521949768066406
2026-08-27T00:30:00Z,9.522740364074707,9.528579711914062,9.521550178527832,9.524620056152344
2026-08-27T01:00:00Z,9.525580406188965,9.527560234069824,9.5201997756958,9.522299766540527
2026-08-27T01:30:00Z,9.523059844970703,9.525449752807617,9.520170211791992,9.522199630737305
2026-08-27T02:00:00Z,9.52239990234375,9.527159690856934,9.52040958404541,9.526309967041016
2026-08-27T02:30:00Z,9.526450157165527,9.527950286865234,9.523409843444824,9.524539947509766
2026-08-27T03:00:00Z,9.525400161743164,9.526300430297852,9.524009704589844,9.52550983428955
2026-08-27T03:30:00Z,9.52550983428955,9.526869773864746,9.523309707641602,9.525989532470703
2026-08-27T04:00:00Z,9.525989532470703,9.526949882507324,9.523309707641602,9.525150299072266
2026-08-27T04:30:00Z,9.525150299072266,9.529339790344238,9.525019645690918,9.527050018310547
2026-08-27T05:00:00Z,9.527569770812988,9.530019760131836,9.521710395812988,9.52200984954834
2026-08-27T05:30:00Z,9.522350311279297,9.528980255126953,9.521400451660156,9.525480270385742
2026-08-27T06:00:00Z,9.52637004852295,9.528519630432129,9.521909713745117,9.523249626159668
2026-08-27T06:30:00Z,9.523260116577148,9.526459693908691,9.52001953125,9.523130416870117
2026-08-27T07:00:00Z,9.523130416870117,9.535499572753906,9.520709991455078,9.533100128173828
2026-08-27T07:30:00Z,9.533989906311035,9.535160064697266,9.527310371398926,9.532859802246094
2026-08-27T08:00:00Z,9.53378963470459,9.541029930114746,9.530200004577637,9.538009643554688
2026-08-27T08:30:00Z,9.538240432739258,9.5416898727417,9.531709671020508,9.532130241394043
2026-08-27T09:00:00Z,9.5322904586792,9.53573989868164,9.527899742126465,9.53052043914795
2026-08-27T09:30:00Z,9.530559539794922,9.537650108337402,9.527770042419434,9.533040046691895
2026-08-27T10:00:00Z,9.533040046691895,9.536299705505371,9.524800300598145,9.526610374450684
2026-08-27T10:30:00Z,9.526610374450684,9.532489776611328,9.525250434875488,9.526579856872559
2026-08-27T11:00:00Z,9.52649974822998,9.529890060424805,9.523209571838379,9.525500297546387
2026-08-27T11:30:00Z,9.524760246276855,9.527640342712402,9.517569541931152,9.520779609680176
2026-08-27T12:00:00Z,9.521400451660156,9.524080276489258,9.515199661254883,9.522489547729492
2026-08-27T12:30:00Z,9.522899627685547,9.526829719543457,9.517900466918945,9.5206298828125
2026-08-27T13:00:00Z,9.520369529724121,9.521849632263184,9.50160026550293,9.502679824829102
2026-08-27T13:30:00Z,9.502309799194336,9.515159606933594,9.501500129699707,9.507490158081055
2026-08-27T14:00:00Z,9.50745964050293,9.520380020141602,9.50706958770752,9.51710033416748
2026-08-27T14:30:00Z,9.517609596252441,9.521209716796875,9.510749816894531,9.518810272216797
2026-08-27T15:00:00Z,9.519450187683105,9.519749641418457,9.512290000915527,9.514909744262695
2026-08-27T15:30:00Z,9.514909744262695,9.517560005187988,9.511110305786133,9.513919830322266
2026-08-27T16:00:00Z,9.513919830322266,9.519499778747559,9.512510299682617,9.513310432434082
2026-08-27T16:30:00Z,9.512909889221191,9.517009735107422,9.51161003112793,9.514909744262695
2026-08-27T17:00:00Z,9.514829635620117,9.51891040802002,9.51220989227295,9.515649795532227
2026-08-27T17:30:00Z,9.515649795532227,9.521820068359375,9.51511001586914,9.519780158996582
2026-08-27T18:00:00Z,9.51968002319336,9.525409698486328,9.518810272216797,9.524720191955566
2026-08-27T18:30:00Z,9.524049758911133,9.525699615478516,9.519829750061035,9.521539688110352
2026-08-27T19:00:00Z,9.520950317382812,9.521360397338867,9.51710033416748,9.51941967010498
2026-08-27T19:30:00Z,9.51941967010498,9.520500183105469,9.516610145568848,9.518610000610352
2026-08-27T20:00:00Z,9.519539833068848,9.520009994506836,9.514869689941406,9.51846981048584
2026-08-27T20:30:00Z,9.518329620361328,9.518569946289062,9.511870384216309,9.513569831848145
2026-08-27T21:00:00Z,9.51356029510498,9.513569831848145,9.494500160217285,9.504380226135254
2026-08-27T21:30:00Z,9.509679794311523,9.511940002441406,9.50100040435791,9.50175952911377
2026-08-27T22:00:00Z,9.503979682922363,9.514730453491211,9.50298023223877,9.51276969909668
2026-08-27T22:30:00Z,9.51276969909668,9.514909744262695,9.51140022277832,9.5139799118042
2026-08-27T23:00:00Z,9.514309883117676,9.515000343322754,9.511199951171875,9.513870239257812
2026-08-27T23:30:00Z,9.513870239257812,9.51632022857666,9.512709617614746,9.5139799118042
2026-08-28T00:00:00Z,9.514450073242188,9.519399642944336,9.512909889221191,9.516349792480469
2026-08-28T00:30:00Z,9.516349792480469,9.517970085144043,9.512909889221191,9.515350341796875
2026-08-28T01:00:00Z,9.515350341796875,9.517609596252441,9.512109756469727,9.516409873962402
2026-08-28T01:30:00Z,9.51688003540039,9.52003002166748,9.511810302734375,9.519350051879883
2026-08-28T02:00:00Z,9.51984977722168,9.521920204162598,9.51570987701416,9.519049644470215
2026-08-28T02:30:00Z,9.519049644470215,9.520979881286621,9.515250205993652,9.515339851379395
2026-08-28T03:00:00Z,9.515339851379395,9.517410278320312,9.514389991760254,9.515239715576172
2026-08-28T03:30:00Z,9.515239715576172,9.522520065307617,9.51511001586914,9.521160125732422
2026-08-28T04:00:00Z,9.521249771118164,9.523170471191406,9.520210266113281,9.522109985351562
2026-08-28T04:30:00Z,9.522159576416016,9.52517032623291,9.52145004272461,9.524250030517578
2026-08-28T05:00:00Z,9.524250030517578,9.527469635009766,9.523750305175781,9.526350021362305
2026-08-28T05:30:00Z,9.526809692382812,9.528900146484375,9.519709587097168,9.524419784545898
2026-08-28T06:00:00Z,9.523380279541016,9.527050018310547,9.511280059814453,9.517120361328125
2026-08-28T06:30:00Z,9.517009735107422,9.522390365600586,9.503910064697266,9.5068998336792
2026-08-28T07:00:00Z,9.507519721984863,9.521679878234863,9.503800392150879,9.518839836120605
2026-08-28T07:30:00Z,9.518830299377441,9.519120216369629,9.51220989227295,9.517550468444824
2026-08-28T08:00:00Z,9.517829895019531,9.522109985351562,9.514530181884766,9.520400047302246
2026-08-28T08:30:00Z,9.520400047302246,9.523750305175781,9.516900062561035,9.522150039672852
2026-08-28T09:00:00Z,9.522150039672852,9.526920318603516,9.518409729003906,9.526350021362305
2026-08-28T09:30:00Z,9.526350021362305,9.527819633483887,9.523509979248047,9.52711009979248
2026-08-28T10:00:00Z,9.526749610900879,9.5272798538208,9.520270347595215,9.52118968963623
2026-08-28T10:30:00Z,9.52118968963623,9.521400451660156,9.514679908752441,9.515430450439453
2026-08-28T11:00:00Z,9.515359878540039,9.519519805908203,9.514209747314453,9.517410278320312
2026-08-28T11:30:00Z,9.516969680786133,9.522520065307617,9.51593017578125,9.51891040802002
2026-08-28T12:00:00Z,9.518919944763184,9.526700019836426,9.517800331115723,9.523409843444824
2026-08-28T12:30:00Z,9.523850440979004,9.530619621276855,9.516420364379883,9.519720077514648
2026-08-28T13:00:00Z,9.519439697265625,9.530269622802734,9.516079902648926,9.525930404663086
2026-08-28T13:30:00Z,9.525930404663086,9.530989646911621,9.513810157775879,9.52672004699707
2026-08-28T14:00:00Z,9.524209976196289,9.592399597167969,9.486200332641602,9.580289840698242
2026-08-28T14:30:00Z,9.580340385437012,9.580920219421387,9.558150291442871,9.567009925842285
2026-08-28T15:00:00Z,9.566949844360352,9.586319923400879,9.56305980682373,9.584549903869629
2026-08-28T15:30:00Z,9.585009574890137,9.596719741821289,9.583620071411133,9.594229698181152
2026-08-28T16:00:00Z,9.594059944152832,9.622200012207031,9.593620300292969,9.613960266113281
2026-08-28T16:30:00Z,9.61355972290039,9.616180419921875,9.605910301208496,9.611109733581543
2026-08-28T17:00:00Z,9.611040115356445,9.615909576416016,9.604470252990723,9.609359741210938
2026-08-28T17:30:00Z,9.609359741210938,9.620519638061523,9.608810424804688,9.614789962768555
2026-08-28T18:00:00Z,9.614100456237793,9.619029998779297,9.608409881591797,9.611669540405273
2026-08-28T18:30:00Z,9.611669540405273,9.617030143737793,9.610610008239746,9.612719535827637
2026-08-28T19:00:00Z,9.612839698791504,9.61376953125,9.602109909057617,9.603269577026367
2026-08-28T19:30:00Z,9.603269577026367,9.606100082397461,9.600410461425781,9.605010032653809
2026-08-28T20:00:00Z,9.60573959350586,9.607430458068848,9.601110458374023,9.604660034179688
2026-08-28T20:30:00Z,9.604640007019043,9.61283016204834,9.598489761352539,9.601659774780273
2026-08-28T21:00:00Z,9.591699600219727,9.593999862670898,9.591699600219727,9.593999862670898
2026-08-30T23:00:00Z,9.60731029510498,9.609919548034668,9.602479934692383,9.607930183410645
2026-08-30T23:30:00Z,9.607930183410645,9.608810424804688,9.605259895324707,9.605879783630371
2026-08-31T00:00:00Z,9.606019973754883,9.612110137939453,9.601920127868652,9.610739707946777
2026-08-31T00:30:00Z,9.610750198364258,9.61100959777832,9.600790023803711,9.60414981842041
2026-08-31T01:00:00Z,9.604769706726074,9.613189697265625,9.603850364685059,9.607049942016602
2026-08-31T01:30:00Z,9.60731029510498,9.608039855957031,9.601449966430664,9.605010032653809
2026-08-31T02:00:00Z,9.605010032653809,9.60886001586914,9.602510452270508,9.604470252990723
2026-08-31T02:30:00Z,9.605039596557617,9.610770225524902,9.604009628295898,9.604450225830078
2026-08-31T03:00:00Z,9.604450225830078,9.606100082397461,9.601499557495117,9.603249549865723
2026-08-31T03:30:00Z,9.603249549865723,9.60750961303711,9.603150367736816,9.604610443115234
2026-08-31T04:00:00Z,9.6045503616333,9.608039855957031,9.601920127868652,9.607080459594727
2026-08-31T04:30:00Z,9.606989860534668,9.609479904174805,9.605759620666504,9.607359886169434
2026-08-31T05:00:00Z,9.60768985748291,9.611200332641602,9.60381031036377,9.60396957397461
2026-08-31T05:30:00Z,9.60396957397461,9.61128044128418,9.603960037231445,9.6068696975708
2026-08-31T06:00:00Z,9.607210159301758,9.613439559936523,9.60630989074707,9.610130310058594
2026-08-31T06:30:00Z,9.610320091247559,9.611949920654297,9.604379653930664,9.605449676513672
2026-08-31T07:00:00Z,9.60534954071045,9.606450080871582,9.591320037841797,9.595219612121582
2026-08-31T07:30:00Z,9.594900131225586,9.595919609069824,9.586000442504883,9.587750434875488
2026-08-31T08:00:00Z,9.588549613952637,9.594050407409668,9.581159591674805,9.592040061950684
2026-08-31T08:30:00Z,9.592000007629395,9.594719886779785,9.589690208435059,9.592269897460938
2026-08-31T09:00:00Z,9.592300415039062,9.592860221862793,9.58611011505127,9.591609954833984
2026-08-31T09:30:00Z,9.592209815979004,9.592519760131836,9.582200050354004,9.585220336914062
2026-08-31T10:00:00Z,9.585249900817871,9.586730003356934,9.580900192260742,9.582810401916504
2026-08-31T10:30:00Z,9.583410263061523,9.588629722595215,9.582710266113281,9.587329864501953
2026-08-31T11:00:00Z,9.587329864501953,9.588540077209473,9.572600364685059,9.572810173034668
2026-08-31T11:30:00Z,9.573519706726074,9.57981014251709,9.570710182189941,9.578399658203125
2026-08-31T12:00:00Z,9.576930046081543,9.588150024414062,9.576109886169434,9.584939956665039
2026-08-31T12:30:00Z,9.584959983825684,9.600569725036621,9.58428955078125,9.597840309143066
2026-08-31T13:00:00Z,9.598190307617188,9.599220275878906,9.588549613952637,9.590450286865234
2026-08-31T13:30:00Z,9.590169906616211,9.597339630126953,9.58745002746582,9.587679862976074
2026-08-31T14:00:00Z,9.587499618530273,9.593219757080078,9.583510398864746,9.591190338134766
2026-08-31T14:30:00Z,9.591190338134766,9.603819847106934,9.585700035095215,9.590239524841309
2026-08-31T15:00:00Z,9.590120315551758,9.5906400680542,9.577409744262695,9.57898998260498
2026-08-31T15:30:00Z,9.57898998260498,9.581299781799316,9.573800086975098,9.579689979553223
2026-08-31T16:00:00Z,9.579620361328125,9.58041000366211,9.574509620666504,9.57759952545166
2026-08-31T16:30:00Z,9.577309608459473,9.579239845275879,9.568010330200195,9.568650245666504
2026-08-31T17:00:00Z,9.568710327148438,9.57621955871582,9.568610191345215,9.57621955871582
2026-08-31T17:30:00Z,9.576089859008789,9.577010154724121,9.570240020751953,9.571999549865723
2026-08-31T18:00:00Z,9.571880340576172,9.573479652404785,9.56941032409668,9.572319984436035
2026-08-31T18:30:00Z,9.572099685668945,9.576120376586914,9.570819854736328,9.575750350952148
2026-08-31T19:00:00Z,9.575819969177246,9.57699966430664,9.571510314941406,9.572710037231445
2026-08-31T19:30:00Z,9.57334041595459,9.577230453491211,9.571310043334961,9.575980186462402
2026-08-31T20:00:00Z,9.576519966125488,9.58018970489502,9.573780059814453,9.579330444335938
2026-08-31T20:30:00Z,9.579319953918457,9.581740379333496,9.570249557495117,9.575699806213379
2026-08-31T21:00:00Z,9.574410438537598,9.574410438537598,9.574410438537598,9.574410438537598
2026-08-31T21:30:00Z,9.572219848632812,9.572219848632812,9.571020126342773,9.571479797363281
2026-08-31T22:00:00Z,9.572150230407715,9.58076000213623,9.570320129394531,9.579389572143555
2026-08-31T22:30:00Z,9.579389572143555,9.582059860229492,9.577199935913086,9.580719947814941
2026-08-31T23:00:00Z,9.580659866333008,9.583359718322754,9.579899787902832,9.580349922180176
2026-08-31T23:30:00Z,9.580249786376953,9.581230163574219,9.574310302734375,9.57470989227295
2026-09-01T00:00:00Z,9.574790000915527,9.577969551086426,9.566410064697266,9.568129539489746
2026-09-01T00:30:00Z,9.568129539489746,9.580120086669922,9.567509651184082,9.57882022857666
2026-09-01T01:00:00Z,9.578900337219238,9.587519645690918,9.575510025024414,9.585980415344238
2026-09-01T01:30:00Z,9.585980415344238,9.589699745178223,9.580840110778809,9.585820198059082
2026-09-01T02:00:00Z,9.585550308227539,9.590499877929688,9.58230972290039,9.58333969116211
2026-09-01T02:30:00Z,9.58333969116211,9.589170455932617,9.5833101272583,9.58495044708252
2026-09-01T03:00:00Z,9.585530281066895,9.591899871826172,9.584850311279297,9.590049743652344
2026-09-01T03:30:00Z,9.590049743652344,9.591699600219727,9.588350296020508,9.591480255126953
2026-09-01T04:00:00Z,9.591300010681152,9.595529556274414,9.589030265808105,9.594550132751465
2026-09-01T04:30:00Z,9.595230102539062,9.59570026397705,9.590399742126465,9.590660095214844
2026-09-01T05:00:00Z,9.590649604797363,9.59335994720459,9.586549758911133,9.58920955657959
2026-09-01T05:30:00Z,9.590100288391113,9.591300010681152,9.582550048828125,9.585989952087402
2026-09-01T06:00:00Z,9.584970474243164,9.595029830932617,9.584019660949707,9.594389915466309
2026-09-01T06:30:00Z,9.594050407409668,9.595959663391113,9.589400291442871,9.589449882507324
2026-09-01T07:00:00Z,9.589570045471191,9.5933198928833,9.583499908447266,9.589969635009766
2026-09-01T07:30:00Z,9.590020179748535,9.603919982910156,9.58920955657959,9.594679832458496
2026-09-01T08:00:00Z,9.594610214233398,9.601639747619629,9.590250015258789,9.599720001220703
2026-09-01T08:30:00Z,9.598950386047363,9.605130195617676,9.59496021270752,9.597539901733398
2026-09-01T09:00:00Z,9.597979545593262,9.601420402526855,9.589489936828613,9.59453010559082
2026-09-01T09:30:00Z,9.59469985961914,9.595219612121582,9.582099914550781,9.5902099609375
2026-09-01T10:00:00Z,9.590089797973633,9.590720176696777,9.581899642944336,9.585229873657227
2026-09-01T10:30:00Z,9.58491039276123,9.594220161437988,9.583600044250488,9.590649604797363
2026-09-01T11:00:00Z,9.590649604797363,9.59451961517334,9.584179878234863,9.585519790649414
2026-09-01T11:30:00Z,9.58549976348877,9.588820457458496,9.582659721374512,9.586409568786621
2026-09-01T12:00:00Z,9.586409568786621,9.591790199279785,9.57571029663086,9.578120231628418
2026-09-01T12:30:00Z,9.578510284423828,9.580989837646484,9.574139595031738,9.576040267944336
2026-09-01T13:00:00Z,9.576120376586914,9.584309577941895,9.575300216674805,9.581110000610352
2026-09-01T13:30:00Z,9.58156967163086,9.582900047302246,9.571310043334961,9.574130058288574
2026-09-01T14:00:00Z,9.57328987121582,9.577150344848633,9.567970275878906,9.575699806213379
2026-09-01T14:30:00Z,9.575690269470215,9.590920448303223,9.570489883422852,9.58584976196289
2026-09-01T15:00:00Z,9.585920333862305,9.598219871520996,9.582670211791992,9.591819763183594
2026-09-01T15:30:00Z,9.591110229492188,9.599029541015625,9.589509963989258,9.595820426940918
2026-09-01T16:00:00Z,9.595499992370605,9.614020347595215,9.594510078430176,9.612150192260742
2026-09-01T16:30:00Z,9.612150192260742,9.617389678955078,9.605079650878906,9.615349769592285
2026-09-01T17:00:00Z,9.615349769592285,9.616620063781738,9.60811996459961,9.608909606933594
2026-09-01T17:30:00Z,9.609270095825195,9.620019912719727,9.605509757995605,9.617890357971191
2026-09-01T18:00:00Z,9.617810249328613,9.619370460510254,9.614709854125977,9.617759704589844
2026-09-01T18:30:00Z,9.618220329284668,9.625,9.616609573364258,9.618009567260742
2026-09-01T19:00:00Z,9.617819786071777,9.619230270385742,9.614910125732422,9.61614990234375
2026-09-01T19:30:00Z,9.61614990234375,9.621600151062012,9.613349914550781,9.620770454406738
2026-09-01T20:00:00Z,9.620269775390625,9.623209953308105,9.618109703063965,9.61952018737793
2026-09-01T20:30:00Z,9.61952018737793,9.620030403137207,9.609809875488281,9.610600471496582
2026-09-01T21:00:00Z,9.610119819641113,9.610119819641113,9.607919692993164,9.607919692993164
2026-09-01T21:30:00Z,9.611359596252441,9.611359596252441,9.60614013671875,9.60614013671875
2026-09-01T22:00:00Z,9.613080024719238,9.617440223693848,9.609319686889648,9.616140365600586
2026-09-01T22:30:00Z,9.615360260009766,9.618659973144531,9.613499641418457,9.616140365600586
2026-09-01T23:00:00Z,9.616530418395996,9.61892032623291,9.615779876708984,9.6181001663208
2026-09-01T23:30:00Z,9.6181001663208,9.62028980255127,9.617010116577148,9.61931037902832
2026-09-02T00:00:00Z,9.61931037902832,9.623729705810547,9.61320972442627,9.623029708862305
2026-09-02T00:30:00Z,9.622300148010254,9.626580238342285,9.619709968566895,9.62637996673584
2026-09-02T01:00:00Z,9.625690460205078,9.633210182189941,9.62399959564209,9.625849723815918
2026-09-02T01:30:00Z,9.62656021118164,9.63679027557373,9.624710083007812,9.631609916687012
2026-09-02T02:00:00Z,9.631609916687012,9.64011001586914,9.630709648132324,9.632969856262207
2026-09-02T02:30:00Z,9.632969856262207,9.635370254516602,9.62971019744873,9.631750106811523
2026-09-02T03:00:00Z,9.631750106811523,9.637999534606934,9.630109786987305,9.63694953918457
2026-09-02T03:30:00Z,9.63755989074707,9.638999938964844,9.634510040283203,9.635350227355957
2026-09-02T04:00:00Z,9.63545036315918,9.643719673156738,9.63545036315918,9.642439842224121
2026-09-02T04:30:00Z,9.642439842224121,9.643560409545898,9.63761043548584,9.641400337219238
2026-09-02T05:00:00Z,9.641400337219238,9.646280288696289,9.633810043334961,9.633950233459473
2026-09-02T05:30:00Z,9.633950233459473,9.635530471801758,9.628649711608887,9.63092041015625
2026-09-02T06:00:00Z,9.63070011138916,9.63401985168457,9.622509956359863,9.630189895629883
2026-09-02T06:30:00Z,9.629420280456543,9.639800071716309,9.626099586486816,9.636969566345215
2026-09-02T07:00:00Z,9.637020111083984,9.641819953918457,9.628230094909668,9.630069732666016
2026-09-02T07:30:00Z,9.630029678344727,9.631600379943848,9.620829582214355,9.62816047668457
2026-09-02T08:00:00Z,9.627679824829102,9.632820129394531,9.621199607849121,9.632220268249512
2026-09-02T08:30:00Z,9.632049560546875,9.647899627685547,9.62876033782959,9.647459983825684
2026-09-02T09:00:00Z,9.64745044708252,9.660120010375977,9.642399787902832,9.657679557800293
2026-09-02T09:30:00Z,9.657750129699707,9.664119720458984,9.655810356140137,9.662389755249023
2026-09-02T10:00:00Z,9.662360191345215,9.667699813842773,9.658300399780273,9.662989616394043
2026-09-02T10:30:00Z,9.663080215454102,9.668100357055664,9.65680980682373,9.657859802246094
2026-09-02T11:00:00Z,9.657099723815918,9.660099983215332,9.646320343017578,9.650639533996582
2026-09-02T11:30:00Z,9.650190353393555,9.65149974822998,9.636509895324707,9.636810302734375
2026-09-02T12:00:00Z,9.636919975280762,9.639049530029297,9.624879837036133,9.635299682617188
2026-09-02T12:30:00Z,9.634690284729004,9.650099754333496,9.634389877319336,9.648969650268555
2026-09-02T13:00:00Z,9.649189949035645,9.651390075683594,9.611590385437012,9.631919860839844
2026-09-02T13:30:00Z,9.630620002746582,9.635600090026855,9.606470108032227,9.608280181884766
2026-09-02T14:00:00Z,9.607319831848145,9.625809669494629,9.605500221252441,9.624640464782715
2026-09-02T14:30:00Z,9.624730110168457,9.630499839782715,9.620809555053711,9.625800132751465
2026-09-02T15:00:00Z,9.626279830932617,9.62771987915039,9.618499755859375,9.61991024017334
2026-09-02T15:30:00Z,9.621139526367188,9.624799728393555,9.616809844970703,9.620209693908691
2026-09-02T16:00:00Z,9.620209693908691,9.623100280761719,9.612810134887695,9.62261962890625
2026-09-02T16:30:00Z,9.622289657592773,9.625320434570312,9.618200302124023,9.625320434570312
2026-09-02T17:00:00Z,9.624910354614258,9.631210327148438,9.621800422668457,9.622289657592773
2026-09-02T17:30:00Z,9.622759819030762,9.627799987792969,9.617609977722168,9.625300407409668
2026-09-02T18:00:00Z,9.624810218811035,9.628100395202637,9.609210014343262,9.62621021270752
2026-09-02T18:30:00Z,9.626469612121582,9.628399848937988,9.622249603271484,9.624190330505371
2026-09-02T19:00:00Z,9.623929977416992,9.629300117492676,9.623100280761719,9.627849578857422
2026-09-02T19:30:00Z,9.627849578857422,9.630000114440918,9.625,9.62697982788086
2026-09-02T20:00:00Z,9.626930236816406,9.627300262451172,9.621009826660156,9.624890327453613
2026-09-02T20:30:00Z,9.624890327453613,9.625800132751465,9.618249893188477,9.621219635009766
2026-09-02T21:00:00Z,9.621999740600586,9.621999740600586,9.621999740600586,9.621999740600586
2026-09-02T21:30:00Z,9.623809814453125,9.62382984161377,9.61950969696045,9.621899604797363
2026-09-02T22:00:00Z,9.621649742126465,9.631139755249023,9.61952018737793,9.63029956817627
2026-09-02T22:30:00Z,9.630330085754395,9.631799697875977,9.626999855041504,9.62874984741211
2026-09-02T23:00:00Z,9.62874984741211,9.63290023803711,9.627900123596191,9.630209922790527
2026-09-02T23:30:00Z,9.630209922790527,9.632109642028809,9.629300117492676,9.63049030303955
2026-09-03T00:00:00Z,9.63049030303955,9.63440990447998,9.626910209655762,9.628259658813477
2026-09-03T00:30:00Z,9.627849578857422,9.630029678344727,9.624199867248535,9.627349853515625
2026-09-03T01:00:00Z,9.627349853515625,9.629300117492676,9.621709823608398,9.621709823608398
2026-09-03T01:30:00Z,9.62279987335205,9.629469871520996,9.617409706115723,9.627209663391113
2026-09-03T02:00:00Z,9.627140045166016,9.628310203552246,9.618410110473633,9.620610237121582
2026-09-03T02:30:00Z,9.62108039855957,9.623100280761719,9.615509986877441,9.621620178222656
2026-09-03T03:00:00Z,9.621150016784668,9.621910095214844,9.613439559936523,9.616350173950195
2026-09-03T03:30:00Z,9.616350173950195,9.618539810180664,9.61301040649414,9.614450454711914
2026-09-03T04:00:00Z,9.614450454711914,9.616080284118652,9.608409881591797,9.608750343322754
2026-09-03T04:30:00Z,9.608750343322754,9.61227035522461,9.604909896850586,9.610600471496582
2026-09-03T05:00:00Z,9.610509872436523,9.61520004272461,9.608710289001465,9.612750053405762
2026-09-03T05:30:00Z,9.613750457763672,9.61417007446289,9.604949951171875,9.60575008392334
2026-09-03T06:00:00Z,9.606209754943848,9.61139965057373,9.604280471801758,9.605990409851074
2026-09-03T06:30:00Z,9.606260299682617,9.606260299682617,9.593199729919434,9.599800109863281
2026-09-03T07:00:00Z,9.60004997253418,9.602669715881348,9.586509704589844,9.599610328674316
2026-09-03T07:30:00Z,9.599710464477539,9.600000381469727,9.589240074157715,9.593110084533691
2026-09-03T08:00:00Z,9.593629837036133,9.59570026397705,9.576700210571289,9.58644962310791
2026-09-03T08:30:00Z,9.58633041381836,9.589599609375,9.578300476074219,9.584280014038086
2026-09-03T09:00:00Z,9.584650039672852,9.591699600219727,9.578909873962402,9.590570449829102
2026-09-03T09:30:00Z,9.590570449829102,9.59570026397705,9.588390350341797,9.592020034790039
2026-09-03T10:00:00Z,9.59160041809082,9.594900131225586,9.58650016784668,9.588290214538574
2026-09-03T10:30:00Z,9.588549613952637,9.593700408935547,9.581809997558594,9.58236026763916
2026-09-03T11:00:00Z,9.582369804382324,9.585399627685547,9.569640159606934,9.577249526977539
2026-09-03T11:30:00Z,9.577249526977539,9.584770202636719,9.574870109558105,9.576310157775879
2026-09-03T12:00:00Z,9.576310157775879,9.586620330810547,9.570269584655762,9.58318042755127
2026-09-03T12:30:00Z,9.563770294189453,9.584159851074219,9.547599792480469,9.554220199584961
2026-09-03T13:00:00Z,9.554220199584961,9.562520027160645,9.551010131835938,9.558719635009766
2026-09-03T13:30:00Z,9.55862045288086,9.569999694824219,9.548009872436523,9.548049926757812
2026-09-03T14:00:00Z,9.546500205993652,9.566329956054688,9.546070098876953,9.561389923095703
2026-09-03T14:30:00Z,9.561929702758789,9.575810432434082,9.559800148010254,9.565299987792969
2026-09-03T15:00:00Z,9.565150260925293,9.565239906311035,9.55010986328125,9.55049991607666
2026-09-03T15:30:00Z,9.550459861755371,9.556670188903809,9.546210289001465,9.550009727478027
2026-09-03T16:00:00Z,9.550379753112793,9.551899909973145,9.533769607543945,9.535479545593262
2026-09-03T16:30:00Z,9.535479545593262,9.541899681091309,9.529709815979004,9.535090446472168
2026-09-03T17:00:00Z,9.535440444946289,9.541899681091309,9.533109664916992,9.536310195922852
2026-09-03T17:30:00Z,9.536890029907227,9.54069995880127,9.534600257873535,9.539910316467285
2026-09-03T18:00:00Z,9.539970397949219,9.541199684143066,9.531209945678711,9.532990455627441
2026-09-03T18:30:00Z,9.532509803771973,9.537699699401855,9.532210350036621,9.535409927368164
2026-09-03T19:00:00Z,9.535499572753906,9.547300338745117,9.53495979309082,9.545049667358398
2026-09-03T19:30:00Z,9.544870376586914,9.548100471496582,9.522970199584961,9.524609565734863
2026-09-03T20:00:00Z,9.524609565734863,9.539030075073242,9.523599624633789,9.53812026977539
2026-09-03T20:30:00Z,9.537969589233398,9.541020393371582,9.531330108642578,9.53888988494873
2026-09-03T22:00:00Z,9.533960342407227,9.537529945373535,9.531840324401855,9.537099838256836
2026-09-03T22:30:00Z,9.536510467529297,9.539899826049805,9.534500122070312,9.538519859313965
2026-09-03T23:00:00Z,9.53931999206543,9.539660453796387,9.537599563598633,9.538490295410156
2026-09-03T23:30:00Z,9.538490295410156,9.539230346679688,9.533709526062012,9.533940315246582
2026-09-04T00:00:00Z,9.535149574279785,9.538519859313965,9.52947998046875,9.538000106811523
2026-09-04T00:30:00Z,9.538000106811523,9.539159774780273,9.528039932250977,9.5337495803833
2026-09-04T01:00:00Z,9.5337495803833,9.537980079650879,9.52991008758545,9.532480239868164
2026-09-04T01:30:00Z,9.532500267028809,9.534689903259277,9.529109954833984,9.529319763183594
2026-09-04T02:00:00Z,9.529680252075195,9.534910202026367,9.523200035095215,9.533089637756348
2026-09-04T02:30:00Z,9.533089637756348,9.534899711608887,9.528639793395996,9.531749725341797
2026-09-04T03:00:00Z,9.531749725341797,9.532349586486816,9.525810241699219,9.53024959564209
2026-09-04T03:30:00Z,9.53024959564209,9.53573989868164,9.529210090637207,9.535149574279785
2026-09-04T04:00:00Z,9.535149574279785,9.535630226135254,9.528949737548828,9.530890464782715
2026-09-04T04:30:00Z,9.530890464782715,9.531359672546387,9.526309967041016,9.528409957885742
2026-09-04T05:00:00Z,9.528719902038574,9.532560348510742,9.528209686279297,9.52991008758545
2026-09-04T05:30:00Z,9.52991008758545,9.532480239868164,9.526960372924805,9.5314302444458
2026-09-04T06:00:00Z,9.530440330505371,9.533909797668457,9.5247802734375,9.531720161437988
2026-09-04T06:30:00Z,9.532190322875977,9.532899856567383,9.52750015258789,9.531100273132324
2026-09-04T07:00:00Z,9.530909538269043,9.540399551391602,9.5302095413208,9.534799575805664
2026-09-04T07:30:00Z,9.535209655761719,9.545100212097168,9.533499717712402,9.543919563293457
2026-09-04T08:00:00Z,9.54384994506836,9.550999641418457,9.542670249938965,9.548480033874512
2026-09-04T08:30:00Z,9.54811954498291,9.556349754333496,9.541740417480469,9.542409896850586
2026-09-04T09:00:00Z,9.541740417480469,9.550700187683105,9.541199684143066,9.548749923706055
2026-09-04T09:30:00Z,9.548760414123535,9.558349609375,9.548210144042969,9.557680130004883
2026-09-04T10:00:00Z,9.557550430297852,9.5600004196167,9.552889823913574,9.558919906616211
2026-09-04T10:30:00Z,9.559080123901367,9.562020301818848,9.552000045776367,9.55659008026123
2026-09-04T11:00:00Z,9.556550025939941,9.560700416564941,9.554550170898438,9.55935001373291
2026-09-04T11:30:00Z,9.55935001373291,9.56089973449707,9.551850318908691,9.554420471191406
2026-09-04T12:00:00Z,9.554719924926758,9.555800437927246,9.542409896850586,9.543829917907715
2026-09-04T12:30:00Z,9.571700096130371,9.592900276184082,9.568300247192383,9.569890022277832
2026-09-04T13:00:00Z,9.569890022277832,9.582019805908203,9.553099632263184,9.553680419921875
2026-09-04T13:30:00Z,9.554100036621094,9.561530113220215,9.54209041595459,9.557869911193848
2026-09-04T14:00:00Z,9.55700969696045,9.565030097961426,9.554010391235352,9.557259559631348
2026-09-04T14:30:00Z,9.556949615478516,9.573450088500977,9.551199913024902,9.568929672241211
2026-09-04T15:00:00Z,9.569060325622559,9.575200080871582,9.561929702758789,9.565710067749023
2026-09-04T15:30:00Z,9.566530227661133,9.567099571228027,9.559510231018066,9.564430236816406
2026-09-04T16:00:00Z,9.564669609069824,9.56779956817627,9.55801010131836,9.562950134277344
2026-09-04T16:30:00Z,9.562950134277344,9.563650131225586,9.557510375976562,9.561260223388672
2026-09-04T17:00:00Z,9.561710357666016,9.571800231933594,9.560810089111328,9.570910453796387
2026-09-04T17:30:00Z,9.571610450744629,9.575799942016602,9.569310188293457,9.574210166931152
2026-09-04T18:00:00Z,9.574749946594238,9.577400207519531,9.573209762573242,9.576160430908203
2026-09-04T18:30:00Z,9.576800346374512,9.57975959777832,9.574009895324707,9.576399803161621
2026-09-04T19:00:00Z,9.576009750366211,9.577070236206055,9.570810317993164,9.571649551391602
2026-09-04T19:30:00Z,9.571849822998047,9.573809623718262,9.568209648132324,9.57091999053955
2026-09-04T20:00:00Z,9.57118034362793,9.575289726257324,9.564599990844727,9.570650100708008
2026-09-04T20:30:00Z,9.570170402526855,9.575420379638672,9.559690475463867,9.565500259399414
2026-09-06T23:00:00Z,9.573269844055176,9.57446002960205,9.55659008026123,9.571330070495605
2026-09-06T23:30:00Z,9.571330070495605,9.577159881591797,9.56470012664795,9.576069831848145
2026-09-07T00:00:00Z,9.57621955871582,9.578590393066406,9.570610046386719,9.571840286254883
2026-09-07T00:30:00Z,9.572190284729004,9.572979927062988,9.566909790039062,9.57034969329834
2026-09-07T01:00:00Z,9.571020126342773,9.579259872436523,9.570249557495117,9.575149536132812
2026-09-07T01:30:00Z,9.575819969177246,9.58368968963623,9.57509994506836,9.581219673156738
2026-09-07T02:00:00Z,9.581219673156738,9.58843994140625,9.579910278320312,9.583700180053711
2026-09-07T02:30:00Z,9.583700180053711,9.588319778442383,9.581700325012207,9.585169792175293
2026-09-07T03:00:00Z,9.58545970916748,9.587499618530273,9.58076000213623,9.581259727478027
2026-09-07T03:30:00Z,9.581669807434082,9.586939811706543,9.58076000213623,9.583600044250488
2026-09-07T04:00:00Z,9.584070205688477,9.586400032043457,9.582650184631348,9.585450172424316
2026-09-07T04:30:00Z,9.585450172424316,9.588410377502441,9.583709716796875,9.585740089416504
2026-09-07T05:00:00Z,9.5860595703125,9.589170455932617,9.584710121154785,9.58510971069336
2026-09-07T05:30:00Z,9.585049629211426,9.588199615478516,9.572310447692871,9.577289581298828
2026-09-07T06:00:00Z,9.577150344848633,9.603119850158691,9.564599990844727,9.592399597167969
2026-09-07T06:30:00Z,9.592399597167969,9.599309921264648,9.586350440979004,9.598219871520996
2026-09-07T07:00:00Z,9.598600387573242,9.611559867858887,9.59451961517334,9.602109909057617
2026-09-07T07:30:00Z,9.601900100708008,9.608429908752441,9.582599639892578,9.584659576416016
2026-09-07T08:00:00Z,9.584420204162598,9.590900421142578,9.576939582824707,9.580699920654297
2026-09-07T08:30:00Z,9.580719947814941,9.603899955749512,9.577580451965332,9.602080345153809
2026-09-07T09:00:00Z,9.60116958618164,9.603899955749512,9.588250160217285,9.590319633483887
2026-09-07T09:30:00Z,9.590020179748535,9.597000122070312,9.587499618530273,9.59550952911377
2026-09-07T10:00:00Z,9.595439910888672,9.597800254821777,9.59043025970459,9.594829559326172
2026-09-07T10:30:00Z,9.594650268554688,9.603520393371582,9.593059539794922,9.598699569702148
2026-09-07T11:00:00Z,9.598660469055176,9.606599807739258,9.595000267028809,9.604849815368652
2026-09-07T11:30:00Z,9.604619979858398,9.605899810791016,9.600250244140625,9.603110313415527
2026-09-07T12:00:00Z,9.602609634399414,9.609109878540039,9.597009658813477,9.597220420837402
2026-09-07T12:30:00Z,9.597419738769531,9.603170394897461,9.59531021118164,9.602899551391602
2026-09-07T13:00:00Z,9.603050231933594,9.603050231933594,9.594269752502441,9.600370407104492
2026-09-07T13:30:00Z,9.600370407104492,9.601920127868652,9.593500137329102,9.595800399780273
2026-09-07T14:00:00Z,9.595640182495117,9.596949577331543,9.586219787597656,9.589420318603516
2026-09-07T14:30:00Z,9.589010238647461,9.59589958190918,9.588139533996582,9.589550018310547
2026-09-07T15:00:00Z,9.589619636535645,9.594900131225586,9.584569931030273,9.589599609375
2026-09-07T15:30:00Z,9.589599609375,9.593700408935547,9.587610244750977,9.591560363769531
2026-09-07T16:00:00Z,9.5908203125,9.595399856567383,9.588910102844238,9.589349746704102
2026-09-07T16:30:00Z,9.589349746704102,9.590200424194336,9.58450984954834,9.586739540100098
2026-09-07T17:00:00Z,9.587149620056152,9.59041976928711,9.586310386657715,9.589859962463379
2026-09-07T17:30:00Z,9.589859962463379,9.592639923095703,9.58961009979248,9.590539932250977
2026-09-07T18:00:00Z,9.590920448303223,9.594200134277344,9.589909553527832,9.593509674072266
2026-09-07T18:30:00Z,9.59315013885498,9.594200134277344,9.59181022644043,9.592049598693848
2026-09-07T19:00:00Z,9.592379570007324,9.595100402832031,9.591650009155273,9.594030380249023
2026-09-07T19:30:00Z,9.594019889831543,9.595999717712402,9.593310356140137,9.593310356140137
2026-09-07T20:00:00Z,9.593640327453613,9.596059799194336,9.592559814453125,9.593449592590332
2026-09-07T20:30:00Z,9.593449592590332,9.595100402832031,9.581700325012207,9.592570304870605
2026-09-07T21:00:00Z,9.591509819030762,9.594949722290039,9.5770902633667,9.584879875183105
2026-09-07T21:30:00Z,9.584879875183105,9.59574031829834,9.579529762268066,9.58683967590332
2026-09-07T22:00:00Z,9.583510398864746,9.595999717712402,9.580360412597656,9.594189643859863
2026-09-07T22:30:00Z,9.594039916992188,9.596489906311035,9.591620445251465,9.593239784240723
2026-09-07T23:00:00Z,9.59447956085205,9.59512996673584,9.589400291442871,9.593000411987305
2026-09-07T23:30:00Z,9.593400001525879,9.59430980682373,9.590200424194336,9.591850280761719
2026-09-08T00:00:00Z,9.591850280761719,9.595560073852539,9.585809707641602,9.589909553527832
2026-09-08T00:30:00Z,9.589909553527832,9.59529972076416,9.589110374450684,9.594220161437988
2026-09-08T01:00:00Z,9.593460083007812,9.59630012512207,9.586009979248047,9.587719917297363
2026-09-08T01:30:00Z,9.587719917297363,9.590359687805176,9.585650444030762,9.585650444030762
2026-09-08T02:00:00Z,9.585709571838379,9.594590187072754,9.584750175476074,9.592249870300293
2026-09-08T02:30:00Z,9.593409538269043,9.59850025177002,9.59214973449707,9.597149848937988
2026-09-08T03:00:00Z,9.597149848937988,9.59945011138916,9.593159675598145,9.594149589538574
2026-09-08T03:30:00Z,9.594149589538574,9.598130226135254,9.592909812927246,9.596440315246582
2026-09-08T04:00:00Z,9.596879959106445,9.600279808044434,9.59490966796875,9.598710060119629
2026-09-08T04:30:00Z,9.598750114440918,9.600119590759277,9.597149848937988,9.597249984741211
2026-09-08T05:00:00Z,9.597990036010742,9.599800109863281,9.595210075378418,9.599479675292969
2026-09-08T05:30:00Z,9.59904956817627,9.601119995117188,9.590450286865234,9.590709686279297
2026-09-08T06:00:00Z,9.590550422668457,9.60219955444336,9.586119651794434,9.599220275878906
2026-09-08T06:30:00Z,9.59949016571045,9.610300064086914,9.59570026397705,9.606980323791504
2026-09-08T07:00:00Z,9.607049942016602,9.61279010772705,9.60319995880127,9.609800338745117
2026-09-08T07:30:00Z,9.609450340270996,9.617329597473145,9.605669975280762,9.613120079040527
2026-09-08T08:00:00Z,9.613200187683105,9.618499755859375,9.608209609985352,9.611300468444824
2026-09-08T08:30:00Z,9.611310005187988,9.617600440979004,9.60923957824707,9.61581039428711
2026-09-08T09:00:00Z,9.615650177001953,9.617600440979004,9.607390403747559,9.609450340270996
2026-09-08T09:30:00Z,9.609640121459961,9.611200332641602,9.601499557495117,9.606610298156738
2026-09-08T10:00:00Z,9.606860160827637,9.610799789428711,9.597169876098633,9.605799674987793
2026-09-08T10:30:00Z,9.605799674987793,9.61023998260498,9.60420036315918,9.60768985748291
2026-09-08T11:00:00Z,9.607850074768066,9.609700202941895,9.598320007324219,9.599419593811035
2026-09-08T11:30:00Z,9.59945011138916,9.60770034790039,9.592499732971191,9.599249839782715
2026-09-08T12:00:00Z,9.599249839782715,9.609199523925781,9.597599983215332,9.599969863891602
2026-09-08T12:30:00Z,9.599510192871094,9.602399826049805,9.593709945678711,9.593899726867676
2026-09-08T13:00:00Z,9.594440460205078,9.59529972076416,9.584839820861816,9.591050148010254
2026-09-08T13:30:00Z,9.591050148010254,9.60000991821289,9.588640213012695,9.596870422363281
2026-09-08T14:00:00Z,9.597450256347656,9.605819702148438,9.593330383300781,9.594719886779785
2026-09-08T14:30:00Z,9.595109939575195,9.59529972076416,9.584650039672852,9.584779739379883
2026-09-08T15:00:00Z,9.584790229797363,9.58745002746582,9.578289985656738,9.583499908447266
2026-09-08T15:30:00Z,9.583499908447266,9.586319923400879,9.580809593200684,9.586000442504883
2026-09-08T16:00:00Z,9.586319923400879,9.592700004577637,9.583499908447266,9.586750030517578
2026-09-08T16:30:00Z,9.586750030517578,9.589699745178223,9.583600044250488,9.585410118103027
2026-09-08T17:00:00Z,9.585980415344238,9.58611011505127,9.57761001586914,9.579569816589355
2026-09-08T17:30:00Z,9.57979965209961,9.583700180053711,9.57880973815918,9.5794095993042
2026-09-08T18:00:00Z,9.579919815063477,9.581700325012207,9.577110290527344,9.578789710998535
2026-09-08T18:30:00Z,9.578439712524414,9.592209815979004,9.575810432434082,9.580519676208496
2026-09-08T19:00:00Z,9.581299781799316,9.589300155639648,9.577520370483398,9.588359832763672
2026-09-08T19:30:00Z,9.588210105895996,9.589799880981445,9.583979606628418,9.585439682006836
2026-09-08T20:00:00Z,9.585260391235352,9.589940071105957,9.583169937133789,9.588509559631348
2026-09-08T20:30:00Z,9.589079856872559,9.589500427246094,9.56875991821289,9.56875991821289
2026-09-08T21:00:00Z,9.567850112915039,9.583000183105469,9.562490463256836,9.579039573669434
2026-09-08T21:30:00Z,9.572199821472168,9.58512020111084,9.561960220336914,9.567620277404785
2026-09-08T22:00:00Z,9.579830169677734,9.585769653320312,9.56680965423584,9.58279037475586
2026-09-08T22:30:00Z,9.584030151367188,9.58687973022461,9.573599815368652,9.585370063781738
2026-09-08T23:00:00Z,9.585100173950195,9.587050437927246,9.572500228881836,9.583510398864746
2026-09-08T23:30:00Z,9.582799911499023,9.585209846496582,9.575200080871582,9.582289695739746
2026-09-09T00:00:00Z,9.582289695739746,9.5829496383667,9.576310157775879,9.581009864807129
2026-09-09T00:30:00Z,9.58098030090332,9.584580421447754,9.579010009765625,9.5797700881958
2026-09-09T01:00:00Z,9.579629898071289,9.586339950561523,9.579010009765625,9.584870338439941
2026-09-09T01:30:00Z,9.584360122680664,9.587369918823242,9.58290958404541,9.583209991455078
2026-09-09T02:00:00Z,9.583439826965332,9.588760375976562,9.583109855651855,9.588250160217285
2026-09-09T02:30:00Z,9.58862018585205,9.589320182800293,9.582010269165039,9.58318042755127
2026-09-09T03:00:00Z,9.583720207214355,9.5860595703125,9.582110404968262,9.58471965789795
2026-09-09T03:30:00Z,9.585419654846191,9.586700439453125,9.582010269165039,9.585000038146973
2026-09-09T04:00:00Z,9.585000038146973,9.586130142211914,9.579910278320312,9.58135986328125
2026-09-09T04:30:00Z,9.582030296325684,9.584420204162598,9.580209732055664,9.580719947814941
2026-09-09T05:00:00Z,9.58113956451416,9.582489967346191,9.573809623718262,9.576580047607422
2026-09-09T05:30:00Z,9.576250076293945,9.581620216369629,9.575010299682617,9.578740119934082
2026-09-09T06:00:00Z,9.578009605407715,9.579400062561035,9.565010070800781,9.567859649658203
2026-09-09T06:30:00Z,9.567830085754395,9.575510025024414,9.5656099319458,9.571709632873535
2026-09-09T07:00:00Z,9.571990013122559,9.57759952545166,9.563619613647461,9.574790000915527
2026-09-09T07:30:00Z,9.575400352478027,9.584219932556152,9.570520401000977,9.582119941711426
2026-09-09T08:00:00Z,9.582440376281738,9.59259033203125,9.581119537353516,9.591409683227539
2026-09-09T08:30:00Z,9.591039657592773,9.594799995422363,9.587610244750977,9.592909812927246
2026-09-09T09:00:00Z,9.592809677124023,9.595999717712402,9.590279579162598,9.592470169067383
2026-09-09T09:30:00Z,9.592900276184082,9.603540420532227,9.588350296020508,9.602470397949219
2026-09-09T10:00:00Z,9.602250099182129,9.604909896850586,9.594300270080566,9.59613037109375
2026-09-09T10:30:00Z,9.595970153808594,9.597539901733398,9.586589813232422,9.592720031738281
2026-09-09T11:00:00Z,9.593230247497559,9.593259811401367,9.569999694824219,9.570030212402344
2026-09-09T11:30:00Z,9.569999694824219,9.578319549560547,9.567609786987305,9.574020385742188
2026-09-09T12:00:00Z,9.574259757995605,9.574259757995605,9.566020011901855,9.570670127868652
2026-09-09T12:30:00Z,9.570910453796387,9.575699806213379,9.567399978637695,9.570409774780273
2026-09-09T13:00:00Z,9.570240020751953,9.578399658203125,9.565910339355469,9.569549560546875
2026-09-09T13:30:00Z,9.569519996643066,9.578829765319824,9.567899703979492,9.572810173034668
2026-09-09T14:00:00Z,9.572979927062988,9.580220222473145,9.567779541015625,9.575289726257324
2026-09-09T14:30:00Z,9.575289726257324,9.581700325012207,9.57409954071045,9.575149536132812
2026-09-09T15:00:00Z,9.575119972229004,9.610899925231934,9.569899559020996,9.601909637451172
2026-09-09T15:30:00Z,9.601510047912598,9.602370262145996,9.585909843444824,9.600040435791016
2026-09-09T16:00:00Z,9.599720001220703,9.60200023651123,9.588139533996582,9.598569869995117
2026-09-09T16:30:00Z,9.598970413208008,9.599769592285156,9.587519645690918,9.595410346984863
2026-09-09T17:00:00Z,9.59611988067627,9.597020149230957,9.5833101272583,9.585009574890137
2026-09-09T17:30:00Z,9.585740089416504,9.592000007629395,9.58510971069336,9.588930130004883
2026-09-09T18:00:00Z,9.588549613952637,9.593600273132324,9.585410118103027,9.592889785766602
2026-09-09T18:30:00Z,9.592390060424805,9.60204029083252,9.591609954833984,9.60000991821289
2026-09-09T19:00:00Z,9.600099563598633,9.603300094604492,9.597009658813477,9.600629806518555
2026-09-09T19:30:00Z,9.60081958770752,9.60122013092041,9.593810081481934,9.597749710083008
2026-09-09T20:00:00Z,9.598219871520996,9.600899696350098,9.5971097946167,9.598380088806152
2026-09-09T20:30:00Z,9.598380088806152,9.598380088806152,9.585410118103027,9.585410118103027
2026-09-09T21:00:00Z,9.587519645690918,9.587519645690918,9.56527042388916,9.574790000915527
2026-09-09T21:30:00Z,9.57489013671875,9.587590217590332,9.56521987915039,9.584039688110352
2026-09-09T22:00:00Z,9.584429740905762,9.590020179748535,9.572019577026367,9.58528995513916
2026-09-09T22:30:00Z,9.58528995513916,9.586870193481445,9.582900047302246,9.58611011505127
2026-09-09T23:00:00Z,9.585399627685547,9.587679862976074,9.583600044250488,9.587309837341309
2026-09-09T23:30:00Z,9.587189674377441,9.590239524841309,9.585100173950195,9.589489936828613
2026-09-10T00:00:00Z,9.589240074157715,9.595060348510742,9.589110374450684,9.594059944152832
2026-09-10T00:30:00Z,9.594759941101074,9.596280097961426,9.591309547424316,9.593509674072266
2026-09-10T01:00:00Z,9.594449996948242,9.595159530639648,9.587610244750977,9.594759941101074
2026-09-10T01:30:00Z,9.593709945678711,9.595549583435059,9.58290958404541,9.583209991455078
2026-09-10T02:00:00Z,9.583209991455078,9.587300300598145,9.58141040802002,9.586009979248047
2026-09-10T02:30:00Z,9.587019920349121,9.58965015411377,9.583709716796875,9.583709716796875
2026-09-10T03:00:00Z,9.583979606628418,9.588720321655273,9.583600044250488,9.586700439453125
2026-09-10T03:30:00Z,9.587080001831055,9.589019775390625,9.584110260009766,9.584349632263184
2026-09-10T04:00:00Z,9.584970474243164,9.587730407714844,9.582209587097168,9.584930419921875
2026-09-10T04:30:00Z,9.585599899291992,9.588500022888184,9.583609580993652,9.58726978302002
2026-09-10T05:00:00Z,9.587240219116211,9.588020324707031,9.584549903869629,9.584799766540527
2026-09-10T05:30:00Z,9.585169792175293,9.586179733276367,9.577509880065918,9.580389976501465
2026-09-10T06:00:00Z,9.580329895019531,9.585820198059082,9.572409629821777,9.582039833068848
2026-09-10T06:30:00Z,9.582320213317871,9.58572006225586,9.578399658203125,9.580309867858887
2026-09-10T07:00:00Z,9.579529762268066,9.590530395507812,9.579529762268066,9.589380264282227
2026-09-10T07:30:00Z,9.589619636535645,9.592100143432617,9.586299896240234,9.589099884033203
2026-09-10T08:00:00Z,9.588600158691406,9.59630012512207,9.587809562683105,9.591019630432129
2026-09-10T08:30:00Z,9.590689659118652,9.602160453796387,9.589900016784668,9.599949836730957
2026-09-10T09:00:00Z,9.600000381469727,9.60947036743164,9.596190452575684,9.604740142822266
2026-09-10T09:30:00Z,9.605239868164062,9.607419967651367,9.595379829406738,9.598750114440918
2026-09-10T10:00:00Z,9.598649978637695,9.603899955749512,9.59296989440918,9.60342025756836
2026-09-10T10:30:00Z,9.603540420532227,9.614830017089844,9.602720260620117,9.612669944763184
2026-09-10T11:00:00Z,9.612350463867188,9.628100395202637,9.611920356750488,9.627220153808594
2026-09-10T11:30:00Z,9.626919746398926,9.637499809265137,9.619999885559082,9.63418960571289
2026-09-10T12:00:00Z,9.63418960571289,9.652759552001953,9.627670288085938,9.645000457763672
2026-09-10T12:30:00Z,9.645079612731934,9.682889938354492,9.628569602966309,9.667240142822266
2026-09-10T13:00:00Z,9.667369842529297,9.681300163269043,9.665209770202637,9.676210403442383
2026-09-10T13:30:00Z,9.676019668579102,9.677510261535645,9.654899597167969,9.663100242614746
2026-09-10T14:00:00Z,9.663220405578613,9.666219711303711,9.64799976348877,9.656220436096191
2026-09-10T14:30:00Z,9.655710220336914,9.660499572753906,9.649609565734863,9.658590316772461
2026-09-10T15:00:00Z,9.658129692077637,9.665499687194824,9.6533203125,9.663200378417969
2026-09-10T15:30:00Z,9.663390159606934,9.664799690246582,9.654809951782227,9.65863037109375
2026-09-10T16:00:00Z,9.65863037109375,9.668299674987793,9.656410217285156,9.66685962677002
2026-09-10T16:30:00Z,9.66685962677002,9.675250053405762,9.66530990600586,9.673480033874512
2026-09-10T17:00:00Z,9.673110008239746,9.676600456237793,9.66411018371582,9.667440414428711
2026-09-10T17:30:00Z,9.667440414428711,9.674699783325195,9.665109634399414,9.673620223999023
2026-09-10T18:00:00Z,9.673620223999023,9.683349609375,9.672209739685059,9.678119659423828
2026-09-10T18:30:00Z,9.677009582519531,9.681599617004395,9.672229766845703,9.677129745483398
2026-09-10T19:00:00Z,9.677249908447266,9.682700157165527,9.676010131835938,9.677350044250488
2026-09-10T19:30:00Z,9.677350044250488,9.687419891357422,9.676010131835938,9.687219619750977
2026-09-10T20:00:00Z,9.687379837036133,9.691920280456543,9.684300422668457,9.689769744873047
2026-09-10T20:30:00Z,9.6906099319458,9.691120147705078,9.663410186767578,9.673620223999023
2026-09-10T21:00:00Z,9.674619674682617,9.674619674682617,9.648850440979004,9.66061019897461
2026-09-10T21:30:00Z,9.66061019897461,9.679120063781738,9.65075969696045,9.670080184936523
2026-09-10T22:00:00Z,9.677069664001465,9.686249732971191,9.663399696350098,9.685150146484375
2026-09-10T22:30:00Z,9.685270309448242,9.68690013885498,9.681300163269043,9.684399604797363
2026-09-10T23:00:00Z,9.684379577636719,9.688190460205078,9.683300018310547,9.685770034790039
2026-09-10T23:30:00Z,9.685770034790039,9.688139915466309,9.68340015411377,9.684410095214844
2026-09-11T00:00:00Z,9.684760093688965,9.686240196228027,9.681550025939941,9.682609558105469
2026-09-11T00:30:00Z,9.682640075683594,9.684869766235352,9.679710388183594,9.679849624633789
2026-09-11T01:00:00Z,9.679949760437012,9.682180404663086,9.678509712219238,9.681249618530273
2026-09-11T01:30:00Z,9.681249618530273,9.696640014648438,9.680310249328613,9.695500373840332
2026-09-11T02:00:00Z,9.695819854736328,9.701109886169434,9.6950101852417,9.698619842529297
2026-09-11T02:30:00Z,9.698619842529297,9.702190399169922,9.696809768676758,9.6981201171875
2026-09-11T03:00:00Z,9.6981201171875,9.706859588623047,9.697609901428223,9.706100463867188
2026-09-11T03:30:00Z,9.706709861755371,9.70835018157959,9.700010299682617,9.702010154724121
2026-09-11T04:00:00Z,9.702210426330566,9.703829765319824,9.687100410461426,9.687150001525879
2026-09-11T04:30:00Z,9.687150001525879,9.690549850463867,9.686010360717773,9.689149856567383
2026-09-11T05:00:00Z,9.689149856567383,9.690329551696777,9.683549880981445,9.688400268554688
2026-09-11T05:30:00Z,9.688469886779785,9.688619613647461,9.67350959777832,9.67350959777832
2026-09-11T06:00:00Z,9.67665958404541,9.680729866027832,9.671609878540039,9.679160118103027
2026-09-11T06:30:00Z,9.679220199584961,9.683819770812988,9.669249534606934,9.674699783325195
2026-09-11T07:00:00Z,9.675459861755371,9.67590045928955,9.666600227355957,9.672120094299316
2026-09-11T07:30:00Z,9.671699523925781,9.678899765014648,9.666999816894531,9.673319816589355
2026-09-11T08:00:00Z,9.673150062561035,9.682570457458496,9.670689582824707,9.680190086364746
2026-09-11T08:30:00Z,9.680669784545898,9.685400009155273,9.675700187683105,9.682849884033203
2026-09-11T09:00:00Z,9.682760238647461,9.690919876098633,9.6773099899292,9.685420036315918
2026-09-11T09:30:00Z,9.685420036315918,9.688819885253906,9.681900024414062,9.686059951782227
2026-09-11T10:00:00Z,9.686309814453125,9.69314956665039,9.68019962310791,9.692469596862793
2026-09-11T10:30:00Z,9.692689895629883,9.694720268249512,9.689399719238281,9.692469596862793
2026-09-11T11:00:00Z,9.692469596862793,9.69402027130127,9.685500144958496,9.688980102539062
2026-09-11T11:30:00Z,9.689370155334473,9.694009780883789,9.685999870300293,9.691439628601074
2026-09-11T12:00:00Z,9.691439628601074,9.694820404052734,9.683409690856934,9.685669898986816
2026-09-11T12:30:00Z,9.684709548950195,9.72173023223877,9.674699783325195,9.676190376281738
2026-09-11T13:00:00Z,9.675999641418457,9.693900108337402,9.665410041809082,9.683289527893066
2026-09-11T13:30:00Z,9.683500289916992,9.690170288085938,9.671879768371582,9.674799919128418
2026-09-11T14:00:00Z,9.675620079040527,9.687729835510254,9.664019584655762,9.68550968170166
2026-09-11T14:30:00Z,9.685660362243652,9.691490173339844,9.677450180053711,9.683380126953125
2026-09-11T15:00:00Z,9.683449745178223,9.694999694824219,9.681610107421875,9.688010215759277
2026-09-11T15:30:00Z,9.688690185546875,9.697400093078613,9.686209678649902,9.69221019744873
2026-09-11T16:00:00Z,9.69320011138916,9.696200370788574,9.6881103515625,9.693209648132324
2026-09-11T16:30:00Z,9.6941499710083,9.701040267944336,9.692009925842285,9.699549674987793
2026-09-11T17:00:00Z,9.699549674987793,9.70460033416748,9.694510459899902,9.696009635925293
2026-09-11T17:30:00Z,9.696009635925293,9.699299812316895,9.694910049438477,9.697779655456543
2026-09-11T18:00:00Z,9.697779655456543,9.704299926757812,9.695210456848145,9.703370094299316
2026-09-11T18:30:00Z,9.702710151672363,9.708809852600098,9.702110290527344,9.70261001586914
2026-09-11T19:00:00Z,9.70304012298584,9.70641040802002,9.699609756469727,9.701889991760254
2026-09-11T19:30:00Z,9.701769828796387,9.704919815063477,9.69970989227295,9.703390121459961
2026-09-11T20:00:00Z,9.704119682312012,9.70718002319336,9.698929786682129,9.704119682312012
2026-09-11T20:30:00Z,9.70376968383789,9.706830024719238,9.682780265808105,9.688899993896484
2026-09-11T21:00:00Z,9.684499740600586,9.684499740600586,9.684499740600586,9.684499740600586
2026-09-13T23:00:00Z,9.689029693603516,9.706450462341309,9.678600311279297,9.704130172729492
2026-09-13T23:30:00Z,9.704130172729492,9.705900192260742,9.690469741821289,9.70326042175293
2026-09-14T00:00:00Z,9.70326042175293,9.718759536743164,9.699509620666504,9.717519760131836
2026-09-14T00:30:00Z,9.717499732971191,9.719889640808105,9.712409973144531,9.714320182800293
2026-09-14T01:00:00Z,9.713709831237793,9.7222900390625,9.712909698486328,9.716910362243652
2026-09-14T01:30:00Z,9.717670440673828,9.72085952758789,9.713709831237793,9.717430114746094
2026-09-14T02:00:00Z,9.717300415039062,9.718799591064453,9.714509963989258,9.716850280761719
2026-09-14T02:30:00Z,9.716850280761719,9.724720001220703,9.715410232543945,9.723139762878418
2026-09-14T03:00:00Z,9.723190307617188,9.732500076293945,9.722999572753906,9.729640007019043
2026-09-14T03:30:00Z,9.729949951171875,9.73678970336914,9.729640007019043,9.734709739685059
2026-09-14T04:00:00Z,9.734709739685059,9.73639965057373,9.732000350952148,9.73589038848877
2026-09-14T04:30:00Z,9.735879898071289,9.737799644470215,9.732609748840332,9.734689712524414
2026-09-14T05:00:00Z,9.734689712524414,9.736700057983398,9.731599807739258,9.73291015625
2026-09-14T05:30:00Z,9.732959747314453,9.734009742736816,9.72821044921875,9.730330467224121
2026-09-14T06:00:00Z,9.72996997833252,9.746310234069824,9.706720352172852,9.741939544677734
2026-09-14T06:30:00Z,9.741939544677734,9.74940013885498,9.737199783325195,9.746709823608398
2026-09-14T07:00:00Z,9.746820449829102,9.747960090637207,9.739800453186035,9.744720458984375
2026-09-14T07:30:00Z,9.74512004852295,9.757659912109375,9.743379592895508,9.756719589233398
2026-09-14T08:00:00Z,9.7568998336792,9.769319534301758,9.755900382995605,9.765999794006348
2026-09-14T08:30:00Z,9.766050338745117,9.772720336914062,9.76222038269043,9.7701997756958
2026-09-14T09:00:00Z,9.770009994506836,9.778420448303223,9.762619972229004,9.769740104675293
2026-09-14T09:30:00Z,9.769519805908203,9.773300170898438,9.759980201721191,9.769729614257812
2026-09-14T10:00:00Z,9.769200325012207,9.77871036529541,9.769100189208984,9.772910118103027
2026-09-14T10:30:00Z,9.77239990234375,9.77929973602295,9.7701997756958,9.776249885559082
2026-09-14T11:00:00Z,9.77612018585205,9.778039932250977,9.769220352172852,9.769499778747559
2026-09-14T11:30:00Z,9.769439697265625,9.77258014678955,9.764769554138184,9.769499778747559
2026-09-14T12:00:00Z,9.769539833068848,9.776399612426758,9.763520240783691,9.775500297546387
2026-09-14T12:30:00Z,9.775500297546387,9.795120239257812,9.77301025390625,9.793410301208496
2026-09-14T13:00:00Z,9.793410301208496,9.8016996383667,9.78341007232666,9.787400245666504
2026-09-14T13:30:00Z,9.78689956665039,9.800299644470215,9.784600257873535,9.796480178833008
2026-09-14T14:00:00Z,9.796480178833008,9.798419952392578,9.7808198928833,9.788909912109375
2026-09-14T14:30:00Z,9.789420127868652,9.791620254516602,9.774399757385254,9.784560203552246
2026-09-14T15:00:00Z,9.7843599319458,9.785320281982422,9.7608003616333,9.76513957977295
2026-09-14T15:30:00Z,9.764410018920898,9.76891040802002,9.744609832763672,9.748310089111328
2026-09-14T16:00:00Z,9.749460220336914,9.751720428466797,9.740209579467773,9.744150161743164
2026-09-14T16:30:00Z,9.744150161743164,9.747400283813477,9.726810455322266,9.73153018951416
2026-09-14T17:00:00Z,9.73157024383545,9.738499641418457,9.729510307312012,9.736109733581543
2026-09-14T17:30:00Z,9.736169815063477,9.741720199584961,9.734709739685059,9.740320205688477
2026-09-14T18:00:00Z,9.740619659423828,9.74174976348877,9.736209869384766,9.739919662475586
2026-09-14T18:30:00Z,9.739830017089844,9.743889808654785,9.735309600830078,9.740610122680664
2026-09-14T19:00:00Z,9.740249633789062,9.74744987487793,9.73861026763916,9.747170448303223
2026-09-14T19:30:00Z,9.747170448303223,9.760210037231445,9.746410369873047,9.759129524230957
2026-09-14T20:00:00Z,9.759519577026367,9.763819694519043,9.758760452270508,9.76095962524414
2026-09-14T20:30:00Z,9.76095962524414,9.761799812316895,9.746959686279297,9.746959686279297
2026-09-14T21:00:00Z,9.751319885253906,9.751319885253906,9.686140060424805,9.706080436706543
2026-09-14T21:30:00Z,9.699090003967285,9.748720169067383,9.699090003967285,9.748689651489258
2026-09-14T22:00:00Z,9.741009712219238,9.752120018005371,9.723380088806152,9.750630378723145
2026-09-14T22:30:00Z,9.750630378723145,9.752630233764648,9.7431001663208,9.750029563903809
2026-09-14T23:00:00Z,9.752120018005371,9.754819869995117,9.74470043182373,9.751680374145508
2026-09-14T23:30:00Z,9.754369735717773,9.763239860534668,9.747389793395996,9.76039981842041
2026-09-15T00:00:00Z,9.759389877319336,9.765680313110352,9.757610321044922,9.764610290527344
2026-09-15T00:30:00Z,9.764710426330566,9.766460418701172,9.760319709777832,9.762519836425781
2026-09-15T01:00:00Z,9.762519836425781,9.768110275268555,9.760319709777832,9.76791000366211
2026-09-15T01:30:00Z,9.76708984375,9.77184009552002,9.766510009765625,9.77025032043457
2026-09-15T02:00:00Z,9.769949913024902,9.772150039672852,9.768010139465332,9.771240234375
2026-09-15T02:30:00Z,9.771100044250488,9.773249626159668,9.768210411071777,9.768950462341309
2026-09-15T03:00:00Z,9.768950462341309,9.776140213012695,9.768010139465332,9.773449897766113
2026-09-15T03:30:00Z,9.773449897766113,9.776700019836426,9.77241039276123,9.775750160217285
2026-09-15T04:00:00Z,9.775750160217285,9.778949737548828,9.773900032043457,9.7777099609375
2026-09-15T04:30:00Z,9.778570175170898,9.778570175170898,9.77400016784668,9.77715015411377
2026-09-15T05:00:00Z,9.77715015411377,9.781499862670898,9.775899887084961,9.777819633483887
2026-09-15T05:30:00Z,9.777819633483887,9.781900405883789,9.773799896240234,9.777250289916992
2026-09-15T06:00:00Z,9.777680397033691,9.784799575805664,9.7752103805542,9.784420013427734
2026-09-15T06:30:00Z,9.784420013427734,9.789970397949219,9.781729698181152,9.78225040435791
2026-09-15T07:00:00Z,9.782320022583008,9.788999557495117,9.776060104370117,9.777729988098145
2026-09-15T07:30:00Z,9.778630256652832,9.783479690551758,9.772379875183105,9.777549743652344
2026-09-15T08:00:00Z,9.777589797973633,9.786100387573242,9.767350196838379,9.770750045776367
2026-09-15T08:30:00Z,9.770560264587402,9.779899597167969,9.768699645996094,9.776280403137207
2026-09-15T09:00:00Z,9.77610969543457,9.781900405883789,9.769499778747559,9.776809692382812
2026-09-15T09:30:00Z,9.776809692382812,9.77910041809082,9.767350196838379,9.770310401916504
2026-09-15T10:00:00Z,9.770620346069336,9.77560043334961,9.766500473022461,9.770600318908691
2026-09-15T10:30:00Z,9.770190238952637,9.771960258483887,9.764129638671875,9.768699645996094
2026-09-15T11:00:00Z,9.768899917602539,9.771349906921387,9.762510299682617,9.766519546508789
2026-09-15T11:30:00Z,9.766730308532715,9.769000053405762,9.761799812316895,9.765780448913574
2026-09-15T12:00:00Z,9.765780448913574,9.775460243225098,9.76416015625,9.771400451660156
2026-09-15T12:30:00Z,9.771730422973633,9.774499893188477,9.759200096130371,9.769229888916016
2026-09-15T13:00:00Z,9.769319534301758,9.77672004699707,9.767000198364258,9.775139808654785
2026-09-15T13:30:00Z,9.774920463562012,9.784919738769531,9.759400367736816,9.7631196975708
2026-09-15T14:00:00Z,9.762909889221191,9.777899742126465,9.762249946594238,9.777029991149902
2026-09-15T14:30:00Z,9.777130126953125,9.782099723815918,9.768400192260742,9.775469779968262
2026-09-15T15:00:00Z,9.775400161743164,9.781609535217285,9.772600173950195,9.77338981628418
2026-09-15T15:30:00Z,9.773209571838379,9.782600402832031,9.772500038146973,9.776789665222168
2026-09-15T16:00:00Z,9.776209831237793,9.784799575805664,9.774109840393066,9.7822904586792
2026-09-15T16:30:00Z,9.7822904586792,9.782919883728027,9.776599884033203,9.777589797973633
2026-09-15T17:00:00Z,9.77772045135498,9.785400390625,9.775010108947754,9.783610343933105
2026-09-15T17:30:00Z,9.784250259399414,9.785300254821777,9.779609680175781,9.782309532165527
2026-09-15T18:00:00Z,9.782670021057129,9.78499984741211,9.774609565734863,9.774909973144531
2026-09-15T18:30:00Z,9.775360107421875,9.780799865722656,9.774410247802734,9.776189804077148
2026-09-15T19:00:00Z,9.77616024017334,9.780799865722656,9.774909973144531,9.779999732971191
2026-09-15T19:30:00Z,9.77987003326416,9.78203010559082,9.77670955657959,9.781200408935547
2026-09-15T20:00:00Z,9.781129837036133,9.785300254821777,9.780509948730469,9.783679962158203
2026-09-15T20:30:00Z,9.783679962158203,9.783679962158203,9.765130043029785,9.772879600524902
2026-09-15T21:00:00Z,9.76399040222168,9.768610000610352,9.747570037841797,9.750459671020508
2026-09-15T21:30:00Z,9.766169548034668,9.773249626159668,9.748040199279785,9.761380195617676
2026-09-15T22:00:00Z,9.757619857788086,9.773980140686035,9.745490074157715,9.770339965820312
2026-09-15T22:30:00Z,9.770339965820312,9.774720191955566,9.763290405273438,9.7737398147583
2026-09-15T23:00:00Z,9.773260116577148,9.779120445251465,9.773260116577148,9.778380393981934
2026-09-15T23:30:00Z,9.778619766235352,9.782119750976562,9.776000022888184,9.778610229492188
2026-09-16T00:00:00Z,9.77991008758545,9.781559944152832,9.774809837341309,9.776969909667969
2026-09-16T00:30:00Z,9.777429580688477,9.782719612121582,9.775659561157227,9.780909538269043
2026-09-16T01:00:00Z,9.781060218811035,9.78324031829834,9.777910232543945,9.780010223388672
2026-09-16T01:30:00Z,9.780920028686523,9.785619735717773,9.779709815979004,9.785420417785645
2026-09-16T02:00:00Z,9.784589767456055,9.785440444946289,9.77750015258789,9.77892017364502
2026-09-16T02:30:00Z,9.778829574584961,9.779740333557129,9.772760391235352,9.7735595703125
2026-09-16T03:00:00Z,9.773209571838379,9.774740219116211,9.771809577941895,9.773909568786621
2026-09-16T03:30:00Z,9.773909568786621,9.77750015258789,9.773909568786621,9.7752103805542
2026-09-16T04:00:00Z,9.77612018585205,9.776570320129395,9.77301025390625,9.773460388183594
2026-09-16T04:30:00Z,9.773509979248047,9.774399757385254,9.771309852600098,9.772480010986328
2026-09-16T05:00:00Z,9.772480010986328,9.772899627685547,9.765959739685059,9.766929626464844
2026-09-16T05:30:00Z,9.766929626464844,9.769479751586914,9.759710311889648,9.764410018920898
2026-09-16T06:00:00Z,9.763779640197754,9.772600173950195,9.759849548339844,9.770890235900879
2026-09-16T06:30:00Z,9.770700454711914,9.779800415039062,9.770600318908691,9.773719787597656
2026-09-16T07:00:00Z,9.773469924926758,9.779899597167969,9.768699645996094,9.776700019836426
2026-09-16T07:30:00Z,9.776800155639648,9.778019905090332,9.767510414123535,9.777580261230469
2026-09-16T08:00:00Z,9.777939796447754,9.780200004577637,9.770500183105469,9.774319648742676
2026-09-16T08:30:00Z,9.77396011352539,9.781920433044434,9.773699760437012,9.77810001373291
2026-09-16T09:00:00Z,9.778840065002441,9.793700218200684,9.777799606323242,9.789219856262207
2026-09-16T09:30:00Z,9.789299964904785,9.790940284729004,9.784660339355469,9.790300369262695
2026-09-16T10:00:00Z,9.790940284729004,9.79502010345459,9.7872896194458,9.792189598083496
2026-09-16T10:30:00Z,9.792119979858398,9.795700073242188,9.784390449523926,9.786700248718262
2026-09-16T11:00:00Z,9.785599708557129,9.788979530334473,9.775839805603027,9.778599739074707
2026-09-16T11:30:00Z,9.778829574584961,9.784600257873535,9.77538013458252,9.783220291137695
2026-09-16T12:00:00Z,9.783069610595703,9.790570259094238,9.779350280761719,9.789600372314453
2026-09-16T12:30:00Z,9.788700103759766,9.796899795532227,9.78279972076416,9.794340133666992
2026-09-16T13:00:00Z,9.793970108032227,9.800200462341309,9.789899826049805,9.7946195602417
2026-09-16T13:30:00Z,9.794190406799316,9.795370101928711,9.78462028503418,9.791379928588867
2026-09-16T14:00:00Z,9.79071044921875,9.79712963104248,9.783590316772461,9.785539627075195
2026-09-16T14:30:00Z,9.785099983215332,9.78596019744873,9.777070045471191,9.777429580688477
2026-09-16T15:00:00Z,9.77733039855957,9.778300285339355,9.765600204467773,9.777219772338867
2026-09-16T15:30:00Z,9.77670955657959,9.781299591064453,9.767399787902832,9.77711009979248
2026-09-16T16:00:00Z,9.77711009979248,9.778599739074707,9.768810272216797,9.772820472717285
2026-09-16T16:30:00Z,9.772109985351562,9.775500297546387,9.771269798278809,9.774689674377441
2026-09-16T17:00:00Z,9.774649620056152,9.779319763183594,9.773409843444824,9.774629592895508
2026-09-16T17:30:00Z,9.77361011505127,9.77511978149414,9.753069877624512,9.75352954864502
2026-09-16T18:00:00Z,9.765669822692871,9.818269729614258,9.74038028717041,9.815110206604004
2026-09-16T18:30:00Z,9.816229820251465,9.859219551086426,9.811309814453125,9.858570098876953
2026-09-16T19:00:00Z,9.858110427856445,9.874090194702148,9.83860969543457,9.868860244750977
2026-09-16T19:30:00Z,9.869070053100586,9.870280265808105,9.849809646606445,9.85159969329834
2026-09-16T20:00:00Z,9.851739883422852,9.868940353393555,9.850410461425781,9.865010261535645
2026-09-16T20:30:00Z,9.86676025390625,9.869230270385742,9.859299659729004,9.860750198364258
2026-09-16T21:00:00Z,9.849820137023926,9.856040000915527,9.829620361328125,9.848299980163574
2026-09-16T21:30:00Z,9.837849617004395,9.85492992401123,9.837809562683105,9.848549842834473
2026-09-16T22:00:00Z,9.847450256347656,9.862719535827637,9.836440086364746,9.858710289001465
2026-09-16T22:30:00Z,9.858710289001465,9.860219955444336,9.852129936218262,9.857640266418457
2026-09-16T23:00:00Z,9.858380317687988,9.860360145568848,9.84354019165039,9.85476016998291
2026-09-16T23:30:00Z,9.85476016998291,9.855489730834961,9.84220027923584,9.852649688720703
2026-09-17T00:00:00Z,9.853349685668945,9.857819557189941,9.849390029907227,9.85338020324707
2026-09-17T00:30:00Z,9.85338020324707,9.854299545288086,9.844610214233398,9.848810195922852
2026-09-17T01:00:00Z,9.849720001220703,9.853400230407715,9.842809677124023,9.845370292663574
2026-09-17T01:30:00Z,9.844289779663086,9.855790138244629,9.841710090637207,9.854069709777832
2026-09-17T02:00:00Z,9.853739738464355,9.854020118713379,9.846610069274902,9.850069999694824
2026-09-17T02:30:00Z,9.85006046295166,9.858960151672363,9.84939956665039,9.85630989074707
2026-09-17T03:00:00Z,9.856229782104492,9.858099937438965,9.851499557495117,9.854109764099121
2026-09-17T03:30:00Z,9.854109764099121,9.854949951171875,9.84691047668457,9.848340034484863
2026-09-17T04:00:00Z,9.847800254821777,9.849900245666504,9.843009948730469,9.844550132751465
2026-09-17T04:30:00Z,9.844409942626953,9.847160339355469,9.840709686279297,9.842049598693848
2026-09-17T05:00:00Z,9.841919898986816,9.84469985961914,9.83899974822998,9.84041976928711
2026-09-17T05:30:00Z,9.841259956359863,9.844499588012695,9.83961009979248,9.842040061950684
2026-09-17T06:00:00Z,9.842169761657715,9.843740463256836,9.82446002960205,9.824780464172363
2026-09-17T06:30:00Z,9.825050354003906,9.825750350952148,9.810600280761719,9.81620979309082
2026-09-17T07:00:00Z,9.815460205078125,9.82371997833252,9.815460205078125,9.820019721984863
2026-09-17T07:30:00Z,9.820019721984863,9.832200050354004,9.818570137023926,9.825799942016602
2026-09-17T08:00:00Z,9.829090118408203,9.835220336914062,9.825909614562988,9.829449653625488
2026-09-17T08:30:00Z,9.828700065612793,9.830519676208496,9.820099830627441,9.821610450744629
2026-09-17T09:00:00Z,9.821610450744629,9.824219703674316,9.812899589538574,9.821029663085938
2026-09-17T09:30:00Z,9.821040153503418,9.82800006866455,9.817410469055176,9.82666015625
2026-09-17T10:00:00Z,9.826519966125488,9.82666015625,9.819100379943848,9.82194995880127
2026-09-17T10:30:00Z,9.821680068969727,9.831100463867188,9.820520401000977,9.826370239257812
2026-09-17T11:00:00Z,9.826040267944336,9.831500053405762,9.820799827575684,9.827790260314941
2026-09-17T11:30:00Z,9.827790260314941,9.833279609680176,9.819299697875977,9.820759773254395
2026-09-17T12:00:00Z,9.82096004486084,9.82450008392334,9.796509742736816,9.79658031463623
2026-09-17T12:30:00Z,9.796899795532227,9.815099716186523,9.786860466003418,9.80381965637207
2026-09-17T13:00:00Z,9.804280281066895,9.812620162963867,9.798700332641602,9.803890228271484
2026-09-17T13:30:00Z,9.803759574890137,9.810990333557129,9.792799949645996,9.793919563293457
2026-09-17T14:00:00Z,9.793100357055664,9.801950454711914,9.785730361938477,9.80109977722168
2026-09-17T14:30:00Z,9.800990104675293,9.816229820251465,9.796480178833008,9.814800262451172
2026-09-17T15:00:00Z,9.814920425415039,9.820599555969238,9.810040473937988,9.817609786987305
2026-09-17T15:30:00Z,9.817970275878906,9.82390022277832,9.816100120544434,9.819809913635254
2026-09-17T16:00:00Z,9.820679664611816,9.82800006866455,9.81881046295166,9.820910453796387
2026-09-17T16:30:00Z,9.820810317993164,9.828300476074219,9.819009780883789,9.824799537658691
2026-09-17T17:00:00Z,9.824780464172363,9.827930450439453,9.8200101852417,9.824850082397461
2026-09-17T17:30:00Z,9.824850082397461,9.826379776000977,9.821510314941406,9.8220796585083
2026-09-17T18:00:00Z,9.821720123291016,9.828100204467773,9.820110321044922,9.827239990234375
2026-09-17T18:30:00Z,9.827239990234375,9.828900337219238,9.821009635925293,9.824009895324707
2026-09-17T19:00:00Z,9.824549674987793,9.824919700622559,9.817709922790527,9.819109916687012
2026-09-17T19:30:00Z,9.819109916687012,9.822680473327637,9.816309928894043,9.821410179138184
2026-09-17T20:00:00Z,9.82211971282959,9.825630187988281,9.81941032409668,9.821470260620117
2026-09-17T20:30:00Z,9.82153034210205,9.824769973754883,9.806900024414062,9.807120323181152
2026-09-17T21:00:00Z,9.816880226135254,9.816880226135254,9.793959617614746,9.80288028717041
2026-09-17T21:30:00Z,9.799519538879395,9.812089920043945,9.792630195617676,9.804369926452637
2026-09-17T22:00:00Z,9.803999900817871,9.818920135498047,9.80055046081543,9.814499855041504
2026-09-17T22:30:00Z,9.815070152282715,9.818819999694824,9.81089973449707,9.816010475158691
2026-09-17T23:00:00Z,9.816229820251465,9.823419570922852,9.81470012664795,9.82056999206543
2026-09-17T23:30:00Z,9.820619583129883,9.823780059814453,9.818499565124512,9.823010444641113
2026-09-18T00:00:00Z,9.823010444641113,9.825160026550293,9.817310333251953,9.820719718933105
2026-09-18T00:30:00Z,9.821089744567871,9.822970390319824,9.817410469055176,9.818860054016113
2026-09-18T01:00:00Z,9.818860054016113,9.820890426635742,9.815509796142578,9.820210456848145
2026-09-18T01:30:00Z,9.819350242614746,9.823220252990723,9.814510345458984,9.814729690551758
2026-09-18T02:00:00Z,9.815279960632324,9.81863021850586,9.81410026550293,9.815010070800781
2026-09-18T02:30:00Z,9.814849853515625,9.820480346679688,9.813799858093262,9.817219734191895
2026-09-18T03:00:00Z,9.816390037536621,9.81803035736084,9.809800148010254,9.81072998046875
2026-09-18T03:30:00Z,9.811320304870605,9.811980247497559,9.80331039428711,9.80364990234375
2026-09-18T04:00:00Z,9.80364990234375,9.804699897766113,9.799599647521973,9.801639556884766
2026-09-18T04:30:00Z,9.801639556884766,9.80679988861084,9.80051040649414,9.806059837341309
2026-09-18T05:00:00Z,9.806739807128906,9.811269760131836,9.805000305175781,9.810150146484375
2026-09-18T05:30:00Z,9.810409545898438,9.812560081481934,9.808910369873047,9.809820175170898
2026-09-18T06:00:00Z,9.810750007629395,9.812910079956055,9.802599906921387,9.806400299072266
2026-09-18T06:30:00Z,9.806859970092773,9.810700416564941,9.796699523925781,9.800089836120605
2026-09-18T07:00:00Z,9.800089836120605,9.812020301818848,9.797300338745117,9.810279846191406
2026-09-18T07:30:00Z,9.810279846191406,9.815799713134766,9.805899620056152,9.812649726867676
2026-09-18T08:00:00Z,9.812600135803223,9.817319869995117,9.803000450134277,9.816710472106934
2026-09-18T08:30:00Z,9.815970420837402,9.822099685668945,9.813440322875977,9.813559532165527
2026-09-18T09:00:00Z,9.813559532165527,9.819000244140625,9.810999870300293,9.816519737243652
2026-09-18T09:30:00Z,9.816630363464355,9.822609901428223,9.814299583435059,9.819549560546875
2026-09-18T10:00:00Z,9.819649696350098,9.826000213623047,9.817890167236328,9.822290420532227
2026-09-18T10:30:00Z,9.822799682617188,9.835399627685547,9.821720123291016,9.830690383911133
2026-09-18T11:00:00Z,9.830400466918945,9.84000015258789,9.82742977142334,9.83825969696045
2026-09-18T11:30:00Z,9.838629722595215,9.855719566345215,9.837209701538086,9.847640037536621
2026-09-18T12:00:00Z,9.8477201461792,9.865220069885254,9.84138011932373,9.857430458068848
2026-09-18T12:30:00Z,9.858110427856445,9.859230041503906,9.84887981414795,9.852580070495605
2026-09-18T13:00:00Z,9.852499961853027,9.857979774475098,9.8502197265625,9.853449821472168
2026-09-18T13:30:00Z,9.85321044921875,9.864620208740234,9.85200023651123,9.863519668579102
2026-09-18T14:00:00Z,9.862799644470215,9.864020347595215,9.850509643554688,9.860799789428711
2026-09-18T14:30:00Z,9.860560417175293,9.868729591369629,9.856120109558105,9.867839813232422
2026-09-18T15:00:00Z,9.867280006408691,9.873299598693848,9.858380317687988,9.862099647521973
2026-09-18T15:30:00Z,9.86221981048584,9.865300178527832,9.856300354003906,9.862159729003906
2026-09-18T16:00:00Z,9.861849784851074,9.862520217895508,9.850910186767578,9.85120964050293
2026-09-18T16:30:00Z,9.851690292358398,9.852499961853027,9.841910362243652,9.843079566955566
2026-09-18T17:00:00Z,9.843079566955566,9.843400001525879,9.829609870910645,9.831939697265625
2026-09-18T17:30:00Z,9.831939697265625,9.836099624633789,9.829509735107422,9.834609985351562
2026-09-18T18:00:00Z,9.834259986877441,9.83530044555664,9.831509590148926,9.833649635314941
2026-09-18T18:30:00Z,9.833419799804688,9.83489990234375,9.828669548034668,9.83191967010498
2026-09-18T19:00:00Z,9.83191967010498,9.833000183105469,9.824399948120117,9.827420234680176
2026-09-18T19:30:00Z,9.827420234680176,9.832639694213867,9.826910018920898,9.830909729003906
2026-09-18T20:00:00Z,9.83135986328125,9.831999778747559,9.827110290527344,9.829319953918457
2026-09-18T20:30:00Z,9.828980445861816,9.831709861755371,9.821000099182129,9.826109886169434
2026-09-18T21:00:00Z,9.828800201416016,9.828800201416016,9.828800201416016,9.828800201416016
2026-09-20T23:00:00Z,9.824799537658691,9.832200050354004,9.824339866638184,9.83113956451416
2026-09-20T23:30:00Z,9.831009864807129,9.836540222167969,9.830100059509277,9.835709571838379
2026-09-21T00:00:00Z,9.835929870605469,9.841620445251465,9.83491039276123,9.835740089416504
2026-09-21T00:30:00Z,9.835740089416504,9.836620330810547,9.82960033416748,9.834710121154785
2026-09-21T01:00:00Z,9.835350036621094,9.835350036621094,9.826910018920898,9.828289985656738
2026-09-21T01:30:00Z,9.828280448913574,9.82979965209961,9.824609756469727,9.829110145568848
2026-09-21T02:00:00Z,9.829350471496582,9.834739685058594,9.828949928283691,9.8333101272583
2026-09-21T02:30:00Z,9.833279609680176,9.840800285339355,9.833000183105469,9.83920955657959
2026-09-21T03:00:00Z,9.839400291442871,9.842080116271973,9.835410118103027,9.83860969543457
2026-09-21T03:30:00Z,9.838970184326172,9.840200424194336,9.835709571838379,9.83687973022461
2026-09-21T04:00:00Z,9.836810111999512,9.838500022888184,9.833410263061523,9.835410118103027
2026-09-21T04:30:00Z,9.835570335388184,9.838339805603027,9.832710266113281,9.83446979522705
2026-09-21T05:00:00Z,9.83512020111084,9.835989952087402,9.832110404968262,9.835240364074707
2026-09-21T05:30:00Z,9.835160255432129,9.839659690856934,9.833510398864746,9.8377103805542
2026-09-21T06:00:00Z,9.838150024414062,9.841939926147461,9.833060264587402,9.833919525146484
2026-09-21T06:30:00Z,9.83407974243164,9.839500427246094,9.833399772644043,9.836299896240234
2026-09-21T07:00:00Z,9.835599899291992,9.841910362243652,9.832449913024902,9.835599899291992
2026-09-21T07:30:00Z,9.835969924926758,9.83899974822998,9.827739715576172,9.830450057983398
2026-09-21T08:00:00Z,9.830650329589844,9.831299781799316,9.82091999053955,9.823590278625488
2026-09-21T08:30:00Z,9.823590278625488,9.82744026184082,9.818140029907227,9.825559616088867
2026-09-21T09:00:00Z,9.825400352478027,9.829000473022461,9.819809913635254,9.82822036743164
2026-09-21T09:30:00Z,9.828149795532227,9.833459854125977,9.825260162353516,9.82859992980957
2026-09-21T10:00:00Z,9.828550338745117,9.833800315856934,9.826849937438965,9.831119537353516
2026-09-21T10:30:00Z,9.831199645996094,9.832099914550781,9.825400352478027,9.82936954498291
2026-09-21T11:00:00Z,9.829540252685547,9.829580307006836,9.820500373840332,9.820929527282715
2026-09-21T11:30:00Z,9.820929527282715,9.823200225830078,9.81110954284668,9.812219619750977
2026-09-21T12:00:00Z,9.812140464782715,9.817500114440918,9.804149627685547,9.816049575805664
2026-09-21T12:30:00Z,9.816089630126953,9.824919700622559,9.813400268554688,9.820730209350586
2026-09-21T13:00:00Z,9.82036018371582,9.825940132141113,9.817009925842285,9.823209762573242
2026-09-21T13:30:00Z,9.8231201171875,9.836020469665527,9.822270393371582,9.83390998840332
2026-09-21T14:00:00Z,9.834259986877441,9.842869758605957,9.828579902648926,9.829279899597168
2026-09-21T14:30:00Z,9.829279899597168,9.834099769592285,9.825460433959961,9.828590393066406
2026-09-21T15:00:00Z,9.828550338745117,9.833829879760742,9.82544994354248,9.832900047302246
2026-09-21T15:30:00Z,9.832819938659668,9.842100143432617,9.832819938659668,9.841119766235352
2026-09-21T16:00:00Z,9.840829849243164,9.843400001525879,9.829000473022461,9.832759857177734
2026-09-21T16:30:00Z,9.832070350646973,9.83510971069336,9.829230308532715,9.833740234375
2026-09-21T17:00:00Z,9.833740234375,9.835399627685547,9.831419944763184,9.832539558410645
2026-09-21T17:30:00Z,9.832539558410645,9.839500427246094,9.831399917602539,9.838310241699219
2026-09-21T18:00:00Z,9.838310241699219,9.839900016784668,9.836230278015137,9.838749885559082
2026-09-21T18:30:00Z,9.838749885559082,9.84412956237793,9.83845043182373,9.838749885559082
2026-09-21T19:00:00Z,9.838919639587402,9.839550018310547,9.83230972290039,9.834210395812988
2026-09-21T19:30:00Z,9.83407974243164,9.842720031738281,9.832420349121094,9.842599868774414
2026-09-21T20:00:00Z,9.842519760131836,9.845499992370605,9.84119987487793,9.84121036529541
2026-09-21T20:30:00Z,9.841520309448242,9.841520309448242,9.834589958190918,9.836739540100098
2026-09-21T21:00:00Z,9.836999893188477,9.836999893188477,9.836999893188477,9.836999893188477
2026-09-21T22:00:00Z,9.836050033569336,9.839500427246094,9.8329496383667,9.838020324707031
2026-09-21T22:30:00Z,9.838520050048828,9.839879989624023,9.834500312805176,9.836199760437012
2026-09-21T23:00:00Z,9.836259841918945,9.839859962463379,9.835800170898438,9.839559555053711
2026-09-21T23:30:00Z,9.838899612426758,9.839929580688477,9.837300300598145,9.839200019836426
2026-09-22T00:00:00Z,9.839010238647461,9.83944034576416,9.833499908447266,9.835339546203613
2026-09-22T00:30:00Z,9.835339546203613,9.836859703063965,9.830610275268555,9.83413028717041
2026-09-22T01:00:00Z,9.83413028717041,9.842940330505371,9.833189964294434,9.840049743652344
2026-09-22T01:30:00Z,9.840080261230469,9.848099708557129,9.839859962463379,9.846240043640137
2026-09-22T02:00:00Z,9.845970153808594,9.847000122070312,9.831629753112793,9.832449913024902
2026-09-22T02:30:00Z,9.832469940185547,9.835800170898438,9.83180046081543,9.833550453186035
2026-09-22T03:00:00Z,9.833550453186035,9.83489990234375,9.82664966583252,9.828160285949707
2026-09-22T03:30:00Z,9.828160285949707,9.829000473022461,9.824649810791016,9.82721996307373
2026-09-22T04:00:00Z,9.82721996307373,9.83041000366211,9.825480461120605,9.828200340270996
2026-09-22T04:30:00Z,9.828680038452148,9.83003044128418,9.82625961303711,9.826709747314453
2026-09-22T05:00:00Z,9.826789855957031,9.830659866333008,9.825200080871582,9.8294095993042
2026-09-22T05:30:00Z,9.829429626464844,9.832980155944824,9.827099800109863,9.82824993133545
2026-09-22T06:00:00Z,9.828840255737305,9.846400260925293,9.827899932861328,9.841360092163086
2026-09-22T06:30:00Z,9.841500282287598,9.842499732971191,9.833600044250488,9.834380149841309
2026-09-22T07:00:00Z,9.834380149841309,9.840049743652344,9.830109596252441,9.835260391235352
2026-09-22T07:30:00Z,9.835260391235352,9.851519584655762,9.834429740905762,9.851320266723633
2026-09-22T08:00:00Z,9.850939750671387,9.863800048828125,9.847399711608887,9.860199928283691
2026-09-22T08:30:00Z,9.860770225524902,9.86775016784668,9.805620193481445,9.824899673461914
2026-09-22T09:00:00Z,9.825149536132812,9.83446979522705,9.820300102233887,9.825559616088867
2026-09-22T09:30:00Z,9.825559616088867,9.829000473022461,9.803139686584473,9.804659843444824
2026-09-22T10:00:00Z,9.804320335388184,9.813520431518555,9.797300338745117,9.807820320129395
2026-09-22T10:30:00Z,9.80862045288086,9.810099601745605,9.791640281677246,9.798689842224121
2026-09-22T11:00:00Z,9.798709869384766,9.816200256347656,9.798029899597168,9.811750411987305
2026-09-22T11:30:00Z,9.81095027923584,9.814990043640137,9.803420066833496,9.809120178222656
2026-09-22T12:00:00Z,9.809320449829102,9.811400413513184,9.802000045776367,9.802559852600098
2026-09-22T12:30:00Z,9.802200317382812,9.820599555969238,9.799099922180176,9.81898021697998
2026-09-22T13:00:00Z,9.81879997253418,9.82800006866455,9.8085298538208,9.826499938964844
2026-09-22T13:30:00Z,9.827119827270508,9.834400177001953,9.818699836730957,9.833219528198242
2026-09-22T14:00:00Z,9.833239555358887,9.840479850769043,9.826800346374512,9.8326997756958
2026-09-22T14:30:00Z,9.831700325012207,9.852609634399414,9.825300216674805,9.850500106811523
2026-09-22T15:00:00Z,9.850950241088867,9.858519554138184,9.847599983215332,9.856780052185059
2026-09-22T15:30:00Z,9.856780052185059,9.873350143432617,9.855299949645996,9.871520042419434
2026-09-22T16:00:00Z,9.871410369873047,9.878430366516113,9.87090015411377,9.872940063476562
2026-09-22T16:30:00Z,9.872949600219727,9.874079704284668,9.85789966583252,9.85986042022705
2026-09-22T17:00:00Z,9.859789848327637,9.864999771118164,9.859789848327637,9.861339569091797
2026-09-22T17:30:00Z,9.861339569091797,9.86143970489502,9.845159530639648,9.849780082702637
2026-09-22T18:00:00Z,9.849780082702637,9.852219581604004,9.843899726867676,9.84646987915039
2026-09-22T18:30:00Z,9.846830368041992,9.851659774780273,9.845720291137695,9.8477201461792
2026-09-22T19:00:00Z,9.847419738769531,9.848199844360352,9.838769912719727,9.839719772338867
2026-09-22T19:30:00Z,9.839460372924805,9.839980125427246,9.825349807739258,9.835419654846191
2026-09-22T20:00:00Z,9.835320472717285,9.835760116577148,9.829689979553223,9.834770202636719
2026-09-22T20:30:00Z,9.834770202636719,9.836819648742676,9.828310012817383,9.829219818115234
2026-09-22T21:30:00Z,9.826419830322266,9.828330039978027,9.826419830322266,9.82781982421875
2026-09-22T22:00:00Z,9.828319549560547,9.833620071411133,9.826800346374512,9.82880973815918
2026-09-22T22:30:00Z,9.829319953918457,9.831870079040527,9.825699806213379,9.831040382385254
2026-09-22T23:00:00Z,9.830499649047852,9.833820343017578,9.829000473022461,9.8329496383667
2026-09-22T23:30:00Z,9.8329496383667,9.834250450134277,9.831199645996094,9.833789825439453
2026-09-23T00:00:00Z,9.833919525146484,9.836999893188477,9.831239700317383,9.833319664001465
2026-09-23T00:30:00Z,9.833860397338867,9.837599754333496,9.831399917602539,9.835570335388184
2026-09-23T01:00:00Z,9.835570335388184,9.848139762878418,9.835570335388184,9.846639633178711
2026-09-23T01:30:00Z,9.847029685974121,9.847999572753906,9.842180252075195,9.84512996673584
2026-09-23T02:00:00Z,9.845330238342285,9.853110313415527,9.844490051269531,9.849760055541992
2026-09-23T02:30:00Z,9.849760055541992,9.854399681091309,9.84844970703125,9.851750373840332
2026-09-23T03:00:00Z,9.851750373840332,9.855409622192383,9.850580215454102,9.85239028930664
2026-09-23T03:30:00Z,9.851900100708008,9.855299949645996,9.849909782409668,9.854840278625488
2026-09-23T04:00:00Z,9.854840278625488,9.856049537658691,9.846220016479492,9.848779678344727
2026-09-23T04:30:00Z,9.84846019744873,9.852339744567871,9.847599983215332,9.850119590759277
2026-09-23T05:00:00Z,9.850170135498047,9.851510047912598,9.847789764404297,9.849780082702637
2026-09-23T05:30:00Z,9.849370002746582,9.857099533081055,9.849300384521484,9.854410171508789
2026-09-23T06:00:00Z,9.854940414428711,9.859600067138672,9.849599838256836,9.855429649353027
2026-09-23T06:30:00Z,9.855719566345215,9.857419967651367,9.846699714660645,9.856220245361328
2026-09-23T07:00:00Z,9.856340408325195,9.86812973022461,9.854999542236328,9.864250183105469
2026-09-23T07:30:00Z,9.863369941711426,9.867799758911133,9.859620094299316,9.862759590148926
2026-09-23T08:00:00Z,9.862409591674805,9.863149642944336,9.848099708557129,9.852259635925293
2026-09-23T08:30:00Z,9.85243034362793,9.853799819946289,9.840689659118652,9.84887981414795
2026-09-23T09:00:00Z,9.849120140075684,9.860650062561035,9.846570014953613,9.856670379638672
2026-09-23T09:30:00Z,9.857219696044922,9.875479698181152,9.85470962524414,9.873720169067383
2026-09-23T10:00:00Z,9.873430252075195,9.875,9.86299991607666,9.868040084838867
2026-09-23T10:30:00Z,9.868040084838867,9.876520156860352,9.864299774169922,9.865249633789062
2026-09-23T11:00:00Z,9.865249633789062,9.873200416564941,9.861300468444824,9.871379852294922
2026-09-23T11:30:00Z,9.871620178222656,9.883899688720703,9.869540214538574,9.871899604797363
2026-09-23T12:00:00Z,9.872320175170898,9.89072036743164,9.870499610900879,9.889949798583984
2026-09-23T12:30:00Z,9.890660285949707,9.896989822387695,9.883830070495605,9.884200096130371
2026-09-23T13:00:00Z,9.884830474853516,9.899120330810547,9.878600120544434,9.879039764404297
2026-09-23T13:30:00Z,9.879520416259766,9.918700218200684,9.877300262451172,9.90414047241211
2026-09-23T14:00:00Z,9.904769897460938,9.917309761047363,9.88953971862793,9.913920402526855
2026-09-23T14:30:00Z,9.9137601852417,9.914119720458984,9.885109901428223,9.898520469665527
2026-09-23T15:00:00Z,9.898650169372559,9.909700393676758,9.896309852600098,9.90902042388916
2026-09-23T15:30:00Z,9.90818977355957,9.917369842529297,9.907560348510742,9.910840034484863
2026-09-23T16:00:00Z,9.910470008850098,9.915619850158691,9.9066801071167,9.910289764404297
2026-09-23T16:30:00Z,9.909819602966309,9.935040473937988,9.909819602966309,9.93340015411377
2026-09-23T17:00:00Z,9.933429718017578,9.946220397949219,9.932499885559082,9.936490058898926
2026-09-23T17:30:00Z,9.936490058898926,9.94182014465332,9.910490036010742,9.912059783935547
2026-09-23T18:00:00Z,9.912059783935547,9.923720359802246,9.908140182495117,9.92218017578125
2026-09-23T18:30:00Z,9.92177963256836,9.923819541931152,9.91547966003418,9.915889739990234
2026-09-23T19:00:00Z,9.915399551391602,9.918219566345215,9.908659934997559,9.913700103759766
2026-09-23T19:30:00Z,9.91366958618164,9.915300369262695,9.90857982635498,9.910900115966797
2026-09-23T20:00:00Z,9.911219596862793,9.912400245666504,9.90530014038086,9.909520149230957
2026-09-23T20:30:00Z,9.90958023071289,9.920960426330566,9.907540321350098,9.917440414428711
2026-09-23T21:00:00Z,9.916250228881836,9.921299934387207,9.916250228881836,9.918399810791016
2026-09-23T21:30:00Z,9.912910461425781,9.912910461425781,9.912910461425781,9.912910461425781
2026-09-23T22:00:00Z,9.916839599609375,9.917229652404785,9.90839958190918,9.911419868469238
2026-09-23T22:30:00Z,9.911419868469238,9.914549827575684,9.90939998626709,9.912949562072754
2026-09-23T23:00:00Z,9.913820266723633,9.91707992553711,9.911399841308594,9.91569995880127
2026-09-23T23:30:00Z,9.916350364685059,9.918519973754883,9.914899826049805,9.917510032653809
2026-09-24T00:00:00Z,9.917510032653809,9.925069808959961,9.909600257873535,9.92113971710205
2026-09-24T00:30:00Z,9.921210289001465,9.934849739074707,9.92041015625,9.927510261535645
2026-09-24T01:00:00Z,9.927860260009766,9.929420471191406,9.91880989074707,9.920570373535156
2026-09-24T01:30:00Z,9.920700073242188,9.928489685058594,9.917610168457031,9.92605972290039
2026-09-24T02:00:00Z,9.926779747009277,9.935770034790039,9.92350959777832,9.924469947814941
2026-09-24T02:30:00Z,9.924469947814941,9.925519943237305,9.912810325622559,9.914719581604004
2026-09-24T03:00:00Z,9.914030075073242,9.919960021972656,9.910810470581055,9.918510437011719
2026-09-24T03:30:00Z,9.918869972229004,9.923649787902832,9.918510437011719,9.920439720153809
2026-09-24T04:00:00Z,9.920439720153809,9.923910140991211,9.917610168457031,9.918009757995605
2026-09-24T04:30:00Z,9.918869972229004,9.919449806213379,9.913069725036621,9.915109634399414
2026-09-24T05:00:00Z,9.915419578552246,9.919400215148926,9.912110328674316,9.918100357055664
2026-09-24T05:30:00Z,9.91742992401123,9.927599906921387,9.915969848632812,9.926289558410645
2026-09-24T06:00:00Z,9.926199913024902,9.927809715270996,9.903380393981934,9.904509544372559
2026-09-24T06:30:00Z,9.904509544372559,9.911820411682129,9.90254020690918,9.909700393676758
2026-09-24T07:00:00Z,9.909700393676758,9.915410041809082,9.893110275268555,9.894109725952148
2026-09-24T07:30:00Z,9.893659591674805,9.899200439453125,9.866700172424316,9.88424015045166
2026-09-24T08:00:00Z,9.88403034210205,9.905500411987305,9.870719909667969,9.903949737548828
2026-09-24T08:30:00Z,9.904560089111328,9.912919998168945,9.897100448608398,9.908209800720215
2026-09-24T09:00:00Z,9.90839958190918,9.917799949645996,9.905460357666016,9.913949966430664
2026-09-24T09:30:00Z,9.913410186767578,9.913680076599121,9.882439613342285,9.882530212402344
2026-09-24T10:00:00Z,9.883179664611816,9.908120155334473,9.878800392150879,9.906820297241211
2026-09-24T10:30:00Z,9.906620025634766,9.907050132751465,9.89175033569336,9.898420333862305
2026-09-24T11:00:00Z,9.898579597473145,9.902389526367188,9.890600204467773,9.900799751281738
2026-09-24T11:30:00Z,9.901069641113281,9.913299560546875,9.899100303649902,9.906609535217285
2026-09-24T12:00:00Z,9.905900001525879,9.912699699401855,9.90250015258789,9.906310081481934
2026-09-24T12:30:00Z,9.906160354614258,9.9197998046875,9.898940086364746,9.89976978302002
2026-09-24T13:00:00Z,9.89955997467041,9.91450023651123,9.893380165100098,9.913519859313965
2026-09-24T13:30:00Z,9.913700103759766,9.9139404296875,9.901809692382812,9.901809692382812
2026-09-24T14:00:00Z,9.903209686279297,9.919079780578613,9.898300170898438,9.916970252990723
2026-09-24T14:30:00Z,9.916810035705566,9.9341402053833,9.916119575500488,9.932250022888184
2026-09-24T15:00:00Z,9.932250022888184,9.95602035522461,9.931550025939941,9.949609756469727
2026-09-24T15:30:00Z,9.949419975280762,9.956219673156738,9.937410354614258,9.93960952758789
2026-09-24T16:00:00Z,9.940460205078125,9.943940162658691,9.902810096740723,9.906499862670898
2026-09-24T16:30:00Z,9.906259536743164,9.916810035705566,9.900019645690918,9.915080070495605
2026-09-24T17:00:00Z,9.915229797363281,9.925439834594727,9.906609535217285,9.924659729003906
2026-09-24T17:30:00Z,9.924659729003906,9.934399604797363,9.919110298156738,9.930009841918945
2026-09-24T18:00:00Z,9.930669784545898,9.944510459899902,9.917909622192383,9.919090270996094
2026-09-24T18:30:00Z,9.919099807739258,9.927900314331055,9.915610313415527,9.921609878540039
2026-09-24T19:00:00Z,9.920709609985352,9.929320335388184,9.918800354003906,9.926959991455078
2026-09-24T19:30:00Z,9.926739692687988,9.927399635314941,9.916810035705566,9.920049667358398
2026-09-24T20:00:00Z,9.91880989074707,9.928520202636719,9.918310165405273,9.926509857177734
2026-09-24T20:30:00Z,9.927399635314941,9.92821979522705,9.91316032409668,9.913559913635254
2026-09-24T22:00:00Z,9.914990425109863,9.922320365905762,9.914329528808594,9.92101001739502
2026-09-24T22:30:00Z,9.92101001739502,9.924010276794434,9.918800354003906,9.923219680786133
2026-09-24T23:00:00Z,9.92416000366211,9.928489685058594,9.920999526977539,9.927519798278809
2026-09-24T23:30:00Z,9.927519798278809,9.930060386657715,9.923999786376953,9.92965030670166
2026-09-25T00:00:00Z,9.929129600524902,9.931170463562012,9.924200057983398,9.924960136413574
2026-09-25T00:30:00Z,9.924960136413574,9.928609848022461,9.920539855957031,9.92218017578125
2026-09-25T01:00:00Z,9.92218017578125,9.92300033569336,9.912220001220703,9.917110443115234
2026-09-25T01:30:00Z,9.917110443115234,9.923800468444824,9.91553020477295,9.920700073242188
2026-09-25T02:00:00Z,9.92080020904541,9.92199993133545,9.915499687194824,9.92039966583252
2026-09-25T02:30:00Z,9.92057991027832,9.928939819335938,9.91985034942627,9.927550315856934
2026-09-25T03:00:00Z,9.927550315856934,9.93002986907959,9.925000190734863,9.92881965637207
2026-09-25T03:30:00Z,9.92805004119873,9.930299758911133,9.926910400390625,9.928059577941895
2026-09-25T04:00:00Z,9.928409576416016,9.931119918823242,9.925919532775879,9.92986011505127
2026-09-25T04:30:00Z,9.928750038146973,9.931389808654785,9.926119804382324,9.926989555358887
2026-09-25T05:00:00Z,9.926989555358887,9.928299903869629,9.920149803161621,9.922989845275879
2026-09-25T05:30:00Z,9.922699928283691,9.923910140991211,9.914050102233887,9.916359901428223
2026-09-25T06:00:00Z,9.916230201721191,9.918549537658691,9.904500007629395,9.90824031829834
2026-09-25T06:30:00Z,9.908550262451172,9.913049697875977,9.902190208435059,9.906049728393555
2026-09-25T07:00:00Z,9.906049728393555,9.923319816589355,9.902600288391113,9.919739723205566
2026-09-25T07:30:00Z,9.919739723205566,9.923100471496582,9.910929679870605,9.911649703979492
2026-09-25T08:00:00Z,9.911720275878906,9.917220115661621,9.901920318603516,9.9091796875
2026-09-25T08:30:00Z,9.908929824829102,9.909299850463867,9.897720336914062,9.902520179748535
2026-09-25T09:00:00Z,9.902660369873047,9.908300399780273,9.898500442504883,9.906140327453613
2026-09-25T09:30:00Z,9.906140327453613,9.910440444946289,9.900090217590332,9.907179832458496
2026-09-25T10:00:00Z,9.90783977508545,9.908439636230469,9.895560264587402,9.903030395507812
2026-09-25T10:30:00Z,9.903030395507812,9.912850379943848,9.901900291442871,9.91001033782959
2026-09-25T11:00:00Z,9.910710334777832,9.910710334777832,9.8916597366333,9.904009819030762
2026-09-25T11:30:00Z,9.903650283813477,9.908300399780273,9.89579963684082,9.902770042419434
2026-09-25T12:00:00Z,9.903019905090332,9.905329704284668,9.89186954498291,9.897919654846191
2026-09-25T12:30:00Z,9.897939682006836,9.907480239868164,9.896109580993652,9.903289794921875
2026-09-25T13:00:00Z,9.902669906616211,9.911069869995117,9.894120216369629,9.909170150756836
2026-09-25T13:30:00Z,9.90839958190918,9.911660194396973,9.888680458068848,9.898449897766113
2026-09-25T14:00:00Z,9.898690223693848,9.91532039642334,9.896089553833008,9.914400100708008
2026-09-25T14:30:00Z,9.914199829101562,9.9197998046875,9.908180236816406,9.909529685974121
2026-09-25T15:00:00Z,9.909589767456055,9.922200202941895,9.908920288085938,9.916749954223633
2026-09-25T15:30:00Z,9.916930198669434,9.929220199584961,9.904069900512695,9.904069900512695
2026-09-25T16:00:00Z,9.904919624328613,9.911849975585938,9.88640022277832,9.901229858398438
2026-09-25T16:30:00Z,9.902409553527832,9.91493034362793,9.899829864501953,9.91096019744873
2026-09-25T17:00:00Z,9.911239624023438,9.917710304260254,9.907320022583008,9.916959762573242
2026-09-25T17:30:00Z,9.917200088500977,9.921899795532227,9.91211986541748,9.916020393371582
2026-09-25T18:00:00Z,9.915619850158691,9.916899681091309,9.905730247497559,9.911149978637695
2026-09-25T18:30:00Z,9.911230087280273,9.911230087280273,9.9002103805542,9.903590202331543
2026-09-25T19:00:00Z,9.903590202331543,9.906319618225098,9.899620056152344,9.905340194702148
2026-09-25T19:30:00Z,9.905529975891113,9.908049583435059,9.899519920349121,9.906620025634766
2026-09-25T20:00:00Z,9.907119750976562,9.916709899902344,9.902950286865234,9.915630340576172
2026-09-25T20:30:00Z,9.915630340576172,9.916569709777832,9.905460357666016,9.914299964904785
2026-09-25T21:00:00Z,9.91450023651123,9.91450023651123,9.91450023651123,9.91450023651123
2026-09-27T23:00:00Z,9.928709983825684,9.937259674072266,9.92039966583252,9.933719635009766
2026-09-27T23:30:00Z,9.933719635009766,9.938590049743652,9.927470207214355,9.932740211486816
2026-09-28T00:00:00Z,9.932740211486816,9.938309669494629,9.93062973022461,9.937800407409668
2026-09-28T00:30:00Z,9.93729019165039,9.940299987792969,9.929100036621094,9.930830001831055
2026-09-28T01:00:00Z,9.930959701538086,9.93375015258789,9.926730155944824,9.929229736328125
2026-09-28T01:30:00Z,9.92864990234375,9.930950164794922,9.922800064086914,9.925580024719238
2026-09-28T02:00:00Z,9.925399780273438,9.92866039276123,9.923689842224121,9.926609992980957
2026-09-28T02:30:00Z,9.927350044250488,9.928389549255371,9.92490005493164,9.926759719848633
2026-09-28T03:00:00Z,9.926759719848633,9.928110122680664,9.921339988708496,9.926409721374512
2026-09-28T03:30:00Z,9.927149772644043,9.931900024414062,9.925100326538086,9.929699897766113
2026-09-28T04:00:00Z,9.929840087890625,9.931360244750977,9.92238998413086,9.924860000610352
2026-09-28T04:30:00Z,9.924860000610352,9.927370071411133,9.92156982421875,9.926070213317871
2026-09-28T05:00:00Z,9.926349639892578,9.931550025939941,9.924099922180176,9.928580284118652
2026-09-28T05:30:00Z,9.928580284118652,9.940959930419922,9.926799774169922,9.934189796447754
2026-09-28T06:00:00Z,9.934060096740723,9.944589614868164,9.932530403137207,9.940799713134766
2026-09-28T06:30:00Z,9.94143009185791,9.944700241088867,9.936790466308594,9.9412202835083
2026-09-28T07:00:00Z,9.941120147705078,9.947489738464355,9.93649959564209,9.942540168762207
2026-09-28T07:30:00Z,9.942500114440918,9.944169998168945,9.929550170898438,9.934650421142578
2026-09-28T08:00:00Z,9.934510231018066,9.94629955291748,9.92609977722168,9.945019721984863
2026-09-28T08:30:00Z,9.944540023803711,9.955739974975586,9.94279956817627,9.953399658203125
2026-09-28T09:00:00Z,9.953969955444336,9.958359718322754,9.950499534606934,9.955820083618164
2026-09-28T09:30:00Z,9.956350326538086,9.964699745178223,9.954899787902832,9.962120056152344
2026-09-28T10:00:00Z,9.961810111999512,9.97152042388916,9.960800170898438,9.96321964263916
2026-09-28T10:30:00Z,9.963459968566895,9.968720436096191,9.956500053405762,9.959540367126465
2026-09-28T11:00:00Z,9.959540367126465,9.967519760131836,9.95419979095459,9.955710411071777
2026-09-28T11:30:00Z,9.956609725952148,9.960820198059082,9.95110034942627,9.952099800109863
2026-09-28T12:00:00Z,9.952099800109863,9.95851993560791,9.943300247192383,9.952719688415527
2026-09-28T12:30:00Z,9.953020095825195,9.95971965789795,9.950530052185059,9.953330039978027
2026-09-28T13:00:00Z,9.952810287475586,9.965299606323242,9.952469825744629,9.958660125732422
2026-09-28T13:30:00Z,9.958880424499512,9.965999603271484,9.94159984588623,9.951419830322266
2026-09-28T14:00:00Z,9.951120376586914,9.957819938659668,9.9443998336792,9.955430030822754
2026-09-28T14:30:00Z,9.955679893493652,9.99020004272461,9.953720092773438,9.965760231018066
2026-09-28T15:00:00Z,9.965370178222656,9.971260070800781,9.955699920654297,9.95715045928955
2026-09-28T15:30:00Z,9.956839561462402,9.964159965515137,9.95479965209961,9.961739540100098
2026-09-28T16:00:00Z,9.961739540100098,9.965669631958008,9.925169944763184,9.930509567260742
2026-09-28T16:30:00Z,9.931570053100586,9.954099655151367,9.930000305175781,9.952859878540039
2026-09-28T17:00:00Z,9.952520370483398,9.957110404968262,9.93008041381836,9.941929817199707
2026-09-28T17:30:00Z,9.941929817199707,9.948180198669434,9.940360069274902,9.945440292358398
2026-09-28T18:00:00Z,9.945440292358398,9.952799797058105,9.94340991973877,9.952239990234375
2026-09-28T18:30:00Z,9.952170372009277,9.9579496383667,9.949799537658691,9.953089714050293
2026-09-28T19:00:00Z,9.95320987701416,9.960780143737793,9.95044994354248,9.952560424804688
2026-09-28T19:30:00Z,9.952320098876953,9.9618501663208,9.951399803161621,9.961259841918945
2026-09-28T20:00:00Z,9.96090030670166,9.96403980255127,9.956279754638672,9.959630012512207
2026-09-28T20:30:00Z,9.959540367126465,9.962010383605957,9.955610275268555,9.959549903869629
2026-09-28T21:00:00Z,9.946900367736816,9.954130172729492,9.942520141601562,9.952890396118164
2026-09-28T21:30:00Z,9.946619987487793,9.95602035522461,9.93058967590332,9.937809944152832
2026-09-28T22:00:00Z,9.954509735107422,9.959309577941895,9.93008041381836,9.95503044128418
2026-09-28T22:30:00Z,9.95503044128418,9.958279609680176,9.951700210571289,9.956709861755371
2026-09-28T23:00:00Z,9.956310272216797,9.958749771118164,9.95300006866455,9.958230018615723
2026-09-28T23:30:00Z,9.958470344543457,9.960339546203613,9.953470230102539,9.959309577941895
2026-09-29T00:00:00Z,9.959320068359375,9.96992015838623,9.955659866333008,9.966500282287598
2026-09-29T00:30:00Z,9.966870307922363,9.96802043914795,9.961999893188477,9.964630126953125
2026-09-29T01:00:00Z,9.96543025970459,9.96642017364502,9.961199760437012,9.963150024414062
2026-09-29T01:30:00Z,9.962499618530273,9.966270446777344,9.96049976348877,9.962550163269043
2026-09-29T02:00:00Z,9.962320327758789,9.962820053100586,9.955499649047852,9.959549903869629
2026-09-29T02:30:00Z,9.959549903869629,9.963199615478516,9.95740032196045,9.961629867553711
2026-09-29T03:00:00Z,9.961629867553711,9.966850280761719,9.960200309753418,9.964659690856934
2026-09-29T03:30:00Z,9.96399974822998,9.974499702453613,9.96382999420166,9.972550392150879
2026-09-29T04:00:00Z,9.972550392150879,9.974149703979492,9.970399856567383,9.973030090332031
2026-09-29T04:30:00Z,9.972909927368164,9.980779647827148,9.969019889831543,9.979330062866211
2026-09-29T05:00:00Z,9.979330062866211,9.981249809265137,9.97599983215332,9.979630470275879
2026-09-29T05:30:00Z,9.978630065917969,9.994739532470703,9.978630065917969,9.987039566040039
2026-09-29T06:00:00Z,9.987369537353516,9.98820972442627,9.970399856567383,9.974849700927734
2026-09-29T06:30:00Z,9.974820137023926,9.978599548339844,9.968600273132324,9.969420433044434
2026-09-29T07:00:00Z,9.970820426940918,9.983790397644043,9.967650413513184,9.982600212097168
2026-09-29T07:30:00Z,9.982600212097168,9.998519897460938,9.982600212097168,9.99705982208252
2026-09-29T08:00:00Z,9.99728012084961,10.000519752502441,9.987489700317383,9.996319770812988
2026-09-29T08:30:00Z,9.996319770812988,10.001729965209961,9.994400024414062,9.9975004196167
2026-09-29T09:00:00Z,9.99783992767334,10.010199546813965,9.996700286865234,10.008749961853027
2026-09-29T09:30:00Z,10.00862979888916,10.016819953918457,10.0024995803833,10.00514030456543
2026-09-29T10:00:00Z,10.005419731140137,10.005999565124512,9.993049621582031,9.99312973022461
2026-09-29T10:30:00Z,9.993430137634277,9.99940013885498,9.976630210876465,9.977680206298828
2026-09-29T11:00:00Z,9.97758960723877,9.982600212097168,9.973299980163574,9.9791898727417
2026-09-29T11:30:00Z,9.978930473327637,9.98289966583252,9.966300010681152,9.973259925842285
2026-09-29T12:00:00Z,9.973259925842285,9.979000091552734,9.962400436401367,9.972200393676758
2026-09-29T12:30:00Z,9.971799850463867,9.981900215148926,9.969300270080566,9.980999946594238
2026-09-29T13:00:00Z,9.981220245361328,9.985569953918457,9.976699829101562,9.984689712524414
2026-09-29T13:30:00Z,9.984930038452148,9.995309829711914,9.979339599609375,9.986430168151855
2026-09-29T14:00:00Z,9.98561954498291,9.989919662475586,9.977100372314453,9.983869552612305
2026-09-29T14:30:00Z,9.98328971862793,10.001299858093262,9.978429794311523,10.001150131225586
2026-09-29T15:00:00Z,10.001090049743652,10.021340370178223,9.999990463256836,10.015210151672363
2026-09-29T15:30:00Z,10.015210151672363,10.016260147094727,10.003040313720703,10.008339881896973
2026-09-29T16:00:00Z,10.007619857788086,10.020310401916504,10.006319999694824,10.015159606933594
2026-09-29T16:30:00Z,10.015520095825195,10.03439998626709,10.013130187988281,10.031379699707031
2026-09-29T17:00:00Z,10.031200408935547,10.032819747924805,10.02262020111084,10.022749900817871
2026-09-29T17:30:00Z,10.023409843444824,10.027600288391113,10.018010139465332,10.025019645690918
2026-09-29T18:00:00Z,10.024479866027832,10.024909973144531,9.988419532775879,9.992119789123535
2026-09-29T18:30:00Z,9.991570472717285,9.997529983520508,9.982419967651367,9.988229751586914
2026-09-29T19:00:00Z,9.988160133361816,9.994070053100586,9.986510276794434,9.991120338439941
2026-09-29T19:30:00Z,9.99096965789795,9.99940013885498,9.98882007598877,9.994150161743164
2026-09-29T20:00:00Z,9.99407958984375,10.002400398254395,9.993760108947754,10.000269889831543
2026-09-29T20:30:00Z,10.00016975402832,10.00100040435791,9.985320091247559,9.989290237426758
2026-09-29T21:00:00Z,9.986820220947266,9.987190246582031,9.96051025390625,9.964599609375
2026-09-29T21:30:00Z,9.964590072631836,9.985919952392578,9.961150169372559,9.973990440368652
2026-09-29T22:00:00Z,9.984020233154297,9.99174976348877,9.970999717712402,9.98507022857666
2026-09-29T22:30:00Z,9.991510391235352,9.992130279541016,9.977689743041992,9.989279747009277
2026-09-29T23:00:00Z,9.99096965789795,9.994250297546387,9.982970237731934,9.99197006225586
2026-09-29T23:30:00Z,9.99197006225586,9.994070053100586,9.986470222473145,9.991869926452637
2026-09-30T00:00:00Z,9.990099906921387,9.995070457458496,9.989109992980957,9.99114990234375
2026-09-30T00:30:00Z,9.99038028717041,9.994409561157227,9.988189697265625,9.991209983825684
2026-09-30T01:00:00Z,9.991209983825684,9.996020317077637,9.98628044128418,9.98705005645752
2026-09-30T01:30:00Z,9.988419532775879,9.997969627380371,9.985810279846191,9.995610237121582
2026-09-30T02:00:00Z,9.995650291442871,9.997389793395996,9.98801040649414,9.990209579467773
2026-09-30T02:30:00Z,9.990309715270996,9.993229866027832,9.987409591674805,9.990509986877441
2026-09-30T03:00:00Z,9.990610122680664,9.992639541625977,9.98921012878418,9.990010261535645
2026-09-30T03:30:00Z,9.990240097045898,9.998140335083008,9.990110397338867,9.997770309448242
2026-09-30T04:00:00Z,9.996649742126465,9.998680114746094,9.994609832763672,9.99746036529541
2026-09-30T04:30:00Z,9.997110366821289,10.000809669494629,9.996049880981445,9.9962797164917
2026-09-30T05:00:00Z,9.996310234069824,9.998720169067383,9.992609977722168,9.993009567260742
2026-09-30T05:30:00Z,9.992810249328613,9.994600296020508,9.979809761047363,9.985250473022461
2026-09-30T06:00:00Z,9.983710289001465,9.988329887390137,9.976099967956543,9.980669975280762
2026-09-30T06:30:00Z,9.980779647827148,9.99351978302002,9.975199699401855,9.980850219726562
2026-09-30T07:00:00Z,9.981200218200684,9.983240127563477,9.969559669494629,9.974630355834961
2026-09-30T07:30:00Z,9.974419593811035,9.985750198364258,9.973079681396484,9.978949546813965
2026-09-30T08:00:00Z,9.97854995727539,9.981639862060547,9.970000267028809,9.974149703979492
2026-09-30T08:30:00Z,9.974539756774902,9.97819995880127,9.968729972839355,9.973529815673828
2026-09-30T09:00:00Z,9.974220275878906,9.988129615783691,9.97266960144043,9.979849815368652
2026-09-30T09:30:00Z,9.979720115661621,9.983599662780762,9.973660469055176,9.977950096130371
2026-09-30T10:00:00Z,9.977950096130371,9.979499816894531,9.968999862670898,9.976079940795898
2026-09-30T10:30:00Z,9.975830078125,9.983799934387207,9.969510078430176,9.972089767456055
2026-09-30T11:00:00Z,9.97212028503418,9.986599922180176,9.971799850463867,9.976570129394531
2026-09-30T11:30:00Z,9.976619720458984,9.984020233154297,9.972359657287598,9.980159759521484
2026-09-30T12:00:00Z,9.9795503616333,9.986700057983398,9.972000122070312,9.974760055541992
2026-09-30T12:30:00Z,9.97362995147705,9.977869987487793,9.944700241088867,9.970890045166016
2026-09-30T13:00:00Z,9.970849990844727,9.977919578552246,9.963129997253418,9.971159934997559
2026-09-30T13:30:00Z,9.971159934997559,9.987709999084473,9.967109680175781,9.98600959777832
2026-09-30T14:00:00Z,9.986000061035156,9.996159553527832,9.977709770202637,9.994110107421875
2026-09-30T14:30:00Z,9.99407958984375,9.996600151062012,9.974020004272461,9.977149963378906
2026-09-30T15:00:00Z,9.977339744567871,9.991900444030762,9.976929664611816,9.981619834899902
2026-09-30T15:30:00Z,9.982139587402344,9.999099731445312,9.979510307312012,9.996210098266602
2026-09-30T16:00:00Z,9.997130393981934,10.00629997253418,9.996299743652344,10.002459526062012
2026-09-30T16:30:00Z,10.00210952758789,10.006400108337402,9.99860954284668,9.999059677124023
2026-09-30T17:00:00Z,9.998889923095703,9.999870300292969,9.994000434875488,9.9975004196167
2026-09-30T17:30:00Z,9.997039794921875,10.004899978637695,9.996210098266602,10.003179550170898
2026-09-30T18:00:00Z,10.003190040588379,10.00979995727539,10.002010345458984,10.007550239562988
2026-09-30T18:30:00Z,10.007550239562988,10.011500358581543,10.007550239562988,10.00944995880127
2026-09-30T19:00:00Z,10.009249687194824,10.012800216674805,10.00780963897705,10.008210182189941
2026-09-30T19:30:00Z,10.009320259094238,10.02101993560791,10.0075101852417,10.016220092773438
2026-09-30T20:00:00Z,10.016519546508789,10.022000312805176,10.0101900100708,10.011489868164062
2026-09-30T20:30:00Z,10.011489868164062,10.014309883117676,10.004369735717773,10.006170272827148
2026-09-30T21:00:00Z,10.002519607543945,10.002519607543945,9.984149932861328,9.994580268859863
2026-09-30T21:30:00Z,9.994580268859863,10.006179809570312,9.985600471496582,9.999990463256836
2026-09-30T22:00:00Z,9.999930381774902,10.010239601135254,9.991080284118652,10.002960205078125
2026-09-30T22:30:00Z,10.004340171813965,10.008040428161621,9.998350143432617,10.007269859313965
2026-09-30T23:00:00Z,10.007100105285645,10.00918960571289,10.002099990844727,10.003439903259277
2026-09-30T23:30:00Z,10.003700256347656,10.009220123291016,10.002599716186523,10.007490158081055
2026-10-01T00:00:00Z,10.007490158081055,10.011619567871094,10.00452995300293,10.008819580078125
2026-10-01T00:30:00Z,10.008589744567871,10.010970115661621,10.002030372619629,10.007650375366211
2026-10-01T01:00:00Z,10.007940292358398,10.010560035705566,10.003020286560059,10.005419731140137
2026-10-01T01:30:00Z,10.005760192871094,10.022740364074707,10.004520416259766,10.022080421447754
2026-10-01T02:00:00Z,10.022080421447754,10.030119895935059,10.021329879760742,10.024129867553711
2026-10-01T02:30:00Z,10.024550437927246,10.025219917297363,10.014829635620117,10.018019676208496
2026-10-01T03:00:00Z,10.018019676208496,10.021679878234863,10.014630317687988,10.019980430603027
2026-10-01T03:30:00Z,10.019980430603027,10.021080017089844,10.009119987487793,10.009530067443848
2026-10-01T04:00:00Z,10.009550094604492,10.021750450134277,10.007940292358398,10.020050048828125
2026-10-01T04:30:00Z,10.020500183105469,10.023619651794434,10.012999534606934,10.022350311279297
2026-10-01T05:00:00Z,10.022350311279297,10.027099609375,10.021129608154297,10.02180004119873
2026-10-01T05:30:00Z,10.021869659423828,10.022769927978516,10.015199661254883,10.017849922180176
2026-10-01T06:00:00Z,10.018219947814941,10.019229888916016,10.010499954223633,10.017370223999023
2026-10-01T06:30:00Z,10.016579627990723,10.033309936523438,10.010239601135254,10.018750190734863
2026-10-01T07:00:00Z,10.018400192260742,10.052220344543457,10.018400192260742,10.051389694213867
2026-10-01T07:30:00Z,10.051549911499023,10.058520317077637,10.034279823303223,10.044320106506348
2026-10-01T08:00:00Z,10.04419994354248,10.055089950561523,10.04010009765625,10.046130180358887
2026-10-01T08:30:00Z,10.046719551086426,10.054759979248047,10.038849830627441,10.045419692993164
2026-10-01T09:00:00Z,10.04343032836914,10.046930313110352,10.031399726867676,10.036199569702148
2026-10-01T09:30:00Z,10.035889625549316,10.057600021362305,10.034259796142578,10.05700969696045
2026-10-01T10:00:00Z,10.057279586791992,10.063010215759277,10.030890464782715,10.031510353088379
2026-10-01T10:30:00Z,10.031760215759277,10.033900260925293,10.024740219116211,10.030400276184082
2026-10-01T11:00:00Z,10.030909538269043,10.048199653625488,10.029939651489258,10.046159744262695
2026-10-01T11:30:00Z,10.046110153198242,10.048419952392578,10.013420104980469,10.01930046081543
2026-10-01T12:00:00Z,10.020009994506836,10.037210464477539,10.015000343322754,10.034099578857422
2026-10-01T12:30:00Z,10.033889770507812,10.038920402526855,10.023520469665527,10.036870002746582
2026-10-01T13:00:00Z,10.037610054016113,10.040599822998047,10.032600402832031,10.035229682922363
2026-10-01T13:30:00Z,10.035499572753906,10.04259967803955,10.0137300491333,10.01471996307373
2026-10-01T14:00:00Z,10.014920234680176,10.03322982788086,10.013699531555176,10.032079696655273
2026-10-01T14:30:00Z,10.031399726867676,10.053319931030273,10.025400161743164,10.046939849853516
2026-10-01T15:00:00Z,10.046990394592285,10.065730094909668,10.037870407104492,10.046699523925781
2026-10-01T15:30:00Z,10.046699523925781,10.080960273742676,10.046699523925781,10.066300392150879
2026-10-01T16:00:00Z,10.066300392150879,10.068619728088379,10.040579795837402,10.049519538879395
2026-10-01T16:30:00Z,10.049449920654297,10.068180084228516,10.04580020904541,10.06527042388916
2026-10-01T17:00:00Z,10.064990043640137,10.067560195922852,10.050430297851562,10.055150032043457
2026-10-01T17:30:00Z,10.055150032043457,10.074990272521973,10.034859657287598,10.070389747619629
2026-10-01T18:00:00Z,10.070389747619629,10.078880310058594,10.060020446777344,10.066630363464355
2026-10-01T18:30:00Z,10.06682014465332,10.068479537963867,10.055529594421387,10.058019638061523
2026-10-01T19:00:00Z,10.058019638061523,10.063799858093262,10.049030303955078,10.050029754638672
2026-10-01T19:30:00Z,10.050149917602539,10.055069923400879,10.045419692993164,10.054780006408691
2026-10-01T20:00:00Z,10.054459571838379,10.055509567260742,10.046330451965332,10.049590110778809
2026-10-01T20:30:00Z,10.049360275268555,10.051850318908691,10.024920463562012,10.024959564208984
2026-10-01T21:00:00Z,10.032090187072754,10.043299674987793,10.009249687194824,10.010100364685059
2026-10-01T21:30:00Z,10.012840270996094,10.046669960021973,10.006600379943848,10.034059524536133
2026-10-01T22:00:00Z,10.034059524536133,10.04911994934082,10.031959533691406,10.046560287475586
2026-10-01T22:30:00Z,10.046560287475586,10.047630310058594,10.043549537658691,10.04419994354248
2026-10-01T23:00:00Z,10.045180320739746,10.047670364379883,10.043399810791016,10.045379638671875
2026-10-01T23:30:00Z,10.045379638671875,10.046270370483398,10.040929794311523,10.04164981842041
2026-10-02T00:00:00Z,10.041890144348145,10.05303955078125,10.040200233459473,10.051850318908691
2026-10-02T00:30:00Z,10.051850318908691,10.056949615478516,10.050600051879883,10.05659008026123
2026-10-02T01:00:00Z,10.0558500289917,10.061829566955566,10.05348014831543,10.05994987487793
2026-10-02T01:30:00Z,10.061010360717773,10.064530372619629,10.054149627685547,10.054200172424316
2026-10-02T02:00:00Z,10.054149627685547,10.056119918823242,10.045599937438965,10.046460151672363
2026-10-02T02:30:00Z,10.046460151672363,10.047300338745117,10.036689758300781,10.03695011138916
2026-10-02T03:00:00Z,10.036870002746582,10.038100242614746,10.027310371398926,10.028059959411621
2026-10-02T03:30:00Z,10.027480125427246,10.029319763183594,10.024200439453125,10.027090072631836
2026-10-02T04:00:00Z,10.027870178222656,10.028820037841797,10.023200035095215,10.024669647216797
2026-10-02T04:30:00Z,10.024669647216797,10.029350280761719,10.022910118103027,10.024749755859375
2026-10-02T05:00:00Z,10.026009559631348,10.028989791870117,10.023099899291992,10.028050422668457
2026-10-02T05:30:00Z,10.027460098266602,10.032130241394043,10.023200035095215,10.030730247497559
2026-10-02T06:00:00Z,10.030369758605957,10.031200408935547,10.0175199508667,10.01865005493164
2026-10-02T06:30:00Z,10.018759727478027,10.036199569702148,10.018500328063965,10.03240966796875
2026-10-02T07:00:00Z,10.031999588012695,10.0377197265625,10.026100158691406,10.03361988067627
2026-10-02T07:30:00Z,10.03361988067627,10.035320281982422,10.014599800109863,10.02079963684082
2026-10-02T08:00:00Z,10.020700454711914,10.031900405883789,10.01239013671875,10.029190063476562
2026-10-02T08:30:00Z,10.029190063476562,10.036239624023438,10.027000427246094,10.028949737548828
2026-10-02T09:00:00Z,10.028940200805664,10.040809631347656,10.020110130310059,10.034939765930176
2026-10-02T09:30:00Z,10.035460472106934,10.048319816589355,10.034720420837402,10.037440299987793
2026-10-02T10:00:00Z,10.037520408630371,10.064499855041504,10.036540031433105,10.051600456237793
2026-10-02T10:30:00Z,10.051600456237793,10.0560302734375,10.046380043029785,10.054590225219727
2026-10-02T11:00:00Z,10.054590225219727,10.063579559326172,10.046799659729004,10.051679611206055
2026-10-02T11:30:00Z,10.05111026763916,10.055939674377441,10.042659759521484,10.0485200881958
2026-10-02T12:00:00Z,10.048330307006836,10.065159797668457,10.033109664916992,10.047289848327637
2026-10-02T12:30:00Z,10.046770095825195,10.049610137939453,10.000980377197266,10.013190269470215
2026-10-02T13:00:00Z,10.013190269470215,10.035039901733398,10.004870414733887,10.018489837646484
2026-10-02T13:30:00Z,10.018989562988281,10.029159545898438,10.001179695129395,10.001279830932617
2026-10-02T14:00:00Z,10.00177001953125,10.014820098876953,9.998800277709961,10.009380340576172
2026-10-02T14:30:00Z,10.009249687194824,10.027219772338867,10.00210952758789,10.017840385437012
2026-10-02T15:00:00Z,10.017849922180176,10.044489860534668,10.017669677734375,10.0347900390625
2026-10-02T15:30:00Z,10.034500122070312,10.04259967803955,10.026820182800293,10.037710189819336
2026-10-02T16:00:00Z,10.037919998168945,10.044730186462402,10.036310195922852,10.043410301208496
2026-10-02T16:30:00Z,10.043950080871582,10.0449800491333,10.036020278930664,10.041799545288086
2026-10-02T17:00:00Z,10.041930198669434,10.044170379638672,10.033080101013184,10.04224967956543
2026-10-02T17:30:00Z,10.04224967956543,10.04224967956543,10.031499862670898,10.032429695129395
2026-10-02T18:00:00Z,10.032649993896484,10.038299560546875,10.029600143432617,10.033069610595703
2026-10-02T18:30:00Z,10.033249855041504,10.037400245666504,10.03147029876709,10.035209655761719
2026-10-02T19:00:00Z,10.035490036010742,10.038350105285645,10.025019645690918,10.028229713439941
2026-10-02T19:30:00Z,10.028180122375488,10.03262996673584,10.024689674377441,10.026700019836426
2026-10-02T20:00:00Z,10.026679992675781,10.034910202026367,10.024330139160156,10.031189918518066
2026-10-02T20:30:00Z,10.031490325927734,10.04207992553711,10.027950286865234,10.031800270080566
2026-10-02T21:00:00Z,10.042400360107422,10.042400360107422,10.042400360107422,10.042400360107422
2026-10-04T23:00:00Z,10.031530380249023,10.036149978637695,10.028499603271484,10.032890319824219
2026-10-04T23:30:00Z,10.032890319824219,10.03750991821289,10.030110359191895,10.0306396484375
2026-10-05T00:00:00Z,10.031129837036133,10.038189888000488,10.025010108947754,10.034910202026367
2026-10-05T00:30:00Z,10.035679817199707,10.041020393371582,10.030610084533691,10.037919998168945
2026-10-05T01:00:00Z,10.036930084228516,10.045550346374512,10.035110473632812,10.042240142822266
2026-10-05T01:30:00Z,10.042240142822266,10.051469802856445,10.039999961853027,10.04850959777832
2026-10-05T02:00:00Z,10.048910140991211,10.071459770202637,10.048009872436523,10.068650245666504
2026-10-05T02:30:00Z,10.068650245666504,10.103340148925781,10.060009956359863,10.098489761352539
2026-10-05T03:00:00Z,10.098489761352539,10.105549812316895,10.07880973815918,10.080550193786621
2026-10-05T03:30:00Z,10.080550193786621,10.097490310668945,10.080109596252441,10.096360206604004
2026-10-05T04:00:00Z,10.096440315246582,10.0997896194458,10.087809562683105,10.097209930419922
2026-10-05T04:30:00Z,10.0971097946167,10.097620010375977,10.083120346069336,10.083450317382812
2026-10-05T05:00:00Z,10.083450317382812,10.088179588317871,10.077810287475586,10.082240104675293
2026-10-05T05:30:00Z,10.083120346069336,10.085169792175293,10.073909759521484,10.07522964477539
2026-10-05T06:00:00Z,10.074410438537598,10.079219818115234,10.067449569702148,10.077019691467285
2026-10-05T06:30:00Z,10.076749801635742,10.089509963989258,10.066969871520996,10.068770408630371
2026-10-05T07:00:00Z,10.068499565124512,10.081780433654785,10.067680358886719,10.071439743041992
2026-10-05T07:30:00Z,10.071660041809082,10.075039863586426,10.049220085144043,10.055419921875
2026-10-05T08:00:00Z,10.054849624633789,10.0585298538208,10.038599967956543,10.043749809265137
2026-10-05T08:30:00Z,10.044569969177246,10.047200202941895,10.031120300292969,10.03754997253418
2026-10-05T09:00:00Z,10.037699699401855,10.041720390319824,10.023289680480957,10.025400161743164
2026-10-05T09:30:00Z,10.025779724121094,10.038100242614746,10.023289680480957,10.031499862670898
2026-10-05T10:00:00Z,10.031499862670898,10.044899940490723,10.026570320129395,10.039730072021484
2026-10-05T10:30:00Z,10.039620399475098,10.042099952697754,10.02787971496582,10.035030364990234
2026-10-05T11:00:00Z,10.03501033782959,10.043720245361328,10.020000457763672,10.021780014038086
2026-10-05T11:30:00Z,10.021389961242676,10.045100212097168,10.016850471496582,10.04086971282959
2026-10-05T12:00:00Z,10.040599822998047,10.049960136413574,10.038200378417969,10.041390419006348
2026-10-05T12:30:00Z,10.041390419006348,10.052350044250488,10.039250373840332,10.043530464172363
2026-10-05T13:00:00Z,10.04343032836914,10.05642032623291,10.037300109863281,10.054229736328125
2026-10-05T13:30:00Z,10.054369926452637,10.070500373840332,10.053600311279297,10.062060356140137
2026-10-05T14:00:00Z,10.059220314025879,10.067460060119629,10.048460006713867,10.05049991607666
2026-10-05T14:30:00Z,10.050490379333496,10.054019927978516,10.037010192871094,10.039299964904785
2026-10-05T15:00:00Z,10.039509773254395,10.046279907226562,10.034600257873535,10.04164981842041
2026-10-05T15:30:00Z,10.041500091552734,10.044759750366211,10.035900115966797,10.043310165405273
2026-10-05T16:00:00Z,10.043310165405273,10.059760093688965,10.04286003112793,10.057999610900879
2026-10-05T16:30:00Z,10.057999610900879,10.058710098266602,10.05111026763916,10.056960105895996
2026-10-05T17:00:00Z,10.056960105895996,10.062020301818848,10.05342960357666,10.054519653320312
2026-10-05T17:30:00Z,10.054010391235352,10.05702018737793,10.045209884643555,10.04541015625
2026-10-05T18:00:00Z,10.046159744262695,10.049099922180176,10.038909912109375,10.043279647827148
2026-10-05T18:30:00Z,10.042710304260254,10.04718017578125,10.037309646606445,10.039090156555176
2026-10-05T19:00:00Z,10.039549827575684,10.041799545288086,10.0346097946167,10.037389755249023
2026-10-05T19:30:00Z,10.037520408630371,10.042900085449219,10.036510467529297,10.039210319519043
2026-10-05T20:00:00Z,10.039050102233887,10.041780471801758,10.03678035736084,10.039839744567871
2026-10-05T20:30:00Z,10.039839744567871,10.041299819946289,10.029419898986816,10.030759811401367
2026-10-05T21:30:00Z,10.020000457763672,10.034219741821289,10.020000457763672,10.028519630432129
2026-10-05T22:00:00Z,10.032279968261719,10.037039756774902,10.024979591369629,10.025879859924316
2026-10-05T22:30:00Z,10.025879859924316,10.032919883728027,10.025320053100586,10.030409812927246
2026-10-05T23:00:00Z,10.031240463256836,10.036600112915039,10.030200004577637,10.033439636230469
2026-10-05T23:30:00Z,10.033439636230469,10.037759780883789,10.030610084533691,10.036840438842773
2026-10-06T00:00:00Z,10.037420272827148,10.041230201721191,10.033860206604004,10.038180351257324
2026-10-06T00:30:00Z,10.038180351257324,10.039790153503418,10.03052043914795,10.030790328979492
2026-10-06T01:00:00Z,10.031780242919922,10.032520294189453,10.026020050048828,10.027050018310547
2026-10-06T01:30:00Z,10.027050018310547,10.038479804992676,10.024860382080078,10.034520149230957
2026-10-06T02:00:00Z,10.034520149230957,10.040679931640625,10.03402042388916,10.036820411682129
2026-10-06T02:30:00Z,10.036820411682129,10.043749809265137,10.03678035736084,10.0420503616333
2026-10-06T03:00:00Z,10.0420503616333,10.045869827270508,10.038900375366211,10.039939880371094
2026-10-06T03:30:00Z,10.039939880371094,10.042409896850586,10.035499572753906,10.038350105285645
2026-10-06T04:00:00Z,10.038800239562988,10.042869567871094,10.036660194396973,10.039139747619629
2026-10-06T04:30:00Z,10.039139747619629,10.045140266418457,10.036979675292969,10.044919967651367
2026-10-06T05:00:00Z,10.043950080871582,10.045909881591797,10.038479804992676,10.041990280151367
2026-10-06T05:30:00Z,10.041990280151367,10.045319557189941,10.036029815673828,10.037420272827148
2026-10-06T06:00:00Z,10.038740158081055,10.056940078735352,10.036029815673828,10.052140235900879
2026-10-06T06:30:00Z,10.052140235900879,10.058119773864746,10.04520034790039,10.047280311584473
2026-10-06T07:00:00Z,10.047200202941895,10.048810005187988,10.022310256958008,10.027480125427246
2026-10-06T07:30:00Z,10.027520179748535,10.030449867248535,9.998330116271973,10.001859664916992
2026-10-06T08:00:00Z,10.00175952911377,10.024239540100098,10.001399993896484,10.016599655151367
2026-10-06T08:30:00Z,10.017350196838379,10.018360137939453,10.00094985961914,10.010049819946289
2026-10-06T09:00:00Z,10.009499549865723,10.021459579467773,10.00687026977539,10.014650344848633
2026-10-06T09:30:00Z,10.014650344848633,10.017950057983398,10.003999710083008,10.010880470275879
2026-10-06T10:00:00Z,10.011130332946777,10.015199661254883,10.004599571228027,10.010919570922852
2026-10-06T10:30:00Z,10.010869979858398,10.014289855957031,10.00549030303955,10.005789756774902
2026-10-06T11:00:00Z,10.005729675292969,10.007590293884277,9.98235034942627,9.988800048828125
2026-10-06T11:30:00Z,9.988809585571289,9.99096965789795,9.97266960144043,9.97404956817627
2026-10-06T12:00:00Z,9.973600387573242,9.982359886169434,9.965270042419434,9.980560302734375
2026-10-06T12:30:00Z,9.981260299682617,9.990489959716797,9.977999687194824,9.982640266418457
2026-10-06T13:00:00Z,9.982339859008789,9.991700172424316,9.97449016571045,9.98900032043457
2026-10-06T13:30:00Z,9.989219665527344,9.997599601745605,9.9868803024292,9.992989540100098
2026-10-06T14:00:00Z,9.992890357971191,9.995960235595703,9.98386001586914,9.992719650268555
2026-10-06T14:30:00Z,9.992819786071777,9.996999740600586,9.981200218200684,9.982870101928711
2026-10-06T15:00:00Z,9.982600212097168,9.985819816589355,9.973899841308594,9.976409912109375
2026-10-06T15:30:00Z,9.976409912109375,9.983699798583984,9.973400115966797,9.982680320739746
2026-10-06T16:00:00Z,9.982600212097168,9.995550155639648,9.979669570922852,9.994819641113281
2026-10-06T16:30:00Z,9.99468994140625,9.997349739074707,9.99137020111084,9.9931001663208
2026-10-06T17:00:00Z,9.992770195007324,9.996709823608398,9.988109588623047,9.991230010986328
2026-10-06T17:30:00Z,9.990989685058594,9.992600440979004,9.980420112609863,9.9821195602417
2026-10-06T18:00:00Z,9.981989860534668,9.989119529724121,9.980330467224121,9.988750457763672
2026-10-06T18:30:00Z,9.988690376281738,9.992600440979004,9.984609603881836,9.985150337219238
2026-10-06T19:00:00Z,9.985050201416016,9.985699653625488,9.981749534606934,9.985159873962402
2026-10-06T19:30:00Z,9.984880447387695,9.989310264587402,9.984450340270996,9.988120079040527
2026-10-06T20:00:00Z,9.988320350646973,9.992300033569336,9.987339973449707,9.988519668579102
2026-10-06T20:30:00Z,9.988519668579102,9.991299629211426,9.984789848327637,9.98740005493164
2026-10-06T21:30:00Z,9.982419967651367,9.985919952392578,9.980819702148438,9.985919952392578
2026-10-06T22:00:00Z,9.983409881591797,9.99092960357666,9.980569839477539,9.990059852600098
2026-10-06T22:30:00Z,9.990090370178223,9.995349884033203,9.987000465393066,9.99386978149414
2026-10-06T23:00:00Z,9.994190216064453,9.996749877929688,9.990300178527832,9.995699882507324
2026-10-06T23:30:00Z,9.995699882507324,9.9993896484375,9.994600296020508,9.996749877929688
2026-10-07T00:00:00Z,9.997879981994629,9.999549865722656,9.99452018737793,9.997759819030762
2026-10-07T00:30:00Z,9.997759819030762,10.001680374145508,9.996419906616211,9.999950408935547
2026-10-07T01:00:00Z,10.000809669494629,10.008580207824707,9.999950408935547,10.006959915161133
2026-10-07T01:30:00Z,10.006959915161133,10.012749671936035,10.004220008850098,10.009949684143066
2026-10-07T02:00:00Z,10.011150360107422,10.02042007446289,10.00963020324707,10.015640258789062
2026-10-07T02:30:00Z,10.015640258789062,10.019559860229492,10.014519691467285,10.016969680786133
2026-10-07T03:00:00Z,10.016969680786133,10.01885986328125,10.010499954223633,10.012330055236816
2026-10-07T03:30:00Z,10.012330055236816,10.014249801635742,10.009940147399902,10.013050079345703
2026-10-07T04:00:00Z,10.01395034790039,10.02262020111084,10.012229919433594,10.019689559936523
2026-10-07T04:30:00Z,10.019689559936523,10.021710395812988,10.016130447387695,10.017959594726562
2026-10-07T05:00:00Z,10.018799781799316,10.025019645690918,10.01653003692627,10.022859573364258
2026-10-07T05:30:00Z,10.022859573364258,10.025099754333496,10.018560409545898,10.021929740905762
2026-10-07T06:00:00Z,10.02221965789795,10.032090187072754,10.015130043029785,10.030489921569824
2026-10-07T06:30:00Z,10.030449867248535,10.034700393676758,10.021300315856934,10.025449752807617
2026-10-07T07:00:00Z,10.026069641113281,10.037659645080566,10.02178955078125,10.02495002746582
2026-10-07T07:30:00Z,10.025010108947754,10.03538990020752,10.020609855651855,10.031660079956055
2026-10-07T08:00:00Z,10.031949996948242,10.041350364685059,10.025099754333496,10.031959533691406
2026-10-07T08:30:00Z,10.031959533691406,10.034600257873535,10.022430419921875,10.028860092163086
2026-10-07T09:00:00Z,10.029029846191406,10.039799690246582,10.022500038146973,10.035840034484863
2026-10-07T09:30:00Z,10.035840034484863,10.04069995880127,10.029399871826172,10.029509544372559
2026-10-07T10:00:00Z,10.02985954284668,10.03831958770752,10.028200149536133,10.03831958770752
2026-10-07T10:30:00Z,10.038200378417969,10.042719841003418,10.03042984008789,10.035579681396484
2026-10-07T11:00:00Z,10.03551959991455,10.03870964050293,10.030699729919434,10.033309936523438
2026-10-07T11:30:00Z,10.033940315246582,10.042200088500977,10.029629707336426,10.034350395202637
2026-10-07T12:00:00Z,10.034150123596191,10.051619529724121,10.029439926147461,10.048259735107422
2026-10-07T12:30:00Z,10.048430442810059,10.054300308227539,10.039600372314453,10.04164981842041
2026-10-07T13:00:00Z,10.041000366210938,10.041899681091309,10.022419929504395,10.034290313720703
2026-10-07T13:30:00Z,10.0341796875,10.037199974060059,10.0177001953125,10.026100158691406
2026-10-07T14:00:00Z,10.026020050048828,10.034090042114258,10.017800331115723,10.022049903869629
2026-10-07T14:30:00Z,10.022089958190918,10.025320053100586,10.012999534606934,10.014399528503418
2026-10-07T15:00:00Z,10.014670372009277,10.021010398864746,10.0006103515625,10.01648998260498
2026-10-07T15:30:00Z,10.016550064086914,10.019539833068848,10.011799812316895,10.015219688415527
2026-10-07T16:00:00Z,10.01550006866455,10.018659591674805,10.003999710083008,10.007329940795898
2026-10-07T16:30:00Z,10.007320404052734,10.01786994934082,10.006719589233398,10.010029792785645
2026-10-07T17:00:00Z,10.01002025604248,10.01099967956543,9.996199607849121,10.003120422363281
2026-10-07T17:30:00Z,10.003120422363281,10.00432014465332,9.995539665222168,9.997509956359863
2026-10-07T18:00:00Z,9.996729850769043,10.002249717712402,9.992300033569336,9.996999740600586
2026-10-07T18:30:00Z,9.997249603271484,9.999199867248535,9.994440078735352,9.998149871826172
2026-10-07T19:00:00Z,9.998149871826172,10.002880096435547,9.996299743652344,10.000630378723145
2026-10-07T19:30:00Z,10.000630378723145,10.008999824523926,9.999919891357422,10.006360054016113
2026-10-07T20:00:00Z,10.006050109863281,10.012100219726562,10.006030082702637,10.00691032409668
2026-10-07T20:30:00Z,10.007120132446289,10.011899948120117,10.002099990844727,10.00529956817627
2026-10-07T21:00:00Z,10.00529956817627,10.00529956817627,10.00529956817627,10.00529956817627
2026-10-07T22:00:00Z,9.9962797164917,10.000619888305664,9.994500160217285,9.99612045288086
2026-10-07T22:30:00Z,9.99612045288086,9.998299598693848,9.994500160217285,9.996560096740723
2026-10-07T23:00:00Z,9.996150016784668,9.998200416564941,9.99470043182373,9.996930122375488
2026-10-07T23:30:00Z,9.996930122375488,9.998370170593262,9.994600296020508,9.9975004196167
2026-10-08T00:00:00Z,9.99800968170166,10.001429557800293,9.993709564208984,9.99800968170166
2026-10-08T00:30:00Z,9.99800968170166,10.000060081481934,9.994210243225098,9.997599601745605
2026-10-08T01:00:00Z,9.99685001373291,9.999939918518066,9.994210243225098,9.996859550476074
2026-10-08T01:30:00Z,9.996859550476074,9.99983024597168,9.980999946594238,9.98130989074707
2026-10-08T02:00:00Z,9.981969833374023,9.982830047607422,9.97500991821289,9.978650093078613
2026-10-08T02:30:00Z,9.978650093078613,9.995539665222168,9.978409767150879,9.993169784545898
2026-10-08T03:00:00Z,9.993169784545898,9.99960994720459,9.992349624633789,9.996150016784668
2026-10-08T03:30:00Z,9.996150016784668,9.997099876403809,9.990349769592285,9.990850448608398
2026-10-08T04:00:00Z,9.990850448608398,9.995630264282227,9.98997974395752,9.993729591369629
2026-10-08T04:30:00Z,9.993729591369629,9.995329856872559,9.989749908447266,9.992650032043457
2026-10-08T05:00:00Z,9.993220329284668,9.995100021362305,9.991000175476074,9.993760108947754
2026-10-08T05:30:00Z,9.994629859924316,10.00961971282959,9.991950035095215,10.006939888000488
2026-10-08T06:00:00Z,10.006939888000488,10.011500358581543,9.999750137329102,10.006529808044434
2026-10-08T06:30:00Z,10.006759643554688,10.013919830322266,10.000399589538574,10.013050079345703
2026-10-08T07:00:00Z,10.013230323791504,10.025010108947754,10.004199981689453,10.004989624023438
2026-10-08T07:30:00Z,10.004210472106934,10.01259994506836,9.997099876403809,10.003789901733398
2026-10-08T08:00:00Z,10.00436019897461,10.007699966430664,9.992469787597656,9.996299743652344
2026-10-08T08:30:00Z,9.996709823608398,10.006429672241211,9.990509986877441,10.002679824829102
2026-10-08T09:00:00Z,10.002829551696777,10.01140022277832,9.997050285339355,10.006979942321777
2026-10-08T09:30:00Z,10.006979942321777,10.01990032196045,10.003660202026367,10.017450332641602
2026-10-08T10:00:00Z,10.01791000366211,10.02575969696045,10.016590118408203,10.024539947509766
2026-10-08T10:30:00Z,10.024160385131836,10.029210090637207,10.01725959777832,10.021050453186035
2026-10-08T11:00:00Z,10.021129608154297,10.03052043914795,10.020259857177734,10.022549629211426
2026-10-08T11:30:00Z,10.022470474243164,10.029410362243652,10.00963020324707,10.012809753417969
2026-10-08T12:00:00Z,10.013420104980469,10.013520240783691,9.991109848022461,9.9933500289917
2026-10-08T12:30:00Z,9.994179725646973,10.01360034942627,9.990900039672852,10.011480331420898
2026-10-08T13:00:00Z,10.011560440063477,10.013699531555176,9.996800422668457,10.006199836730957
2026-10-08T13:30:00Z,10.0060396194458,10.010470390319824,9.981249809265137,9.989330291748047
2026-10-08T14:00:00Z,9.989250183105469,9.99409008026123,9.963410377502441,9.963939666748047
2026-10-08T14:30:00Z,9.963939666748047,9.984600067138672,9.95518970489502,9.984040260314941
2026-10-08T15:00:00Z,9.984219551086426,10.003990173339844,9.98231029510498,10.000550270080566
2026-10-08T15:30:00Z,10.000550270080566,10.012619972229004,9.999300003051758,10.00907039642334
2026-10-08T16:00:00Z,10.008210182189941,10.015199661254883,9.982009887695312,9.999360084533691
2026-10-08T16:30:00Z,9.999850273132324,10.001830101013184,9.98639965057373,9.989100456237793
2026-10-08T17:00:00Z,9.989609718322754,9.990519523620605,9.964309692382812,9.968609809875488
2026-10-08T17:30:00Z,9.969120025634766,9.975199699401855,9.966010093688965,9.969010353088379
2026-10-08T18:00:00Z,9.96912956237793,9.982500076293945,9.968310356140137,9.978429794311523
2026-10-08T18:30:00Z,9.978429794311523,9.981679916381836,9.968830108642578,9.974379539489746
2026-10-08T19:00:00Z,9.974379539489746,9.975119590759277,9.96930980682373,9.972900390625
2026-10-08T19:30:00Z,9.972900390625,9.975899696350098,9.966110229492188,9.96716022491455
2026-10-08T20:00:00Z,9.967340469360352,9.972820281982422,9.959440231323242,9.972820281982422
2026-10-08T20:30:00Z,9.97245979309082,9.97461986541748,9.964900016784668,9.967530250549316
2026-10-08T21:00:00Z,9.96753978729248,9.96753978729248,9.96753978729248,9.96753978729248
2026-10-08T22:00:00Z,9.968040466308594,9.970609664916992,9.966099739074707,9.967700004577637
2026-10-08T22:30:00Z,9.968480110168457,9.975729942321777,9.96660041809082,9.974410057067871
2026-10-08T23:00:00Z,9.973870277404785,9.976539611816406,9.962499618530273,9.96951961517334
2026-10-08T23:30:00Z,9.96951961517334,9.970890045166016,9.9621000289917,9.965049743652344
2026-10-09T00:00:00Z,9.967439651489258,9.971349716186523,9.962900161743164,9.963899612426758
2026-10-09T00:30:00Z,9.964019775390625,9.96934986114502,9.961930274963379,9.964059829711914
2026-10-09T01:00:00Z,9.964960098266602,9.965829849243164,9.956640243530273,9.957240104675293
2026-10-09T01:30:00Z,9.958040237426758,9.958410263061523,9.94849967956543,9.951319694519043
2026-10-09T02:00:00Z,9.951800346374512,9.958219528198242,9.94972038269043,9.954919815063477
2026-10-09T02:30:00Z,9.954919815063477,9.95715045928955,9.9512300491333,9.952019691467285
2026-10-09T03:00:00Z,9.952019691467285,9.957209587097168,9.951769828796387,9.95514965057373
2026-10-09T03:30:00Z,9.956430435180664,9.957859992980957,9.954560279846191,9.955730438232422
2026-10-09T04:00:00Z,9.955050468444824,9.956299781799316,9.952449798583984,9.954350471496582
2026-10-09T04:30:00Z,9.954520225524902,9.956819534301758,9.952489852905273,9.953049659729004
2026-10-09T05:00:00Z,9.953049659729004,9.95419979095459,9.946999549865723,9.947099685668945
2026-10-09T05:30:00Z,9.947409629821777,9.949410438537598,9.93945026397705,9.94752025604248
2026-10-09T06:00:00Z,9.947070121765137,9.956819534301758,9.944000244140625,9.956219673156738
2026-10-09T06:30:00Z,9.956339836120605,9.963399887084961,9.95166015625,9.957300186157227
2026-10-09T07:00:00Z,9.957300186157227,9.960519790649414,9.94911003112793,9.951689720153809
2026-10-09T07:30:00Z,9.951689720153809,9.95300006866455,9.939920425415039,9.944849967956543
2026-10-09T08:00:00Z,9.94491958618164,9.95619010925293,9.9441499710083,9.952619552612305
2026-10-09T08:30:00Z,9.951800346374512,9.963199615478516,9.949000358581543,9.961139678955078
2026-10-09T09:00:00Z,9.960749626159668,9.96300983428955,9.954070091247559,9.955960273742676
2026-10-09T09:30:00Z,9.956049919128418,9.961359977722168,9.95199966430664,9.961119651794434
2026-10-09T10:00:00Z,9.960969924926758,9.962249755859375,9.956299781799316,9.961190223693848
2026-10-09T10:30:00Z,9.961370468139648,9.97301959991455,9.959369659423828,9.972760200500488
2026-10-09T11:00:00Z,9.972760200500488,9.975500106811523,9.964099884033203,9.96442985534668
2026-10-09T11:30:00Z,9.964900016784668,9.97089958190918,9.962349891662598,9.96741008758545
2026-10-09T12:00:00Z,9.96741008758545,9.972319602966309,9.961700439453125,9.9683198928833
2026-10-09T12:30:00Z,9.968449592590332,10.003020286560059,9.967599868774414,9.991999626159668
2026-10-09T13:00:00Z,9.992520332336426,10.000659942626953,9.989529609680176,9.993009567260742
2026-10-09T13:30:00Z,9.992560386657715,10.003600120544434,9.988100051879883,10.000419616699219
2026-10-09T14:00:00Z,10.002519607543945,10.009200096130371,10.000399589538574,10.003499984741211
2026-10-09T14:30:00Z,10.003990173339844,10.007719993591309,9.998600006103516,10.002849578857422
2026-10-09T15:00:00Z,10.002849578857422,10.003029823303223,9.99135971069336,9.998290061950684
2026-10-09T15:30:00Z,9.998370170593262,10.006429672241211,9.995400428771973,10.003520011901855
2026-10-09T16:00:00Z,10.003939628601074,10.006609916687012,10.000229835510254,10.005000114440918
2026-10-09T16:30:00Z,10.005000114440918,10.007399559020996,10.001700401306152,10.00430965423584
2026-10-09T17:00:00Z,10.003350257873535,10.004220008850098,9.997110366821289,10.003199577331543
2026-10-09T17:30:00Z,10.00271987915039,10.004799842834473,9.99763011932373,9.99824047088623
2026-10-09T18:00:00Z,9.99824047088623,9.999699592590332,9.995519638061523,9.996749877929688
2026-10-09T18:30:00Z,9.996749877929688,9.998069763183594,9.985819816589355,9.98958969116211
2026-10-09T19:00:00Z,9.98958969116211,9.995100021362305,9.98744010925293,9.993160247802734
2026-10-09T19:30:00Z,9.993160247802734,9.993289947509766,9.98943042755127,9.989529609680176
